record_id;facility_id;year_month;production_volume_tons;capacity_utilization_pct;yield_rate_pct;downtime_hours;quality_defect_rate_pct;batch_success_rate_pct;safety_incidents;environmental_violations;energy_consumption_mwh;water_usage_cubic_meters;waste_generated_tons;revenue;cost_of_goods_sold;raw_material_costs;labor_costs;energy_costs;maintenance_costs;depreciation;operating_expenses;interest_expense;tax_expense;facility_name;location;facility_type;capacity_tons_per_year;employees;gross_profit;gross_margin_pct;ebitda;ebitda_margin_pct;ebit;ebit_margin_pct;net_income;net_margin_pct;production_efficiency_score;cost_per_ton;revenue_per_ton;profit_per_ton;energy_per_ton_mwh;water_per_ton_m3;waste_per_ton_produced;availability_pct;performance_pct;quality_pct;oee_pct;safety_score;environmental_score;revenue_per_employee;production_per_employee
B0-FF002_201001;B0-FF002;01/01/2010;14.545.061.492.354.700;7.703.356.304.292.340;8.589.457.230.518.530;4.072.564.577.758.320;0.9012319919096724;8.766.111.486.754.400;0;0;54.329.378.245.693.000;8.149.503.917.256.350;4.386.650.203.891.470;5.781.240.459.807.600;4.459.894.534.371.200;3.110.896.791.539.930;1.136.868.753.308.270;4.168.406.922.102.320;1.828.763.638.492.240;2.468.572.194.507.550;11.978.096.739.842.500;5.452.379.682.655.800;18.131.589.110.395.100;Nordic Specialty Plastics Plant;"Odense, Denmark";Specialty Chemicals;192300;725;15.025.383.055.524.200;22.413.016.448.428.700;5.711.341.208.466.090;8.741.846.818.804.380;3.302.678.573.344.670;5.134.151.601.171.220;9.166.208.452.816.270;1.444.558.209.522.250;8.510.329.150.212.020;2.633.149.255.402.780;3.727.001.838.566.330;925.669.472.361.679;0.341231501981897;0.520662679025475;0.0026864518006515;8.861.755.774.722.530;779.084.740.000.112;8.902.360.365.094.360;7.619.303.343.264.140;92;87;6.775.636.628.279.220;16.395.502.810.254.800
B0-FF002_201002;B0-FF002;01/02/2010;13.912.940.816.698.300;7.588.617.633.227.780;8.661.700.523.719.750;3.985.913.809.851.340;0.8783928519800017;8.776.899.789.133.960;0;0;5.206.397.195.873.690;7.933.113.963.838.610;4.091.567.762.541.070;6.153.633.971.812.800;45.196.216.296.478.600;28.557.670.445.940.000;11.887.596.388.100.900;4.301.428.964.038.440;1.872.882.732.041.830;25.721.614.332.007.600;11.811.456.403.371.200;5.875.178.854.353.560;17.062.533.588.943.300;Nordic Specialty Plastics Plant;"Odense, Denmark";Specialty Chemicals;203312;780;14.428.844.913.920.100;2.340.650.366.353.360;5.727.621.643.392.740;8.602.725.678.203.450;32.013.473.434.095.200;4.839.339.708.290.010;9.437.377.712.505.120;13.718.123.612.211.700;795.182.392.799.497;27.721.717.391.204.700;3.871.614.246.751.460;9.594.778.140.383.710;0.3484279690331024;0.5151389991286944;0.002728820271289;8.769.843.114.769.400;7.747.254.179.694.530;892.474.140.923.204;7.688.607.557.567.200;89;88;6.617.378.114.192.260;16.668.072.808.157.500
B0-FF002_201003;B0-FF002;01/03/2010;14.306.899.877.373.600;7.715.694.492.967.410;863.433.983.505.838;4.040.805.208.343.790;0.9324114283145352;8.487.294.434.891.970;0;0;5.295.858.526.747.100;8.440.069.448.832.220;4.144.913.460.570.220;6.116.722.202.330.630;4.456.367.019.524.290;3.111.065.829.422.990;11.858.565.809.868.700;4.199.162.924.698.840;18.275.544.532.420.700;2.545.498.587.066.840;11.589.814.473.512.100;58.087.950.106.983.700;1.714.234.091.895.460;Nordic Specialty Plastics Plant;"Odense, Denmark";Specialty Chemicals;200734;772;14.757.993.513.691.300;23.485.489.935.608.400;5.799.093.176.796.530;8.670.374.671.621.300;32.898.016.222.534.000;4.654.574.711.947.040;997.414.591.274.832;14.166.767.812.252.700;7.863.782.804.052.410;29.705.127.391.527.500;374.660.851.188.849;9.957.098.839.150.140;0.3388600549378848;0.4924993960221291;0.0026860749013224;9.018.729.226.963.930;8.132.056.574.004.850;9.074.340.616.026.510;7.445.673.120.800.800;93;89;7.316.415.700.832.880;16.206.406.949.408.300
B0-FF002_201004;B0-FF002;01/04/2010;14.017.253.874.745.400;7.677.095.321.313.870;8.421.076.037.551.280;3.973.547.791.979.150;0.9355890941399176;8.493.767.544.229.580;0;0;5.495.679.721.716.310;808.963.607.710.156;40.377.148.475.873.800;59.606.224.490.518.700;4.562.294.088.001.750;3.026.012.214.104.570;11.740.233.879.144.700;4.421.330.569.309.000;18.849.200.182.032.000;25.272.271.024.990.600;11.183.370.336.230.400;5.647.639.907.226.880;17.140.291.198.772.100;Nordic Specialty Plastics Plant;"Odense, Denmark";Specialty Chemicals;187021;751;14.970.157.345.822.000;2.269.055.138.393.670;5.853.059.985.047.620;8.642.628.288.278.470;32.775.090.149.824.500;4.845.436.883.855.110;9.410.269.389.221.740;1.436.738.559.752.510;8.736.966.660.059.650;2.827.111.615.314.950;385.484.371.854.434;9.920.049.875.815.490;0.3234881101299689;0.5485742758516665;0.0027632212784943;8.519.366.033.314.730;795.887.620.048.007;8.795.078.582.338.000;7.651.455.985.471.340;91;93;6.869.484.663.661.510;161.804.607.617.409
B0-FF002_201005;B0-FF002;01/05/2010;14.283.612.227.279.300;801.714.958.984.877;8.301.951.490.810.260;4.282.740.030.174.920;0.8874615504582376;9.115.614.631.550.670;0;0;518.584.530.971.109;7.671.658.922.712.270;416.903.093.473.179;5.996.549.850.237.440;4.359.432.968.882.070;310.568.641.212.736;11.610.324.498.867.400;4.149.919.421.833.320;18.876.594.717.573.700;2.561.854.054.958.850;11.599.772.932.252.300;6.005.823.777.403.210;18.543.844.017.941.600;Nordic Specialty Plastics Plant;"Odense, Denmark";Specialty Chemicals;192574;774;15.265.055.462.625.600;243.530.361.764.874;5.646.336.249.539.810;8.462.578.964.520.130;31.652.385.353.966.900;5.093.674.486.945.130;9.211.384.605.846.250;13.832.891.753.796.800;8.436.767.091.239.390;2.901.945.178.298.520;39.669.653.185.517.200;9.707.842.621.131.810;0.3410784708052911;0.5166233251766834;0.0025678883264481;893.885.363.468.165;7.896.763.854.164.140;8.839.485.118.984.570;7.390.379.830.701.240;87;90;7.171.565.284.256.320;17.254.429.866.392.500
B0-FF002_201006;B0-FF002;01/06/2010;1.406.711.151.730.280;772.289.223.904.388;8.476.453.881.300.230;3.949.700.043.526.070;0.9275722845799368;9.440.183.998.592.010;0;0;5.451.748.694.671.230;8.178.345.798.864.590;4.219.360.541.249.030;6.294.069.259.920.750;4.310.289.972.356.080;28.999.576.684.562.800;1.158.763.496.141.930;4.267.041.840.842.420;18.378.423.491.600.100;2.705.086.053.217.110;1.176.018.163.815.220;5.703.592.434.436.430;17.463.127.336.969.400;Nordic Specialty Plastics Plant;"Odense, Denmark";Specialty Chemicals;205161;762;15.066.102.781.560.400;2.350.903.880.105.460;5.964.229.835.175.310;8.776.818.734.651.180;3.498.843.404.021.220;5.212.675.642.766.370;902.650.057.975.442;13.492.739.264.688.800;8.590.397.583.850.570;2.997.208.625.067.810;38.227.519.172.813.000;9.548.265.962.958.920;0.330668304051648;0.5007806276172975;0.0027673254311076;890.193.533.794.618;7.964.093.083.397.000;8.479.583.650.405.410;7.998.346.167.375.910;92;87;7.040.129.208.130.950;1.645.015.529.237.780
B0-FF002_201007;B0-FF002;01/07/2010;13.973.060.342.271.600;721.507.324.986.694;8.413.855.438.058.400;4.120.298.301.980.360;0.8924563058286765;882.425.813.049.782;0;0;4.965.814.889.865.200;8.067.073.601.719.130;4.195.537.194.662.090;5.867.030.383.241.950;4.599.855.639.757.240;28.977.333.685.261.800;1.161.176.910.602.410;407.617.359.144.103;18.436.470.976.863.300;2.576.130.488.636.890;1.182.914.233.034.960;57.689.532.001.817.200;1.743.638.612.372.670;Nordic Specialty Plastics Plant;"Odense, Denmark";Specialty Chemicals;200091;797;15.471.536.621.449.100;2.383.062.558.776.890;5.818.253.617.378.250;8.296.708.471.623.540;3.350.678.257.445.740;5.126.517.530.122.310;101.337.664.892.395;14.853.443.577.488.400;8.277.938.754.232.460;2.899.374.594.162.740;3.822.644.146.416.310;958.910.382.677.012;0.3383159139570702;0.5397155563594586;0.0025519768621574;8.745.975.776.117.930;8.192.502.362.738.640;9.374.908.405.252.870;7.621.588.210.088.370;95;93;6.939.144.996.617.400;15.266.891.381.782.800
B0-FF002_201008;B0-FF002;01/08/2010;134.738.167.307.451;7.757.820.195.543.180;8.791.514.053.203.550;4.182.397.846.976.650;0.8959059280619869;8.833.678.262.645.870;0;0;5.332.393.742.850.070;8.115.748.173.875.160;3.978.354.243.177.350;5.986.643.679.931.760;4.503.703.331.323.130;31.249.081.903.128.200;11.384.591.540.095.000;4.296.640.680.935.140;18.941.240.098.289.300;2.514.723.921.493.920;11.276.313.888.211.800;5.991.384.178.930.590;17.836.545.198.731.200;Nordic Specialty Plastics Plant;"Odense, Denmark";Specialty Chemicals;201268;782;1.436.302.711.732.080;23.418.708.762.688.200;6.055.499.135.895.230;8.451.445.726.309.850;34.030.225.548.971.600;5.101.154.761.368.880;9.125.571.124.402.570;1.408.434.319.659.850;8.060.727.851.129.820;288.145.530.942.162;3.911.068.039.264.390;9.335.594.734.554.670;0.3438668100188179;0.5303535454931763;0.0027359762792724;915.253.491.602.189;7.622.414.773.379.130;8.962.563.807.052.690;7.868.279.098.554.560;95;91;7.094.256.948.934.190;16.031.377.869.588.100
B0-FF002_201009;B0-FF002;01/09/2010;13.710.711.471.886.100;7.619.769.647.752.280;8.498.681.952.932.090;4.347.616.820.072.160;0.8988773174701664;9.004.889.967.488.760;0;0;5.244.178.256.029.690;8.286.450.076.385.890;4.248.316.254.930.130;5.671.467.775.264.880;4.593.341.841.111.000;29.886.741.571.235.300;11.507.522.387.744.500;43.282.452.994.194.200;19.504.143.118.867.300;25.141.798.473.846.900;12.340.659.290.149.600;5.571.337.046.484.070;17.537.681.864.483.800;Nordic Specialty Plastics Plant;"Odense, Denmark";Specialty Chemicals;196918;789;15.059.464.450.125.600;2.199.581.900.389.040;5.650.318.605.508.300;8.323.832.152.474.300;31.470.465.864.306.500;5.011.563.489.588.720;9.391.200.167.192.090;1.437.103.986.836.810;8.883.171.936.795.430;28.653.405.220.769.200;3.937.928.450.011.660;9.742.060.985.224.480;0.3686051079975426;0.473908102988025;0.002629156589801;9.219.060.205.589.110;7.745.813.778.257.450;9.160.504.259.806.110;7.782.477.623.839.580;93;88;7.050.696.978.931.830;16.745.762.695.985.700
B0-FF002_201010;B0-FF002;01/10/2010;14.278.246.471.788.500;7.971.109.468.734.980;892.975.944.508.173;3.893.254.647.018.860;0.914499411123683;8.595.959.591.696.560;0;0;4.926.072.659.870.990;8.336.042.311.402.410;41.662.805.026.892.100;6.105.111.699.445.070;4.712.433.911.956.960;3.076.925.129.115.690;11.766.933.111.565.800;4.276.021.110.413.660;1.803.436.199.254.100;251.645.733.192.618;12.641.963.098.712.300;5.765.299.581.528.340;17.410.934.372.636.600;Nordic Specialty Plastics Plant;"Odense, Denmark";Specialty Chemicals;207997;747;1.549.815.597.810.570;2.185.497.675.199.940;588.232.538.443.367;8.761.397.426.982.060;33.401.598.436.053.000;4.796.797.876.839.220;9.323.183.432.845.930;14.576.219.284.181.600;8.306.700.186.496.520;2.960.538.126.243.090;389.390.764.649.805;9.616.677.651.997.040;0.3376291889701465;0.5218414532281976;0.0026728715427476;9.252.242.835.780.590;7.847.150.356.332.910;8.864.671.553.046.910;8.020.275.173.849.360;90;90;6.500.054.369.641.400;16.021.514.181.926.200
B0-FF002_201011;B0-FF002;01/11/2010;13.882.948.488.781.300;7.817.505.368.808.390;8.443.529.734.420.680;4.226.493.693.681.130;0.8910998999380778;8.743.835.771.888.100;0;0;5.577.905.990.187.190;8.352.372.616.735.970;4.058.392.128.087.430;6.232.589.776.363.420;4.690.933.693.098.210;29.427.277.396.177.900;11.313.465.002.633.200;4.209.360.391.322.820;17.908.428.410.203.400;2.476.866.566.451.410;11.807.869.420.077.100;5.927.127.346.437.280;17.559.136.683.712.500;Nordic Specialty Plastics Plant;"Odense, Denmark";Specialty Chemicals;199818;773;146.378.377.544.261;23.387.815.108.389.300;5.919.993.917.052.680;8.616.680.377.129.710;3.175.838.105.070.370;5.185.004.558.453.080;9.558.308.756.733.420;1.448.125.612.491.850;855.866.664.117.522;279.426.237.075.067;40.491.404.463.044.300;9.642.048.843.239.250;0.3497318662670962;0.5453524757642847;0.0027008589836886;8.744.789.793.044.870;7.351.852.610.215.800;9.021.512.125.412.960;7.876.301.974.726.950;90;92;7.124.116.754.241.170;1.705.335.389.160.420
B0-FF002_201012;B0-FF002;01/12/2010;14.162.682.050.883.600;7.946.169.110.016.890;8.595.847.969.732.400;4.115.103.777.543.410;0.8994822595898033;8.804.648.536.557.350;0;0;5.199.497.810.302.130;8.056.608.884.543.240;4.439.954.365.519.150;6.219.695.027.368.670;4.401.090.571.212.170;3.130.396.207.964.790;11.960.026.458.539.400;4.280.284.068.226.950;18.329.948.012.025.900;2.477.069.100.166.610;1.204.782.702.412.190;5.698.269.289.312.140;18.117.459.628.859.500;Nordic Specialty Plastics Plant;"Odense, Denmark";Specialty Chemicals;209306;785;15.777.436.638.852.400;22.726.803.839.958.400;5.703.522.121.116.240;9.081.168.673.183.010;3.444.642.971.955.860;5.252.578.636.131.270;9.595.702.243.831.000;14.700.770.882.537.400;853.735.075.548.444;30.249.593.001.090.300;3.930.522.056.129.420;10.009.422.080.364.900;0.3301336141853481;0.5195688937365599;0.0027637721945537;9.275.546.106.988.650;8.171.569.596.801.030;907.684.972.947.537;7.675.064.252.818.500;91;91;709.388.448.088.118;1.610.046.415.218.440
B0-FF002_201101;B0-FF002;01/01/2011;14.165.794.885.173.500;7.946.524.853.353.670;8.071.690.623.134.160;4.219.312.702.545.070;0.9192794723864278;902.696.312.843.815;0;0;5.208.973.363.604.050;8.012.556.906.491.480;429.662.052.717.761;61.299.656.623.278.200;4.363.394.803.235.600;3.199.942.663.111.570;11.487.419.522.164.900;4.282.355.714.994.390;1.973.567.845.753.970;2.385.937.833.106.630;11.370.181.845.973.000;5.932.201.381.541.520;16.257.772.322.929.900;Nordic Specialty Plastics Plant;"Odense, Denmark";Specialty Chemicals;188914;814;15.089.409.753.493.400;2.455.999.174.829.940;5.655.109.352.088.850;8.718.737.844.789.560;33.466.141.556.253.500;5.037.386.314.388.430;9.440.943.468.561.380;14.070.312.317.514.900;8.528.721.210.507.160;30.267.269.973.730.100;3.974.229.907.567.560;9.600.855.388.773.440;0.3320534815682638;0.5130138961674316;0.0025983228521495;9.130.810.867.592.720;8.162.239.804.941.160;9.036.923.114.269.490;8.243.165.990.246.630;96;92;7.200.810.991.287.980;16.155.746.326.726.200
B0-FF002_201102;B0-FF002;01/02/2011;141.441.395.645.615;8.282.968.020.855.410;8.514.863.409.281.560;4.305.975.700.199.430;0.9465834425784456;9.169.947.421.039.230;0;0;5.452.883.344.846.070;7.946.955.561.751.380;4.198.725.641.833.560;621.017.933.681.314;4.465.965.704.845.390;29.817.817.689.277.300;11.134.833.886.252.200;42.553.096.418.809.700;19.213.770.728.664.200;24.798.217.193.851.700;12.006.162.877.101.800;58.230.304.970.182.200;17.235.664.125.449.300;Nordic Specialty Plastics Plant;"Odense, Denmark";Specialty Chemicals;206587;827;1.575.827.624.113.640;22.591.228.879.091.900;6.193.452.944.038.310;9.079.506.948.855.430;3.252.389.561.215.850;4.858.119.388.646.910;9.846.889.962.300.160;14.443.687.548.970.800;8.264.866.565.378.730;28.976.433.552.060.500;3.843.021.368.821.000;9.557.454.548.356.520;0.353127696145487;0.5369107792331971;0.0027732449350268;9.328.053.381.302.990;775.919.004.496.229;8.904.261.440.824.510;8.192.777.705.058.620;92;88;710.775.738.724.824;16.953.253.380.459.900
B0-FF002_201103;B0-FF002;01/03/2011;1.454.323.685.848.980;7.764.388.354.953.680;9.168.241.792.708.960;3.941.771.201.299.740;0.9202929431472554;9.447.609.663.379.540;0;0;5.187.445.450.080.670;8.285.512.795.657.620;42.238.395.467.769.300;5.875.145.865.946.040;4.667.586.971.071.070;2.988.269.158.818.600;1.153.870.719.118.460;4.366.980.413.979.700;18.722.643.026.023.900;25.628.812.180.413.600;11.942.144.878.177.600;6.119.199.459.998.060;1.712.231.208.397.470;Nordic Specialty Plastics Plant;"Odense, Denmark";Specialty Chemicals;198979;800;14.863.945.317.179.200;22.388.514.686.230.900;5.876.182.318.031.190;9.056.218.038.013.570;3.400.920.806.524.610;4.994.203.480.300.420;9.346.959.884.158.580;14.507.088.157.788.800;8.636.979.859.692.880;2.937.384.643.758.940;4.040.020.142.673.830;951.434.046.438.961;0.3359823913173593;0.5425751675423444;0.0025891246572244;8.967.589.784.863.020;7.813.840.367.526.920;8.654.567.877.185.470;7.815.718.852.375.670;94;92;7.240.918.032.520.010;1.724.434.375.535.740
B0-FF002_201104;B0-FF002;01/04/2011;14.171.493.803.506.400;8.635.134.041.525.640;8.598.716.808.321.280;4.106.775.540.301.690;0.8989749976700714;9.138.971.561.786.180;0;0;5.330.859.624.286.210;81.550.070.457.185.800;4.254.266.350.217.150;6.007.226.612.349.130;4.500.507.705.252.370;3.166.435.087.067.550;1.169.844.896.533.440;4.366.494.491.328.260;18.326.255.531.853.900;2.519.291.138.946.180;11.587.090.195.406.700;6.205.249.999.117.530;1.836.235.353.288.220;Nordic Specialty Plastics Plant;"Odense, Denmark";Specialty Chemicals;205674;841;1.569.294.845.800.230;23.015.629.036.703.800;5.925.344.503.819;9.199.211.994.281.820;32.191.794.350.262.700;4.811.711.487.156.660;9.668.485.712.871.240;14.153.768.454.777.900;7.927.585.068.525.510;2.809.580.682.861.860;38.645.631.276.828.800;9.840.276.636.659.890;0.3444220553703476;0.5576615430989407;0.0026955711346579;9.203.480.755.292.330;760.968.985.394.045;9.084.388.420.333.450;7.949.309.036.858.400;88;89;7.184.696.255.669.720;16.398.111.331.614.800
B0-FF002_201105;B0-FF002;01/05/2011;14.312.421.713.421.800;8.140.584.603.137.600;9.232.052.261.003.940;4.111.133.078.322.260;0.968518613003904;8.474.807.962.556.580;0;0;5.285.277.595.194.870;8.384.479.695.698.540;4.212.538.736.458.850;5.727.217.276.558.980;4.344.362.450.488.270;3.138.350.757.631.230;11.237.729.268.173.100;44.197.167.140.306.800;1.892.451.504.565.860;2.543.716.931.120.870;12.018.679.740.603.400;597.700.601.918.514;17.034.552.218.655.800;Nordic Specialty Plastics Plant;"Odense, Denmark";Specialty Chemicals;202592;764;1.543.446.695.723.910;23.615.297.722.752.900;5.896.925.973.010.650;9.011.836.190.139.740;3.241.404.831.877.400;4.984.554.653.476.150;9.496.639.476.330.780;14.295.407.011.891.800;8.311.006.513.449.070;28.844.575.285.746.700;3.775.845.111.808.250;9.339.170.493.978.260;0.3368459873670653;0.5366149777475725;0.0027351758430376;8.795.018.690.587.670;7.913.053.467.333.150;9.294.222.061.488.750;7.774.917.423.166.500;88;98;7.054.765.984.640.100;16.110.971.608.495.000
B0-FF002_201106;B0-FF002;01/06/2011;14.449.671.903.812.900;8.000.752.582.366.530;8.309.170.963.840.590;4.155.820.032.764.360;0.9481146828357758;895.296.575.941.694;0;0;5.475.542.714.473.110;8.088.326.622.324.970;41.717.623.407.437.300;65.193.863.557.032.800;4.477.643.789.756.260;29.724.014.197.293.100;118.429.431.161.199;440.304.342.347.385;19.180.744.673.069.800;23.706.394.126.105.100;11.825.123.961.944.800;6.097.843.471.167.820;17.855.265.847.459.500;Nordic Specialty Plastics Plant;"Odense, Denmark";Specialty Chemicals;195095;822;1.582.482.365.478.830;22.990.621.187.611.400;6.030.592.596.827.230;9.393.759.691.527.260;3.210.499.661.230.920;5.083.883.465.115.170;1.014.835.951.368.260;1.472.906.529.505.710;833.396.860.062.173;2.947.201.732.969.950;40.722.182.175.964.800;955.218.907.913.417;0.3442286974322449;0.5235764536913284;0.0026682221366262;921.812.097.176.605;7.997.115.559.676.160;9.293.233.851.590.920;8.161.625.625.807.910;89;92;70.884.582.357.473.600;16.818.067.288.148.400
B0-FF002_201107;B0-FF002;01/07/2011;14.388.353.382.441.600;7.795.775.963.594.180;9.104.428.582.637.760;4.383.894.560.033.660;0.9372972048009096;9.190.009.944.021.710;0;0;4.990.734.425.814.840;824.322.210.056.259;4.178.161.696.210.310;6.140.716.269.591.980;472.387.947.868.877;308.179.818.925.282;1.172.169.878.859.320;4.151.726.012.393.070;18.842.459.180.794.600;2.615.329.665.504.740;11.775.573.807.541.700;5.547.168.263.662.180;18.913.620.431.688.100;Nordic Specialty Plastics Plant;"Odense, Denmark";Specialty Chemicals;204917;788;16.042.844.866.968.700;2.332.663.851.648.800;6.118.535.991.986.660;920.575.397.747.051;3.192.868.210.739.600;5.076.343.439.335.990;10.086.934.601.946.800;14.031.996.733.159.900;8.285.688.459.973.810;2.858.305.967.870.270;4.021.326.220.862.680;9.949.766.127.338.730;0.3249652468342029;0.5335363196073187;0.0027027956149352;9.133.172.394.317.740;783.038.847.613.472;9.224.840.393.610.990;8.151.083.058.189.060;90;88;7.044.620.329.381.950;1.711.818.335.915.240
B0-FF002_201108;B0-FF002;01/08/2011;14.232.193.411.917.000;7.681.470.571.730.720;8.935.370.589.566.970;4.331.731.262.910.850;0.9239534849559052;8.604.582.195.163.380;0;0;5.261.655.226.331.780;8.399.662.601.273.100;4.140.981.152.994.400;6.126.842.350.445.520;4.548.687.254.006.240;31.411.344.166.882.000;11.860.597.936.184.100;431.439.229.529.872;18.473.740.345.279.100;2.569.726.874.280.350;120.020.988.808.917;5.755.415.112.641.630;17.814.090.824.116.600;Nordic Specialty Plastics Plant;"Odense, Denmark";Specialty Chemicals;205366;786;1.585.172.881.198.920;2.344.326.411.620.710;5.664.379.212.399.290;9.242.314.959.855.060;34.007.259.304.217.500;5.164.624.688.046.610;9.718.734.852.858.840;1.346.885.280.983.260;8.830.000.000.291.670;2.939.405.156.175.190;39.634.907.997.514.500;10.038.922.220.085.400;0.3655285204201131;0.5201737238435067;0.0026844399937706;8.941.997.836.015.830;7.784.645.226.216.840;8.853.268.323.490.490;7.473.043.599.318.210;94;98;7.556.902.262.331.030;16.332.175.561.965.600
B0-FF002_201109;B0-FF002;01/09/2011;14.315.638.693.100.500;835.151.484.194.981;8.860.457.156.879.770;4.177.628.373.696.410;0.9175090028893472;9.372.117.246.911.780;0;0;54.557.200.158.064.500;8.276.952.678.539.260;4.363.278.833.899.750;6.136.505.085.283.210;4.512.624.496.057.480;3.096.836.995.783.910;11.314.004.952.887.000;4.425.644.947.100.630;19.448.642.748.730.700;25.198.386.105.129.300;11.787.612.787.068.800;5.807.611.536.434.600;177.193.411.733.792;Nordic Specialty Plastics Plant;"Odense, Denmark";Specialty Chemicals;204736;834;1.613.113.642.485.590;23.871.091.691.559.400;5.920.602.876.247.340;8.650.227.947.351.450;3.496.398.690.349.860;4.983.318.828.311.820;969.732.977.626.192;14.776.982.231.229.000;8.576.974.135.646.240;30.394.242.436.325.700;3.980.814.334.650.040;10.185.334.311.886.000;0.3505643965159416;0.528942886743152;0.0027367286273254;9.171.359.080.905.980;7.743.240.910.869.210;8.879.002.057.096.020;8.099.189.890.080.430;89;91;6.903.694.162.482.580;16.552.660.932.879.400
B0-FF002_201110;B0-FF002;01/10/2011;14.385.385.044.284.400;7.965.979.398.051.990;8.383.338.628.049.020;4.143.189.596.952.400;0.89922790144668;8.891.093.396.912.670;0;0;5.194.380.547.319.280;8.666.732.062.002.140;4.202.909.222.755.430;6.027.787.120.211.020;4.469.434.119.352.860;30.975.663.506.614.300;1.260.458.215.980.770;4.150.554.496.164.040;17.808.970.736.333.900;25.946.301.012.138;12.335.955.014.471.200;5.934.880.544.001.350;1.809.428.952.989.650;Nordic Specialty Plastics Plant;"Odense, Denmark";Specialty Chemicals;196777;774;15.519.395.293.599.200;24.551.114.855.677.900;6.006.358.219.774.550;9.071.798.822.055.170;3.225.743.203.384.620;5.091.012.131.856.030;928.747.928.665.302;15.293.538.094.299.900;8.312.312.763.510.960;28.715.862.270.985.800;3.758.611.656.671.470;9.930.623.346.180.050;0.3468377944433184;0.5543221769346293;0.0027979766334621;898.248.480.298.107;8.275.557.245.204.400;8.824.091.256.787.410;7.762.742.111.872.760;93;89;7.365.728.681.938.440;17.954.621.053.930.100
B0-FF002_201111;B0-FF002;01/11/2011;14.344.061.932.891.500;7.917.114.354.547.160;8.736.209.204.778.080;4.102.161.779.554.160;0.9343730544534122;8.716.172.241.951.270;0;0;5.089.024.996.863.630;7.997.636.652.701.370;42.168.375.406.397.100;6.246.554.990.694.670;4.721.213.806.260.780;31.717.312.959.761.700;11.308.547.644.821.300;42.691.892.821.491.300;1.849.209.172.464.870;2.572.279.045.000.540;12.151.586.417.098.200;5.689.673.890.596.100;17.565.472.420.368.300;Nordic Specialty Plastics Plant;"Odense, Denmark";Specialty Chemicals;207513;782;15.389.459.897.665.400;24.540.911.119.679.700;6.267.979.351.333.200;834.288.518.845.684;3.348.941.066.450.300;5.474.521.998.785.030;9.780.281.388.788.860;1.455.071.147.476.600;8.922.001.474.880.400;2.965.067.567.042.090;4.021.393.121.704.800;9.855.722.041.621.960;0.3489610593973901;0.5377512477700748;0.0028090204128541;9.093.669.427.216.370;7.963.817.121.110.330;8.647.500.486.305.470;7.852.002.406.603.580;95;94;6.933.523.920.107.010;15.866.690.745.707.700
B0-FF002_201112;B0-FF002;01/12/2011;14.429.239.943.256.000;8.309.793.867.799.140;8.655.785.747.484.380;39.963.797.428.702.000;0.9119074936028368;9.177.229.872.673.280;0;0;5.592.989.123.376.690;8.534.271.192.236.320;4.128.509.879.240.610;6.385.731.149.941.810;4.645.257.947.498.550;29.883.624.530.438.100;1.255.912.537.313.960;434.669.100.760.638;1.792.111.455.584.930;25.260.630.665.118.400;1.181.357.354.321.410;5.819.768.536.984.640;17.585.794.926.253.000;Nordic Specialty Plastics Plant;"Odense, Denmark";Specialty Chemicals;202655;791;15.457.690.066.460.400;23.795.204.928.477.500;5.790.086.407.069.120;9.249.707.612.679.760;32.191.346.321.525.600;5.133.697.910.119.490;10.130.534.178.774.100;144.844.829.326.583;8.645.249.464.044.000;28.640.499.418.757.700;3.882.317.879.501.990;10.398.553.848.547.800;0.3551027416313213;0.5383366063828109;0.0025821700019773;9.026.942.072.708.550;8.507.541.421.868.160;9.303.690.252.142.220;808.264.138.186.902;93;91;7.228.136.432.210.500;16.076.648.899.290.300
B0-FF002_201201;B0-FF002;01/01/2012;13.811.506.610.885.800;7.917.845.228.948.210;8.844.300.408.187.890;3.986.026.413.677.150;0.9330994516231346;8.828.834.202.181.310;0;0;5.434.684.488.815.020;8.084.911.361.127.710;4.309.275.036.323.500;589.124.460.038.505;4.663.484.162.802.700;320.785.657.324.096;12.181.929.536.163.000;4.651.722.449.181.720;17.947.777.084.458.000;2.594.010.768.745.230;11.686.390.123.285.000;5.918.246.887.948.530;17.848.314.363.445.700;Nordic Specialty Plastics Plant;"Odense, Denmark";Specialty Chemicals;218489;798;15.487.070.487.357.500;24.120.221.082.255.100;5.921.173.535.593.930;9.436.446.281.073.820;34.136.349.853.126.800;5.172.819.185.561.220;912.575.514.177.601;15.449.689.154.249.600;8.437.265.394.369.660;2.952.757.929.291.900;3.870.777.026.125.670;9.639.073.767.352.440;0.3352227873571028;0.5340150756611324;0.0025829665513872;9.170.182.852.214.530;8.353.363.185.225.670;9.377.076.392.008.860;8.068.712.657.625.020;90;89;7.390.205.435.024.570;16.645.281.387.922.000
B0-FF002_201202;B0-FF002;01/02/2012;14.493.390.544.206.600;8.059.107.071.332.450;89.828.739.277.873;4.420.171.263.712.270;0.9716229944696736;8.474.846.411.384.270;0;0;5.588.836.386.396.490;8.322.240.731.371.130;4.368.962.218.641.910;6.098.159.867.281.790;4.472.755.060.969.600;30.278.523.312.501.700;11.410.554.248.222.100;4.208.863.666.512.520;1.823.722.108.967.690;25.071.918.810.387.600;11.793.770.039.784.100;6.027.473.237.938.200;180.613.863.944.254;Nordic Specialty Plastics Plant;"Odense, Denmark";Specialty Chemicals;207188;829;1.550.763.165.402.790;2.289.600.194.683.420;6.332.396.436.776.460;920.025.939.164.686;33.661.494.043.941.200;5.066.619.009.226.900;9.764.314.139.041.980;14.512.074.868.526;8.651.319.552.178.960;3.001.841.180.141.420;3.867.148.769.083.960;9.469.656.430.630.520;0.32654192202992;0.5472709191811566;0.0026183003383221;937.883.638.741.696;7.826.408.412.481.230;8.900.141.592.424.220;780.408.119.333.247;94;89;7.042.919.282.144.990;16.881.852.105.442.500
B0-FF002_201203;B0-FF002;01/03/2012;14.020.590.882.330.700;8.465.719.142.688.820;8.361.282.782.329.730;4.166.638.043.063.250;0.9676006927613562;8.761.921.128.074.200;0;0;5.311.257.646.011.290;8.312.887.967.929.340;4.368.980.088.092.940;60.926.926.960.482.000;4.728.818.428.834.620;31.496.223.169.005.400;1.176.702.089.255.440;4.528.656.776.564.540;18.681.704.627.221.900;2.657.543.744.414.350;11.944.629.231.253.700;59.083.654.814.648.800;1.780.746.381.978.080;Nordic Specialty Plastics Plant;"Odense, Denmark";Specialty Chemicals;207127;744;15.778.595.703.021.000;2.340.403.804.487.520;5.997.258.493.455.610;910.395.759.954.178;33.949.109.964.136.800;47.559.785.070.791.700;938.447.349.728.721;14.765.889.171.697.800;8.681.269.215.231.190;2.891.299.712.113.950;404.614.558.010.354;9.894.294.308.493.790;0.3579516463370578;0.5531532596624206;0.0027754538794126;9.416.310.722.295.000;796.970.923.562.835;9.473.967.556.930.480;8.038.744.653.704.560;92;90;7.080.581.559.461.780;16.354.163.411.415.400
B0-FF002_201204;B0-FF002;01/04/2012;14.900.854.381.266;8.426.230.490.822.170;907.123.668.613.515;4.512.841.538.491.310;0.920360971732374;9.300.047.582.501.500;0;0;5.208.632.300.026.620;8.485.483.899.889.020;42.564.053.499.849.400;5.806.076.609.354.940;4.533.799.115.717.780;3.284.736.413.982.250;12.139.938.008.349.000;44.874.844.793.328.600;1.920.370.689.751.450;2.580.307.120.375.050;12.231.305.012.597.600;6.016.785.557.064.060;1.732.891.515.196.150;Nordic Specialty Plastics Plant;"Odense, Denmark";Specialty Chemicals;210015;830;15.493.378.450.803.900;23.138.376.132.486.100;5.821.619.892.016.300;9.454.572.649.126.550;3.314.119.543.190.120;5.166.746.189.193.900;9.650.613.803.832.180;14.532.238.275.153.200;8.442.727.703.868.750;2.879.040.850.904.560;4.051.763.274.833.010;9.686.768.646.204.780;0.3539917799609363;0.535934592117033;0.0028183409438826;910.447.936.727.716;8.392.020.613.380.940;9.200.052.605.587.320;8.618.812.515.709.490;89;100;7.167.440.865.940.070;1.705.282.034.930.290
B0-FF002_201205;B0-FF002;01/05/2012;143.228.277.628.865;7.756.254.852.462.200;8.700.072.792.907.810;4.159.039.109.167.030;0.939607510084486;9.456.291.130.872.080;0;0;5.520.308.523.055.320;7.914.440.733.509.950;4.093.102.570.438.240;5.917.377.411.107.360;4.583.130.366.658.990;294.591.404.584.824;11.759.612.242.442.600;4.211.785.614.138.030;19.437.189.970.715.100;2.631.971.137.693.810;1.213.131.209.598.620;5.639.797.356.917.020;17.814.423.394.181.500;Nordic Specialty Plastics Plant;"Odense, Denmark";Specialty Chemicals;207613;823;1.642.676.379.191.340;24.328.078.308.909.500;599.147.192.998.909;8.915.507.894.227.180;3.289.157.947.826.710;5.280.478.038.013.760;9.767.191.609.292.130;1.493.583.904.890.310;8.499.171.771.655.660;285.873.465.310.727;3.921.339.186.514.910;9.906.494.789.863.490;0.3516192541764732;0.5233474745618611;0.0027618146038141;9.614.522.774.371.570;7.730.840.484.886.110;8.663.851.245.107.610;8.306.892.170.911.150;89;92;7.335.718.568.299.170;1.693.181.093.982.480
B0-FF002_201206;B0-FF002;01/06/2012;14.574.385.617.860.000;8.167.772.564.098.670;9.520.716.064.576.780;4.435.645.373.895.680;0.9162404252581948;944.944.721.288.542;0;0;5.315.738.010.020.520;8.478.560.390.645.790;4.274.037.732.112.770;6.133.144.433.168.950;4.534.340.225.450.080;3.219.027.739.301.210;11.746.991.758.501.400;42.973.689.342.258.300;19.629.818.258.893.600;2.590.022.370.764.740;1.221.467.815.814.230;6.174.138.120.799.090;18.673.761.381.166.900;Nordic Specialty Plastics Plant;"Odense, Denmark";Specialty Chemicals;192716;802;1.496.530.663.393.860;2.329.578.072.013.660;5.968.650.726.166.340;890.845.280.486.405;3.264.960.022.906.320;4.916.792.265.563.570;9.943.945.860.375.180;15.353.703.365.600.900;8.128.233.095.514.060;29.439.635.529.702.400;4.061.508.119.188.850;10.000.732.966.967.700;0.3383726345764261;0.528211426521346;0.0027884329939443;9.212.966.458.308.700;8.138.340.231.914.190;9.258.246.589.432.790;7.892.029.213.177.420;96;92;6.996.109.854.993.320;18.120.368.432.010.300
B0-FF002_201207;B0-FF002;01/07/2012;1.459.159.029.118.080;7.524.226.232.952.850;9.197.150.593.280.230;4.374.559.146.673.910;0.9497962737969556;9.346.513.506.728.310;0;0;5.493.635.288.907.410;8.871.259.921.038.380;4.602.007.058.824.530;6.143.726.316.505.890;4.927.501.511.936.050;3.204.751.566.556.910;1.257.981.412.282.840;4.505.345.866.724.460;19.383.393.908.783.600;2.777.353.699.380.870;12.079.345.542.991.000;6.338.661.756.811.340;19.101.473.833.853.900;Nordic Specialty Plastics Plant;"Odense, Denmark";Specialty Chemicals;214557;804;15.761.735.434.463.000;22.697.720.600.937.100;589.655.247.316.156;918.405.341.045.206;3.228.635.697.043.660;5.042.019.961.993.880;10.312.762.557.533.900;14.629.127.680.923.500;8.944.188.676.407.580;3.027.694.816.453.970;3.942.735.547.881.020;9.977.074.763.519.330;0.3522841103230871;0.503580810325389;0.0028456302489107;92.778.322.670.526;8.401.194.859.092.420;9.383.789.259.798.920;798.954.086.326.895;94;94;7.543.082.958.535.090;17.038.622.276.456.400
B0-FF002_201208;B0-FF002;01/08/2012;14.771.553.344.491.200;7.862.177.727.324.440;8.862.632.094.887.020;4.405.992.135.220.510;0.9502466444229084;8.886.891.189.708.570;0;0;564.326.369.010.156;8.607.859.808.373.490;38.768.082.250.302;62.049.289.103.484.800;4.673.970.001.090.340;3.043.065.657.368.760;11.914.356.754.673.600;4.585.501.985.168.110;19.468.529.441.671.800;2.569.043.665.739.540;1.222.106.186.775.850;596.328.817.741.821;18.165.370.737.324.000;Nordic Specialty Plastics Plant;"Odense, Denmark";Specialty Chemicals;197546;791;16.154.225.705.352.300;23.579.869.350.332.200;5.832.955.831.932.580;8.808.993.446.980.710;3.450.476.570.023.570;5.015.041.872.809.300;9.906.591.542.594.460;1.443.976.293.693.310;839.211.794.176.577;3.002.872.987.563.040;39.730.583.790.187.200;10.243.170.025.075.000;0.3602996799323293;0.5315332536800967;0.0027996615472525;9.214.389.504.690.170;8.326.860.483.761.190;9.352.994.238.653.510;7.888.792.779.934.320;92;95;7.484.865.872.270.370;1.748.945.507.871.200
B0-FF002_201209;B0-FF002;01/09/2012;14.249.318.839.159.400;7.976.587.901.305.870;870.272.359.869.328;4.151.683.673.198.560;0.8882112687082128;941.478.919.163.738;0;0;543.417.893.034.651;8.392.529.024.796.310;4.241.655.358.759.200;62.230.008.715.178.000;4.537.681.721.402.070;3.135.664.014.325.660;12.599.125.792.019.700;4.484.179.231.946.870;19.426.033.066.395.600;250.815.931.294.816;12.515.680.235.359;6.132.061.881.755.180;18.181.808.689.582.600;Nordic Specialty Plastics Plant;"Odense, Denmark";Specialty Chemicals;207999;804;1.599.376.537.410.560;2.465.403.091.137.310;6.052.858.481.283.170;8.776.336.419.698.010;3.291.046.629.487.150;5.211.996.121.034.700;9.487.427.848.017.310;14.824.706.700.079.400;8.607.820.914.438.570;2.888.908.717.191.630;4.089.550.960.186.010;1.026.314.235.070.720;0.3371575279084903;0.5457792883013922;0.0028021985509079;9.569.914.942.147.840;8.223.190.783.215.940;9.698.241.392.675.570;8.019.213.192.841.610;93;91;7.039.273.505.813.930;1.652.729.729.530.910
B0-FF002_201210;B0-FF002;01/10/2012;14.779.602.009.733.800;81.268.360.899.325;8.986.737.922.998.170;4.079.323.563.031.030;0.9164934346369696;896.781.531.652.968;0;0;5.482.402.718.572.850;838.978.529.755.667;4.538.360.662.695.070;59.346.007.001.075.200;4.657.192.380.550.880;29.887.945.997.983.400;11.224.268.253.191.100;4.323.627.390.937.670;1.952.156.232.606.520;25.523.948.692.005;12.468.692.328.983.700;6.039.328.457.469.340;1.798.494.859.215.780;Nordic Specialty Plastics Plant;"Odense, Denmark";Specialty Chemicals;214794;794;15.888.082.573.926.500;224.117.200.663.147;6.019.069.823.108.920;8.981.865.620.608.860;32.662.019.967.997.700;51.686.102.201.086.500;9.565.792.897.633.550;15.521.902.393.537.000;8.073.477.738.023.690;30.110.982.896.531.200;4.000.278.148.599.180;997.843.337.131.482;0.3463242635329112;0.5398231024041158;0.0028664530978167;88.786.855.802.001;7.994.874.849.146.470;9.018.912.596.703.210;7.795.017.079.658.980;95;96;7.483.394.770.448.010;17.383.654.993.717.200
B0-FF002_201211;B0-FF002;01/11/2012;15.005.263.223.197.000;785.624.271.270.522;930.666.965.227.844;42.117.524.069.761.800;0.971060421230034;8.840.240.077.239.230;0;0;5.505.139.998.437.150;8.229.874.605.504.870;4.512.647.003.103.210;602.516.002.719.838;4.668.821.910.069.440;3.206.268.690.246.600;12.863.981.795.884.600;4.365.926.600.512.560;19.148.239.655.096.700;25.834.725.104.054.300;12.426.793.247.749.200;6.134.300.896.007.430;18.677.083.322.013.700;Nordic Specialty Plastics Plant;"Odense, Denmark";Specialty Chemicals;211912;798;1.611.307.283.893.050;23.789.531.589.489.600;6.143.492.670.370.030;9.281.733.141.762.540;3.556.558.840.417.750;5.059.832.863.570.320;9.635.149.688.745.280;14.972.659.467.783.900;903.016.664.468.527;299.796.438.584.569;4.150.131.433.972.460;10.284.999.562.741.700;0.3502452437113559;0.548535501892869;0.0027452841981158;9.426.850.059.489.050;7.939.588.020.468.520;93.054.661.592.192;8.312.958.912.732.050;96;96;7.323.798.602.630.980;1.717.805.274.975.020
B0-FF002_201212;B0-FF002;01/12/2012;14.162.242.286.257.400;816.364.481.196.152;8.970.636.238.955.370;4.100.807.627.339.750;0.8935408369059965;9.545.657.557.317.540;0;0;5.599.531.315.838.710;8.182.915.180.452.280;4.295.078.453.154.450;6.534.913.790.442.870;4.609.218.238.121.280;31.248.424.668.443.700;11.875.475.922.203.800;4.334.069.200.127.970;1.997.480.940.402.520;24.270.246.254.314.100;12.185.267.727.814.700;6.076.678.404.861.330;19.029.329.939.762.500;Nordic Specialty Plastics Plant;"Odense, Denmark";Specialty Chemicals;200417;779;1.534.343.463.317.410;24.255.474.746.122.600;6.039.615.278.976.430;8.682.639.268.514.940;3.405.312.870.061.750;53.592.675.338.265.800;9.886.098.764.084.040;14.866.812.575.665.000;8.791.069.586.810.890;30.339.281.502.091.900;3.853.356.054.023.870;1.001.937.520.487.830;0.3509303473503172;0.5322905834054864;0.0028425359167596;9.193.835.193.491.990;8.125.722.961.311.350;8.983.747.597.368.270;8.173.178.981.001.040;97;93;7.446.777.674.650.050;17.042.954.165.413.600
B0-FF002_201301;B0-FF002;01/01/2013;13.623.349.801.391.000;8.212.445.983.010.330;888.635.538.508.766;4.262.637.806.029.710;0.95150773121918;9.055.352.965.234.140;0;0;548.188.240.288.159;8.630.922.170.489.810;43.558.055.816.201.800;6.742.878.375.294.310;4.654.405.855.443.130;31.873.684.275.783.600;11.861.982.052.226.000;4.554.287.263.880.100;1.953.816.014.503.780;25.985.549.427.409.200;12.047.005.769.870.600;5.806.329.453.556.420;18.358.985.845.415.800;Nordic Specialty Plastics Plant;"Odense, Denmark";Specialty Chemicals;199110;844;15.172.927.070.814.300;2.365.912.941.981.480;586.552.233.596.382;9.096.176.530.389.220;34.023.093.302.409.500;5.196.034.024.695.910;9.371.392.329.394.730;14.473.713.590.809.300;8.998.179.826.047.310;3.059.858.553.804.080;3.710.100.907.106.470;10.217.082.553.456.200;0.3423508981269211;0.5312276310582918;0.0027698237709156;98.227.806.578.406;7.967.867.118.769.180;895.516.981.491.314;8.201.332.468.855.770;94;98;7.203.103.162.649.700;1.776.340.835.719.630
B0-FF002_201302;B0-FF002;01/02/2013;14.767.496.981.569.300;8.366.616.159.909.870;9.380.847.227.941.080;4.233.699.818.879.390;0.9752005444243194;9.086.691.831.503.890;0;0;5.438.561.088.662.150;8.185.045.800.093.970;4.518.701.649.367.160;6.596.127.243.827.490;4.640.103.183.811.230;30.849.500.253.841.800;11.671.575.913.358.000;4.479.432.507.966.170;19.033.869.692.345.600;2.585.402.971.016.750;12.992.488.755.175.400;5.997.814.805.598.300;1.847.439.336.835.100;Nordic Specialty Plastics Plant;"Odense, Denmark";Specialty Chemicals;208355;780;14.916.987.593.247.700;24.165.782.563.526.600;6.341.126.642.224.360;9.185.099.818.788.660;346.777.223.621.437;4.994.946.804.430.000;10.133.302.454.754.700;15.278.502.610.137.200;8.572.143.712.410.400;305.365.088.270.316;3.803.260.790.290.880;10.335.617.265.399.800;0.3476796807214485;0.5215991950259328;0.0028262111129554;8.897.121.732.249.120;8.320.486.594.819.120;904.312.674.513.254;7.775.317.131.733.490;95;94;7.608.242.944.316.150;1.650.159.513.081.820
B0-FF002_201303;B0-FF002;01/03/2013;15.389.196.488.179.400;7.965.159.467.756.810;9.203.764.714.510.290;4.401.969.372.859.480;0.9559287259086062;9.049.208.540.216.470;0;0;583.655.669.115.492;8.388.993.655.486.240;4.220.091.353.203.410;6.061.993.070.537.670;4.719.767.275.986.310;3.124.846.130.314.610;11.465.830.852.342.300;4.565.365.640.643.310;1.960.441.409.463.310;2.777.383.332.822.450;12.827.533.131.401.200;54.963.100.218.966.100;18.951.276.951.312.400;Nordic Specialty Plastics Plant;"Odense, Denmark";Specialty Chemicals;215841;796;15.606.336.594.482.500;2.414.302.741.213.240;5.856.778.282.434.430;9.044.622.619.283.480;3.510.730.922.588.550;52.208.337.147.718.200;9.649.730.631.184.060;1.530.742.682.272.520;8.846.062.013.409.420;30.326.549.672.364.500;3.959.192.720.869.160;1.012.711.438.999.670;0.3459894273088696;0.5106731409667394;0.0027726472284646;9.374.326.217.270.240;8.280.575.851.541.870;9.714.157.171.431.070;7.954.356.890.926.590;94;97;7.134.369.046.517.000;17.264.752.971.785.600
B0-FF002_201304;B0-FF002;01/04/2013;14.617.479.581.453.400;8.196.986.776.335.360;9.172.339.085.906.080;4.218.336.992.688.840;0.9705190173684688;8.737.581.146.469.560;0;0;5.342.864.198.601.140;89.475.081.417.433;43.681.170.795.463.300;6.149.424.893.205.170;4.812.654.653.262.580;32.541.928.964.655.500;11.736.002.175.467.000;4.789.678.740.843.740;19.595.717.342.376.100;26.673.343.950.288.000;12.604.444.139.663.400;61.575.149.869.623;1.786.280.259.763.200;Nordic Specialty Plastics Plant;"Odense, Denmark";Specialty Chemicals;221785;808;16.286.878.928.325.300;2.353.924.180.140.060;5.930.072.950.821.890;9.643.329.320.364.790;34.018.105.977.945.400;5.142.404.620.513.650;9.943.397.167.163.670;1.603.178.377.793.260;9.348.914.587.000.610;31.283.316.482.432.800;4.371.251.646.749.830;9.854.871.739.209.300;0.3616548056936785;0.5441808514204357;0.0026511638454053;9.551.929.412.112.310;8.135.749.842.372.720;981.727.243.518.945;8.027.400.949.358.150;94;99;7.294.295.066.161.600;17.808.157.170.553.800
B0-FF002_201305;B0-FF002;01/05/2013;1.500.660.982.367.230;8.376.649.713.709.340;8.914.263.417.830.530;43.360.332.179.017;0.9455164819452724;9.069.167.232.091.000;0;0;5.632.828.713.820.480;8.682.032.815.064.690;4.376.286.236.702.230;5.927.730.644.138.770;4.535.808.139.798.870;31.430.429.788.629.300;11.782.640.043.646.500;43.913.440.294.291.300;1.913.260.294.416.690;2.596.954.215.092.790;12.971.470.216.891.700;60.656.152.147.430.800;18.736.866.508.041.300;Nordic Specialty Plastics Plant;"Odense, Denmark";Specialty Chemicals;209865;851;1.633.821.737.796.000;2.348.619.471.761.550;6.412.691.370.961.440;9.010.111.896.639.910;3.437.844.009.147.890;5.212.658.773.289.740;10.016.953.997.337.500;15.246.032.336.355.200;8.589.662.295.858.410;3.080.686.974.309.570;4.102.066.580.862.320;10.155.595.508.477.900;0.3531152071815991;0.5304713656528466;0.0028437895229929;924.637.016.228.887;8.327.068.442.661.500;9.369.116.982.753.580;7.808.653.849.463.200;92;96;7.203.029.668.909.590;16.941.541.852.579.000
B0-FF002_201306;B0-FF002;01/06/2013;14.497.144.680.362.100;8.097.482.263.507.970;9.434.769.068.035.780;4.133.510.075.736.540;0.9924921203819356;9.212.995.838.399.630;0;0;555.970.953.313.171;844.705.683.506.161;4.410.675.327.002.280;630.879.843.984.464;4.683.950.648.202.910;3.263.758.348.876.540;11.683.636.218.606.300;43.447.323.869.666.500;1.902.434.501.642.110;255.850.567.239.829;12.483.550.536.617.600;61.753.890.401.640.200;17.175.004.585.533.600;Nordic Specialty Plastics Plant;"Odense, Denmark";Specialty Chemicals;206135;810;15.737.102.909.965.300;23.018.509.539.288.800;6.007.142.181.154.310;8.896.512.029.926.770;3.387.448.518.346.270;4.894.793.556.602.220;9.787.984.195.514.370;1.458.807.101.553.330;8.731.311.275.201.620;3.047.396.191.888.260;4.031.587.900.933.380;104.106.591.003.477;0.3517488628687951;0.5544632523763712;0.0029017642601809;9.523.094.406.021.370;8.273.625.213.851.570;9.526.849.732.759.910;8.220.300.237.705.790;98;97;7.504.779.122.774.740;1.727.533.290.655.260
B0-FF002_201307;B0-FF002;01/07/2013;15.008.495.914.678.600;836.972.485.198.105;8.677.198.000.993.740;4.420.095.899.470.780;0.9040630152139992;9.516.450.707.211.160;0;0;562.329.682.195.888;8.615.254.623.963.260;4.215.311.142.480.370;6.578.000.809.764.340;4.730.767.666.572.490;3.399.497.878.719.100;12.519.413.992.775.400;4.479.732.231.560.540;1.910.645.769.515.720;26.369.953.489.554.500;12.523.627.032.647.900;6.358.814.050.821.150;189.455.499.097.219;Nordic Specialty Plastics Plant;"Odense, Denmark";Specialty Chemicals;212215;862;14.932.450.131.459.800;2.430.536.427.242.720;6.300.729.553.477.680;9.308.780.187.693.900;3.289.212.619.886.990;5.383.141.004.441.140;10.124.004.301.686.900;15.082.630.914.432.300;8.835.372.148.207.390;3.204.928.210.246.270;4.096.141.759.013.410;10.107.906.773.439.700;0.3473912899143995;0.5574487465986585;0.0028938242896559;947.379.393.486.829;8.150.805.811.612.670;9.798.025.515.409.090;7.938.215.695.551.500;101;93;7.055.757.982.808.970;16.678.725.677.916.700
B0-FF002_201308;B0-FF002;01/08/2013;1.438.040.377.364.790;8.241.329.681.694.750;8.888.343.887.793.200;4.420.119.396.577.940;0.9781730107908004;926.687.899.724.401;0;0;5.547.978.217.472.970;8.192.937.705.151.930;4.382.510.902.867.190;6.374.466.243.200.970;4.558.737.809.112.040;3.135.253.793.181.430;1.236.561.239.907.710;4.408.371.188.650.640;19.105.324.130.465.400;27.113.779.451.982.800;1.200.355.274.734.910;589.986.183.175.036;18.394.112.725.414.500;Nordic Specialty Plastics Plant;"Odense, Denmark";Specialty Chemicals;214972;827;15.807.468.937.123.700;23.783.646.571.258.400;6.264.157.411.819.490;9.406.538.948.410.680;3.435.770.839.798.290;5.131.324.428.938.620;9.921.226.121.025.500;1.462.221.266.161.220;8.783.664.632.839.470;29.835.002.529.752.200;40.352.220.638.218.600;10.056.218.300.745.300;0.3621229310030299;0.559166810683424;0.0027822430729459;9.239.341.982.246.110;8.477.442.859.882.180;9.486.552.970.064.900;8.076.041.920.796.620;99;94;6.907.382.751.916.760;16.929.880.829.084.100
B0-FF002_201309;B0-FF002;01/09/2013;15.618.027.794.625.800;8.231.757.653.790.600;8.887.030.740.614.900;4.297.269.252.804.030;0.983129495584954;9.318.260.321.315.750;0;0;5.672.625.488.249.770;8.576.565.090.800.650;4.346.282.333.793.630;63.752.438.005.718.200;4.655.741.259.282.250;305.521.724.437.558;12.253.989.909.283.400;4.311.206.868.717.330;1.991.142.409.918.540;2.649.656.908.024.180;13.033.580.387.246.300;60.462.972.893.899.600;1.830.938.690.451.000;Nordic Specialty Plastics Plant;"Odense, Denmark";Specialty Chemicals;200666;793;15.132.416.413.140.200;2.481.149.266.404.180;6.003.785.224.660.740;954.763.311.695.246;3.158.830.972.017.870;5.421.729.095.154.750;9.903.295.947.852.140;15.120.243.653.223.400;8.553.092.006.211.970;30.798.428.610.025.900;4.007.236.853.567.150;984.251.053.121.218;0.3440463340753512;0.5263837530572486;0.0028500838740553;9.301.418.966.796.880;7.902.047.321.508.940;9.551.110.319.276.470;7.643.481.052.829.520;99;101;706.648.725.468.346;1.786.644.799.852.800
B0-FF002_201310;B0-FF002;01/10/2013;1.507.028.053.797.240;8.196.861.933.034.170;89.153.301.345.692;4.383.799.848.701.980;0.9542736270154892;8.625.597.366.691.020;0;0;5.570.939.268.903.470;8.357.352.207.666.250;4.379.512.111.115.320;65.756.132.956.408.700;4.776.070.173.559.500;3.227.034.244.447.540;11.817.043.618.877.600;44.433.678.734.854.200;19.616.080.716.432.000;271.156.778.388.647;12.359.854.735.541.600;6.284.888.414.957.000;1.771.427.759.832.040;Nordic Specialty Plastics Plant;"Odense, Denmark";Specialty Chemicals;210631;819;15.230.063.473.152.400;24.031.155.952.636.300;5.989.032.204.479.840;958.386.783.353.197;3.397.175.029.152.580;5.242.401.271.574.190;9.569.392.586.793.520;15.093.323.759.785.500;873.607.416.857.644;2.965.097.045.215.550;4.402.920.266.908.070;1.011.294.619.464.550;0.3551676697404453;0.5619841850806608;0.0027565308713935;9.609.339.260.970.530;8.449.099.000.371.990;952.808.135.650.511;875.099.275.452.692;93;100;7.469.939.840.851.940;17.815.109.889.366.100
B0-FF002_201311;B0-FF002;01/11/2013;15.086.183.108.007.700;8.801.941.723.864.470;8.963.011.025.319.680;4.369.140.999.956.990;0.9941166766096786;9.208.588.897.314.220;0;0;5.379.864.615.985.000;8.180.013.643.799.960;43.981.417.420.196.000;6.531.134.508.588.350;4.449.044.825.812.390;3.214.426.232.706.410;12.622.054.241.693.200;4.323.876.456.404.710;1.923.834.218.719.760;27.051.537.696.972.100;12.851.137.562.876.300;641.719.728.055.272;1.804.459.303.960.200;Nordic Specialty Plastics Plant;"Odense, Denmark";Specialty Chemicals;205314;864;156.142.292.368.647;2.446.333.606.486.110;6.503.163.139.112.310;9.413.652.615.119.350;35.248.669.764.627.700;5.393.647.677.409.800;10.105.822.347.246.800;153.610.584.881.475;8.766.588.724.411.360;3.145.487.100.935.730;4.113.560.203.665.000;9.780.683.881.073.050;0.3605096785888792;0.5122215753582059;0.0028857217789651;9.440.102.606.044.550;8.808.759.808.353.530;960.995.398.180.315;8.424.823.074.707.070;93;98;7.233.358.344.420.300;1.793.239.710.585.010
B0-FF002_201312;B0-FF002;01/12/2013;1.445.086.847.606.430;8.370.634.423.596.450;8.746.794.887.704.930;4.326.736.973.578.590;1.016.000.873.724.890;9.580.576.821.768.800;0;0;5.504.130.069.489.880;868.540.342.295.654;4.348.159.079.628.630;6.622.660.654.389.210;47.612.901.312.239;33.028.484.167.333.000;12.384.443.180.501.800;4.464.769.819.657.520;19.358.919.188.419.400;2.582.053.036.357.150;12.961.068.563.423.600;6.051.726.262.679.380;18.679.502.057.196.800;Nordic Specialty Plastics Plant;"Odense, Denmark";Specialty Chemicals;207410;797;1.626.303.700.711.180;2.358.715.435.222.380;6.037.860.954.936.400;8.872.327.226.557.960;33.973.601.765.659.100;5.204.929.563.324.980;9.876.051.143.947.840;15.394.426.733.670.700;8.907.746.163.364.600;33.255.202.449.514;41.201.700.951.928.300;9.714.136.633.527.550;0.3560732505348743;0.5465105325893529;0.0027767739569742;9.539.685.490.437.560;8.182.111.495.566.340;9.577.713.756.362.740;7.738.094.770.813.400;99;91;73.262.126.119.651.400;17.004.488.112.635.800
B0-FF002_201401;B0-FF002;01/01/2014;15.109.163.464.518.000;8.307.953.637.117.320;9.141.710.216.510.840;4.459.887.374.083.100;0.9812289791695208;9.399.946.684.151.080;0;0;5.736.363.183.915.120;8.498.964.914.467.510;4.591.015.102.421.410;6.433.570.526.902.950;461.979.853.785.712;31.860.704.417.939.900;11.780.256.157.180.600;4.198.817.874.841.300;1.910.202.680.300.340;2.676.140.241.091.680;12.611.692.488.175.500;5.878.383.808.415.660;17.100.830.100.449.900;Nordic Specialty Plastics Plant;"Odense, Denmark";Specialty Chemicals;220315;827;16.764.736.247.153.900;2.524.477.943.192.610;625.401.665.957.495;9.245.852.334.700.620;341.161.752.580.997;5.320.125.420.742.350;992.694.192.186.599;1.477.879.137.543.770;8.321.521.175.295.750;30.399.369.047.628.000;4.207.642.853.529.920;10.648.503.258.271.600;0.3593961851972845;0.5346487009427545;0.0029091973782909;9.526.794.894.343.270;8.262.232.645.918.700;9.080.494.627.874.190;8.737.350.746.873.990;98;98;7.202.703.603.706.530;17.450.672.562.606.000
B0-FF002_201402;B0-FF002;01/02/2014;14.954.332.564.434.700;8.560.860.786.682.220;9.455.447.707.766.580;4.135.610.617.511.620;0.9293829954098316;9.583.908.338.116.180;0;0;5.545.645.657.923.100;8.263.842.766.788.790;41.935.204.394.751.400;6.459.560.732.958.210;4.835.996.156.707.030;3.300.912.239.445.160;12.461.814.083.283.700;4.004.831.555.472.870;19.984.403.225.540.500;25.530.268.317.848.400;11.875.611.487.042.800;577.961.860.764.493;17.287.946.779.933.300;Nordic Specialty Plastics Plant;"Odense, Denmark";Specialty Chemicals;213044;808;15.306.867.301.278.800;2.420.643.196.740.680;5.923.718.413.989.950;9.513.319.225.517.560;3.607.654.132.159.200;5.180.501.169.980.910;10.400.255.606.870.600;1.568.589.916.458.420;8.914.402.295.836.080;3.210.134.304.753.530;4.002.780.870.958.270;9.671.378.162.837.020;0.3425295278247159;0.5389821208128611;0.0028815844653372;9.212.797.701.612.790;8.195.019.263.807.780;9.151.035.093.063.790;8.068.015.571.455.330;100;97;7.275.434.877.757.160;1.806.961.000.648.050
B0-FF002_201403;B0-FF002;01/03/2014;15.021.764.112.523.500;8.408.912.317.288.440;9.408.370.393.875.780;4.282.616.985.153.950;0.9880074096115858;9.652.453.013.868.440;0;0;56.177.440.696.973.400;8.889.784.284.779.620;4.541.884.679.637.690;6.702.349.508.892.800;4.699.251.001.457.760;32.867.505.867.891.000;1.198.323.767.999.400;4.546.740.077.169.930;20.366.022.406.016.000;2.745.873.409.985.320;12.635.601.498.073.600;6.104.600.166.653.510;17.911.260.977.927.000;Nordic Specialty Plastics Plant;"Odense, Denmark";Specialty Chemicals;210114;794;15.892.991.474.931.800;22.908.261.740.641.400;5.892.162.090.969.440;9.489.913.143.246.130;3.538.668.835.859.150;5.175.984.853.167.700;10.019.825.491.295.200;15.173.552.250.151.700;9.026.187.829.446.270;308.774.643.096.292;3.920.296.457.142.590;9.533.228.821.314.350;0.3487695420179661;0.5481544915285783;0.0029215618129334;9.622.848.905.627.000;8.509.597.451.792.330;9.263.467.123.774.950;8.222.270.731.270.150;96;94;717.522.074.222.442;1.733.503.777.506.960
B0-FF002_201404;B0-FF002;01/04/2014;15.327.571.217.227.300;8.158.387.416.693.790;905.127.496.394.718;4.508.755.752.435.110;0.9478071045499926;9.427.948.621.422.860;0;0;5.904.243.501.599.910;8.686.455.633.872.110;4.229.464.649.065.300;6.676.112.459.003.090;4.814.898.467.485.060;3.179.738.354.879.440;12.872.943.651.693.500;44.194.852.787.473.700;2.075.347.366.324.830;268.409.794.346.922;12.993.270.124.740.900;672.902.616.374.505;1.858.578.601.658.180;Nordic Specialty Plastics Plant;"Odense, Denmark";Specialty Chemicals;211202;802;16.020.732.446.386.400;2.349.785.341.661.290;6.108.259.476.434.170;10.069.609.068.689.200;34.785.445.585.415.700;5.141.077.143.758.880;995.020.348.664.095;14.916.255.543.362.300;9.195.021.878.244.990;30.509.935.895.212.200;42.866.895.121.413.100;10.202.700.731.377.300;0.3574862681398031;0.5365746475839951;0.0028106948160556;9.070.304.354.537.700;7.850.235.384.562.690;9.710.425.836.813.770;7.818.294.708.049.230;97;95;7.631.788.827.417.210;16.572.531.858.038.900
B0-FF002_201405;B0-FF002;01/05/2014;15.318.741.278.464.900;8.480.314.439.497.510;921.899.521.131.346;4.484.447.517.802.140;0.9660721939452231;8.744.868.690.607.700;0;0;558.867.304.356.056;840.086.741.012.618;43.961.015.105.329.800;6.671.160.508.029.190;4.649.675.548.673.650;3.051.773.535.702.600;11.842.245.381.666.300;4.526.187.463.299.850;2.075.342.882.215.000;2.857.301.509.745.370;12.875.267.834.556.200;5.988.227.942.014.280;1.802.362.983.763.790;Nordic Specialty Plastics Plant;"Odense, Denmark";Specialty Chemicals;217661;862;157.893.840.161.622;2.532.042.920.215.260;6.108.213.641.334.990;9.475.669.784.359.410;3.589.803.606.113.900;5.001.909.126.683.710;10.161.793.737.844.800;15.770.312.788.633.900;8.775.905.319.835.060;2.966.092.152.444.150;41.553.203.847.418.600;10.354.842.448.803.300;0.3571241892146775;0.5520781683042786;0.0027043734594252;969.638.955.192.501;87.979.642.211.616;9.339.364.386.886.490;8.055.557.225.818.560;97;105;7.677.303.582.624.490;17.448.998.902.992.900
B0-FF002_201406;B0-FF002;01/06/2014;15.085.779.416.682.000;870.988.935.975.816;8.882.345.259.931.060;4.423.436.355.220.410;0.9329115306907168;9.712.215.840.121.090;0;0;5.576.490.768.970.440;8.810.402.140.882.480;442.657.950.812.239;6.814.060.445.164.440;4.991.539.079.350.710;3.097.853.933.938.430;1.247.497.464.245.410;463.683.038.003.384;19.516.071.738.575.000;2.781.061.936.777.280;1.306.030.666.580.980;6.162.247.173.392.890;1.907.875.413.512.750;Nordic Specialty Plastics Plant;"Odense, Denmark";Specialty Chemicals;197002;864;16.548.740.942.281.300;2.352.039.652.136.810;6.204.964.187.613.890;8.724.082.810.440.440;33.953.890.198.389.900;5.413.567.060.131.970;10.034.951.938.351.100;1.511.052.400.857.870;8.949.569.791.898.160;30.605.280.185.115.000;422.122.794.071.301;101.349.652.758.574;0.3656694537798071;0.5338370955872626;0.0029140509394937;9.499.898.514.921.220;8.397.171.759.630.470;9.452.353.120.914.350;8.212.937.686.443.190;94;97;7.565.392.547.273.550;16.821.373.898.878.200
B0-FF002_201407;B0-FF002;01/07/2014;1.481.716.503.593.400;8.425.816.361.922.440;8.978.908.067.852.040;4.320.187.802.487.860;101.336.145.243.608;9.173.041.619.411.190;0;0;5.588.806.700.641.290;8.513.518.804.425.170;4.491.507.619.100.920;6.210.275.627.335.770;4.624.828.640.981.390;316.279.849.636.417;12.175.941.307.544.400;4.831.583.094.346.070;20.736.073.785.594.400;2.552.302.448.111.000;1.192.817.239.446.930;6.169.702.720.009.640;1.962.104.259.221.980;Nordic Specialty Plastics Plant;"Odense, Denmark";Specialty Chemicals;216879;830;15.919.751.882.141.200;25.131.481.608.576.600;6.199.211.715.347.980;9.783.772.584.690.340;3.303.242.409.099.220;53.146.756.778.095;9.881.763.897.831.420;15.349.245.546.626.800;901.619.252.662.741;3.117.969.347.420.410;4.225.393.415.426.450;10.771.014.315.626.800;0.3827586209020411;0.5537877100976866;0.0028078679712545;9.251.411.723.539.640;8.528.065.734.505.420;9.808.038.437.038.630;7.946.932.288.169.930;100;96;7.170.344.711.677.770;17.096.694.823.907.200
B0-FF002_201408;B0-FF002;01/08/2014;14.678.859.561.232.400;8.194.944.211.351.270;93.112.829.226.807;4.467.656.942.047.370;10.170.636.181.512.600;9.275.664.615.811.080;0;0;5.654.978.449.745.130;8.267.314.684.701.610;4.310.927.672.818.760;6.570.651.277.059.630;4.586.343.247.881.140;3.291.849.808.220.430;12.183.136.625.459.400;4.285.609.365.461.280;1.832.770.099.881.890;28.084.150.160.573.100;11.952.648.312.311.800;6.181.536.787.783.910;18.777.790.014.423.000;Nordic Specialty Plastics Plant;"Odense, Denmark";Specialty Chemicals;204514;818;16.393.308.096.146.000;2.459.029.790.115.460;6.088.833.076.825.210;9.378.617.417.732.840;3.473.157.280.905.610;5.101.687.802.109.040;10.426.901.188.535.700;15.274.601.233.842.900;8.465.097.273.546.900;312.305.004.731.296;40.343.372.542.905.500;10.263.183.163.609.000;0.3621368297230135;0.541046464842511;0.0030125355377324;9.186.025.857.695.430;84.432.975.537.407;9.690.173.427.985.270;8.302.771.946.611.920;96;96;7.280.788.882.460.670;17.132.904.759.989.800
B0-FF002_201409;B0-FF002;01/09/2014;15.651.259.991.042.200;8.327.843.497.597.310;9.752.748.676.273.590;4.447.849.141.356.950;0.8914202810547167;9.737.534.833.212.260;0;0;588.017.258.135.749;8.549.267.134.633.860;4.397.121.966.672.480;649.655.071.626.869;4.970.844.608.351.020;3.247.356.348.287.950;12.466.827.937.139.400;44.589.292.125.563.700;20.534.647.137.467.100;27.036.680.841.493.700;12.607.598.755.551.500;6.136.356.568.876.960;1.917.723.408.137.700;Nordic Specialty Plastics Plant;"Odense, Denmark";Specialty Chemicals;211495;859;1.595.279.738.512.670;2.493.569.921.627.090;6.220.408.057.606.290;9.058.330.286.300.480;34.791.739.634.111.100;4.915.585.284.719.700;9.852.305.307.093.290;14.480.004.976.533.300;9.509.277.978.786.160;29.341.931.013.687.500;4.434.717.279.742.820;105.261.896.372.542;0.3568657462460119;0.5683603975999488;0.0028062530111766;9.221.914.432.579.320;8.459.709.510.911.420;9.794.227.472.473.440;8.621.514.317.008.060;98;95;7.780.714.586.511.510;1.820.147.820.296.230
B0-FF002_201410;B0-FF002;01/10/2014;15.267.002.166.901.000;8.757.363.534.788.160;9.779.633.907.854.240;4.294.689.922.683.750;0.944011105488822;9.335.043.070.643.880;0;0;5.392.301.771.919.140;900.272.694.198.026;4.382.416.217.932.530;6.694.599.226.331.970;444.302.968.720.834;32.030.125.967.079.600;11.983.431.952.053.000;4.745.062.061.736.590;20.890.865.120.444.200;25.074.779.671.986.700;13.039.723.416.394.700;6.408.333.847.616.740;1.880.978.667.354.870;Nordic Specialty Plastics Plant;"Odense, Denmark";Specialty Chemicals;217210;847;16.624.931.514.583.700;2.363.691.792.646.850;6.412.783.797.643.890;93.947.690.199.613;35.083.567.506.020.000;53.575.883.069.591.600;970.538.567.072.161;14.509.532.452.538.000;8.950.437.278.432.410;3.225.503.415.737.900;3.974.157.924.139.450;1.043.397.036.196.860;0.355165270171945;0.5414561923232818;0.0029082625973337;9.860.974.892.846.260;8.250.762.124.081.000;100.0;8.419.001.246.177.730;96;98;7.936.470.753.207.670;18.008.299.409.287.000
B0-FF002_201411;B0-FF002;01/11/2014;14.846.148.790.212.000;845.639.425.344.171;9.225.903.988.334.510;4.458.685.361.579.720;0.9784096764367604;10.051.037.871.143.200;0;0;5.709.654.393.793.740;8.569.641.929.530.580;4.276.221.299.374.910;6.304.638.534.902.220;4.766.481.245.468.490;3.355.516.714.397.770;11.927.401.837.066.000;4.613.624.873.507.310;21.240.864.279.885.900;2.686.404.638.453.570;12.647.741.102.202.600;6.351.391.460.547.150;1.894.361.155.355.340;Nordic Specialty Plastics Plant;"Odense, Denmark";Specialty Chemicals;222803;831;16.564.604.401.629.700;2.499.599.779.520.270;6.135.323.899.135.100;931.602.079.360.797;3.495.967.904.068.560;5.078.869.479.881.070;998.505.427.434.982;15.922.056.164.617.200;9.274.468.071.639.680;30.329.640.013.766.300;4.123.978.075.342.420;10.695.463.629.111.500;0.3682644440368839;0.5696974979291172;0.0029148270749554;9.715.956.109.454.940;8.419.033.606.487.310;9.272.336.964.528.350;849.704.670.150.132;96;92;7.366.442.740.614.890;1.808.339.956.456.490
B0-FF002_201412;B0-FF002;01/12/2014;1.431.041.753.935.460;8.210.209.539.227.630;923.921.896.447.132;4.561.554.111.963.820;10.018.392.031.740.300;9.951.314.732.882.860;0;0;58.240.429.073.017.700;846.096.564.229.499;43.524.865.426.721.800;6.225.270.367.006.560;4.981.990.344.528.770;31.673.460.537.473.300;1.287.386.898.832.970;4.591.861.688.174.740;20.598.577.210.288.600;26.143.266.346.962.600;1.250.274.054.137.990;6.309.807.423.774.650;1.843.362.764.856.700;Nordic Specialty Plastics Plant;"Odense, Denmark";Specialty Chemicals;197979;802;1.570.093.064.211.100;2.373.611.601.896.680;6.332.497.055.581.630;9.454.477.858.747.710;3.518.617.610.790.360;5.599.670.575.850.150;10.472.310.332.268.800;1.562.442.395.947.110;8.601.875.154.872.270;30.960.995.593.604.900;4.168.176.127.382.950;1.027.615.777.802.780;0.3825188493190715;0.5579076690440027;0.0027666412170131;9.376.595.932.251.990;9.051.940.648.574.500;950.796.982.899.944;7.815.011.678.311.490;96;92;7.704.885.256.688.840;16.619.529.557.805.300
B0-FF002_201501;B0-FF002;01/01/2015;1.456.293.976.512.210;8.483.611.059.543.490;951.963.685.453.022;43.733.834.454.646.300;0.9371473148197724;9.586.617.866.736.940;0;0;5.833.375.991.115.580;8.566.286.298.613.610;4.594.667.379.322.600;6.509.439.789.906.960;5.028.573.757.919.720;3.324.735.086.612.300;12.719.868.850.387.200;4.759.644.335.170.380;1.997.400.485.669.710;2.644.625.519.824.600;12.834.849.578.431.200;6.166.448.481.173.230;1.903.765.026.046.170;Nordic Specialty Plastics Plant;"Odense, Denmark";Specialty Chemicals;214654;848;1.567.647.884.320.480;24.904.967.064.677.900;5.973.859.371.893.840;9.642.086.602.040.710;3.607.325.232.252.110;5.343.299.805.019.480;10.222.694.111.900.300;1.517.422.937.082.540;8.854.078.422.073.490;3.093.101.697.881.190;4.382.422.494.455.440;10.490.633.802.615.900;0.349641739838701;0.529171790018034;0.0027520482339166;9.568.416.094.367.610;8.804.713.928.853.550;9.345.488.693.912.150;8.701.230.382.615.100;98;99;7.610.743.672.788.430;17.990.505.854.077.800
B0-FF002_201502;B0-FF002;01/02/2015;150.338.222.927.627;7.898.514.315.439.470;9.061.843.131.216.500;4.271.172.327.857.730;0.9842082527560484;9.609.244.303.200.710;0;0;5.585.256.125.625.970;813.550.933.117.581;45.114.276.050.622.800;6.695.713.239.832.510;487.827.739.981.948;32.220.651.314.804.600;126.207.191.280.501;4.835.914.429.414.350;1.946.520.970.552.750;2.713.353.134.602.080;13.030.851.048.318.200;6.288.321.862.676.410;1.858.314.480.885.960;Nordic Specialty Plastics Plant;"Odense, Denmark";Specialty Chemicals;211783;831;1.654.447.396.653.950;2.491.102.841.059.820;6.612.240.998.320.080;8.950.922.345.111.460;3.695.574.305.220.320;5.262.306.595.217.770;10.113.720.735.587.400;15.690.106.189.366.800;9.259.548.577.219.910;3.205.915.552.188.800;43.124.326.075.794.600;10.419.665.437.073.700;0.3799989916011684;0.5479217813953805;0.002853392393797;963.737.298.600.444;8.359.137.603.357.720;9.671.054.296.271.260;8.580.548.365.296.610;99;96;7.360.661.479.247.600;17.245.439.605.482.700
B0-FF002_201503;B0-FF002;01/03/2015;15.281.494.561.081.600;8.100.742.141.973.660;898.953.928.900.937;4.333.119.825.410.990;10.072.671.710.120.600;9.520.611.780.329.950;0;0;56.207.789.764.266.700;8.615.189.025.111.280;43.435.424.184.638.500;6.939.922.117.296.530;5.004.056.225.868.040;3.320.087.549.691.520;1.205.561.177.331.660;4.526.693.433.496.550;1.942.962.390.160.240;2.724.653.633.419.670;12.434.431.660.061.400;6.123.017.212.489.380;18.239.218.064.331.500;Nordic Specialty Plastics Plant;"Odense, Denmark";Specialty Chemicals;213253;841;16.200.805.284.881.800;2.572.390.650.635.440;6.380.717.880.550.460;9.174.681.994.289.330;3.549.210.763.422.190;5.190.037.289.181.680;10.033.724.967.849.200;155.355.399.648.936;9.220.593.615.274.410;3.047.646.484.808.160;4.009.397.327.237.910;10.472.789.008.743.700;0.3700356619553402;0.5484605761248118;0.0029540386353141;9.888.607.313.851.350;8.337.487.837.569.970;999.363.275.436.194;8.657.722.876.732.100;104;103;7.323.193.948.871.080;18.213.748.185.004.800
B0-FF002_201504;B0-FF002;01/04/2015;15.662.818.166.498.400;8.425.758.172.025.490;937.417.936.318.423;4.151.340.168.437.270;0.9217058444640356;907.826.599.724.491;0;0;5.662.194.466.227.300;919.089.164.949.818;46.401.251.784.518.500;6.170.617.504.789.970;48.238.113.879.984.900;3.173.091.865.961.490;12.718.001.027.571.200;4.590.440.183.968.590;195.096.569.415.982;2.855.841.169.188.100;1.282.843.070.758.160;6.178.462.537.198.460;18.627.114.685.561.800;Nordic Specialty Plastics Plant;"Odense, Denmark";Specialty Chemicals;225513;864;16.246.174.840.960.100;2.389.109.081.199.130;6.080.539.527.698.960;927.117.088.394.406;3.572.856.555.916.070;5.428.634.179.770.170;9.945.601.494.504.610;1.570.306.776.792.830;8.804.741.387.312.220;30.492.223.171.755.400;3.971.523.670.251.010;999.434.213.972.578;0.3556457572579745;0.5594410067950429;0.0028009519280962;10.151.368.963.774.300;827.657.577.714.959;9.731.511.017.646.270;8.708.730.927.426.940;98;97;7.569.745.558.259.300;17.445.298.286.722.400
B0-FF002_201505;B0-FF002;01/05/2015;148.205.935.641.143;8.682.211.331.575.650;9.097.634.116.792.750;4.528.462.748.362.420;10.021.996.184.629.500;9.630.438.081.055.420;0;0;5.850.704.580.030.140;8.955.020.655.091.720;44.715.461.782.120.000;6.405.900.863.271.300;4.902.858.336.167.090;34.622.917.997.966.100;12.490.177.491.297.500;4.538.230.766.744.580;20.775.125.290.394.400;2.726.675.192.597.910;13.155.649.288.402.400;6.541.565.356.488.430;17.718.122.304.485.900;Nordic Specialty Plastics Plant;"Odense, Denmark";Specialty Chemicals;215097;836;1.587.434.100.064.450;23.235.869.725.454.000;5.946.696.784.406.490;9.448.582.483.930.010;3.467.289.657.267.140;5.186.998.729.154.210;10.208.541.717.975.300;15.035.186.819.875.000;9.413.655.712.748.090;30.522.135.579.662.300;4.345.053.092.400.310;10.462.227.298.072.400;0.359032802290473;0.5483932470829471;0.0030219556872024;9.930.052.395.840.080;8.331.269.815.386.690;97.249.121.807.367;779.399.362.738.759;94;96;7.370.598.658.230.150;18.413.217.364.252.800
B0-FF002_201506;B0-FF002;01/06/2015;14.420.039.460.743.200;817.058.655.629.755;9.397.094.097.731.450;4.440.688.233.288.090;0.9697654816149393;10.185.471.639.799.100;0;0;5.714.765.069.162.020;8.618.760.256.096.510;4.445.901.845.264.610;6.678.557.990.127.990;4.973.735.252.856.200;32.518.970.088.011.600;12.771.801.700.375.200;4.739.252.775.962.500;19.751.112.470.188.900;269.646.913.607.547;13.010.673.089.788.600;59.357.440.394.819.800;1.907.977.649.486.620;Nordic Specialty Plastics Plant;"Odense, Denmark";Specialty Chemicals;208334;867;17.421.395.061.483.300;2.416.969.797.121.170;5.999.546.185.866.290;9.380.040.373.659.430;3.500.100.833.221.760;5.427.016.387.123.910;10.264.082.499.085.400;15.236.654.319.174.000;9.098.943.693.611.130;30.092.244.431.531.700;4.266.090.314.123.030;10.993.753.461.261.100;0.353482044243988;0.5346915434786642;0.0028594027555502;938.235.372.527.987;8.209.406.469.683.530;9.294.395.669.095.480;8.349.272.384.655.620;97;99;7.427.880.501.924.100;1.713.974.653.071.010
B0-FF002_201507;B0-FF002;01/07/2015;15.310.034.803.648.900;8.275.532.718.138.810;94.255.495.044.326;4.195.034.169.654.420;0.917549962590845;9.142.798.934.856.990;0;0;5.754.222.888.336.700;8.624.032.158.958.730;4.408.823.879.450.850;6.785.633.496.403.240;5.037.827.024.316.890;3.374.445.530.677.860;12.726.308.574.355.700;46.657.736.690.616;1.963.032.914.983.220;2.739.774.702.771.470;12.492.324.782.070.300;6.081.754.128.252.020;1.792.635.722.522.970;Nordic Specialty Plastics Plant;"Odense, Denmark";Specialty Chemicals;218512;848;16.238.484.391.603.200;2.439.535.511.560.300;5.916.846.056.736.170;9.515.426.336.679.390;3.499.170.430.063.410;5.471.443.621.588.350;102.500.842.081.457;1.571.855.612.850.220;9.083.705.299.649.820;3.134.964.976.162.960;42.841.933.537.397.600;10.437.416.034.720.800;0.3723127021965363;0.5545114483858541;0.0028865546228363;10.217.654.250.952.800;8.711.187.131.439.800;9.556.876.805.249.390;8.515.286.584.811.530;94;97;7.348.610.895.795.780;1.805.285.961.927.170
B0-FF002_201508;B0-FF002;01/08/2015;1.525.008.783.821.580;863.045.982.770.695;95.104.363.930.614;4.360.262.984.796.330;0.9700004832119106;9.608.107.974.446.180;0;0;5.745.026.380.606.800;8.843.988.089.508.800;4.586.390.897.137.800;6.200.772.947.004.500;4.685.379.106.138.710;31.666.844.880.646.400;12.660.359.318.635.900;4.578.412.089.269.930;1.877.124.106.381.550;2.890.928.061.379.050;12.102.915.994.774.200;62.938.180.126.749.600;1.918.306.452.133.830;Nordic Specialty Plastics Plant;"Odense, Denmark";Specialty Chemicals;211485;861;1.591.169.172.349.790;2.487.508.053.022.420;5.858.370.511.325.260;9.787.417.276.213.320;3.537.137.244.595.930;5.079.679.156.385.030;10.410.868.842.296.300;1.616.659.773.600.290;8.844.252.581.374.710;31.021.963.827.484.700;41.085.514.987.011.300;10.268.305.647.241.300;0.3579215903550573;0.5517816798918898;0.0028500245070976;9.659.303.905.479.680;8.447.525.216.606.790;9.948.986.309.810.780;8.588.853.705.463.090;94;97;7.858.654.270.570.520;1.799.104.792.747.410
B0-FF002_201509;B0-FF002;01/09/2015;1.551.032.776.574.590;8.629.838.810.885.810;9.233.164.505.325.590;4.421.395.921.616.980;0.9718238503695136;9.878.096.009.202.110;0;0;5.871.800.862.194.210;8.708.185.276.127.990;45.254.375.252.327.500;6.452.134.273.796.610;4.866.292.515.216.350;32.537.356.424.665.400;12.437.893.685.773.000;4.525.397.407.709.520;20.062.415.632.690.200;28.183.484.583.304.600;13.128.172.687.811.700;5.997.686.623.150.630;18.644.710.026.414.300;Nordic Specialty Plastics Plant;"Odense, Denmark";Specialty Chemicals;212279;806;16.564.194.750.014.600;2.470.763.659.994.150;6.657.182.587.916.220;9.371.634.242.419.330;34.590.135.757.956.000;5.201.709.025.523.250;1.009.233.010.897.790;15.704.560.750.084.400;9.301.092.630.808.030;34.001.944.526.235.600;402.699.161.364.868;10.551.584.570.339.900;0.3604821782175748;0.5693238850134756;0.0030257784106665;1.002.879.328.023.850;8.257.991.391.881.400;9.939.101.748.515.650;7.895.259.861.751.310;91;98;7.722.920.265.953.670;1.804.261.770.579.550
B0-FF002_201510;B0-FF002;01/10/2015;16.254.536.955.659.600;8.607.273.397.894.500;9.287.996.140.237.310;4.585.997.089.339.510;0.9739200251727884;975.536.880.090.673;0;0;5.819.120.404.972.040;9.382.899.227.790.020;46.955.732.558.897.900;6.365.960.142.680.680;5.228.240.652.354.210;3.357.844.881.419.840;12.818.024.448.887.800;4.615.881.957.909.230;2.060.555.074.617.830;27.474.142.931.461.500;12.910.781.616.871.700;6.278.669.445.743.950;1.946.398.968.735.180;Nordic Specialty Plastics Plant;"Odense, Denmark";Specialty Chemicals;222304;843;15.699.511.306.855.000;2.483.693.255.611.890;614.880.572.922.203;9.343.682.736.267.130;3.532.629.861.896.760;5.178.156.463.913.660;974.887.938.791.788;15.585.928.812.178.100;9.127.227.414.478.110;3.128.639.121.369.130;424.756.681.589.275;10.329.035.721.774.000;0.3721736276663187;0.5867384439936454;0.0028866366923029;10.345.938.763.835.100;8.592.002.736.867.560;9.501.903.107.710.980;8.655.407.353.403.970;98;102;7.687.634.921.727.430;17.702.616.077.833.000
B0-FF002_201511;B0-FF002;01/11/2015;16.097.156.244.657.800;8.461.176.175.976.070;8.723.391.849.138.460;4.555.169.589.971.330;0.9965600569479564;10.026.793.451.982.900;0;0;569.723.901.665.594;906.367.036.804.986;4.635.184.820.172.990;6.580.686.225.147.650;4.924.053.333.167.960;3.180.194.445.556.390;12.964.998.315.993.600;47.449.037.737.698.800;21.606.837.382.564.400;2.780.377.074.218.150;13.164.438.246.226.400;640.215.873.490.411;1.853.940.566.708.360;Nordic Specialty Plastics Plant;"Odense, Denmark";Specialty Chemicals;225098;847;16.374.316.199.486.600;2.474.064.133.331.950;6.279.552.484.491.070;9.351.712.549.657.930;35.732.699.664.970.400;5.339.449.509.126.440;10.200.640.370.795.300;15.697.238.572.688.700;9.152.051.109.013.780;30.815.298.490.452.900;40.927.471.079.280.600;10.581.854.207.584.000;0.3606945965484126;0.5509395440227589;0.0028422096533999;9.875.399.843.047.580;8.897.433.024.947.050;9.865.308.568.902.370;8.675.644.628.410.050;98;99;79.799.972.727.374.600;18.345.836.439.732
B0-FF002_201512;B0-FF002;01/12/2015;1.584.721.127.089.650;853.241.920.944.498;9.339.691.272.164.770;4.497.549.677.143.700;0.9694748916390544;8.981.675.036.422.830;0;0;5.776.190.253.986.460;8.669.884.752.737.710;45.069.303.632.632.500;6.148.360.876.193.490;4.848.733.407.901.380;3.187.716.361.045.610;12.422.259.904.473.900;4.478.663.887.090.360;1.946.458.258.649.790;2.662.387.785.299.150;13.181.017.038.295.400;6.222.955.805.789.970;183.286.691.612.006;Nordic Specialty Plastics Plant;"Odense, Denmark";Specialty Chemicals;222150;852;15.320.900.613.278.700;2.561.502.814.198.770;6.313.478.705.084.960;972.165.085.045.187;3.530.759.860.520.980;5.619.770.602.129.760;10.151.707.051.638.400;14.264.416.679.751.300;8.898.755.202.264.340;3.184.800.963.523.120;4.213.940.795.301.620;10.525.056.416.192.000;0.3584879167970218;0.5658281536588037;0.0029148801793558;9.805.413.139.968.840;8.739.317.055.754.080;9.828.947.614.771.750;8.397.323.654.390.600;96;103;8.065.007.257.595.450;1.886.100.789.346.390
B0-FF002_201601;B0-FF002;01/01/2016;15.756.808.283.536.600;817.857.580.462.392;8.848.513.340.324.090;4.375.816.532.170.040;0.9870460141972504;9.651.253.281.708;0;0;6.052.261.614.928.350;9.237.840.378.380.830;43.784.630.501.439.300;6.188.815.841.104.940;4.890.600.152.344.780;342.718.628.851.108;12.692.143.815.285.900;46.829.871.784.891.700;2.000.037.528.196.820;2.760.563.912.420.440;1.331.855.038.546.730;6.405.716.162.337.140;19.310.200.249.047.200;Nordic Specialty Plastics Plant;"Odense, Denmark";Specialty Chemicals;206654;905;1.569.288.310.443.150;2.502.001.161.795.320;6.279.244.843.765.760;9.483.384.943.998.270;365.208.863.812.644;5.254.350.475.907.510;10.148.692.318.575.200;14.975.082.786.655.300;9.462.265.538.032.890;31.665.265.021.740.300;4.279.428.860.333.220;10.834.710.428.678.800;0.3919779003584512;0.5970847560371706;0.0029480710703115;9.871.466.702.926.140;847.384.202.860.276;100.0;865.163.772.918.682;97;101;7.852.524.544.365.360;17.341.653.627.649.600
B0-FF002_201602;B0-FF002;01/02/2016;15.540.400.652.183.800;8.605.040.340.609.060;9.362.954.727.234.160;4.327.247.216.894.300;0.9356581704733468;9.471.510.216.967.270;0;0;5.845.109.563.343.870;8.932.709.815.762.340;43.722.286.705.369.800;6.342.615.377.886.070;4.819.077.083.947.330;3.308.566.448.055.110;12.592.354.598.494.600;4.695.894.742.438.980;20.886.836.293.060.400;2.669.426.626.800.070;1.259.374.506.613.750;6.361.096.123.780.310;18.959.335.879.472.800;Nordic Specialty Plastics Plant;"Odense, Denmark";Specialty Chemicals;222635;852;1.739.454.989.314.800;2.374.639.977.385.850;6.474.764.916.409.220;9.582.710.699.010.640;34.136.513.745.947.100;5.041.570.312.360.570;9.947.514.062.039.570;1.609.110.288.949.000;9.466.648.055.191.480;31.332.230.373.070.100;4.158.692.095.899.960;10.318.245.603.497.200;0.3682591647931363;0.5588618371872337;0.0030733777383671;9.472.220.599.062.810;8.723.550.301.421.150;100.0;8.679.583.893.751.210;96;94;7.694.272.135.506.260;18.049.000.280.386.400
B0-FF002_201603;B0-FF002;01/03/2016;16.043.605.914.603.000;8.774.807.171.821.090;923.974.073.310.148;4.386.143.657.840.150;0.952295724728616;9.740.849.529.053.870;0;0;589.052.149.060.451;9.008.913.061.598.750;43.879.354.269.043.800;6.541.648.584.429.860;4.858.604.681.353.350;3.320.594.095.488.830;1.293.799.425.206.300;45.865.500.618.561.000;2.002.809.236.781.790;2.811.552.923.602.410;12.543.884.880.506.300;6.201.163.399.243.810;19.033.085.898.860.200;Nordic Specialty Plastics Plant;"Odense, Denmark";Specialty Chemicals;223935;828;17.440.609.880.739.400;2.395.360.373.343.430;6.617.520.893.724.340;9.880.835.972.991.020;3.414.997.361.778.570;5.118.195.947.432.210;1.053.038.936.591.560;1.537.115.861.659.650;8.899.680.906.343.250;3.320.442.325.234.120;4.058.840.645.583.490;10.372.168.014.814.300;0.3640339852398858;0.5199599190507805;0.0029350719212143;9.580.035.522.486.340;8.842.683.591.454.020;100.0;8.552.065.904.393.520;100;100;7.480.391.505.688.530;176.583.898.811.199
B0-FF002_201604;B0-FF002;01/04/2016;16.105.746.075.561.900;8.834.146.747.946.770;9.445.809.379.780.770;4.546.030.672.902.200;0.9905460181961554;9.769.152.884.660.750;0;0;5.952.952.232.614.150;9.093.800.374.539.270;4.467.655.699.170.230;6.824.939.426.004.360;4.594.710.857.983.050;33.495.934.008.539.900;12.767.160.884.060.000;4.620.811.055.823.900;2.035.529.286.746.410;2.807.002.045.907.990;12.295.805.084.567.600;654.185.078.231.051;18.818.885.866.680.700;Nordic Specialty Plastics Plant;"Odense, Denmark";Specialty Chemicals;224971;870;1.635.817.054.666.840;24.936.725.056.340.000;6.327.376.887.303.250;1.000.961.767.170.920;345.028.461.672.689;5.317.589.283.553.270;9.830.717.653.946.670;1.562.436.700.338.070;9.016.433.506.017.120;3.105.685.781.287.560;4.402.579.741.895.080;10.354.342.886.946.900;0.3694858425521951;0.5605177101906633;0.0028958841400034;10.681.652.823.364.800;8.193.607.457.195.420;100.0;9.122.819.300.878.930;102;99;7.381.272.448.035.610;18.717.640.345.780.800
B0-FF002_201605;B0-FF002;01/05/2016;15.946.182.536.034.800;8.257.072.751.551;9.309.104.997.562.580;4.309.402.290.097.630;0.9083598238718272;9.368.555.348.236.360;0;0;574.629.771.773.278;9.248.929.087.612.180;4.721.937.633.519.120;6.562.783.721.518.340;4.890.889.880.002.620;33.567.157.528.353.100;1.276.087.362.640.520;4.470.167.351.848.780;20.188.222.630.631.700;28.173.498.767.382.900;1.352.949.242.751.660;6.542.185.670.607.150;19.268.369.556.492.300;Nordic Specialty Plastics Plant;"Odense, Denmark";Specialty Chemicals;228148;865;16.548.974.713.086.100;26.137.472.733.726;647.611.753.311.591;993.476.676.545.431;3.449.505.650.446.130;5.255.854.878.889.470;10.080.001.831.062.400;1.567.081.467.065.640;9.703.210.286.867.010;30.492.289.996.207.500;4.334.699.403.250.590;10.246.268.825.519.800;0.3953372575415113;0.541785336413179;0.0029994911658366;1.013.464.196.979.660;8.815.191.493.281.140;9.577.726.365.691.530;8.244.316.045.815.800;103;102;7.897.718.344.474.340;18.660.359.820.456.500
B0-FF002_201606;B0-FF002;01/06/2016;14.813.632.332.618.600;825.787.653.173.167;9.221.532.725.955.630;441.230.747.021.873;0.97733248206191;9.820.441.665.773.630;0;0;5.667.688.369.686.810;9.110.656.875.784.580;4.547.361.185.502.390;6.616.943.400.707.500;4.885.128.697.370.960;33.566.129.695.286.800;12.394.696.129.368.800;47.775.643.611.735.900;2.037.391.210.935.650;27.022.064.262.624.500;1.323.981.878.434.060;622.072.448.833.834;18.687.500.137.777.400;Nordic Specialty Plastics Plant;"Odense, Denmark";Specialty Chemicals;210975;812;16.879.913.128.560.800;2.593.450.086.876.550;6.261.201.306.422.910;9.343.835.368.242.490;3.386.663.859.545.430;5.049.579.898.333.640;10.571.774.034.072.100;14.680.998.646.187.400;889.500.172.948.084;3.187.893.186.021.620;4.236.679.936.506.460;10.746.608.044.058.500;0.3722613145657614;0.5636467637541862;0.0028376696450569;9.698.022.988.902.090;8.589.810.729.002.530;9.290.265.544.288.440;8.323.586.411.505.160;98;97;7.590.610.721.510.370;18.419.539.542.333.700
B0-FF002_201607;B0-FF002;01/07/2016;15.917.674.917.443.200;9.069.035.132.925.870;899.646.299.475.882;4.425.689.259.460.730;10.327.413.659.001.800;9.240.716.662.925.740;0;0;6.173.739.262.076.840;8.644.428.829.929.230;4.741.134.198.135.640;6.598.345.095.798.390;4.770.533.129.527.420;36.062.742.321.548.200;12.874.100.699.868.200;47.343.133.168.603.700;20.746.638.508.089.400;280.700.429.280.264;13.890.806.149.725.300;6.716.328.209.138.230;18.589.849.126.591.100;Nordic Specialty Plastics Plant;"Odense, Denmark";Specialty Chemicals;232404;839;1.679.499.364.612.470;2.399.674.580.584.850;6.552.481.713.061.570;9.496.621.477.310.160;34.621.573.831.894.200;5.601.304.785.265.390;10.805.343.722.559.300;163.135.433.960.325;8.801.148.496.812.490;3.314.332.899.874.670;4.192.399.045.005.100;11.311.941.047.365.200;0.3796313654356812;0.5747539957359387;0.0029423487075466;989.428.023.165.523;849.881.751.856.437;9.545.020.367.176.200;8.442.375.209.245.250;103;95;7.987.766.934.257.010;1.815.740.412.626.990
B0-FF002_201608;B0-FF002;01/08/2016;15.932.679.930.957.500;8.903.516.474.229.830;969.711.994.236.542;4.490.823.902.474.460;0.998856679643206;1.002.536.009.566.570;0;0;5.742.984.768.572.060;8.992.834.862.071.390;48.624.465.733.173.600;6.621.554.851.423.410;52.433.779.033.090.800;338.245.966.490.974;12.640.848.500.097.600;4.848.564.486.467.590;2.029.550.216.264.390;27.933.620.848.601.500;12.540.736.406.172.700;6.093.781.457.150.250;19.466.021.851.399.500;Nordic Specialty Plastics Plant;"Odense, Denmark";Specialty Chemicals;226669;908;16.250.356.734.848.300;26.223.382.550.210.600;661.361.778.776.318;945.544.557.695.343;3.739.753.520.212.840;5.568.545.077.093.410;1.072.721.827.017.780;16.660.945.678.377.000;9.538.816.546.010.870;29.656.967.527.072.800;4.276.758.746.519.330;10.167.785.331.148.500;0.3748007368305264;0.5727624140202997;0.0028936601923334;960.505.157.551.721;8.548.201.203.640.730;9.773.311.962.413.420;8.512.024.693.851.560;100;101;7.616.324.096.942.130;1.879.691.005.744.170
B0-FF002_201609;B0-FF002;01/09/2016;1.556.905.040.502.150;8.938.340.530.522.440;9.359.735.750.412.770;4.863.203.101.302.060;10.125.193.765.930.000;10.255.109.434.872.800;0;0;5.787.260.223.920.960;9.589.066.572.604.970;4.573.808.728.325.900;6.456.662.969.904.460;5.145.958.759.775.080;3.340.947.527.173.640;12.747.049.063.759.600;4.607.131.548.474.600;20.769.889.716.648.900;2.864.386.131.843.280;13.389.900.261.603.800;629.864.579.464.987;1.860.354.963.134.100;Nordic Specialty Plastics Plant;"Odense, Denmark";Specialty Chemicals;193188;834;1.648.915.631.804.690;2.510.676.463.674.160;6.318.814.751.859.850;10.416.089.032.116.000;36.476.688.129.962.600;5.220.530.804.870.350;10.588.865.298.709.100;15.847.044.909.804.600;8.954.114.063.788.250;3.200.243.887.448.290;4.308.451.776.782.940;11.010.786.916.510.500;0.3536663311804366;0.5829817957203551;0.0030735995154742;10.484.748.926.054.400;8.377.230.089.494.210;9.842.085.693.981.000;854.374.867.284.244;102;99;7.532.698.223.889.000;1.824.242.375.434.500
B0-FF002_201610;B0-FF002;01/10/2016;15.448.141.883.949.800;8.854.718.621.874.360;9.227.971.316.308.800;4.360.913.815.104.350;1.039.207.181.126.410;10.454.865.635.701.400;0;0;6.023.374.325.219.520;875.378.232.259.909;4.679.128.417.056.310;6.512.277.225.317.330;5.145.700.086.687.230;3.451.720.777.749.580;13.646.918.171.820.700;46.665.183.107.410.000;2.146.581.727.648.530;2.821.544.053.360.320;13.126.393.769.968.600;646.311.052.596.423;20.173.085.616.597.100;Nordic Specialty Plastics Plant;"Odense, Denmark";Specialty Chemicals;219075;858;15.661.224.854.098.100;2.507.124.248.066.360;6.429.014.981.663.160;9.400.558.493.670.130;34.902.917.489.762.600;5.127.041.899.001.850;10.215.072.366.724.900;16.351.036.331.950.000;8.845.206.726.680.240;3.251.861.098.344.760;4.358.248.522.716.390;11.482.682.697.624.700;0.3856781932677837;0.5889656127180413;0.0029850765771216;9.935.307.869.719.670;8.930.479.565.349.990;100.0;8.610.715.007.646.760;104;109;7.723.787.627.737.710;1.820.058.862.242.810
B0-FF002_201611;B0-FF002;01/11/2016;1.558.219.849.434.200;8.753.562.741.918.440;9.816.779.466.945.190;4.516.197.452.201.500;10.066.661.556.146.300;97.262.509.748.636;0;0;5.630.721.029.993.990;906.899.180.097.494;4.888.560.447.640.330;657.880.532.729.346;4.809.802.733.403.920;3.535.427.081.534.570;12.880.241.051.580.800;48.379.444.742.037.800;2.007.144.137.516.110;2.783.554.584.396.390;13.663.866.561.455.300;6.431.438.470.011.700;1.930.148.198.451.620;Nordic Specialty Plastics Plant;"Odense, Denmark";Specialty Chemicals;210382;881;16.322.338.349.991.000;2.606.029.529.768.160;6.425.059.644.467.710;9.716.561.040.417.520;36.870.635.159.811.400;5.496.403.964.818.250;10.946.932.005.032.600;16.436.588.065.190.000;8.929.675.214.074.740;3.164.291.945.658.450;4.358.156.781.115.680;10.405.985.812.232.100;0.356871158567867;0.5601998808449461;0.0029459313287954;8.734.336.976.136.520;8.427.235.156.472.160;9.381.008.300.935.960;8.872.514.941.765.960;103;101;7.740.051.139.364.120;184.660.043.217.628
B0-FF002_201612;B0-FF002;01/12/2016;15.176.046.703.832.000;9.057.413.495.252.940;9.507.428.405.876.640;4.634.125.872.695.230;10.285.674.935.429.400;9.968.919.129.874.380;0;0;5.841.887.797.833.920;9.089.633.863.233.400;4.648.801.164.199.010;6.547.613.861.660.920;5.061.921.741.270.090;3.375.572.347.350.910;13.345.892.400.629.900;4.454.584.086.034.710;2.056.776.838.011.130;2.725.571.639.758.670;1.292.516.272.655.410;6.521.897.050.999.640;1.841.355.710.137.690;Nordic Specialty Plastics Plant;"Odense, Denmark";Specialty Chemicals;221368;863;162.098.289.011.989;25.364.087.149.674.300;6.248.058.463.233.270;1.028.005.068.220.650;3.738.080.453.564.610;5.452.881.559.315.070;10.288.050.038.930.400;15.958.773.011.599.800;9.493.179.232.999.430;3.208.810.686.349.130;41.270.574.050.606.200;10.654.569.806.054.500;0.3758260090795807;0.5789777111764962;0.0029876062814593;101.778.912.848.074;908.067.656.651.719;100.0;8.740.092.254.631.130;96;104;7.916.184.475.310.240;18.051.803.319.491.800
B0-FF002_201701;B0-FF002;01/01/2017;15.677.802.397.811.200;8.757.229.881.294.260;9.367.938.251.996.760;4.278.718.838.650.380;0.969836492150262;9.556.599.357.870.840;0;0;6.060.765.510.379.850;9.101.600.275.534.800;449.114.628.553.081;651.550.237.688.025;5.160.636.670.172.880;34.726.210.198.334.500;1.292.134.507.007.110;4.882.424.566.059.100;20.098.034.443.727.700;28.086.134.098.116.500;1.256.375.452.776.700;6.351.878.289.176.900;19.282.434.746.227.000;Nordic Specialty Plastics Plant;"Odense, Denmark";Specialty Chemicals;209599;878;17.139.760.538.696.900;26.042.086.963.878.600;6.850.315.459.097.920;97.768.237.675.998;36.054.689.770.868.700;5.186.715.219.105.690;1.055.857.291.437.890;16.004.535.428.825.500;8.912.969.231.563.750;3.165.442.194.383.710;4.263.346.558.026.950;10.905.697.152.696.100;0.3850524480707322;0.5654341255420298;0.0029813201682357;10.143.401.941.986.800;8.692.371.779.876.190;980.853.199.319.268;8.782.369.785.207.170;100;97;8.054.537.099.922.040;1.762.018.956.918.640
B0-FF002_201702;B0-FF002;01/02/2017;15.638.587.194.417.600;8.835.231.364.773.540;963.406.361.162.785;4.544.064.541.593.880;0.9160029715633036;9.628.521.424.583.780;0;0;5.957.393.501.005.810;9.257.084.495.785.930;4.701.976.692.771.530;6.515.347.289.222.940;4.902.707.639.167.400;35.198.658.790.574.600;12.840.765.765.947.900;47.084.795.649.622.900;20.910.977.153.344.800;2.896.677.019.355.300;1.280.545.100.664.450;6.334.250.545.582.540;18.361.646.662.358.600;Nordic Specialty Plastics Plant;"Odense, Denmark";Specialty Chemicals;219064;879;1.659.481.423.643.590;2.664.245.099.292.150;64.322.022.354.319;963.829.845.909.274;3.578.638.603.096.530;5.232.723.293.072.740;10.420.354.377.353.900;15.929.124.968.022.700;926.938.057.954.136;3.214.453.820.756.000;4.181.297.447.882.310;10.346.975.166.133.100;0.3746723386168236;0.5791980207570705;0.0029520401933531;10.044.962.569.333.400;8.954.647.469.894.210;100.0;8.830.544.222.635.410;103;102;7.828.176.713.655.910;1.929.906.821.460.240
B0-FF002_201703;B0-FF002;01/03/2017;1.607.141.430.457.310;8.539.340.077.435.610;8.984.062.970.814.270;4.493.852.951.949.860;10.247.643.825.331.300;10.131.180.456.291.400;0;0;6.074.494.312.803.760;9.157.075.629.042.370;46.950.859.405.210.200;664.261.993.426.333;4.920.467.269.369.680;34.389.208.746.996.100;13.152.170.181.632.500;46.813.842.597.329.100;2.219.381.941.667.490;2.669.771.930.270.100;13.085.671.564.945.100;6.288.848.730.110.540;1.953.609.093.508.480;Nordic Specialty Plastics Plant;"Odense, Denmark";Specialty Chemicals;208361;898;17.305.427.547.634.900;2.554.065.697.670.190;6.357.967.178.884.390;9.887.822.691.619.220;36.569.909.331.661;56.179.583.181.692;104.230.467.106.817;1.569.309.680.566.920;9.614.865.761.660.220;3.256.993.259.879.790;4.250.080.916.919.000;10.880.266.193.216.800;0.3784172335184371;0.5841698933079497;0.0030838270912515;9.891.322.146.419.250;8.592.070.407.481.490;100.0;8.480.913.757.109.100;98;104;7.688.057.119.198.950;17.235.221.767.688.500
B0-FF002_201704;B0-FF002;01/04/2017;1.612.117.938.402.860;865.690.751.880.687;969.273.158.068.398;4.679.452.180.065.900;10.128.729.177.811.400;9.257.838.118.204.760;0;0;5.871.681.857.444.430;9.328.034.245.015.830;4.683.507.810.320.060;7.201.651.207.600.960;4.771.919.099.304.180;3.376.097.394.609.440;12.768.830.051.531.000;4.766.891.699.980.780;21.731.403.216.138.200;2.952.302.135.208.530;132.151.272.317.416;661.230.645.700.361;1.946.218.649.180.290;Nordic Specialty Plastics Plant;"Odense, Denmark";Specialty Chemicals;214424;867;16.564.418.327.042.200;2.532.068.417.457.830;6.261.317.074.453.510;9.736.770.250.506.260;36.589.603.003.738.000;5.584.188.387.534.780;10.571.652.561.947.300;1.657.304.150.482.320;9.938.413.272.294.950;31.613.096.021.969.800;4.402.102.380.007.420;11.458.211.179.498.500;0.3880513486321703;0.5892131640482449;0.0028117655525688;984.091.735.277.789;866.376.236.099.965;100.0;8.441.054.564.719.630;100;103;7.583.684.296.609.620;18.433.873.551.754.500
B0-FF002_201705;B0-FF002;01/05/2017;1.581.097.817.151.040;9.014.049.078.135.910;9.727.768.915.102.290;4.623.078.330.722.680;10.144.483.829.131.700;9.375.634.844.377.910;0;0;6.024.329.712.869.260;89.004.877.117.145;4.654.435.135.500.900;6.700.235.862.866.630;4.894.620.892.978.320;32.514.442.918.597.900;13.106.315.289.880.700;48.826.441.543.034.800;20.284.136.809.731.900;27.849.668.826.420.400;13.538.447.433.863.900;6.633.014.123.594.170;1.949.520.556.146.490;Nordic Specialty Plastics Plant;"Odense, Denmark";Specialty Chemicals;224599;881;17.199.063.431.209.500;2.458.307.072.427.000;680.345.565.425.751;978.327.618.019.354;3.709.629.736.048.450;5.350.201.995.636.070;10.428.606.856.362.700;15.996.527.144.394.100;8.831.130.762.654.830;31.174.403.510.760.200;4.189.657.144.845.640;10.374.049.085.482.900;0.3784527699227751;0.5762223981242063;0.0031051592170729;9.683.821.146.247.630;8.844.794.320.623.730;971.933.072.482.671;8.195.644.803.385.290;103;103;7.902.625.835.774.850;17.580.286.117.683.800
B0-FF002_201706;B0-FF002;01/06/2017;15.799.468.252.511.300;8.951.257.170.556.400;9.823.690.731.481.960;4.628.861.159.415.740;10.388.380.648.455.900;1.020.054.268.332.190;0;0;6.072.924.361.779.030;913.151.359.919.223;48.216.974.681.456.600;6.869.295.338.306.830;491.263.255.230.194;3.239.965.512.294.680;12.980.950.510.410.300;45.770.086.252.702.100;2.074.853.463.729.170;28.060.811.433.673.300;13.742.006.654.860.300;6.559.381.369.178.930;19.953.135.097.835.100;Nordic Specialty Plastics Plant;"Odense, Denmark";Specialty Chemicals;218851;908;1.731.243.715.185.930;257.565.947.877.441;6.092.188.755.424.100;10.058.919.614.912.500;3.827.941.192.870.770;5.483.879.188.010.640;10.509.902.242.645.300;15.591.477.701.721.300;8.890.340.139.152.050;31.538.772.114.414.000;4.501.547.881.802.670;1.115.067.022.447.410;0.3689570487184855;0.568178303611057;0.0031725826676851;9.725.903.486.044.530;860.493.106.348.006;9.866.287.196.037.360;8.298.862.607.902.640;99;99;7.572.681.208.201.930;19.055.594.167.518.500
B0-FF002_201707;B0-FF002;01/07/2017;15.226.824.399.866.100;8.766.906.935.784.940;9.310.931.875.701.590;452.011.478.483.759;0.9828332486758092;9.918.630.344.787.280;0;0;5.799.051.222.493.600;9.475.490.203.516.960;4.547.145.983.519.710;6.653.997.155.690.720;5.279.192.808.194.660;3.670.224.132.716.070;1.364.623.318.584.320;47.190.678.537.619.900;2.104.224.741.415.910;28.676.769.908.437.200;13.379.193.203.414.600;6.273.755.953.306.560;19.544.662.668.041.600;Nordic Specialty Plastics Plant;"Odense, Denmark";Specialty Chemicals;219009;844;16.723.298.634.863.400;25.702.380.691.630.700;6.642.884.745.975.870;9.653.113.512.429.650;3.630.432.911.416.080;5.621.086.114.930.990;10.535.061.020.888.200;16.037.773.128.652.500;9.381.235.854.568.340;32.314.203.056.431.000;4.154.329.495.721.100;10.853.898.187.774.400;0.3943730454498487;0.581851466500561;0.0029105721942212;10.490.158.099.377.700;8.994.931.304.739.660;100.0;8.854.302.259.079.200;98;103;811.655.799.757.444;18.083.554.464.261.000
B0-FF002_201708;B0-FF002;01/08/2017;1.488.432.641.649.160;8.911.797.410.900.370;9.583.578.362.500.880;4.342.860.704.558.310;10.304.495.109.790.900;10.065.781.741.824.900;0;0;6.043.667.424.052.970;8.534.810.190.260.120;47.802.536.283.771.300;6.869.009.637.885.110;5.232.956.428.241.180;3.317.043.522.921.660;13.330.201.548.251.300;4.722.953.503.015.160;2.040.104.519.923.450;27.405.395.082.393.300;1.250.114.136.322.530;6.582.255.080.657.220;19.272.549.704.504.500;Nordic Specialty Plastics Plant;"Odense, Denmark";Specialty Chemicals;204419;872;1.748.863.397.759.510;2.449.298.530.004.440;6.318.962.431.842.860;9.867.889.810.453.920;3.363.754.280.191.450;5.407.413.377.837.710;10.634.963.571.757.700;15.608.349.186.958.900;9.005.847.295.369.570;3.095.197.877.820.040;4.090.645.710.205.900;10.621.763.809.842.200;0.390637041999015;0.6206919176288938;0.0029921219708408;10.289.233.656.631.600;8.566.316.885.710.330;9.390.764.653.136.820;9.154.164.200.288.040;99;103;7.839.436.697.565.600;1.891.835.442.876.620
B0-FF002_201709;B0-FF002;01/09/2017;16.270.367.336.436.600;889.938.221.758.543;9.697.338.717.214.510;4.725.728.411.571.990;1.000.846.232.809.820;1.038.317.272.062.630;0;0;6.029.373.331.986.160;8.616.172.295.191.080;48.649.667.058.873.500;6.814.097.922.416.400;5.523.688.058.602.380;35.956.819.932.484.200;1.301.665.305.024.330;5.017.628.675.086.720;213.007.029.827.936;28.365.060.655.003.500;12.613.433.363.840.400;62.081.691.316.673.100;19.457.920.203.903.200;Nordic Specialty Plastics Plant;"Odense, Denmark";Specialty Chemicals;219613;877;17.618.820.362.492.700;2.618.586.120.242.620;6.329.815.441.159.580;10.021.491.345.989.800;3.547.851.676.547.460;5.313.543.064.128.670;1.065.897.958.810.740;15.506.516.333.663.600;9.201.492.472.988.700;33.157.211.209.586.800;4.388.677.358.118.900;1.071.964.512.234.130;0.3606131106124359;0.5675280850213221;0.0031668654906616;10.361.656.041.641.800;9.202.779.180.781.660;100.0;8.591.534.549.378.100;104;105;769.940.983.861.948;17.999.051.858.405.500
B0-FF002_201710;B0-FF002;01/10/2017;15.114.086.241.904.500;8.640.819.477.772.200;979.007.083.017.267;448.372.911.114.175;10.428.901.188.173.500;10.518.423.768.818.600;0;0;6.022.380.504.978.610;8.913.622.786.986.110;4.586.167.200.735.470;6.601.740.155.266.480;4.859.139.724.229.990;34.800.057.754.278.100;12.842.522.993.656.400;4.927.283.297.331.290;2.112.814.574.782.470;28.184.715.007.484.200;13.613.177.226.303.900;6.309.227.905.766.680;19.022.969.584.567.300;Nordic Specialty Plastics Plant;"Odense, Denmark";Specialty Chemicals;227975;815;16.950.111.307.704.500;26.007.278.382.560.900;6.727.263.366.272.300;10.206.624.875.065.500;36.380.398.772.003.800;5.636.067.808.561.160;10.296.528.839.991.500;1.570.249.543.409.830;9.778.967.673.830.510;3.219.766.027.227.080;43.296.404.439.848.700;1.051.733.611.859.660;0.3843674966360859;0.5941763313672043;0.0030611401628338;9.715.526.857.201.030;9.101.656.353.941.040;9.743.123.286.700.850;8.686.642.662.677.100;97;101;75.858.525.081.501.800;1.816.696.557.204.720
B0-FF002_201711;B0-FF002;01/11/2017;1.588.456.728.741.890;9.066.861.685.851.450;9.837.696.364.499.050;4.250.427.011.093.430;10.364.338.760.473.200;10.005.863.512.501.400;0;0;592.094.929.124.542;9.143.747.415.483.770;4.735.754.890.983.560;6.694.652.739.225.130;4.656.662.151.922.390;3.342.238.526.264.980;125.890.550.608.981;50.684.428.841.519.100;20.860.205.072.517.800;28.866.064.046.854.800;13.560.042.070.174.500;6.561.409.007.363.130;19.259.139.575.484.700;Nordic Specialty Plastics Plant;"Odense, Denmark";Specialty Chemicals;219822;821;17.035.612.967.771.100;2.581.616.040.797.950;6.471.272.486.530.330;981.667.435.672.737;3.524.402.583.384.110;546.680.400.283.008;1.035.799.037.482.420;16.251.422.899.188.100;9.416.518.352.291.990;3.165.587.646.889.340;4.293.527.597.188.990;10.528.020.297.538.900;0.3762752393172578;0.5919068690374568;0.0028798904776719;10.075.630.528.175.100;8.648.253.506.647.940;9.654.345.196.276.500;9.191.155.026.728.950;105;100;7.762.754.312.506.680;17.318.747.552.370.300
B0-FF002_201712;B0-FF002;01/12/2017;15.116.857.068.855.100;8.558.263.907.841.130;9.611.079.995.940.220;45.607.272.188.432;10.271.158.614.601.500;10.159.076.081.240.600;0;0;5.996.984.928.949.500;9.265.233.300.014.450;4.628.251.223.107.830;636.918.257.548.958;5.223.479.395.560.690;34.057.630.560.662.900;11.981.290.831.002.500;5.076.743.490.942.300;2.054.895.605.384.220;3.034.117.884.262.040;13.473.460.104.639.000;6.469.192.620.530.330;1.963.385.321.852.190;Nordic Specialty Plastics Plant;"Odense, Denmark";Specialty Chemicals;218978;876;1.800.825.816.498.830;24.926.027.974.326.500;6.592.249.535.921.970;9.575.151.517.117.100;3.642.721.012.429.160;584.959.907.548.464;10.743.796.398.572.400;16.309.732.751.290.100;9.436.370.838.711.430;3.492.761.575.211.030;4.196.402.376.984.620;10.364.577.063.187.700;0.3997220244060921;0.5757755262622253;0.0030403910316949;10.626.774.123.032.000;8.970.583.963.216.840;100.0;8.750.244.708.363.080;100;95;7.911.014.155.812.130;1.722.113.425.453.710
B0-FF002_201801;B0-FF002;01/01/2018;1.604.931.700.026.600;9.257.082.232.006.210;962.749.357.233.368;4.608.151.827.826.660;10.461.972.255.315.100;1.016.866.475.002.760;0;0;554.485.590.728.736;9.424.102.572.504.290;4.660.396.372.310.560;6.572.892.992.329.000;510.130.222.362.446;3.419.909.020.114.020;12.790.028.053.938.900;4.601.093.730.596.220;2.116.697.140.167.800;27.584.987.646.718.700;13.384.540.513.665.300;6.589.658.629.331.570;20.117.784.621.775.400;Nordic Specialty Plastics Plant;"Odense, Denmark";Specialty Chemicals;238251;882;16.787.393.940.059.800;269.236.872.975.608;6.700.547.008.935.600;984.781.544.799.876;3.691.621.871.876.830;55.332.959.347.721;10.641.089.087.810.000;15.923.371.618.233.400;9.152.046.060.793.070;3.236.225.738.266.120;4.552.680.846.542.810;1.062.658.262.928.650;0.3778379477095953;0.5675447168694249;0.0031114676614927;10.370.490.841.654.300;8.528.642.448.130.970;9.470.033.464.839.140;8.951.792.981.533.270;98;104;7.699.554.011.846.140;1.886.734.624.183.250
B0-FF002_201802;B0-FF002;01/02/2018;16.125.767.997.760.700;873.657.728.325.185;9.389.761.973.863.250;4.666.806.662.630.170;0.9982762638321954;10.312.540.228.121.500;0;0;5.883.941.406.386.770;9.115.518.009.531.920;4.600.933.928.099.640;67.227.913.226.619.300;4.667.906.465.604.600;3.321.950.356.482.880;12.869.104.902.938.800;4.781.121.411.135.550;21.709.679.864.373.100;27.747.705.884.443.000;13.921.410.451.717.200;6.355.921.415.105.300;1.892.289.810.782.210;Nordic Specialty Plastics Plant;"Odense, Denmark";Specialty Chemicals;211603;893;1.706.888.656.537.910;2.610.045.860.293.770;6.529.825.250.067.040;9.807.463.449.587.960;3.701.364.735.238.150;5.892.973.100.028.230;1.045.161.856.642.310;16.977.050.857.779.200;9.680.530.639.906.280;3.274.766.910.258.000;440.195.340.821.969;9.860.852.311.542.050;0.3784048673995925;0.5721141159879323;0.0032014929808239;10.027.105.236.287.300;8.871.542.046.523.590;100.0;8.393.337.679.160.050;100;104;7.356.674.947.618.300;18.677.191.649.237.000
B0-FF002_201803;B0-FF002;01/03/2018;15.502.068.125.530.200;9.236.903.356.463.430;9.770.121.807.137.780;4.383.689.915.182.450;10.079.470.016.461.200;10.128.518.386.010.500;0;0;59.573.875.757.263;9.362.256.892.799.590;4.767.429.021.394.290;6.757.385.380.070.080;5.065.342.011.022.190;329.835.864.817.599;13.693.241.470.545.400;5.223.555.027.053.290;207.167.697.350.268;2.841.577.683.509.560;13.778.201.313.236.600;6.730.242.001.472.660;1.970.207.287.693.790;Nordic Specialty Plastics Plant;"Odense, Denmark";Specialty Chemicals;217976;926;17.393.876.981.786.100;25.879.786.345.747.800;6.370.788.394.176.120;9.839.098.222.844.250;34.744.680.915.977.600;5.665.393.661.566.430;10.928.766.267.925.800;1.612.117.700.329.690;917.831.752.198.106;32.871.584.059.753.500;4.437.551.597.305.660;10.676.138.239.749.600;0.3925591662062287;0.5937573108492821;0.0029895572002129;9.973.412.701.456.680;884.249.992.918.258;9.810.574.673.220.150;8.814.586.723.871.000;104;106;793.902.208.565.917;1.874.419.894.360.560
B0-FF002_201804;B0-FF002;01/04/2018;15.823.930.345.047.400;8.667.523.367.046.920;9.542.684.984.556.140;4.795.661.054.879.000;1.041.360.604.482.170;10.126.883.850.839.000;0;0;5.729.952.544.386.640;8.791.082.634.960.050;45.490.406.878.035;6.618.251.214.160.130;519.545.582.992.238;3.436.418.989.974.760;1.276.013.413.515.380;4.719.350.053.973.910;21.262.565.644.392.400;2.900.413.751.387.590;13.440.836.585.858.600;631.514.777.227.313;19.378.062.879.611.900;Nordic Specialty Plastics Plant;"Odense, Denmark";Specialty Chemicals;240882;847;17.258.042.815.779.700;2.737.845.120.512.000;6.466.364.798.897.970;10.374.873.783.694.200;3.603.018.232.244.560;5.220.138.843.344.570;10.443.283.649.102.600;15.665.752.761.437.800;898.787.303.691.886;3.206.438.816.382.630;44.694.218.090.700.800;10.737.927.352.398.400;0.3780076794955199;0.609327570045542;0.0029502256492059;10.343.904.391.782.700;84.450.010.939.146;9.823.785.366.157.050;8.700.780.124.174.300;106;99;765.978.057.428.002;1.870.061.419.910.010
B0-FF002_201805;B0-FF002;01/05/2018;16.178.828.073.043.900;8.634.793.184.023.460;9.527.481.379.575.320;4.754.282.888.091.260;0.9869328245159538;10.119.278.767.892.600;0;0;6.079.255.752.388.570;93.886.200.951.045;4.640.664.760.577.780;6.951.295.480.804.510;5.196.401.669.213.480;3.470.587.997.457.560;13.036.044.050.528.400;48.322.759.179.976.900;1.980.883.360.201.580;2.994.462.042.433.740;13.160.463.812.664.100;6.482.397.481.104.790;18.867.905.955.735.400;Nordic Specialty Plastics Plant;"Odense, Denmark";Specialty Chemicals;229638;894;16.935.168.739.957.100;23.966.664.101.634.500;638.836.935.681.064;998.160.058.521.035;37.111.319.651.658.000;5.547.880.042.801.950;10.505.454.059.227.400;15.289.374.508.269.100;9.747.304.024.782.130;3.110.561.191.397.900;43.189.857.089.732.000;10.606.127.879.515.600;0.3941919930632097;0.5962010947943182;0.0029892307139597;10.378.410.157.033.500;8.512.843.888.589.760;100.0;8.489.950.229.337.490;105;103;8.041.592.052.231.910;1.826.317.674.134.010
B0-FF002_201806;B0-FF002;01/06/2018;16.347.938.045.476.600;8.623.402.792.037.990;940.765.121.397.262;4.585.506.350.086.940;0.9956587656971732;10.242.214.572.552.300;0;0;5.765.210.030.939.380;9.349.596.813.267.460;436.198.619.842.414;65.856.682.945.002;5.294.788.308.443.100;3.386.096.760.924.390;13.446.264.892.593.200;4.876.353.134.053.730;20.879.626.742.008.300;270.606.139.898.393;128.856.607.330.766;6.291.970.628.442.460;1.995.260.911.623.260;Nordic Specialty Plastics Plant;"Odense, Denmark";Specialty Chemicals;229892;858;17.066.789.745.982.500;25.809.021.637.913.900;6.550.902.924.627.890;963.223.361.081.632;3.869.007.071.239.270;5.675.382.870.829.920;10.676.954.206.370.100;15.818.663.414.765.200;9.247.587.402.908.740;3.293.783.673.978.440;4.289.004.754.184.800;11.003.107.098.272.500;0.3614049033878064;0.5773503906466795;0.0030153469522163;10.475.382.924.833.600;8.675.506.742.739.010;9.689.350.888.755.370;8.895.068.132.464.160;102;97;7.501.122.029.759.840;1.823.292.928.016.850
B0-FF002_201807;B0-FF002;01/07/2018;15.969.638.545.217.300;9.305.432.544.439.080;938.763.816.388.197;4.689.869.008.405.470;0.965283378900176;1.014.950.817.285.370;0;0;5.869.534.979.121.210;950.803.882.841.258;4.777.574.996.962.890;6.831.165.040.333.160;4.931.736.308.762.350;34.629.400.829.408.300;12.908.442.996.375.600;4.865.432.296.181.210;21.055.739.394.484.200;2.943.943.200.044.860;13.203.397.526.944.200;6.534.531.793.742.570;2.016.342.994.074.650;Nordic Specialty Plastics Plant;"Odense, Denmark";Specialty Chemicals;224038;881;16.918.791.042.909.500;2.570.693.293.742.960;6.675.139.459.852.610;10.413.006.668.253.300;3.506.295.042.732.900;5.357.609.391.447.400;10.621.132.670.861.000;16.112.050.609.272.100;9.434.170.532.515.060;3.204.751.726.309.000;4.195.027.401.393.250;10.771.269.559.786.600;0.3931097742529586;0.589020167713892;0.0030902704462592;9.824.098.719.000.820;9.320.134.177.674.940;9.982.441.565.691.240;8.913.797.935.746.270;102;101;8.009.448.046.488.520;1.895.149.353.454.140
B0-FF002_201808;B0-FF002;01/08/2018;1.732.167.859.052.600;911.536.574.339.986;9.895.899.425.133.500;4.779.521.317.990.550;10.432.312.764.385.800;10.041.159.179.869.500;0;0;6.246.991.541.765.800;87.639.715.412.432;44.653.272.996.622.500;7.083.389.638.880.720;4.971.314.679.203.570;32.590.850.616.718.100;1.250.147.356.679.300;5.087.063.675.630.910;2.160.459.167.773.810;27.865.444.635.102.000;1.314.752.120.063.800;658.263.921.391.073;2.022.376.655.556.560;Nordic Specialty Plastics Plant;"Odense, Denmark";Specialty Chemicals;223914;862;1.773.227.501.658.460;25.844.731.987.054.600;6.513.623.830.573.710;10.056.803.985.129.400;34.597.321.118.651.400;56.549.495.659.014.800;10.810.859.635.619.700;15.441.085.317.306.700;8.953.846.308.541.270;32.075.150.592.585.700;4.385.245.357.164.860;11.079.373.343.326.100;0.4038022005672591;0.5913214976719113;0.0029052623106506;10.127.465.351.566.000;8.595.394.143.061.060;100.0;9.170.974.264.872.970;104;100;8.056.950.200.005.940;1.820.357.219.340.740
B0-FF002_201809;B0-FF002;01/09/2018;1.471.785.205.808.160;8.623.207.091.430.110;9.859.384.207.230.500;4.733.547.693.434.830;10.810.551.338.241.700;10.167.909.705.339.300;0;0;6.172.824.717.647.040;9.494.802.834.388.250;4.808.689.056.450.050;7.035.952.870.058.680;49.924.075.981.022.700;3.183.808.847.962.140;1.346.871.682.040.470;4.886.298.006.867.080;205.222.088.104.032;2.749.814.205.549.910;13.520.629.742.274.700;6.721.218.469.955.010;20.046.990.215.210.100;Nordic Specialty Plastics Plant;"Odense, Denmark";Specialty Chemicals;219259;863;17.513.746.396.089.100;2.595.226.925.487.740;6.767.753.886.464.150;9.797.181.375.737.420;3.783.195.040.395.110;5.575.688.271.561.750;10.460.173.552.350.200;16.575.773.399.061.600;9.235.536.695.520.630;3.273.936.293.525.700;43.897.859.381.085.200;10.958.974.664.783.100;0.3960565352873028;0.5989053360479515;0.0030774588782117;10.237.516.906.440.500;9.453.244.801.253.140;100.0;9.052.608.938.142.380;105;101;7.914.100.705.284.030;1.901.677.427.924.510
B0-FF002_201810;B0-FF002;01/10/2018;16.574.423.924.022.700;9.205.217.204.048.650;9.906.985.565.944.490;4.909.897.322.425.540;102.512.347.647.992;10.383.244.113.472.500;0;0;6.097.823.506.180.490;9.329.117.745.797.550;4.644.300.685.318.160;6.906.395.791.970.530;5.219.987.006.373.340;34.711.000.774.647.500;12.495.701.080.817.600;46.075.535.573.922.700;20.582.900.062.236.500;2.851.874.421.703.070;1.317.469.179.409.780;671.523.623.940.588;20.469.474.226.003.300;Nordic Specialty Plastics Plant;"Odense, Denmark";Specialty Chemicals;235508;894;17.748.567.771.876.100;25.489.266.271.820.700;6.537.122.710.072.540;955.820.762.931.594;3.839.682.831.766.030;5.918.646.499.074.150;10.592.877.232.633.300;1.509.485.916.404.020;925.722.406.945.832;3.206.789.255.837.770;4.197.831.081.227.490;1.067.147.283.200.030;0.3874485763474672;0.6011632383170614;0.0028515356575314;10.065.470.795.223.400;8.975.426.449.995.410;9.864.056.054.562.780;8.882.662.935.096.030;103;102;7.729.465.543.700.270;1.883.642.343.656.820
B0-FF002_201811;B0-FF002;01/11/2018;15.718.297.386.830.100;85.093.527.270.269;9.755.389.448.544.670;4.465.061.601.390.780;0.9796476454129224;10.128.207.392.679.500;0;0;6.059.699.907.334.220;9.330.215.550.433.090;4.784.979.337.918.610;6.874.210.052.421.280;48.653.108.175.663.800;35.755.498.924.799.200;13.463.931.540.348.800;4.705.390.788.757.900;21.118.656.313.907.100;28.802.300.097.107.500;13.484.165.723.741.100;6.950.250.271.041.650;18.631.717.865.603.500;Nordic Specialty Plastics Plant;"Odense, Denmark";Specialty Chemicals;216679;825;17.251.289.385.946.800;2.638.148.563.754.790;6.646.181.002.632.190;9.830.812.389.774.550;3.755.198.072.812.380;55.459.371.735.207;10.955.800.303.539.600;1.670.235.709.528.460;927.523.125.087.266;3.246.239.605.724.750;4.360.496.077.096.770;11.496.478.263.841.400;0.3761368870889309;0.6096366956706064;0.0029095768275184;10.623.064.734.792.400;9.205.415.372.486.940;100.0;9.073.567.062.488.920;102;100;8.351.481.830.725.910;18.401.840.816.974.700
B0-FF002_201812;B0-FF002;01/12/2018;16.433.096.426.781.000;9.285.692.601.202.850;9.996.684.311.857.230;4.726.452.492.353.100;10.528.270.265.964.400;10.421.503.554.620.700;0;0;5.778.097.783.989.260;9.312.086.769.700.210;490.321.335.430.219;6.614.767.723.878.260;5.082.429.465.756.920;3.490.099.796.065.750;13.859.829.624.472.900;4.680.786.277.257.240;21.654.832.530.190.200;2.837.542.521.036.250;1.324.308.231.107.670;642.149.186.415.454;1.942.045.936.326.920;Nordic Specialty Plastics Plant;"Odense, Denmark";Specialty Chemicals;230389;881;1.759.981.830.465.920;2.511.419.513.136.430;6.720.358.269.309.690;10.057.889.030.229.700;3.546.368.176.086.330;58.555.446.546.494.800;10.839.863.267.516.000;1.655.632.832.895.960;9.884.533.432.238.800;3.373.650.638.799.170;4.365.649.539.851.110;11.278.324.428.134.700;0.3650455559910869;0.5978871122277453;0.0032054394858871;10.039.351.821.307.100;9.233.554.761.868.450;100.0;902.407.733.946.944;106;98;7.731.154.382.301.920;1.953.116.454.072.110
B0-FF002_201901;B0-FF002;01/01/2019;16.589.782.243.548.400;9.131.360.988.805.080;9.694.651.264.836.600;4.688.214.184.951.970;10.868.703.510.178.800;10.082.201.704.600.900;0;0;5.912.241.428.458.710;907.196.782.795.552;49.803.088.195.348.600;6.965.964.226.800.420;5.019.128.198.684.150;34.180.168.392.309.300;1.288.162.916.851.720;5.010.463.059.646.140;21.016.654.016.076.100;2.851.210.977.813.470;13.873.753.057.958.600;6.278.139.180.688.100;19.811.736.991.114.900;Nordic Specialty Plastics Plant;"Odense, Denmark";Specialty Chemicals;227187;881;1.696.677.696.424.990;2.546.561.315.210.870;6.646.416.732.307.550;9.639.306.214.007.580;3.736.800.254.409.800;5.516.037.938.596.410;10.586.483.930.530.500;16.299.760.174.877.200;942.181.502.805.409;34.070.873.184.771.000;4.369.022.446.417.750;11.398.372.783.631.500;0.3776331320042533;0.5776955315489168;0.0028985015884557;10.113.919.345.695.900;8.934.686.947.103.470;100.0;9.037.011.143.870.150;105;107;7.751.759.963.757.790;18.767.579.414.844.400
B0-FF002_201902;B0-FF002;01/02/2019;15.660.016.952.764.000;912.014.469.614.603;10.313.455.149.158.400;4.487.016.434.855.980;10.555.690.604.952.700;1.044.370.499.373.210;0;0;5.974.721.634.332.300;9.212.464.627.685.570;4.711.609.910.058.390;6.810.728.653.812.470;5.307.642.351.281.190;34.461.483.184.487.500;13.050.054.034.190.400;4.870.973.060.853.270;19.852.052.834.263.700;2.804.715.706.247.950;14.055.993.554.969.600;6.590.251.587.363.900;19.572.565.385.278.900;Nordic Specialty Plastics Plant;"Odense, Denmark";Specialty Chemicals;228713;909;17.960.239.413.240.900;2.569.841.398.825.120;6.513.700.936.848.870;9.885.748.097.576.190;3.838.205.961.076.560;562.537.352.520.207;114.549.490.292.216;16.144.954.317.799.400;1.008.260.921.791.300;3.198.193.740.349.890;42.095.341.180.401.800;11.030.873.246.410.400;0.400153477125008;0.5838416586336835;0.0029978499363431;10.593.769.321.149.400;9.198.749.880.468.520;9.995.536.129.820.100;8.636.152.964.467.770;106;98;8.231.460.544.624.420;1.916.221.686.134.040
B0-FF002_201903;B0-FF002;01/03/2019;15.057.618.868.544.100;9.023.138.381.979.470;921.400.539.327.685;4.491.148.693.231.990;10.198.436.689.912.400;9.751.675.540.993.930;0;0;6.295.205.578.030.180;9.218.124.425.165.050;4.777.870.480.907.780;719.071.068.549.601;52.027.496.439.637.100;3.521.985.523.703.270;1.294.204.534.354.030;4.732.990.081.701.890;2.139.332.720.033.960;2.910.809.882.268.140;13.158.875.360.354.700;669.825.985.037.345;19.152.345.362.435.800;Nordic Specialty Plastics Plant;"Odense, Denmark";Specialty Chemicals;227897;852;17.981.236.228.767.300;2.583.840.534.101.700;6.468.828.362.196.490;9.621.739.789.949.620;35.887.928.332.640.400;5.696.061.421.621.270;1.109.316.126.624.050;16.683.005.037.209.300;9.989.088.405.395.280;34.627.012.771.407.100;4.524.306.300.965.750;10.910.589.247.340.600;0.3893580549643246;0.5528697127937693;0.0031164716169948;10.336.041.151.803.500;9.450.543.424.534.670;100.0;9.010.156.300.704.220;100;103;7.591.118.847.125.350;1.955.955.248.692.630
B0-FF002_201904;B0-FF002;01/04/2019;16.693.926.250.722.600;8.901.607.433.297.940;9.884.213.302.582.320;4.670.534.003.568.030;10.176.534.573.406.900;1.018.679.801.646.420;0;0;6.016.036.059.095.870;993.276.479.246.574;4.768.023.261.201.590;6.896.571.008.852.200;5.223.503.758.527.390;3.549.526.945.127.600;13.352.750.981.164.000;4.946.507.520.864.730;21.368.890.260.934.200;2.814.707.799.683.280;13.153.723.105.313.400;6.774.059.503.052.830;2.081.062.823.185.670;Nordic Specialty Plastics Plant;"Odense, Denmark";Specialty Chemicals;216915;853;16.562.772.784.232.100;2.672.018.303.508.280;6.784.510.535.523.240;96.838.814.858.295;3.979.085.890.125.430;5.564.126.709.859.820;11.246.034.515.170.400;1.665.640.661.278.210;932.290.217.497.215;32.527.504.564.373.600;42.879.088.567.546.800;10.643.600.603.103.200;0.3849027934049077;0.572378695982051;0.0030455487228584;10.899.612.625.820.000;9.218.378.272.751.010;100.0;8.713.262.531.065.700;102;110;7.731.278.552.915.500;1.881.630.287.656.040
B0-FF002_201905;B0-FF002;01/05/2019;16.428.299.195.214.700;937.003.368.307.285;9.720.834.469.800.000;4.535.798.873.002.320;1.046.945.488.013.370;1.056.210.737.266.900;0;0;6.081.557.868.337.190;882.714.047.252.915;47.534.744.948.022.900;7.124.679.661.463.690;5.283.252.895.070.670;3.451.727.671.470.960;14.001.348.675.154.200;5.157.782.756.099.740;2.170.149.076.634.060;27.583.929.273.344.600;12.830.067.602.194.500;6.918.464.357.183.350;20.074.586.025.996.200;Nordic Specialty Plastics Plant;"Odense, Denmark";Specialty Chemicals;239549;857;17.249.631.396.176.800;2.695.117.787.586.870;6.477.020.417.735.520;10.292.001.809.881.600;37.227.885.625.075.900;5.640.568.995.131.470;10.411.181.611.769.400;16.404.057.656.842.900;10.242.398.097.251.000;33.363.649.098.348.900;4.303.674.343.632.420;1.156.895.240.852.970;0.3794381084637277;0.6251257077712865;0.0029480121471999;10.398.824.687.486.300;9.454.332.627.558.480;100.0;8.916.227.038.938.470;107;97;8.224.224.180.327.180;18.789.960.029.331.800
B0-FF002_201906;B0-FF002;01/06/2019;16.923.039.906.883.700;8.826.412.944.145.500;9.421.497.751.206.730;4.600.050.595.755.020;1.021.582.535.083.970;10.110.381.535.688.500;0;0;6.051.421.481.355.170;9.354.715.831.317.560;4.762.767.342.785.030;6.948.932.150.721.760;5.167.381.604.990.920;33.269.041.366.012.000;1.323.271.815.719.080;49.007.528.743.490.600;211.512.603.253.638;27.594.975.372.711.900;14.112.537.736.820.300;6.456.676.664.354.380;1.920.839.492.580.270;Nordic Specialty Plastics Plant;"Odense, Denmark";Specialty Chemicals;228896;885;17.667.137.567.439.600;2.686.023.568.202.630;6.773.174.403.742.700;9.999.249.637.646.160;38.030.815.463.111.600;53.784.398.847.978.800;11.162.102.915.897.200;16.102.620.350.927.100;1.019.022.515.998.190;34.133.063.351.626.600;4.387.489.390.045.980;11.124.382.824.585.100;0.4025804698050759;0.5547860666515503;0.0030541394313809;10.853.779.606.674.500;9.280.511.691.016.570;100.0;8.988.599.169.415.690;101;103;8.091.451.734.440.110;1.915.049.863.335.270
B0-FF002_201907;B0-FF002;01/07/2019;16.595.936.599.711.200;9.397.243.722.104.270;9.489.663.881.201.490;4.685.147.229.276.860;10.138.532.058.484.400;10.063.582.074.122.100;0;0;6.267.842.707.048.310;96.100.174.215.812;4.637.197.259.524.320;68.722.982.025.685.000;4.984.969.412.283.910;3.353.339.893.322.100;13.103.662.165.822.900;4.940.212.465.997.870;21.660.102.645.739.500;29.490.623.195.359.300;13.871.363.032.616.800;6.489.159.132.396.300;20.684.354.945.807.200;Nordic Specialty Plastics Plant;"Odense, Denmark";Specialty Chemicals;234403;884;17.179.159.111.313.900;25.689.058.808.383.500;6.380.467.690.364.470;1.021.167.536.449.920;3.837.787.687.070.470;5.492.255.041.389.100;10.420.233.543.591.800;15.861.381.467.586.300;9.664.868.492.557.350;3.168.744.316.092.080;4.568.350.718.526.550;11.487.021.678.251.100;0.3941864074297284;0.6103181749269151;0.0030779441742727;10.483.191.902.119.600;8.708.371.500.584.500;100.0;8.784.799.448.125.280;104;112;7.967.774.071.946.060;1.930.325.642.650.240
B0-FF002_201908;B0-FF002;01/08/2019;16.510.761.339.363.200;8.709.796.838.968.620;9.558.240.932.733.330;4.973.600.828.794.140;1.059.723.744.462.170;10.192.352.284.717.300;0;0;6.158.855.071.527.230;9.375.414.966.262.440;4.955.885.153.515.490;672.638.264.794.105;50.113.604.441.453.800;3.587.895.748.787.280;14.233.231.757.923.400;5.019.391.282.034.100;22.184.665.831.279.800;2.889.217.687.786.950;13.754.232.111.570.300;671.693.321.864.642;19.965.957.144.588.200;Nordic Specialty Plastics Plant;"Odense, Denmark";Specialty Chemicals;238860;926;1.718.680.563.590.710;24.941.773.905.558.500;6.632.896.806.565.800;9.676.277.106.294.780;375.251.555.562.262;5.473.336.455.475.400;1.124.125.821.732.620;1.667.471.345.693.780;9.835.408.995.757.870;34.161.725.238.157.400;44.759.815.318.886.500;1.132.639.251.809.100;0.4064648171878066;0.5941418527919383;0.0031320083799528;1.002.411.857.208.430;90.941.364.483.491;100.0;9.143.883.597.622.460;104;105;8.025.148.171.778.290;19.038.137.053.965.000
B0-FF002_201909;B0-FF002;01/09/2019;16.084.137.024.553.800;9.218.137.409.381.790;1.002.238.061.533.170;4.693.791.679.890.080;1.047.238.998.291.350;10.313.944.186.348.000;0;0;6.232.827.216.294.650;9.732.857.536.468.780;4.853.489.377.407.810;6.798.890.479.920.720;5.156.597.918.907.090;33.637.096.447.315.300;1.369.312.560.991.310;4.598.560.689.139.130;22.035.741.353.825.900;2.998.756.617.063.250;1.246.033.273.654.130;692.963.340.572.779;20.639.933.269.503.000;Nordic Specialty Plastics Plant;"Odense, Denmark";Specialty Chemicals;227432;865;16.978.009.092.010.500;2.567.030.227.608.040;6.916.117.101.246.290;9.900.149.119.136.030;3.856.250.961.277.960;5.641.497.643.075.850;10.863.634.324.832.200;15.587.371.125.620.600;9.323.537.396.729.820;3.442.172.073.897.030;4.408.611.290.427.840;112.573.992.680.892;0.4112954932968895;0.5949677478710291;0.0030627790886984;1.073.836.711.326.020;9.086.650.987.164.400;100.0;9.203.484.014.608.460;104;107;801.175.991.493.995;1.948.623.131.212.760
B0-FF002_201910;B0-FF002;01/10/2019;1.650.423.062.836.130;9.032.517.514.421.750;9.899.079.887.016.250;4.353.865.535.227.210;10.814.808.364.830.900;9.836.895.866.406.800;0;0;5.769.503.540.518.890;9.465.096.762.351.070;4.865.378.274.875.910;6.821.268.691.962.410;5.073.339.262.608.760;34.147.146.173.422.400;13.663.993.421.900.100;46.725.940.023.698.200;2.114.119.341.742.460;2.769.388.532.419.890;13.992.998.064.787.600;6.614.766.653.138.870;2.037.531.483.118.160;Nordic Specialty Plastics Plant;"Odense, Denmark";Specialty Chemicals;238310;932;1.690.163.143.351.170;26.543.221.311.716.500;6.885.383.493.245.120;10.257.117.007.418.800;3.848.401.906.992.130;5.365.956.024.860.440;11.080.409.649.909.200;1.598.826.592.114.660;985.998.692.351.838;3.381.516.146.973.510;45.130.144.414.405.000;11.132.864.509.639.300;0.4060360646605732;0.6071141252490555;0.0031131805608196;10.084.778.087.433.500;9.202.074.009.555.810;100.0;8.573.672.326.370.890;107;107;8.465.866.487.214.520;1.936.403.763.989.540
B0-FF002_201911;B0-FF002;01/11/2019;16.322.675.829.816.500;9.220.171.957.396.550;9.809.207.137.998.560;4.876.000.411.889.900;0.9967448052897232;10.083.903.135.320.000;0;0;6.102.145.655.309.690;9.125.830.436.222.500;4.788.440.701.897.700;6.854.176.384.746.890;5.134.862.529.434.280;3.445.788.361.853.290;13.257.175.712.942.700;46.600.924.126.178.400;2.162.202.445.187.430;2.964.813.219.706.430;14.309.251.468.551.500;6.862.733.004.633.090;2.055.746.707.090.460;Nordic Specialty Plastics Plant;"Odense, Denmark";Specialty Chemicals;232013;851;17.603.558.714.095.800;2.641.885.304.335.830;6.875.194.030.122.090;10.230.287.691.592.700;3.748.490.791.695.030;600.937.780.558.214;1.114.804.555.438.240;16.564.364.204.036.700;9.810.823.974.391.340;3.327.549.443.220.910;4.441.963.111.348.490;10.455.023.600.496.300;0.3803383358421529;0.5889500944920112;0.0031288105803679;9.873.145.284.190.370;8.962.386.132.007.700;100.0;8.988.730.388.934.640;106;103;7.919.934.408.808.400;18.586.543.619.576.900
B0-FF002_201912;B0-FF002;01/12/2019;16.145.470.520.133.500;910.147.902.994.455;10.290.986.500.126.000;456.643.307.174.425;11.015.220.964.047.300;9.866.500.036.125.360;0;0;5.944.832.547.398.340;9.725.801.058.301.870;483.643.618.575.082;6.947.690.132.603.910;5.147.748.383.567.870;34.345.079.881.003.400;1.337.684.195.349.050;4.442.619.554.851.550;2.026.122.033.573.140;2.943.656.274.233.170;14.196.297.800.868.000;6.971.921.265.338.050;1.951.690.121.650.600;Nordic Specialty Plastics Plant;"Odense, Denmark";Specialty Chemicals;231573;841;1.729.317.241.910.480;27.012.509.948.712.100;6.673.495.106.691.820;9.970.660.029.810.650;3.766.084.189.195.270;5.901.332.382.034.330;10.804.236.933.520.800;16.452.274.540.081.600;10.131.711.444.785.800;3.302.588.527.974.810;4.226.765.328.270.940;11.655.926.193.752.700;0.403464274876374;0.5595123171843139;0.0030786423388839;10.393.192.929.369.200;9.489.742.188.835.320;100.0;9.012.547.090.573.820;105;103;8.382.172.422.231.930;1.854.462.992.706.320
B0-FF002_202001;B0-FF002;01/01/2020;1.611.769.836.790.590;91.245.668.091.731;9.514.144.959.696.330;496.474.306.827.722;10.477.563.567.445.400;10.511.557.681.183.700;0;0;6.265.286.298.299.220;9.631.581.075.311.480;5.106.331.312.095.770;6.830.464.096.259.510;5.167.904.618.551.640;3.410.855.156.648.260;1.342.514.622.961.340;50.226.962.035.743.500;2.187.278.461.607.620;30.562.147.765.758.900;13.927.813.390.659.000;6.705.925.838.809.820;19.458.542.366.151.200;Nordic Specialty Plastics Plant;"Odense, Denmark";Specialty Chemicals;236503;897;17.964.673.357.678.800;26.055.808.333.408.300;692.565.393.646.667;1.019.959.480.412.830;3.884.303.541.536.940;57.551.711.885.297.200;10.594.445.603.862.300;16.255.657.419.630.900;9.328.769.381.852.280;33.477.213.894.681.300;4.254.954.554.550.520;11.308.294.362.905.300;0.3494304846203931;0.6146563722796659;0.0029918961011502;10.114.370.909.658.200;9.501.791.301.809.240;100.0;9.206.425.538.171.240;102;108;80.443.662.139.621.200;1.908.559.525.952.320
B0-FF002_202002;B0-FF002;01/02/2020;17.107.234.433.590.200;8.818.160.319.706.570;1.019.550.010.576.180;4.775.147.133.591.060;10.423.087.289.026.900;9.932.756.333.307.440;0;0;6.344.375.064.893.290;940.400.793.472.941;4.737.744.128.633.040;6.655.013.592.084.130;5.130.834.835.864.210;363.365.161.683.716;1.352.490.260.162.690;4.903.717.183.983.790;22.600.701.576.572.100;2.879.993.342.728.400;13.408.853.513.411.100;6.795.082.608.880.380;2.039.459.874.880.230;Nordic Specialty Plastics Plant;"Odense, Denmark";Specialty Chemicals;226721;881;18.279.063.862.058.900;2.607.992.199.221.200;6.401.205.026.813.320;10.152.999.901.794.400;3.877.804.688.034.560;5.663.436.614.652.660;11.085.551.461.080.700;15.938.112.210.105.700;9.895.893.113.884.400;32.376.748.692.577.400;4.496.247.323.388.060;1.148.110.212.297.220;0.3936186322917205;0.5785140361675696;0.0029871959711033;10.922.813.105.065.500;892.636.535.489.554;100.0;902.093.732.516.955;102;103;8.499.577.332.294.020;2.103.421.245.663.810
B0-FF002_202003;B0-FF002;01/03/2020;1.623.828.099.348.480;9.041.611.787.108.200;9.447.019.730.482.380;4.492.178.005.845.600;1.023.236.536.180.860;10.144.646.739.578.700;0;0;6.174.080.345.603.780;9.588.264.827.271.920;4.752.459.970.784.340;6.948.344.892.757.030;5.152.321.360.562.100;33.745.197.126.099.300;12.696.446.901.633.000;4.837.067.812.530.240;1.992.758.412.159.870;282.045.543.033.512;139.832.435.504.882;6.757.905.563.410.890;20.177.677.267.330.800;Nordic Specialty Plastics Plant;"Odense, Denmark";Specialty Chemicals;239237;883;17.897.939.292.192.700;25.813.622.519.114.200;6.756.344.289.701.820;1.015.299.746.642.330;3.804.424.946.651.210;5.636.537.130.927.550;11.027.195.965.253.900;16.670.912.626.276.500;9.306.870.695.809.900;3.422.051.119.969.060;42.952.962.855.950.900;1.094.008.618.878.230;0.395769475555796;0.6122754574566364;0.003122097863793;10.538.757.147.123.000;8.835.704.865.543.750;100.0;844.599.392.457.175;102;101;8.099.901.960.287.390;2.041.065.179.971.870
B0-FF002_202004;B0-FF002;01/04/2020;1.678.785.782.516.390;8.541.593.964.207.000;9.494.103.014.729.740;4.547.282.135.393.440;0.9961122920565724;10.206.733.484.997.000;0;0;6.099.541.597.042.760;9.462.313.340.255.210;49.489.574.409.816.400;7.003.945.737.641.520;5.267.024.574.537.210;35.079.944.465.722.000;13.100.390.330.789.000;4.824.004.394.038.650;206.998.973.174.347;3.054.533.576.286.460;13.167.224.162.709.800;6.921.669.171.718.140;19.304.429.503.050.500;Nordic Specialty Plastics Plant;"Odense, Denmark";Specialty Chemicals;236651;931;18.166.534.733.172.900;256.576.851.945.622;6.741.490.142.118.740;9.935.968.904.562.460;36.846.368.664.327.600;5.716.893.461.020.090;11.202.376.016.589.000;16.199.282.016.410.300;983.177.390.172.268;32.500.343.250.676.200;4.326.146.834.000.570;11.139.517.912.179.800;0.3902568525296235;0.6142556352521601;0.0029886719082427;11.125.732.195.407.700;8.665.944.706.352.220;100.0;8.933.063.769.493.960;103;105;8.269.621.448.613.110;19.559.352.109.907.300
B0-FF002_202005;B0-FF002;01/05/2020;16.325.537.732.156.200;9.260.364.436.704.130;956.119.383.919.548;4.711.004.521.366.280;10.651.641.907.527.600;9.600.161.796.642.070;0;0;6.382.020.386.390.050;9.458.404.815.702.580;49.228.482.185.715.800;6.922.612.986.049.020;5.320.444.489.766.710;3.575.360.327.112.720;1.299.706.830.957.370;4.993.892.837.118.540;22.345.943.519.001.600;30.129.049.615.887.900;13.801.817.009.792.200;6.802.359.820.345.530;2.076.678.398.357.460;Nordic Specialty Plastics Plant;"Odense, Denmark";Specialty Chemicals;223683;918;16.540.773.233.877.100;2.720.220.108.393.670;6.638.761.776.850.220;10.103.869.580.882.400;3.726.612.427.486.850;5.709.029.950.455.540;11.032.056.811.118.400;16.886.769.582.064.300;10.127.024.381.796.000;33.498.034.726.096.100;42.482.721.484.920.400;11.703.301.632.028.400;0.3764470617208849;0.595259649360797;0.0030631641741371;10.464.926.587.752.100;8.821.548.077.416.070;100.0;9.014.849.723.719.290;103;110;798.153.214.758.377;18.518.426.896.287.400
B0-FF002_202006;B0-FF002;01/06/2020;17.277.169.412.563.800;9.309.243.096.313.760;10.782.944.327.396.700;4.469.223.245.047.660;1.060.510.075.341.420;10.468.398.982.976.800;0;0;6.385.018.751.920.780;9.554.066.754.407.380;46.124.436.891.438.500;6.805.383.418.933.270;5.045.000.093.824.190;3.507.367.680.712.510;13.928.658.851.113.400;4.897.164.077.155.460;21.441.721.442.529.500;2.843.900.921.982.570;14.121.972.682.333.600;6.994.656.094.798.020;2.021.597.005.947.290;Nordic Specialty Plastics Plant;"Odense, Denmark";Specialty Chemicals;242858;892;16.863.171.933.714.000;2.718.784.163.740.780;6.704.803.286.366.550;9.965.147.504.213.590;3.802.914.339.308.650;5.450.744.755.614.370;10.386.168.969.890.700;16.578.315.013.536.100;9.885.599.661.479.530;3.488.879.314.508.560;4.595.447.230.954.750;11.490.263.123.803.600;0.4093274093974977;0.6124733299545837;0.0030803950380083;10.760.215.013.067.900;942.096.212.741.017;100.0;8.706.155.057.211.860;100;108;8.241.827.944.609.840;19.485.558.117.019.800
B0-FF002_202007;B0-FF002;01/07/2020;1.690.595.302.092.400;8.942.676.171.301.440;9.419.939.800.120.510;4.821.758.564.140.430;10.930.871.413.042.600;1.043.918.062.419.000;0;0;5.954.279.271.670.770;8.996.741.848.551.100;4.863.225.862.589.260;7.029.897.282.167.910;5.218.170.549.819.900;35.705.992.864.335.900;13.237.374.289.923.000;4.972.057.921.527.050;21.316.074.954.562.900;2.911.230.287.999.230;13.934.064.689.751.500;6.967.778.843.928.600;20.436.961.813.790.600;Nordic Specialty Plastics Plant;"Odense, Denmark";Specialty Chemicals;236484;908;1.787.915.297.067.550;2.740.254.492.246.450;7.111.520.785.269.360;10.522.667.005.143.200;3.792.343.306.997.980;5.926.191.954.884.510;11.154.545.240.734.400;1.625.021.274.554.690;993.479.859.639.879;32.392.305.895.450.400;4.557.479.287.934.540;11.881.775.322.746.700;0.4045022856972168;0.6260013387306382;0.003080816715379;10.637.048.693.822.100;9.383.047.211.039.560;100.0;9.227.238.092.953.610;107;108;7.883.264.152.101.840;19.885.824.807.336.900
B0-FF002_202008;B0-FF002;01/08/2020;16.713.404.871.500.400;9.168.668.150.998.520;996.539.571.070.382;4.748.280.541.003.390;10.301.335.001.586.300;10.711.150.308.514.300;0;0;64.494.635.133.708;9.498.020.455.448.300;4.628.118.254.399.700;7.136.095.766.102.940;5.332.762.756.551.570;3.692.865.003.152.720;14.015.462.633.343.000;498.505.586.833.633;2.156.252.299.629.220;3.025.227.468.189.280;12.736.645.728.543.700;680.994.826.980.838;20.858.379.463.969.000;Nordic Specialty Plastics Plant;"Odense, Denmark";Specialty Chemicals;231565;898;17.797.994.237.739.700;27.686.503.424.323.000;6.831.056.232.556.410;9.959.224.639.731.800;3.941.901.646.390.230;5.979.051.631.401.370;10.720.506.804.815.600;17.962.296.825.658.300;9.781.052.452.408.670;3.452.177.674.699.300;4.584.760.775.519.990;11.065.036.893.914.600;0.3898673728289572;0.6062418141301029;0.0029447821891947;10.756.573.184.697.000;8.677.979.688.143.610;100.0;8.869.915.368.565.130;107;99;7.738.021.927.932.530;18.831.675.399.161.200
B0-FF002_202009;B0-FF002;01/09/2020;16.766.668.219.588.800;927.324.578.714.912;10.320.480.962.474.000;4.774.765.609.874.050;10.570.725.361.768.100;10.021.389.304.591.000;0;0;5.795.849.744.591.480;9.202.743.394.713.470;49.434.750.689.847.500;7.049.882.039.658.940;5.206.054.596.963.260;34.681.288.692.917.500;1.288.000.814.041.510;4.646.479.460.701.020;2.148.204.340.467.480;30.715.616.771.800.000;13.870.364.361.781.300;6.976.278.570.604.700;1.958.976.532.660.620;Nordic Specialty Plastics Plant;"Odense, Denmark";Specialty Chemicals;234656;890;1.726.919.659.267.070;27.235.372.558.540.000;6.723.332.028.376.180;9.754.507.720.544.880;3.818.685.077.565.860;5.619.432.278.324.540;10.522.805.503.703.700;16.094.964.035.717.200;10.393.688.110.914.900;34.828.137.911.307.000;4.220.587.816.842.760;11.250.930.104.228.000;0.3943108529140895;0.6008838906929451;0.0030612374986064;10.745.808.446.933.500;9.472.528.440.093.100;100.0;9.152.637.530.270.530;108;105;7.768.020.441.485.490;18.274.258.212.508.800
B0-FF002_202010;B0-FF002;01/10/2020;1.610.658.707.491.150;9.167.236.645.411.920;963.128.720.483.135;4.603.389.755.539.410;10.468.469.690.697.700;10.635.038.156.765.200;0;0;6.192.388.027.288.830;908.895.193.443.184;4.754.921.538.874.000;6.671.272.509.040.130;5.319.547.804.268.230;35.066.103.445.915.600;13.542.059.652.939.000;5.097.001.488.039.850;21.057.360.201.967.300;29.848.686.412.448.500;14.697.152.195.583.700;6.577.082.598.499.820;19.376.949.528.117.200;Nordic Specialty Plastics Plant;"Odense, Denmark";Specialty Chemicals;224160;921;18.609.473.496.425.900;2.803.581.123.484.300;6.926.806.097.892.240;1.045.818.392.632.740;3.865.046.811.060.410;5.874.572.960.359.800;11.112.568.200.008.200;16.211.163.606.449.100;10.308.008.439.446.300;3.499.289.000.233.930;43.924.711.088.538.200;11.548.425.463.871.700;0.4135082259805666;0.6140404306227139;0.0031078181084872;1.097.382.061.436.830;9.293.379.522.830.790;100.0;8.760.358.971.335.160;97;112;7.958.186.050.255.500;1.977.546.817.727.410
B0-FF002_202011;B0-FF002;01/11/2020;16.091.215.498.527.600;9.279.706.566.336.930;1.016.383.551.220.800;4.593.107.648.520.150;10.905.351.220.461.000;1.031.664.296.396.590;0;0;6.328.344.996.552.070;9.450.319.728.132.460;5.172.074.323.810.890;7.019.038.314.558.750;5.272.779.710.392.640;35.233.484.625.767.800;13.121.401.327.240.800;4.782.797.928.010.650;21.370.701.544.295.200;28.574.474.963.272;137.716.080.385.207;6.952.786.625.811.290;20.104.107.495.411.600;Nordic Specialty Plastics Plant;"Odense, Denmark";Specialty Chemicals;234761;898;19.055.337.507.206.200;27.910.532.441.695.900;6.713.188.373.667.040;10.284.552.909.418.900;36.628.932.360.771.600;57.191.660.952.659.000;10.826.448.041.998.300;16.999.602.045.205.600;9.541.509.353.550.700;35.359.289.391.833.300;4.493.694.716.834.220;11.045.413.611.219.500;0.396985788988305;0.6205483415129612;0.0031795971400383;10.584.212.924.766.000;9.476.565.331.331.790;100.0;9.307.861.710.082.580;105;105;8.121.783.733.168.220;1.895.681.699.134.650
B0-FF002_202012;B0-FF002;01/12/2020;16.619.884.612.023.500;9.242.625.442.791.300;10.538.697.900.449.000;4.703.655.499.973.300;10.299.133.737.605.200;10.591.704.924.435.400;0;0;63.435.979.931.159.900;940.887.595.330.645;5.116.469.024.927.110;6.836.044.017.516.030;5.172.470.414.365.390;3.558.418.545.369.170;1.419.361.881.680.350;4.881.477.448.292.290;22.003.018.037.509.600;2.847.469.007.702.240;1.428.579.206.996.360;6.659.686.704.329.500;20.755.808.876.671.300;Nordic Specialty Plastics Plant;"Odense, Denmark";Specialty Chemicals;238189;863;17.835.516.426.340.400;263.277.888.036.028;687.255.248.689.285;9.945.294.595.096.330;375.414.235.595.511;59.700.763.564.142.000;11.409.060.107.968.900;16.151.808.950.974.500;1.035.643.517.602.000;3.111.097.371.354.280;4.536.781.246.703.510;10.916.870.882.699.000;0.4014877375489086;0.6030630453664878;0.0030386678139486;10.313.645.661.104.000;9.026.032.145.950.060;100.0;93.604.850.490.155;112;106;8.255.462.180.513.570;19.949.925.623.113.900
B0-FF002_202101;B0-FF002;01/01/2021;16.363.196.513.001.700;903.748.993.928.136;10.639.389.865.958.700;4.755.740.179.173.290;10.694.895.898.588.800;9.901.952.119.204.940;0;0;6.291.516.021.126.180;9.491.126.821.790.160;5.103.218.527.359.510;66.971.026.437.532;5.204.729.751.581.380;3.791.170.655.567.190;1.363.344.816.560.310;4.985.516.658.687.960;2.255.305.499.783.300;3.064.574.102.689.190;13.376.048.191.836.100;6.887.704.349.739.180;2.147.578.835.299.640;Nordic Specialty Plastics Plant;"Odense, Denmark";Specialty Chemicals;229254;904;17.760.119.775.618.400;2.732.188.267.284.490;648.879.250.539.973;9.270.188.253.767.640;38.499.509.834.129;5.971.363.359.149.580;10.947.219.888.483.600;16.362.414.965.877.100;978.897.787.508.181;353.804.747.328.725;4.423.018.910.345.830;11.562.052.733.737.000;0.3837674516253899;0.5883534680070953;0.0032175463552928;11.076.934.910.431.500;9.501.740.402.618.790;9.871.210.492.402.680;8.990.388.456.112.450;107;106;7.719.851.531.225.630;1.853.616.839.502.630
B0-FF002_202102;B0-FF002;01/02/2021;16.206.393.885.079.400;9.246.846.070.868.090;947.958.622.879.302;4.873.268.525.607.210;10.608.256.821.379.700;10.088.600.148.932.100;0;0;6.202.844.159.488.400;8.996.548.880.094.430;4.660.629.965.172.180;6.956.877.303.030.210;5.163.034.169.951.620;359.403.109.106.944;13.662.090.372.933.100;5.314.876.063.735.010;21.634.281.102.960.200;266.461.999.512.883;13.085.192.131.494.100;6.563.969.054.320.860;22.498.686.266.371.800;Nordic Specialty Plastics Plant;"Odense, Denmark";Specialty Chemicals;233777;945;18.302.147.338.433.300;2.577.697.343.852.640;6.421.901.862.661.360;10.434.059.462.680.000;35.745.480.065.772.100;5.945.668.316.042.040;11.024.597.210.491.000;16.995.352.640.967.900;9.939.324.437.816.680;34.163.337.844.113.900;4.532.387.201.195.460;11.476.891.348.803.300;0.3985356111497605;0.5840864610276633;0.0031045103881452;11.259.572.262.170.300;935.295.244.289.639;100.0;8.846.790.745.557.340;103;103;787.344.342.060.928;18.369.271.037.908.900
B0-FF002_202103;B0-FF002;01/03/2021;16.741.350.485.938.900;9.177.343.375.301.020;1.033.975.482.674.590;474.798.255.070.747;0.98823934342707;10.565.353.463.005.500;0;0;6.075.814.453.892.270;958.773.427.142.868;4.697.128.773.759.490;7.225.988.641.812.310;5.288.482.349.501.870;35.204.504.733.516.100;12.989.757.872.074.300;5.277.501.015.816.390;21.239.064.631.360.500;2.984.123.675.946.320;13.554.664.937.279.600;7.588.596.649.778.660;20.540.136.071.911.300;Nordic Specialty Plastics Plant;"Odense, Denmark";Specialty Chemicals;229985;933;18.186.127.308.511.100;2.714.398.247.406.580;6.728.909.498.514.730;1.038.409.146.622.090;3.816.220.871.172.470;5.778.551.100.447.890;10.815.273.424.815.800;15.972.811.984.318.800;10.027.689.479.893.300;34.456.156.260.398.200;46.994.136.440.864.500;11.410.504.583.255.900;0.395867366454173;0.5841525813654552;0.0031415387345445;1.069.804.894.484.260;8.769.947.762.714.890;100.0;8.931.257.413.733.430;106;108;8.208.795.493.789.320;20.145.305.013.664.300
B0-FF002_202104;B0-FF002;01/04/2021;16.958.238.986.567.800;924.576.391.932.983;9.142.584.825.151.980;4.941.548.382.607.920;10.285.248.595.059.000;10.705.417.320.806.600;0;0;6.405.018.468.361.130;9.681.331.737.398.580;4.963.862.265.009.810;6.705.282.504.065.280;5.294.952.820.368.130;3.428.513.438.558.550;13.250.915.444.118.600;4.957.109.022.285.640;2.281.788.361.856.130;2.996.684.772.718.960;1.414.867.381.918.650;6.981.762.088.461.040;1.993.492.147.041.600;Nordic Specialty Plastics Plant;"Odense, Denmark";Specialty Chemicals;223483;869;1.792.991.469.147.720;27.652.432.417.199.500;6.988.989.564.727.350;1.000.469.510.349.880;3.994.615.157.013.820;6.144.479.722.033.060;11.291.206.064.162.500;17.471.855.520.888.300;10.131.071.727.899.500;3.364.627.876.213.180;4.438.395.202.001.470;10.855.080.474.661.200;0.3935842868188442;0.6063166803506629;0.0031286204307312;10.560.133.438.838.500;8.648.037.871.173.340;100.0;9.382.102.055.159.280;108;103;8.310.590.765.994.880;19.366.916.782.794.500
B0-FF002_202105;B0-FF002;01/05/2021;16.900.678.785.467.700;9.730.479.387.588.150;10.044.365.779.392.900;4.829.854.372.633.370;1.039.806.826.959.260;10.739.669.437.443.900;0;0;6.037.167.494.583.960;9.347.710.023.787.790;465.076.301.879.631;6.929.856.858.360.400;5.407.416.370.756.870;36.077.404.463.786.600;1.378.293.098.005.100;5.240.602.529.227.980;22.083.422.817.527.500;2.916.232.549.728.620;13.690.449.989.062.600;6.784.429.430.545.300;20.218.950.836.670.000;Nordic Specialty Plastics Plant;"Odense, Denmark";Specialty Chemicals;241561;930;17.656.079.535.193.900;266.612.962.749.834;6.954.255.769.342.340;10.583.897.785.343.500;3.630.432.340.402.420;576.654.118.127.399;11.132.343.704.115.900;17.020.260.609.459.400;9.917.372.543.683.370;34.333.244.288.812.600;45.016.857.162.580.800;11.144.177.300.231.500;0.4087630531441686;0.6263250446440578;0.0032141901040381;10.872.235.450.467.600;9.026.769.361.719.730;100.0;9.454.622.302.900.820;108;107;8.167.396.104.100.910;2.011.315.238.373.350
B0-FF002_202106;B0-FF002;01/06/2021;15.796.638.000.279.800;93.906.660.713.389;10.089.880.352.217.100;4.628.527.057.308.240;11.205.512.764.209.300;9.618.225.929.497.030;0;0;6.058.750.211.077.000;963.382.100.845.018;4.893.616.236.001.380;7.295.636.289.322.100;58.596.111.375.694.000;3.605.780.704.357.040;1.398.190.422.588.760;48.760.346.224.800.200;22.049.923.140.267.700;29.377.924.393.713.000;14.327.327.376.941.900;6.547.188.115.078.300;1.985.857.450.415.980;Nordic Specialty Plastics Plant;"Odense, Denmark";Specialty Chemicals;243442;925;18.556.424.032.584.300;27.213.227.787.381.100;6.922.705.349.123.780;10.188.716.093.800.400;38.250.403.684.118.300;5.970.895.687.569.070;11.066.919.287.412.500;17.359.454.491.820.800;9.862.660.236.172.810;3.275.627.569.286.370;436.610.243.242.816;11.374.541.008.220.600;0.4108124894234917;0.5998535631636386;0.0032254685707917;10.652.492.617.227.300;9.477.832.252.266.020;100.0;9.208.141.671.159.390;110;107;810.934.989.728.266;1.834.065.057.114.630
B0-FF002_202107;B0-FF002;01/07/2021;16.973.270.186.744.600;9.103.533.189.082.450;9.963.668.199.399.150;46.601.001.102.454.900;1.062.565.358.095.270;11.133.959.439.964.800;0;0;6.162.975.794.245.550;9.152.500.582.892.530;4.765.171.525.927.630;6.819.347.216.985.930;5.349.994.876.429.750;3.621.527.032.596.390;13.780.873.726.299.800;50.845.637.690.761.000;2.142.981.341.673.810;2.871.997.843.590.620;135.308.491.119.204;6.601.388.696.538.870;2.076.410.240.485.160;Nordic Specialty Plastics Plant;"Odense, Denmark";Specialty Chemicals;249609;891;17.684.878.887.708.300;2.711.453.602.768.630;6.769.148.060.143.970;10.398.899.110.408.600;37.853.335.512.751.700;5.691.111.347.662.630;1.106.661.798.032.300;16.947.966.717.286.400;10.287.830.803.082.100;34.381.289.444.731.600;4.510.000.699.673.070;11.731.915.781.184.500;0.4122989492922495;0.6071948068542997;0.0031459805446392;10.496.398.547.591.800;954.877.754.542.806;100.0;8.781.823.802.137.290;108;112;8.636.735.623.143.500;19.141.710.028.044.600
B0-FF002_202108;B0-FF002;01/08/2021;16.371.711.613.694.200;986.121.067.112.543;10.609.664.560.275.400;4.887.896.656.519.880;10.161.601.632.450.300;10.296.122.149.817.500;0;0;5.969.397.120.448.700;10.094.541.618.048.500;4.922.517.322.743.860;6.846.758.812.446.650;5.470.351.737.789.070;36.453.139.267.145.500;13.241.817.164.394.600;50.307.440.219.803.000;22.865.429.399.997.500;294.126.731.204.906;14.739.610.759.480.400;6.702.389.251.696.890;1.956.590.763.393.020;Nordic Specialty Plastics Plant;"Odense, Denmark";Specialty Chemicals;235980;881;1.795.576.614.451.070;26.985.677.183.372.500;6.678.544.485.201.770;10.888.866.350.913.500;385.579.622.142.908;5.967.198.466.544.970;11.450.681.300.969.500;1.769.055.978.063.040;955.822.339.131.343;3.224.174.953.073.880;47.849.167.793.314.300;11.659.583.314.701.100;0.4022683769742883;0.6110233347627146;0.0031339715675989;10.919.883.944.743.900;8.925.886.405.072.450;100.0;9.462.960.721.971.800;110;107;825.740.839.859.485;2.019.314.357.308.680
B0-FF002_202109;B0-FF002;01/09/2021;17.032.626.251.331.100;9.832.563.985.055.220;9.614.642.938.779.450;4.957.132.613.746.480;10.463.133.197.124.900;10.475.966.417.797.400;0;0;666.039.254.704.416;9.905.390.973.919.100;5.029.733.453.899.990;6.911.297.092.317.870;5.290.492.548.145.100;35.433.522.414.733.300;13.271.060.121.030.600;5.205.733.508.294.430;217.177.898.827.026;296.560.946.005.276;13.995.922.648.270.700;6.819.348.677.639.780;2.091.801.470.963.620;Nordic Specialty Plastics Plant;"Odense, Denmark";Specialty Chemicals;231524;950;17.589.120.506.876.700;26.989.417.298.774.900;6.573.808.596.338.770;10.651.538.082.113.600;4.014.247.124.971.310;5.948.118.229.768.080;112.101.228.873.494;1.680.393.672.686.580;946.411.394.973.458;3.269.051.428.530.030;4.657.390.506.815.640;1.141.075.184.348.110;0.3848504821658068;0.588287850899929;0.0032274148537148;1.093.653.338.706.000;8.910.886.611.434.120;100.0;9.296.456.237.531.780;105;111;81.820.543.871.917.900;1.846.296.968.106.080
B0-FF002_202110;B0-FF002;01/10/2021;16.661.740.085.725.500;9.735.225.693.177.750;10.051.424.480.272.600;4.679.667.153.168.380;10.938.794.979.563.000;10.592.469.402.219.900;0;0;6.139.980.005.114.690;9.425.612.519.065.410;5.057.530.869.608.820;6.911.898.140.536.860;5.583.275.613.246.080;3.718.229.997.827.020;13.322.803.805.240.400;5.269.546.957.750.840;22.110.221.379.799.000;3.108.730.660.419.000;14.121.052.195.306.100;6.834.805.176.496.910;2.043.992.777.426.030;Nordic Specialty Plastics Plant;"Odense, Denmark";Specialty Chemicals;218844;949;17.549.530.054.588.400;27.822.266.373.036.400;7.193.848.360.287.330;10.152.596.756.503.800;3.791.304.987.525.340;60.060.038.320.637.400;1.100.929.383.115.930;17.507.026.954.865.600;973.474.889.613.716;3.558.646.428.357.310;45.182.440.397.588.000;1.159.994.623.601.250;0.4135076183594475;0.6243226974930334;0.003272570172091;10.203.317.772.050.800;9.237.212.866.334.880;100.0;8.988.789.322.512.790;110;106;8.087.477.061.731.350;2.003.773.700.894.420
B0-FF002_202111;B0-FF002;01/11/2021;16.252.582.558.098.700;9.082.233.704.490.750;10.323.384.725.742.200;5.031.945.555.912.310;10.800.903.948.346.000;10.012.936.352.452.100;0;0;6.488.340.287.407.630;9.499.951.730.029.110;5.125.236.030.120.030;7.037.108.808.568.600;5.221.232.162.144.930;33.835.618.595.713.100;13.538.855.837.930.700;5.078.787.827.419.230;22.101.374.129.887.200;30.429.875.597.448.400;1.460.644.765.835.150;6.885.127.918.762.660;20.679.569.323.186.800;Nordic Specialty Plastics Plant;"Odense, Denmark";Specialty Chemicals;244368;931;17.453.310.626.799.000;26.650.480.596.541.500;6.419.527.029.479.960;10.052.787.287.196.000;3.673.333.093.417.670;5.897.893.236.445.770;1.158.501.989.362.190;1.638.490.897.575.880;968.248.793.474.091;35.120.031.483.764.000;4.503.547.076.932.320;11.587.895.685.258.500;0.4110971475516043;0.6025158975633398;0.0031087824210546;1.051.931.858.467.770;8.925.836.993.033.790;100.0;9.376.658.479.116.160;108;112;8.221.620.817.893.640;1.987.174.490.942.540
B0-FF002_202112;B0-FF002;01/12/2021;1.704.288.387.785.720;914.820.396.167.898;10.532.680.953.143.500;48.611.082.881.983.800;11.075.719.251.808.100;10.123.937.033.177.100;0;0;6.123.945.174.863.430;10.027.207.306.991.100;4.989.924.784.662.500;6.818.471.126.455.140;52.578.662.550.541.600;3.695.456.238.754.970;134.741.848.033.149;49.128.082.087.909.300;2.196.290.660.689.510;30.337.004.529.901.100;1.378.902.562.453.100;6.967.821.636.638.010;20.682.889.704.463.100;Nordic Specialty Plastics Plant;"Odense, Denmark";Specialty Chemicals;237855;859;17.979.590.090.950.100;2.690.174.196.779.140;6.945.970.445.099.380;10.152.201.234.636.900;3.830.878.971.196.770;593.657.208.412.356;1.167.692.089.624.830;1.620.936.233.795.200;10.117.072.588.910.300;3.544.419.740.237.510;4.665.785.876.897.230;11.910.555.715.084.800;0.396028217456195;0.6391644077233563;0.0031089307832913;10.711.512.915.123.900;9.231.638.134.311.580;100.0;8.744.992.612.074.380;101;111;7.848.307.046.615.080;1.967.937.227.131.640
B0-FF002_202201;B0-FF002;01/01/2022;16.161.888.642.576.800;9.144.754.952.032.160;1.040.086.034.260.030;487.159.592.435.666;1.073.230.698.219.640;10.909.343.090.123.400;0;0;608.980.752.488.035;928.763.756.221.244;49.459.504.297.158;7.143.465.517.693.160;5.205.999.277.291.360;3.568.509.837.445.080;14.410.624.369.469.900;5.003.587.505.998.010;20.802.499.331.710.000;283.836.634.199.751;14.996.618.688.056.800;7.195.025.881.318.630;20.414.366.052.258.100;Nordic Specialty Plastics Plant;"Odense, Denmark";Specialty Chemicals;242778;934;18.677.328.191.837.100;2.626.453.548.698.370;6.658.365.376.841.560;10.777.505.554.492.200;3.704.680.778.079.540;5.862.059.411.367.530;1.118.930.901.571.200;17.297.057.097.073.700;1.001.694.908.453.860;3.409.634.125.466.710;4.523.523.630.921.900;11.181.699.206.240.400;0.4010451044230121;0.6385692202507358;0.003154345944902;11.157.730.668.920.600;958.941.475.467.934;100.0;91.869.157.572.947;106;113;8.503.273.323.265.320;1.947.320.454.053.370
B0-FF002_202202;B0-FF002;01/02/2022;17.694.714.500.456.500;9.571.639.367.188.910;9.768.473.524.378.590;4.791.466.713.540.590;11.020.985.457.287.500;11.036.776.119.561.700;0;0;6.415.306.094.530.970;9.465.514.912.471.350;4.839.844.189.590.140;6.789.272.439.231.100;5.412.305.684.060.510;37.390.875.942.615.900;14.182.245.903.050.100;5.082.537.245.696.000;22.922.361.508.451.000;326.385.829.114.218;1.377.674.917.482.060;6.400.967.764.931.400;20.921.289.470.466;Nordic Specialty Plastics Plant;"Odense, Denmark";Specialty Chemicals;244992;885;18.462.130.615.502.400;26.892.884.296.708.500;6.950.823.106.732.280;10.092.857.588.993.700;3.768.637.503.552.760;5.662.418.420.336.550;11.441.769.145.399.700;16.601.884.755.855.400;10.067.308.232.267.400;3.430.141.038.873.810;4.418.805.459.255.760;11.565.186.116.991.800;0.4063832770995301;0.6374003249048167;0.0033280711995749;1.039.049.138.490.710;9.494.358.241.668.670;9.967.573.910.830.950;947.830.625.415.806;111;99;8.230.416.171.953.190;1.905.044.377.814.320
B0-FF002_202203;B0-FF002;01/03/2022;16.682.895.466.467.900;925.274.126.007.126;10.201.566.712.420.900;5.003.038.396.543.970;1.069.639.574.845.850;102.581.148.151.269;0;0;6.289.667.208.939.340;9.471.574.381.970.330;5.032.045.311.030.320;7.436.886.505.555.030;5.151.927.606.654.230;365.530.761.460.046;1.427.496.892.542.300;5.009.003.205.226.010;2.296.752.052.203.940;29.963.969.260.774.300;13.667.595.953.662.900;6.647.116.533.713.090;2.122.034.185.007.210;Nordic Specialty Plastics Plant;"Odense, Denmark";Specialty Chemicals;242494;972;18.395.555.416.725.300;27.117.491.179.105.800;6.988.823.606.219.900;10.413.335.581.543.000;3.848.506.388.123.390;5.766.553.010.707.520;106.494.691.210.199;1.656.096.938.991.160;9.992.001.803.406.330;3.152.473.895.364.310;4.515.383.983.862.430;11.871.058.617.462.000;0.4202538942792027;0.6086283694052786;0.0031348600310231;10.498.768.046.414.000;9.247.532.479.062.370;100.0;9.705.082.960.955.750;103;105;7.859.151.519.738.520;1.958.284.240.500.750
B0-FF002_202204;B0-FF002;01/04/2022;16.627.713.195.952.300;951.719.616.804;10.430.060.017.507.600;4.945.252.072.837.830;10.276.549.816.085.700;1.057.516.713.181.660;0;0;6.246.066.449.918.170;9.268.264.867.748.150;4.902.197.426.157.750;7.211.957.034.551.010;5.479.879.866.713.430;37.515.042.540.310.200;13.917.510.028.650.800;5.029.977.427.229.650;2.261.666.581.858.340;3.064.567.159.745.920;14.212.014.320.687.300;7.086.664.803.909.040;2.037.587.485.313.590;Nordic Specialty Plastics Plant;"Odense, Denmark";Specialty Chemicals;237656;873;18.806.026.085.398.000;26.828.018.905.744.800;7.185.756.120.280.710;10.197.929.976.896.800;3.927.009.316.232.450;5.879.510.692.322.040;1.103.971.637.415.510;17.201.391.244.570.700;10.392.739.255.054.300;36.193.677.536.472.500;469.375.866.023.904;11.145.370.975.749.400;0.3873817175604961;0.6402731496350484;0.0030970319249126;10.941.292.275.944.100;945.364.503.754.796;100.0;9.405.108.379.271.060;108;115;8.539.850.527.090.650;1.994.858.209.293.190
B0-FF002_202205;B0-FF002;01/05/2022;16.548.210.473.550.400;91.022.707.440.573;10.158.541.580.409.700;465.120.988.408.874;10.718.120.672.828.600;10.849.976.561.122.300;0;0;6.877.132.515.904.630;10.045.062.723.903.600;498.476.056.026.929;7.421.129.544.247.280;5.274.717.160.113.340;3.642.303.869.017.200;13.756.684.901.573.500;4.901.733.685.369.180;2.254.096.907.407.350;30.081.667.651.822.900;14.206.727.691.819.800;6.920.863.895.387.020;20.219.644.370.522;Nordic Specialty Plastics Plant;"Odense, Denmark";Specialty Chemicals;249444;938;17.929.089.351.691.400;26.189.997.765.491.000;7.195.561.405.726.990;10.701.169.958.367.900;3.896.334.061.181.970;5.650.169.687.736.070;1.181.573.283.436.610;16.790.933.277.433.400;9.818.830.703.716.970;3.433.778.749.224.680;4.648.415.408.453.060;11.519.799.503.981.200;0.3637520672450731;0.6244660802582535;0.0032846482799474;10.467.520.529.720.500;986.785.524.978.945;100.0;9.404.366.741.666.650;105;109;843.235.677.007.267;19.596.106.671.231.700
B0-FF002_202206;B0-FF002;01/06/2022;17.365.663.979.004.900;9.335.134.266.371.940;10.166.362.019.003.600;4.778.267.326.099.370;10.688.301.198.737.700;10.559.710.441.493.000;0;0;6.503.045.989.845.510;10.123.143.023.287.600;4.802.841.035.799.190;7.502.423.941.683.810;5.482.888.089.228.480;3.521.923.397.300.750;13.785.154.710.401.200;5.135.824.138.193.860;211.088.773.694.656;300.428.460.397.186;14.417.602.721.855.200;6.779.531.567.354.620;19.879.583.008.701.800;Nordic Specialty Plastics Plant;"Odense, Denmark";Specialty Chemicals;239790;994;1.770.724.351.847.690;26.729.198.547.498.700;6.871.135.602.234.990;10.917.415.724.389.100;37.072.304.927.873.300;6.019.116.453.117.860;11.109.174.836.744.200;16.799.888.495.435.400;9.728.080.776.181.120;3.417.045.194.921.660;4.466.438.993.993.610;11.402.960.005.645.300;0.3753750113603836;0.5882513371477845;0.0032321465809103;11.174.978.360.372.000;1.035.168.600.722.280;100.0;9.141.136.632.977.260;102;110;798.902.129.044.467;191.905.037.001.455
B0-FF002_202207;B0-FF002;01/07/2022;17.382.703.659.602.400;9.531.379.531.674.940;9.975.527.919.331.620;4.631.398.348.398.590;1.091.635.864.440.250;10.726.445.407.766.400;0;0;6.357.284.394.017.480;996.418.803.199.932;4.937.556.519.493.260;6.847.270.173.783.330;5.230.988.049.692.140;3.627.061.738.483.710;13.735.122.833.064.200;5.144.705.260.728.360;23.090.412.697.002.500;2.979.421.176.126.470;14.729.918.075.991.800;6.918.179.102.950.090;2.103.856.244.486.170;Nordic Specialty Plastics Plant;"Odense, Denmark";Specialty Chemicals;237802;943;1.840.775.372.743.220;27.848.818.929.957.800;6.921.245.010.019.380;939.523.854.116.785;3.974.792.385.040.540;5.541.785.615.826.650;11.075.790.768.450.200;15.794.722.783.387.300;10.555.289.304.018;3.489.822.000.759.890;4.562.113.358.018.910;12.098.704.508.368.400;0.4122951252511888;0.623556970910358;0.0032414348234927;10.655.942.176.265.700;9.096.614.357.690.010;100.0;9.275.260.862.426.490;103;110;8.372.754.231.249.990;20.693.131.075.306.200
B0-FF002_202208;B0-FF002;01/08/2022;1.708.840.837.363.630;9.123.578.445.502.340;9.721.470.081.307.660;5.072.174.163.219.170;10.838.877.942.555.200;10.355.408.839.194.600;0;0;64.317.763.908.917.200;10.028.045.726.804.400;5.043.106.716.958.040;7.019.210.331.724.570;5.675.059.201.649.200;35.845.569.823.072.500;14.291.350.441.562.600;5.270.030.291.069.790;22.266.377.125.332.000;2.918.146.818.218.960;13.936.657.323.701.400;7.091.343.470.880.800;2.118.435.490.376.610;Nordic Specialty Plastics Plant;"Odense, Denmark";Specialty Chemicals;248234;966;17.617.062.494.156.300;28.538.429.086.811.500;6.715.134.893.886.050;10.636.588.764.108.500;4.193.456.624.456.320;5.951.896.739.912.470;10.691.303.847.801.600;16.868.129.130.038.500;10.710.942.977.721.400;3.429.147.703.016.680;4.795.993.718.559.630;11.284.481.251.664.500;0.4019435345934033;0.617915624752678;0.0033948000672759;10.692.684.734.463.600;8.923.700.845.000.710;100.0;9.369.105.379.373.580;111;103;8.436.738.644.428.930;19.722.740.189.187.300
B0-FF002_202209;B0-FF002;01/09/2022;16.479.115.833.452.600;965.919.850.757.887;975.834.370.262.327;4.749.511.808.861.860;11.267.209.250.379.000;10.411.845.901.467.300;0;0;6.278.354.921.266.350;9.920.949.809.335.210;5.038.415.496.427.980;6.882.283.233.681.170;5.273.589.251.584.630;35.393.838.817.781.000;1.377.619.846.508.430;5.126.968.331.973.580;22.492.229.438.256.400;2.807.688.719.524.660;14.680.190.290.272.300;6.939.061.756.375.740;2.017.246.998.394.680;Nordic Specialty Plastics Plant;"Odense, Denmark";Specialty Chemicals;246016;876;17.297.837.759.769.900;291.339.727.177.984;6.966.730.315.519.250;1.023.057.783.990.450;3.926.631.147.858.810;5.871.149.819.952.850;11.318.933.215.156.100;17.304.244.909.797.700;10.006.510.411.213.000;349.125.736.859.374;45.957.156.523.133.800;11.344.648.124.498.300;0.3932429474960703;0.6472850910145578;0.003273093529558;1.114.010.342.298.770;9.470.513.322.093.300;100.0;9.266.306.615.115.180;112;108;8.134.063.160.440.660;20.042.404.642.486.700
B0-FF002_202210;B0-FF002;01/10/2022;16.912.748.104.202.900;9.551.248.186.856.960;1.051.615.061.366.660;4.812.811.543.301.330;10.812.752.399.541.300;10.556.438.383.438.500;0;0;638.621.394.043.349;9.392.924.870.331.690;5.127.638.776.611.490;7.308.928.651.995.990;526.330.821.469.937;3.845.056.736.281.790;14.127.726.344.829.200;5.019.887.059.465.960;2.231.077.547.457.520;29.923.607.006.326.900;14.918.743.969.866.900;7.160.924.965.504.720;2.118.238.312.982.170;Nordic Specialty Plastics Plant;"Odense, Denmark";Specialty Chemicals;251786;907;18.599.772.001.420.100;27.865.898.458.887.900;6.896.133.921.000.870;1.040.281.177.070.200;4.026.844.505.594.860;606.067.771.370.105;1.083.662.316.835.010;18.003.681.542.143.800;10.423.206.410.268.300;3.429.201.799.275.930;45.131.026.041.836.600;1.203.215.972.051.410;0.4132641703750229;0.6367480853044933;0.0032694190685352;11.210.313.980.102.600;9.723.602.643.604.220;100.0;916.093.894.135.874;110;116;835.328.131.433.499;19.971.371.614.031.900
B0-FF002_202211;B0-FF002;01/11/2022;17.466.016.045.788.200;9.371.536.092.703.030;1.055.475.521.873.220;49.055.045.795.986.700;11.305.138.580.832.200;10.365.426.110.654.900;0;0;6.463.137.900.771.370;974.294.376.206.867;4.860.758.233.463.130;7.405.007.297.663.270;5.361.833.877.915.680;3.696.848.177.095.730;1.366.386.355.668.550;50.814.607.397.098.800;22.140.609.291.259.200;30.792.797.482.804.500;14.406.312.103.180.400;6.936.847.266.930.770;20.689.187.035.843.200;Nordic Specialty Plastics Plant;"Odense, Denmark";Specialty Chemicals;241989;943;1.826.762.283.844.710;29.068.383.443.927.400;7.067.111.843.046.010;11.090.914.670.766.800;39.145.789.687.555.700;5.908.086.296.820.150;11.160.584.923.806.400;17.247.441.886.795.800;999.054.760.874.744;341.369.778.789.575;4.364.226.141.144.850;12.170.065.038.303.500;0.4029736111702772;0.6516701492836644;0.0032087161473614;11.037.843.901.082.800;9.512.051.464.811.990;100.0;9.054.613.592.869.930;113;108;8.633.765.028.757.260;18.911.811.976.415.000
B0-FF002_202212;B0-FF002;01/12/2022;1.664.329.114.542.780;960.759.915.500.536;10.269.128.441.721.900;497.627.226.451.516;10.976.802.055.515.000;11.265.441.855.230.000;0;0;6.295.621.674.818.610;10.104.825.745.986.600;47.984.073.548.863.700;7.353.911.473.077.460;52.296.801.648.726.900;3.764.807.741.235.610;1.383.612.425.830.070;5.208.110.491.271.070;2.238.813.013.647.080;29.065.035.113.978.100;14.565.132.757.037.800;6.830.689.263.266.470;2.144.886.797.356.440;Nordic Specialty Plastics Plant;"Odense, Denmark";Specialty Chemicals;232781;945;1.823.915.797.431.980;269.811.088.952.302;7.247.943.042.980.240;10.508.085.351.879.200;3.877.514.539.876.540;5.976.455.806.339.780;1.084.977.071.858.870;18.370.548.451.915.200;9.771.537.208.694.990;3.523.617.513.483.630;4.641.793.650.865.230;12.083.890.065.784.500;0.410300011823257;0.6127980795786097;0.0030420727279293;1.026.176.033.833.850;9.433.775.970.710.280;100.0;8.878.887.401.330.190;115;113;8.069.694.884.843.780;1.915.623.764.702.350
B0-FF002_202301;B0-FF002;01/01/2023;16.544.490.719.940.400;9.597.757.474.534.750;10.314.014.407.658.900;490.072.791.714.213;10.755.846.928.075.800;10.748.992.560.315.400;0;0;625.117.497.784.536;10.054.131.269.631.600;5.001.232.608.180.960;7.360.643.905.437.620;5.400.672.328.834.880;3.766.411.270.239.760;14.552.928.783.907.300;5.317.480.355.868.880;22.017.754.600.310.500;2.984.889.504.376.280;1.468.175.962.126.370;6.976.015.528.010.420;2.094.715.446.520.340;Nordic Specialty Plastics Plant;"Odense, Denmark";Specialty Chemicals;235257;979;188.076.812.123.652;2.741.066.919.880.240;6.832.806.845.162.390;102.919.356.133.949;3.947.340.907.579.850;5.998.860.708.157.480;11.064.167.215.158.600;1.649.147.951.792.410;1.013.608.638.049.330;3.560.166.766.479.880;4.648.803.283.978.620;11.596.369.291.723.900;0.3947314012401666;0.6135706600020333;0.0033102757705212;10.444.895.695.047.500;10.018.232.618.505.200;100.0;8.913.003.341.748.880;111;111;8.308.934.234.796.180;2.038.181.612.562.480
B0-FF002_202302;B0-FF002;01/02/2023;16.749.815.384.179.500;9.703.630.206.411.520;10.332.296.669.552.600;4.878.215.798.135.740;11.374.006.538.183.900;1.101.972.718.846.850;0;0;6.747.862.588.091.220;10.175.953.591.235.900;4.902.836.329.951.750;7.595.982.216.580.750;5.574.322.942.273.140;3.536.913.241.060.900;1.413.707.641.604.540;52.123.813.434.906;2.168.953.016.913.660;31.038.977.697.584.900;15.366.915.022.272.600;7.284.030.983.933.740;210.943.305.823.434;Nordic Specialty Plastics Plant;"Odense, Denmark";Specialty Chemicals;238507;950;1.772.474.756.533.960;2.714.533.487.583.650;6.565.037.255.139.140;10.658.386.822.557;3.896.206.410.277.260;6.046.817.083.083.370;11.411.693.988.126.700;1.663.050.718.506.690;1.018.421.383.238.160;33.997.053.297.177.900;48.743.826.862.020.100;1.140.096.497.901.350;0.4032746731626774;0.6071315244890775;0.0031223428174183;10.874.962.347.357.300;9.167.249.405.009.190;100.0;9.489.786.848.592.690;108;102;876.628.116.737.085;2.000.428.430.873.530
B0-FF002_202303;B0-FF002;01/03/2023;17.229.208.725.735.400;9.467.429.757.271.360;10.606.636.483.377.100;5.064.221.903.284.230;11.286.655.861.614.000;10.802.339.411.437.400;0;0;64.436.404.841.779.200;9.624.491.409.102.540;4.924.634.254.837.900;7.375.299.976.923.720;5.416.771.345.898.090;36.131.141.936.828.400;14.771.059.719.901.200;5.248.175.089.080.890;22.731.431.992.142.300;3.154.164.302.727.530;14.481.133.980.835.000;6.857.345.610.910.980;2.077.032.959.300.310;Nordic Specialty Plastics Plant;"Odense, Denmark";Specialty Chemicals;246096;959;1.852.425.907.921.920;2.662.987.696.023.300;7.153.828.967.291.750;10.512.530.904.679.900;4.011.414.575.146.390;5.795.407.154.069.390;120.550.644.289.648;17.297.386.859.501.000;10.007.776.226.242.200;35.454.002.920.517.400;4.768.663.452.920.390;1.193.287.998.685.800;0.3972825389726171;0.6483668018263934;0.0031991124634605;10.872.149.508.197.300;8.902.068.367.868.350;100.0;9.247.126.090.059.340;111;108;8.027.943.547.862.930;20.013.263.034.622.100
B0-FF002_202304;B0-FF002;01/04/2023;16.977.125.326.511.400;9.335.919.493.614.770;10.393.609.128.695.700;4.667.872.205.144.800;11.162.100.418.311.900;10.669.174.175.390.100;0;0;6.296.676.517.180.770;9.872.584.732.432.840;5.032.068.636.612.110;7.966.177.668.154.600;5.514.868.468.068.720;3.534.682.315.707.530;14.821.391.368.843.800;5.311.472.730.958.430;22.494.463.411.332.100;3.006.391.884.101.360;13.783.937.800.087.800;7.103.785.446.471.170;2.061.345.518.941.650;Nordic Specialty Plastics Plant;"Odense, Denmark";Specialty Chemicals;234715;964;19.148.229.995.882.500;27.207.539.888.912.000;7.160.312.657.379.400;10.612.060.710.559.700;3.987.392.669.780.240;5.803.988.110.687.460;11.323.852.468.131.900;1.662.371.019.693.600;977.399.181.035.821;35.360.281.248.351.300;4.581.016.265.382.810;1.140.146.784.115.340;0.3950888882220652;0.5990828684004754;0.0030462534991516;10.925.884.244.970.200;8.792.203.543.074.350;100.0;9.520.814.035.272.580;109;110;8.375.630.961.823.820;20.024.650.794.885.600
B0-FF002_202305;B0-FF002;01/05/2023;172.345.811.972.193;992.834.439.173.918;1.085.527.223.234.490;5.159.175.950.943.110;10.707.898.521.632.600;10.984.204.546.974.900;0;0;62.363.798.567.567.800;9.696.740.791.191.580;4.896.415.845.010.340;6.970.259.825.260.560;552.253.265.131.576;3.667.726.158.531.900;14.108.686.264.705.800;529.945.283.816.434;2.235.725.589.205.580;3.125.756.428.187.490;14.052.679.545.270.900;6.864.116.755.150.050;2.107.209.028.750.300;Nordic Specialty Plastics Plant;"Odense, Denmark";Specialty Chemicals;256709;980;18.924.135.231.795.700;26.495.618.507.289.900;7.029.610.922.618.000;10.816.823.772.702.100;4.196.430.887.348.460;5.655.912.853.290.780;11.659.452.271.300.200;17.758.028.003.527.700;10.295.191.098.201.600;33.445.956.157.132.900;4.694.852.984.448.790;11.887.462.849.823.400;0.4126143173185739;0.6153773559305337;0.003161214222827;1.105.107.010.382.930;9.361.370.716.094.840;100.0;9.361.198.510.075.000;110;113;8.153.978.455.326.500;1.913.910.488.198.520
B0-FF002_202306;B0-FF002;01/06/2023;16.947.566.327.219.800;9.049.366.927.414.280;10.572.514.732.088.400;464.665.901.207.415;11.215.825.998.483.800;11.109.846.143.762.000;0;0;643.435.127.335.098;9.583.900.329.884.960;4.880.477.571.768.380;7.408.144.426.337.190;557.277.132.315.986;3.809.728.286.307.580;13.992.268.722.896.000;5.188.522.863.808.410;236.395.045.544.202;32.451.273.765.241.000;1.485.372.599.516.810;6.955.170.177.135.550;21.091.486.224.601.900;Nordic Specialty Plastics Plant;"Odense, Denmark";Specialty Chemicals;240329;965;1.789.020.206.907.340;2.793.064.260.541.170;7.075.607.987.197.850;1.069.029.894.115.530;38.325.229.199.469.600;6.007.714.685.288.170;12.028.340.191.867.800;1.699.168.726.525.990;10.248.173.904.185.000;3.296.871.729.202.610;4.700.072.395.665.700;11.825.990.499.749.700;0.4123217639624877;0.6427751838362716;0.0032163154398551;112.992.978.776.269;9.312.542.265.748.400;100.0;9.471.173.173.064.250;110;105;8.185.067.997.687.060;2.014.480.334.037.910
B0-FF002_202307;B0-FF002;01/07/2023;1.679.422.634.947.900;9.862.589.288.172.270;10.491.031.410.074.600;4.736.263.389.363.490;11.246.119.995.623.400;10.711.730.687.945.400;0;0;61.525.340.360.822;9.497.954.991.442.100;5.118.237.296.963.440;6.918.226.699.506.510;5.354.223.222.759.730;3.780.152.222.567.160;1.408.258.401.799.170;4.954.606.084.834.470;2.266.776.873.669.920;30.195.031.536.196.000;14.100.082.400.533.200;7.787.634.861.589.030;21.474.589.715.592.500;Nordic Specialty Plastics Plant;"Odense, Denmark";Specialty Chemicals;239835;971;18.201.482.420.948.800;2.726.448.967.038.490;7.077.874.271.070.440;10.741.943.876.520.100;40.681.558.081.118.000;6.225.161.885.526.230;1.184.224.622.876.680;17.690.377.164.629.600;1.047.330.895.147.480;36.177.972.508.043.300;4.769.357.635.629.400;1.120.336.347.325.490;0.4174879123259328;0.6557110779575156;0.0031688987045428;10.797.842.667.754.300;9.559.441.707.442.900;100.0;9.264.786.673.341.790;110;112;7.965.236.105.124.250;2.000.210.801.346.830
B0-FF002_202308;B0-FF002;01/08/2023;16.985.324.973.864.400;9.096.498.004.184.810;10.589.240.321.577.400;4.999.582.985.709.480;11.061.852.375.331.900;10.973.595.963.846.500;0;0;6.567.742.114.345.960;10.104.601.080.089.300;49.091.115.611.645.600;7.490.676.208.084.110;5.413.224.041.968.130;3.744.058.488.721.930;14.208.973.551.562.800;5.146.774.054.009.510;2.293.016.847.403.890;3.029.471.914.135.200;14.887.004.072.922.500;7.307.792.879.002.790;20.787.328.353.368.900;Nordic Specialty Plastics Plant;"Odense, Denmark";Specialty Chemicals;240948;936;18.589.281.991.856.300;2.881.568.153.953.060;6.671.388.471.620.110;10.141.635.298.451.200;39.527.305.825.954.700;6.010.201.290.138.840;11.124.415.917.260.300;1.736.011.529.283.900;9.965.192.458.423.350;3.450.664.555.694.540;4.853.214.471.440.870;11.654.780.407.435.200;0.4073510368272641;0.6328958624090821;0.0033572634285332;1.092.447.486.989.630;9.426.872.949.217.290;100.0;9.662.216.860.291.600;114;110;860.689.816.751.007;2.045.344.466.937.870
B0-FF002_202309;B0-FF002;01/09/2023;17.295.609.478.765.700;9.978.088.934.483.400;10.628.353.763.039.000;5.238.973.419.735.290;11.323.091.395.582.400;1.016.471.354.716.750;0;0;6.312.173.341.690.100;9.741.860.253.327.480;5.212.479.772.572.700;7.209.699.424.421.670;5.694.386.190.737.600;3.606.763.780.780.940;14.037.771.885.363.200;4.986.637.599.929.040;23.569.381.397.823.200;3.208.533.816.864.640;14.378.592.908.949.300;673.933.405.191.461;21.025.688.850.735.000;Nordic Specialty Plastics Plant;"Odense, Denmark";Specialty Chemicals;244122;930;19.700.781.698.190.200;29.277.004.597.824.800;6.661.715.049.372.680;10.237.125.867.535.500;4.021.687.489.906.120;5.791.140.788.415.000;115.233.781.076.911;17.291.361.865.089.700;10.191.032.847.846.200;3.608.474.884.002.490;4.934.156.112.346.420;1.192.926.056.003.720;0.3972771961156121;0.6338335003700771;0.0031973463515419;11.605.342.800.415.100;97.977.548.694.554;100.0;9.626.815.116.751.490;110;114;8.349.924.990.184.860;20.578.126.366.832.700
B0-FF002_202310;B0-FF002;01/10/2023;1.804.345.830.917.840;9.374.254.899.820.260;10.542.007.174.717.200;5.026.447.162.629.410;10.676.397.667.061.700;10.356.783.026.236.600;0;0;6.523.658.519.700.420;97.532.625.407.255;538.032.460.262.679;7.539.399.646.488.270;5.546.191.981.395.830;36.371.125.719.903.500;1.420.584.361.101.070;5.356.397.714.813.310;23.239.841.435.600.800;31.505.541.306.409.400;1.432.028.897.134.610;6.949.735.899.763.770;2.027.446.049.579.880;Nordic Specialty Plastics Plant;"Odense, Denmark";Specialty Chemicals;246553;906;18.414.900.260.063.100;27.437.694.956.793.400;7.085.402.662.726.070;10.987.237.575.645.300;41.328.088.955.298.700;61.164.606.510.240.400;11.210.245.223.594.400;17.293.534.260.265.400;9.946.793.911.404.370;34.365.718.339.767.100;47.534.174.157.902.100;11.457.413.962.660.300;0.4071025860975649;0.6115373952403993;0.0033223570506265;1.084.448.785.943.910;8.969.989.618.641.200;100.0;9.740.739.383.808.650;104;113;8.893.429.881.188.180;1.991.238.611.012.210
B0-FF002_202311;B0-FF002;01/11/2023;1.731.728.672.011.760;9.527.637.968.419.820;10.610.847.034.061.800;5.123.995.419.785.330;10.649.690.019.263.300;10.583.344.610.048.200;0;0;6.528.733.094.191.030;9.816.609.230.526.130;4.956.709.909.557.480;7.538.828.403.495.390;5.277.224.899.500.760;3.634.330.492.787.350;1.419.955.445.751.560;5.266.385.768.840.790;2.244.264.047.747.850;3.139.690.728.034.910;15.010.974.100.599.200;6.936.303.284.484.880;2.145.422.293.882.930;Nordic Specialty Plastics Plant;"Odense, Denmark";Specialty Chemicals;244770;940;17.389.287.127.667.900;281.146.602.363.053;7.144.383.681.442.380;10.974.546.854.717.100;3.935.997.461.799.310;5.876.913.775.085.160;11.170.964.620.790.800;15.766.178.588.002.900;10.101.791.266.798.900;38.005.352.514.169.700;4.869.688.697.730.220;11.463.832.531.930.400;0.4068098447972078;0.6226330476331062;0.0033984975322633;11.707.756.359.621.100;9.645.529.879.164.190;100.0;9.611.646.518.581.220;110;111;8.526.716.751.289.480;2.033.420.457.636.770
B0-FF002_202312;B0-FF002;01/12/2023;16.222.966.233.232.600;9.491.815.536.245.130;10.088.256.556.593.500;5.078.499.457.824.920;10.796.064.698.155.000;10.316.286.289.721.900;0;0;6.277.171.977.335.780;9.843.669.365.194.260;5.339.159.448.471.470;7.413.067.996.891.110;5.400.171.241.287.390;35.627.277.634.231.600;1.439.319.513.933.260;5.176.498.662.505.970;23.059.561.751.445.300;2.853.949.181.095.300;14.978.465.522.886.500;6.712.648.195.064.850;2.092.042.453.480.420;Nordic Specialty Plastics Plant;"Odense, Denmark";Specialty Chemicals;253390;887;1.841.652.197.142.650;2.762.051.916.916.090;7.048.056.463.218.620;1.075.342.918.899.590;3.982.194.465.351.320;5.762.265.111.994.340;1.153.248.357.692.880;17.334.239.918.287.300;10.218.859.541.790.600;3.733.052.056.900.800;4.884.485.316.909.290;12.477.090.195.603.900;0.4179205086914642;0.6671408484607615;0.003181436048963;10.869.132.336.646.900;9.462.732.438.776.370;100.0;9.486.190.445.544.610;111;112;8.970.044.215.360.120;1.915.116.623.373.320
B0-FF002_202401;B0-FF002;01/01/2024;1.665.390.366.782.650;8.934.788.675.013.390;10.206.745.195.164.600;4.914.662.085.500.700;10.837.041.100.531.300;10.466.250.285.011.000;0;0;6.292.700.760.442.700;994.049.904.288.163;50.150.461.150.499.400;7.593.347.355.354.350;5.463.256.439.245.400;3.658.219.567.402.700;14.335.223.039.654.700;4.889.362.774.494.910;23.517.495.016.258.100;3.149.630.566.749.230;1.415.535.187.347.030;6.843.846.130.834.630;20.608.468.374.134.500;Nordic Specialty Plastics Plant;"Odense, Denmark";Specialty Chemicals;233217;903;17.685.277.607.622.200;25.666.972.401.677.100;6.984.965.556.535.760;10.607.947.409.138.100;4.137.973.642.624.190;6.188.278.150.308.320;11.258.237.948.212.900;172.340.812.189.342;10.587.914.839.443.800;34.697.858.714.815.500;47.253.562.107.570.600;11.626.613.032.730.400;0.4145986694675454;0.6355221102121571;0.003234707778391;11.351.527.820.860.500;9.391.083.456.876.400;100.0;9.992.499.313.089.820;112;108;8.622.364.901.434.690;2.155.734.864.725.360
B0-FF002_202402;B0-FF002;01/02/2024;1.731.823.574.723.910;9.881.591.522.934.630;10.484.521.448.270.600;5.027.783.092.698.870;11.055.265.747.683.300;10.517.243.949.955.400;0;0;6.410.809.589.095.600;1.047.482.185.508.750;5.097.441.411.015.800;71.434.005.283.935.400;5.536.034.767.023.050;3.639.681.118.272.490;1.428.584.277.923.260;5.024.370.986.157.290;2.324.797.317.786.710;3.092.114.963.266.580;14.080.156.602.374.800;7.168.554.566.631.130;22.511.247.641.095.800;Nordic Specialty Plastics Plant;"Odense, Denmark";Specialty Chemicals;237967;975;18.737.764.607.662.700;2.824.983.281.083.140;7.260.798.223.429.260;10.574.821.084.600.200;40.074.922.254.873.800;6.034.721.734.075.410;11.228.674.836.896.800;17.621.651.302.914.700;10.148.596.572.552.900;37.143.491.305.618.700;463.481.968.021.596;11.385.484.061.422.500;0.4285067337177082;0.6204660558566413;0.0031534455223894;1.114.004.678.441.050;10.037.624.461.175.300;100.0;9.332.685.468.271.180;111;110;8.968.549.617.536.180;1.984.993.627.985.700
B0-FF002_202403;B0-FF002;01/03/2024;1.736.853.423.642.780;9.711.583.119.914.600;10.129.263.477.354.700;4.963.226.266.604.630;11.034.821.615.139.900;11.309.230.283.999.400;0;0;6.450.454.883.146.940;9.897.752.449.739.150;5.108.177.463.983.150;7.559.693.073.408.690;5.663.981.317.809.160;3.595.136.712.396.820;14.711.992.571.235.500;5.331.515.695.583.210;227.058.999.078.011;2.947.647.667.156.220;146.253.183.507.333;7.024.512.775.189.680;21.654.269.306.315.000;Nordic Specialty Plastics Plant;"Odense, Denmark";Specialty Chemicals;248793;992;1.793.650.879.714.900;29.735.726.632.560.400;7.267.811.922.816.980;10.904.030.449.747.100;42.233.011.259.686.300;6.081.108.558.276.200;11.895.106.066.290.300;17.490.348.735.808.300;10.530.656.261.207.500;3.647.772.741.956.420;4.861.440.349.743.610;11.329.891.339.057.500;0.409880242429154;0.6576759426798775;0.0033251595462062;11.007.913.524.412.800;9.809.677.577.404.890;100.0;9.730.400.631.438.990;112;111;8.506.484.881.844.610;2.027.574.550.533.380
B0-FF002_202404;B0-FF002;01/04/2024;17.193.680.915.970.100;9.579.258.963.840.910;11.070.017.370.110.800;4.759.792.321.524.860;10.584.166.012.113.700;11.127.603.264.400.700;0;0;6.683.203.790.517.750;10.304.009.682.203.500;4.918.917.690.105.270;6.966.637.353.917.710;5.307.121.982.543.110;3.631.487.602.937.570;15.090.505.081.494.300;5.152.482.789.334.440;2.333.528.830.717.730;315.429.581.517.905;151.259.308.532.689;6.974.303.185.978.690;21.316.828.565.087.800;Nordic Specialty Plastics Plant;"Odense, Denmark";Specialty Chemicals;242723;971;192.233.972.375.196;29.802.347.078.774.400;7.002.536.614.060.350;10.732.465.030.147.800;4.102.085.565.409.650;6.141.034.606.604.460;1.214.443.344.677.320;17.364.665.849.964.700;10.160.358.117.555.300;3.674.550.384.433.820;47.598.731.664.722.500;12.073.968.665.288.300;0.4145874393894354;0.6537367384045255;0.0031947173903226;10.884.767.190.683.300;8.904.737.059.782.320;100.0;978.262.893.543.702;111;108;8.929.050.083.811.050;2.024.228.550.168.300
B0-FF002_202405;B0-FF002;01/05/2024;18.237.431.021.128.400;9.932.859.672.990.430;10.577.226.761.493.200;5.278.628.982.681.430;10.993.259.436.466.100;10.527.215.800.857.600;0;0;67.645.449.487.803.500;10.202.509.379.273.400;5.378.211.713.300.080;7.258.265.664.137.870;5.483.432.823.978.530;36.912.992.032.904.300;14.207.335.389.437.200;4.979.905.320.103.410;2.290.411.822.280.090;3.164.220.264.476.260;14.267.526.989.835.700;6.920.624.212.795.000;21.259.932.662.162.700;Nordic Specialty Plastics Plant;"Odense, Denmark";Specialty Chemicals;250358;925;1.986.824.221.877.640;26.913.701.440.933.600;6.971.980.394.896.220;11.062.992.607.332.500;41.187.397.508.686.300;61.964.218.745.807.200;11.325.185.835.473.700;17.181.020.638.451.100;10.029.877.113.590.200;34.988.263.377.893.600;4.776.441.602.197.500;11.587.245.031.413.200;0.3941391735448691;0.6590868132127246;0.0032657265822839;11.296.700.178.092.800;9.594.163.232.874.320;100.0;100.0;107;109;8.339.759.957.055.160;2.145.479.940.874.690
B0-FF002_202406;B0-FF002;01/06/2024;1.736.535.391.377.720;995.281.688.411.038;9.694.348.398.436.010;5.065.010.889.707.860;11.010.061.497.723.800;11.350.742.606.906.600;0;0;6.808.312.412.543.950;10.449.720.854.717.000;5.362.958.609.354.050;7.548.354.886.014.070;5.474.824.421.613.810;3.743.483.986.124.610;14.123.941.127.675.800;5.266.086.411.585.980;2.241.056.995.917.920;30.785.394.792.412.900;15.518.663.020.464.800;7.189.996.762.534.120;2.109.504.072.554.650;Nordic Specialty Plastics Plant;"Odense, Denmark";Specialty Chemicals;236789;954;19.003.647.014.961.900;28.151.187.484.907.200;7.089.789.586.275.030;10.847.583.253.015.100;4.054.392.561.942.220;617.160.949.923.474;1.182.994.170.130.640;17.413.281.291.278.900;10.262.919.110.868.800;35.367.614.881.232.100;48.069.093.969.548.800;12.308.267.906.458.200;0.4122065176348488;0.6343259564072921;0.0032068932283696;10.564.806.755.758.800;9.334.689.172.980.380;100.0;9.347.270.610.480.910;113;108;8.585.423.369.715.290;2.071.104.058.601.270
B0-FF002_202407;B0-FF002;01/07/2024;16.960.964.141.250.400;956.221.146.801.124;1.012.369.507.945.190;4.870.999.632.639.440;1.160.080.741.778.450;11.074.123.698.961.800;0;0;6.801.907.244.379.090;9.743.904.493.827.110;5.059.623.437.542.130;7.991.063.946.717.960;5.388.400.048.973.650;389.886.807.714.505;14.304.829.424.546.300;50.679.403.157.026.900;21.862.419.302.054;3.107.489.153.459.930;14.105.141.626.751.600;7.068.198.872.233.490;2.017.190.746.264.020;Nordic Specialty Plastics Plant;"Odense, Denmark";Specialty Chemicals;247749;914;1.857.502.823.139.900;26.902.049.480.713.500;7.370.591.335.524.980;10.043.972.504.433.600;3.977.378.164.679.000;6.151.959.813.939.800;11.713.340.576.154.300;16.825.191.391.118.100;9.778.693.903.453.620;3.623.585.085.744.690;4.715.121.493.477.130;11.537.653.526.999.400;0.427103221451075;0.6273894900457866;0.0032258493740633;10.785.306.742.981.500;948.430.280.826.407;100.0;9.642.365.424.733.220;117;107;8.502.484.292.633.930;201.260.392.349.805
B0-FF002_202408;B0-FF002;01/08/2024;1.765.591.018.501.980;10.004.236.194.965.200;1.050.234.164.557.340;49.238.855.491.747.400;11.348.626.729.369.800;10.383.572.850.869.400;0;0;6.356.730.095.086.640;9.848.945.082.599.140;5.226.432.235.207.780;7.472.869.140.201.090;5.679.905.307.847.420;38.306.309.895.376.900;13.714.095.125.506.400;5.442.573.566.206.210;23.218.472.433.110.200;3.136.306.290.948.290;1.479.850.708.806.870;6.661.200.150.052.580;21.283.047.550.986.000;Nordic Specialty Plastics Plant;"Odense, Denmark";Specialty Chemicals;238297;927;18.356.475.757.537.200;2.879.406.001.539.300;717.831.863.675.862;10.875.422.647.964.700;3.962.089.740.458.960;6.125.485.472.561.380;11.532.101.807.670.400;17.996.551.422.944.800;10.544.129.273.272.600;356.149.486.169.717;46.240.174.664.499.800;1.203.184.172.233.850;0.4203718969627456;0.6411548165234799;0.0032473543987322;10.867.775.763.299.200;981.012.119.721.618;100.0;9.486.675.693.536.710;114;113;8.301.289.569.331.120;2.042.927.030.939.150
B0-FF002_202409;B0-FF002;01/09/2024;18.495.068.299.169.300;9.924.024.904.740.890;10.477.417.190.814.700;5.222.488.767.229.440;11.904.269.844.614.900;11.216.141.981.037.100;0;0;67.857.090.196.943.100;9.365.559.622.551.750;5.292.945.896.782.170;7.358.926.664.752.600;57.576.632.168.290.100;37.219.786.529.296.000;14.497.982.629.320.000;5.305.404.220.301.920;2.338.380.132.599.570;3.146.203.437.584.330;1.423.481.108.007.170;7.090.774.071.870.480;2.143.734.349.591.500;Nordic Specialty Plastics Plant;"Odense, Denmark";Specialty Chemicals;254753;974;18.281.788.501.406.100;2.735.315.694.959.940;7.264.806.554.893.390;10.593.311.604.737.900;41.111.374.648.749.100;6.053.645.931.947.620;12.122.925.491.582.600;17.130.304.648.220.500;10.786.280.165.426.400;3.653.107.208.119.200;46.804.758.788.328.600;11.632.469.583.962.800;0.4419585796011818;0.622254059417638;0.0033283353807631;1.121.267.079.728.040;9.729.801.135.228.950;100.0;930.227.699.658.676;118;109;8.572.178.674.743.280;19.395.720.862.165.700
B0-FF002_202410;B0-FF002;01/10/2024;17.999.365.110.723.900;10.289.178.903.542.900;11.213.242.508.181.900;52.021.717.574.653.900;11.055.324.096.997.600;10.945.591.671.494.400;0;0;6.471.129.070.969.540;10.267.228.988.591.000;5.019.838.976.126.970;6.904.994.779.232.380;53.367.383.124.387.300;3.825.712.288.311.500;13.625.532.870.870.300;5.180.104.798.402.270;2.265.483.377.614.310;3.132.041.120.312.900;147.486.193.226.153;7.240.981.656.402.760;21.369.478.786.845.500;Nordic Specialty Plastics Plant;"Odense, Denmark";Specialty Chemicals;238986;987;17.682.394.857.053.500;2.882.030.081.260.570;7.377.528.874.910.360;1.151.242.025.664.520;393.366.649.582.788;5.968.462.341.253.470;11.645.596.393.778.500;17.525.758.616.970.900;10.610.564.597.037.000;3.608.005.783.959.760;4.698.246.399.273.950;1.192.526.105.011.620;0.4299689049408918;0.6159567411360946;0.0032785108450297;11.294.817.285.520.200;9.426.004.301.374.750;989.226.366.378.071;9.995.726.080.017.110;112;108;8.856.836.717.266.720;2.016.582.865.383.300
B0-FF002_202411;B0-FF002;01/11/2024;16.928.522.235.670.000;9.856.462.163.898.070;10.604.118.798.989.800;4.943.804.298.941.420;10.933.710.315.625.900;10.619.778.825.306.100;0;0;6.379.817.239.710.030;10.036.117.443.318.600;53.853.826.626.702.500;7.449.959.413.906.810;5.649.244.259.615.010;37.496.297.184.781.800;14.772.959.689.359.300;5.566.060.144.139.240;22.642.549.166.514.000;31.127.194.687.645.500;14.738.001.221.883.400;7.276.805.845.365.900;215.742.304.296.534;Nordic Specialty Plastics Plant;"Odense, Denmark";Specialty Chemicals;242210;962;20.054.337.212.156.600;28.456.772.179.794.100;6.731.251.645.185.840;1.064.250.131.006.660;4.030.781.696.231.690;6.051.539.431.832.300;11.615.904.681.833.100;17.707.037.262.664.700;10.520.901.194.583.500;35.838.545.316.759.200;4.889.169.817.396.960;11.436.487.722.689.200;0.4155448125521086;0.6493343263652405;0.0033306964807969;10.904.517.990.817.500;9.592.782.331.617.370;100.0;987.153.639.405.622;106;108;8.736.707.983.824.380;2.064.603.404.444.190
B0-FF002_202412;B0-FF002;01/12/2024;16.658.769.187.003.400;9.942.465.499.311.360;10.656.791.281.152.500;5.119.994.153.560.150;11.228.787.385.776.500;1.110.915.205.692.590;0;0;6.591.299.670.311.380;9.991.051.964.679.730;5.152.902.735.238.890;7.479.833.370.283.350;5.695.013.683.004.510;3.962.859.163.303.830;14.625.958.840.909.500;5.325.707.542.112.130;2.380.660.812.483.040;31.518.796.804.353.600;1.421.091.718.271.920;701.307.958.268.831;22.692.852.026.366.500;Nordic Specialty Plastics Plant;"Odense, Denmark";Specialty Chemicals;241222;980;18.156.401.555.666.700;29.309.701.524.949.200;7.049.743.806.903.200;10.808.719.275.382.500;4.005.977.105.495.920;6.176.001.358.771.370;11.712.579.268.897.500;18.055.376.435.168.600;10.578.120.772.765.200;3.590.254.015.408.390;485.182.893.319.908;12.238.661.641.588.700;0.4141811186314985;0.6325696716206581;0.0034630059691215;11.370.327.081.690.600;9.877.458.371.140.260;100.0;9.086.013.188.897.420;111;111;8.557.420.304.868.350;2.085.769.482.713.690
B0-FF002_202501;B0-FF002;01/01/2025;18.311.662.863.458.700;10.094.965.664.968.400;10.418.225.663.265.200;5.129.030.532.163.950;1.105.276.420.777.540;10.374.668.722.904.700;0;0;6.484.807.882.923.650;1.027.843.500.177.690;5.067.667.362.810.660;7.590.309.221.240.390;5.522.849.359.321.140;3.917.608.256.939.280;14.278.039.703.724.800;5.186.090.193.764.010;240.094.113.839.232;3.064.294.275.477.000;14.787.761.379.135.300;7.056.042.193.308.410;2.213.320.241.020.130;Nordic Specialty Plastics Plant;"Odense, Denmark";Specialty Chemicals;256369;945;19.038.990.542.179.400;2.879.509.882.381.200;7.183.379.520.541.660;11.287.801.959.972.900;4.221.924.607.644.250;5.934.750.220.599.030;1.208.840.380.688.920;17.862.315.585.660.900;10.461.612.563.733.100;3.539.239.803.192.130;4.552.212.330.730.300;12.101.868.687.802.500;0.4235158635780188;0.6808363613764992;0.0032455776419138;10.609.173.686.786.200;9.424.180.000.196.520;100.0;948.251.995.660.651;117;112;8.394.477.687.752.610;2.158.209.048.148.660
B0-FF002_202502;B0-FF002;01/02/2025;1.822.153.115.733.440;9.727.841.780.904.270;10.940.354.928.147.000;5.071.734.132.860.610;1.137.647.501.982.010;11.574.463.164.991.300;0;0;6.563.520.175.668.360;10.139.520.395.759.100;4.982.680.078.509.340;7.649.662.060.719.730;537.680.131.492.539;3.609.885.425.485.370;14.320.787.346.246.000;5.577.774.623.086.560;24.774.806.669.695.500;3.167.430.097.580.170;14.604.956.568.430.300;7.220.301.694.865.470;21.776.420.722.804.100;Nordic Specialty Plastics Plant;"Odense, Denmark";Specialty Chemicals;257907;930;19.424.514.307.584.200;27.073.738.279.579.400;7.060.786.690.423.020;10.804.811.939.821.400;4.092.324.292.951.730;6.096.570.015.457.220;1.173.956.007.957.610;17.635.587.585.627.000;9.922.654.471.870.500;36.295.414.540.235.300;4.885.375.634.558.290;12.497.041.373.022.100;0.4433794264602566;0.6510257141376854;0.0034566325543399;11.164.941.650.356.700;9.354.939.667.031.430;100.0;9.835.667.819.340.390;112;112;878.096.366.203.059;2.017.564.789.376.310
B0-FF002_202503;B0-FF002;01/03/2025;1.778.061.231.231.150;952.035.837.483.126;10.375.985.773.269.700;4.858.209.879.064.040;11.998.168.698.163.400;1.102.943.909.077.310;0;0;6.529.182.553.306.400;1.021.606.648.714.760;5.411.010.448.015.870;7.318.322.255.338.830;5.508.392.752.862.020;3.665.416.223.115.920;14.392.904.072.869.700;5.121.798.773.877.000;22.051.543.271.212.300;31.493.554.153.370.700;15.022.467.236.358.900;6.948.638.025.924.550;211.467.122.314.525;Nordic Specialty Plastics Plant;"Odense, Denmark";Specialty Chemicals;246569;1016;17.177.818.719.642.600;2.869.337.588.505.750;7.318.148.115.435.250;10.586.390.046.093.800;40.044.976.849.295.700;6.164.892.675.554.310;11.680.640.801.057.000;1.853.234.965.022;10.440.444.220.905.100;3.664.178.387.855.690;483.901.861.993.309;12.276.762.587.916.800;0.4107533378278514;0.647690605771802;0.0033133137421718;10.931.089.609.018.700;1.006.295.345.862.430;100.0;100.0;105;112;8.911.011.439.461.230;19.676.963.635.853.200
B0-FF002_202504;B0-FF002;01/04/2025;1.779.033.250.764.710;9.894.779.579.714.940;10.750.314.741.726.400;5.011.186.108.555.660;11.096.604.541.037.400;10.498.407.601.389.800;0;0;6.482.230.603.837.010;9.938.194.667.656.300;543.536.589.628.744;7.424.602.556.879.360;5.640.803.416.794.100;38.191.427.182.042.900;14.389.783.667.037.800;5.397.336.212.029.760;2.375.484.056.104.500;3.213.332.521.025.500;1.519.141.288.745.780;6.752.350.080.232.170;20.847.439.437.647.200;Nordic Specialty Plastics Plant;"Odense, Denmark";Specialty Chemicals;243760;945;18.387.669.162.276.600;2.910.288.828.659.820;7.202.886.006.084.010;10.784.886.612.307.800;4.023.915.207.861.560;6.037.250.920.330.100;11.618.895.772.731.600;18.387.701.796.442.300;986.831.064.792.819;3.712.520.935.019.570;5.108.652.771.019.550;12.497.071.661.520.900;0.4085187513901581;0.6351028890594778;0.0034265050657578;1.109.993.481.692.020;965.317.108.072.136;100.0;9.318.748.348.115.690;112;108;8.863.854.845.388.910;19.909.355.575.798.000
B0-FF002_202505;B0-FF002;01/05/2025;17.613.413.557.264.500;968.185.956.761.492;10.779.798.138.668.100;5.194.774.153.847.360;1.136.284.073.686.370;10.797.701.553.882.400;0;0;6.766.567.930.123.060;10.012.029.160.270.900;5.104.171.169.275.370;7.146.924.868.384.020;5.777.075.937.452.560;368.259.667.533.224;14.934.464.839.827.100;5.426.468.025.647.540;24.032.622.161.347.900;3.203.250.135.214.790;14.665.564.433.548.200;7.213.687.241.130.610;2.164.666.060.239.100;Nordic Specialty Plastics Plant;"Odense, Denmark";Specialty Chemicals;245854;922;17.597.892.162.416.800;2.902.343.929.356.030;7.148.701.810.429.940;11.153.437.263.612.800;4.009.583.946.055.350;61.170.794.508.403.400;12.043.379.198.991.200;18.496.758.478.588.800;10.332.254.665.601.200;34.723.184.654.416.500;49.591.137.296.720.000;11.948.877.265.894.400;0.4153474065445547;0.6374768413218932;0.0032553881922135;1.145.547.355.351.660;9.418.745.498.514.840;100.0;972.617.114.046.262;111;118;891.937.687.302.985;201.702.763.867.904
B0-FF002_202506;B0-FF002;01/06/2025;1.754.940.281.642.610;10.086.970.957.755.300;1.069.491.054.626.960;5.288.646.933.570.090;11.469.902.035.399.300;11.125.246.467.211.800;0;0;6.385.297.390.173.050;9.751.772.522.231.250;5.161.647.777.562.730;7.792.637.512.111.690;5.180.556.154.769.950;35.518.042.857.853.900;14.318.854.277.503.700;5.637.969.899.909.320;23.138.212.591.916.500;30.260.358.249.388.300;15.138.969.163.725.600;7.578.008.737.028.730;212.394.711.799.366;Nordic Specialty Plastics Plant;"Odense, Denmark";Specialty Chemicals;251506;974;19.158.158.121.773.600;2.801.730.290.686.700;7.331.272.206.836.840;1.112.604.695.528.420;41.472.029.317.778.600;5.825.922.117.784.440;11.224.904.817.837.100;17.325.683.846.482.200;10.526.399.161.842.900;3.643.750.778.306.560;46.387.383.617.387.800;12.183.223.142.903.100;0.4339150803280045;0.6588650025983849;0.0032848069864352;11.083.959.600.890.400;9.441.024.434.791.150;100.0;9.801.840.945.768.100;107;117;886.658.028.476.803;21.204.940.550.516.800
B0-FF002_202507;B0-FF002;01/07/2025;17.329.332.182.609.200;9.710.524.997.462.740;10.420.550.637.741.200;5.403.496.705.469.770;1.112.094.525.400.660;1.073.678.287.492.500;0;0;6.901.520.338.872.070;10.177.663.552.137.600;5.397.603.616.174.650;7.549.765.540.717.830;5.569.877.184.679.010;3.653.132.137.311.530;15.202.280.473.809.900;5.464.360.121.280.860;2.389.708.990.755.710;3.225.915.145.342.320;1.447.564.536.907.300;7.283.458.206.368.790;2.238.486.111.179.620;Nordic Specialty Plastics Plant;"Odense, Denmark";Specialty Chemicals;255431;976;19.972.542.645.112.000;2.889.419.911.392.630;7.489.114.820.440.690;10.930.136.477.996.300;40.193.105.982.098.100;63.089.165.384.687.500;1.200.066.107.713.640;17.894.893.308.676.500;10.188.639.638.072.100;3.696.350.990.129.940;4.681.298.061.864.570;12.360.723.727.445.500;0.4085033334278573;0.6301943658316431;0.0033636098724822;11.414.954.993.679.000;9.898.075.914.220.950;100.0;9.998.065.394.045.440;113;114;8.663.164.573.412.210;2.004.949.064.502.260
B0-FF002_202508;B0-FF002;01/08/2025;18.240.283.379.240.400;9.655.050.835.906.460;11.237.088.357.606.500;4.960.446.105.542.430;1.141.245.832.023.840;11.088.681.238.952.200;0;0;6.757.325.628.870.960;10.267.317.440.583.800;50.443.562.032.028.600;72.305.318.400.681.500;5.399.147.865.469.530;3.747.543.122.824.230;1.544.601.429.005.400;5.304.552.254.202.340;24.631.472.674.929.400;31.390.727.746.294.800;14.877.939.717.139.500;736.318.412.732.752;21.512.206.678.676.500;Nordic Specialty Plastics Plant;"Odense, Denmark";Specialty Chemicals;250361;922;1.837.245.205.244.040;2.703.402.911.421.980;7.368.183.067.485.140;10.431.888.244.183.000;4.241.389.560.323.020;620.290.254.963.162;12.093.411.953.788.100;17.386.167.947.157.600;10.112.678.998.258.300;35.539.930.085.439.700;4.953.942.959.676.260;12.859.476.850.579.600;0.4293143184591003;0.6217811747278357;0.0032407018176682;10.730.792.121.475.100;9.806.724.581.458.570;100.0;9.645.816.162.665.840;109;109;873.839.329.857.767;20.814.326.637.156.500
B0-FF002_202509;B0-FF002;01/09/2025;17.035.298.128.602.900;9.995.663.373.689.810;11.008.279.937.866.500;4.735.832.026.678.680;11.850.148.963.240.300;11.311.013.460.037.800;0;0;6.764.165.446.111.170;10.389.610.316.056.100;5.114.379.249.263.260;7.677.543.768.172.470;5.589.112.278.387.520;3.709.288.067.206.780;14.454.432.031.323.900;5.345.024.506.586.550;22.985.727.254.156.600;3.070.924.969.601.110;14.997.747.726.533;7.363.387.069.401.360;21.820.490.862.743.900;Nordic Specialty Plastics Plant;"Odense, Denmark";Specialty Chemicals;236856;956;18.417.991.965.555.100;2.998.167.963.170.460;7.244.675.681.741.520;10.797.062.803.571.300;40.052.194.140.181.800;6.121.024.932.192.370;12.033.200.466.865.700;16.775.051.288.918.900;10.549.151.305.601.700;3.540.944.912.611.640;4.868.002.284.325.490;12.395.585.615.981.900;0.4144930073770124;0.6214178644533519;0.0033111493519398;1.167.872.558.618.800;10.102.678.118.063.400;100.0;9.511.400.231.493.020;111;109;8.928.658.667.133.190;2.113.461.184.240.830
B0-FF002_202510;B0-FF002;01/10/2025;17.476.996.864.940.300;9.718.130.985.001.840;10.491.417.658.768.200;5.028.542.826.842.870;11.077.753.949.921.900;11.038.071.919.465.000;0;0;644.886.435.807.289;1.017.298.274.994.160;53.232.436.052.539.200;7.298.450.002.233.150;56.423.192.232.856.800;3.921.165.527.044.740;14.449.010.062.258.100;5.001.668.253.129.970;2.146.793.186.236.310;3.178.432.087.752.710;14.886.556.356.074.800;7.290.485.552.650.830;22.068.210.409.144.700;Nordic Specialty Plastics Plant;"Odense, Denmark";Specialty Chemicals;238146;951;19.157.162.574.293.500;2.916.241.405.914.970;7.171.304.713.478.010;10.432.078.308.172.600;41.195.215.012.706;6.160.160.908.948.070;11.406.682.695.758.200;16.711.360.974.527.400;10.667.954.337.770.300;3.532.612.675.756.290;4.838.086.975.555.750;12.172.931.353.110.800;0.4092051059099729;0.6568745425799262;0.0032590150318194;10.751.792.751.319.500;9.385.794.472.373.890;100.0;100.0;113;119;9.112.345.876.763.290;2.087.934.499.306.650
B0-FF002_202511;B0-FF002;01/11/2025;18.537.716.011.512.300;1.031.007.569.643.980;11.106.882.288.131.300;4.814.486.088.674.880;11.259.361.920.596.800;10.870.725.839.008.700;0;0;6.970.642.775.767.530;10.168.760.698.655.400;5.223.310.825.285.710;7.432.950.456.049.920;5.593.439.649.737.800;3.818.063.430.779.340;1.454.288.700.040.810;525.542.442.144.625;2.296.391.288.331.430;33.247.151.522.187.100;15.745.478.262.554.400;7.155.032.040.546.280;2.232.713.983.354.730;Nordic Specialty Plastics Plant;"Odense, Denmark";Specialty Chemicals;243282;966;18.319.787.149.293.900;2.943.745.504.869.710;734.002.078.846.025;11.133.423.957.427.000;4.191.150.247.053.740;5.996.776.078.669.170;11.678.716.885.045.200;1.802.567.562.624.760;10.390.765.129.324.800;3.610.701.968.490.180;470.081.794.552.057;12.615.691.337.562.000;0.4361925128902754;0.6735497792777705;0.003415160151965;10.899.219.583.948.400;9.734.964.750.447.940;100.0;964.216.986.205.235;117;108;8.589.202.829.550.600;20.339.645.771.762.100
B0-FF002_202512;B0-FF002;01/12/2025;17.022.247.142.270.100;9.948.518.930.325.220;1.062.901.954.547.780;5.278.888.942.393.830;1.125.851.893.456.940;11.266.838.215.890.800;0;0;6.344.257.272.468.800;1.026.565.697.964.190;5.286.432.317.627.150;7.511.014.354.043.430;5.855.386.936.242.180;3.849.649.618.893.710;15.274.803.737.452.300;4.941.832.160.295.480;24.482.759.426.042.200;3.098.432.538.667.790;14.882.496.654.670.000;7.524.090.563.411.310;20.413.437.435.748.000;Nordic Specialty Plastics Plant;"Odense, Denmark";Specialty Chemicals;247851;1006;18.607.257.335.150.500;2.937.841.390.021.950;7.389.679.472.031.120;10.979.594.428.271.400;4.160.225.481.903.920;6.403.507.050.676.250;12.019.704.732.658.300;18.303.759.867.950.300;1.023.311.867.228.660;36.700.899.898.938;489.238.703.431.362;12.554.395.804.030.800;0.4099538667103544;0.6710928950745406;0.0032641525714268;12.073.427.938.910.500;9.624.230.306.891.140;100.0;9.642.943.730.496.000;117;115;9.192.725.367.187.040;2.041.983.612.251.870
B0-FF002_202601;B0-FF002;01/01/2026;1.747.927.356.379.030;968.040.699.608.028;10.581.099.829.079.300;4.899.677.147.378.330;11.143.325.484.869.800;10.721.846.440.646.100;0;0;6.681.016.617.835.930;9.954.489.234.264.080;5.356.028.192.667.480;7.525.810.448.847.150;5.808.422.931.957.970;3.688.095.355.332.700;14.219.644.405.715.100;5.457.689.715.359.580;2.328.312.573.638.910;324.718.945.768.854;1.450.409.767.102.090;736.792.307.668.638;22.177.630.435.483.400;Nordic Specialty Plastics Plant;"Odense, Denmark";Specialty Chemicals;238490;977;1.783.082.333.872.300;29.887.856.240.465.500;696.397.052.824.718;10.874.033.331.188.200;4.090.629.934.785.170;59.926.727.132.539.500;12.474.792.090.229.700;1.745.679.745.991.340;104.372.538.807.912;35.363.297.863.485.400;4.725.759.336.922.170;12.118.333.495.302.200;0.4341364273543218;0.6539845663263127;0.0032798399644639;11.291.372.002.261.900;949.256.803.368.608;100.0;9.590.458.772.492.360;112;107;8.628.082.142.708.760;2.166.903.268.002.900
B0-FF002_202602;B0-FF002;01/02/2026;1.808.506.345.834.260;1.023.891.334.858.160;1.080.014.823.896.900;4.717.158.050.039.370;11.400.602.855.527.200;11.205.166.398.185.200;0;0;6.490.243.608.895.070;10.140.632.722.724.300;5.190.874.755.510.770;7.661.342.923.178.130;5.626.500.360.842.020;3.686.995.112.215.550;1.486.787.825.269.350;5.228.595.474.237.640;2.310.144.164.306.140;31.187.456.547.990.700;15.009.734.733.559.900;6.981.645.446.142.910;21.864.587.537.142.000;Nordic Specialty Plastics Plant;"Odense, Denmark";Specialty Chemicals;258403;981;18.618.913.407.299.700;28.342.263.850.893.800;7.322.828.496.926.110;11.131.877.757.522.000;42.804.536.585.464.300;5.876.184.183.448.190;11.925.430.429.719.200;1.794.529.067.206.170;10.512.726.025.595.000;3.653.483.490.317.910;4.798.788.661.858.800;11.806.554.187.815.300;0.4283561377436861;0.6642541053407367;0.0033550814530084;11.665.041.599.463.100;9.838.661.279.816.490;100.0;928.622.397.669.788;121;113;8.642.302.626.333.950;20.485.665.430.486.900
B0-FF002_202603;B0-FF002;01/03/2026;17.272.444.513.408.100;9.572.211.446.521.500;10.787.414.312.950.800;5.142.668.870.902.270;1.146.565.525.644.630;11.138.636.477.568.400;0;0;6.554.022.249.055.380;10.231.173.838.466.000;5.165.545.679.937.150;7.617.199.872.560.970;5.626.110.574.443.190;3.787.670.323.146.150;14.726.075.697.150.100;5.430.814.171.446.580;23.843.705.013.783.400;335.454.771.060.847;15.306.426.629.422.500;6.965.332.522.121.530;2.115.616.147.015.000;Nordic Specialty Plastics Plant;"Odense, Denmark";Specialty Chemicals;248497;957;19.242.717.832.245.400;29.115.015.996.472.100;7.160.885.495.842.890;11.350.861.706.187.100;4.278.969.421.805.520;5.848.021.614.010.510;11.336.988.896.930.200;1.845.343.051.801.150;10.820.401.902.708.700;367.342.050.319.584;4.838.880.821.948.090;1.214.674.140.250.490;0.4329495824750055;0.6557218075474561;0.0034954427383186;11.086.671.128.000.500;9.925.316.019.305.580;100.0;9.807.519.822.138.390;116;116;8.668.343.444.356.480;20.039.657.034.268.000
B0-FF002_202604;B0-FF002;01/04/2026;17.398.442.195.657.900;9.607.810.827.911.730;10.185.249.730.529.600;5.298.708.880.011.680;1.075.637.434.737.970;11.785.377.982.245.700;0;0;6.355.857.182.348.350;10.310.516.971.212.300;5.214.943.151.569.620;7.573.035.243.276.230;5.521.594.353.874.980;3.863.023.340.062.080;14.288.765.092.859.200;5.371.357.106.319.150;2.369.696.692.215.200;3.307.613.383.887.190;15.297.042.506.897.600;73.166.211.049.462;21.885.604.636.315.300;Nordic Specialty Plastics Plant;"Odense, Denmark";Specialty Chemicals;253191;1003;186.153.066.374.312;2.949.682.327.673.670;7.069.667.960.818.370;1.112.175.180.735.740;4.171.201.169.517.910;6.066.120.976.612.380;11.308.871.894.338.100;17.742.719.205.804.000;9.723.751.256.595.800;3.603.377.826.997.340;4.661.184.851.201.580;1.333.683.603.262.280;0.4400987537290836;0.6543881425555025;0.0035017161741063;11.569.864.652.579.000;9.584.044.686.354.290;100.0;100.0;111;115;8.967.672.457.871.040;2.053.318.754.135.140
B0-FF002_202605;B0-FF002;01/05/2026;1.789.835.256.852.670;10.189.490.021.162.000;1.105.143.329.335.040;520.526.484.091.407;11.409.357.355.915.500;11.370.998.672.911.200;0;0;6.639.147.730.914.780;9.978.944.350.327.940;5.356.385.653.938.200;7.697.070.976.565.210;5.495.407.780.568.050;3.819.931.164.898.580;14.683.151.636.230.500;5.359.989.962.901.770;24.538.253.760.274.600;317.111.587.544.137;14.893.798.630.387.800;7.155.728.509.324.260;21.372.204.814.953.400;Nordic Specialty Plastics Plant;"Odense, Denmark";Specialty Chemicals;254057;968;18.953.570.632.812.900;28.920.593.320.510.700;7.295.913.597.816.600;11.027.878.721.710.000;412.515.280.742.002;6.313.664.218.679.320;12.810.843.208.875.900;18.564.276.141.752.300;1.045.317.024.261.300;3.758.923.575.882.920;4.694.498.960.536.420;12.003.350.948.966.000;0.4360672842041482;0.6669331108863731;0.0034315904808594;11.141.594.046.991.100;976.740.611.289.913;100.0;9.706.461.663.879.950;117;113;8.718.246.605.604.950;19.706.867.420.722.800
B0-FF002_202606;B0-FF002;01/06/2026;18.304.530.948.896.900;1.004.839.074.015.720;10.067.809.724.460.100;5.210.393.992.868.860;1.128.859.165.042.030;11.446.554.803.704.800;0;0;7.018.977.339.606.610;10.696.667.688.095.000;5.238.094.299.760.550;7.660.197.682.594.760;5.589.271.904.161.620;36.209.449.293.242.800;15.262.964.094.887.000;5.241.748.296.453.470;2.431.844.645.348.260;3.242.899.611.605.840;15.097.149.816.519.500;7.303.733.021.220.790;22.399.777.406.356.600;Nordic Specialty Plastics Plant;"Odense, Denmark";Specialty Chemicals;244358;1022;19.163.579.955.353.600;300.715.306.570.532;7.263.108.387.798.110;1.104.226.566.329.670;4.145.963.871.546.060;6.311.431.335.583.820;1.252.871.920.452.240;17.687.757.939.044.700;1.053.883.985.084.220;3.628.494.166.795.110;4.515.880.514.575.440;12.020.464.856.444.000;0.421190709745818;0.7061744249425767;0.003400563929582;11.522.795.436.556.000;9.513.649.428.690.550;100.0;100.0;123;112;832.894.382.360.269;20.257.288.227.655.100
B0-FF002_202607;B0-FF002;01/07/2026;1.744.220.968.546.000;9.735.122.660.690.850;11.115.345.946.493.400;5.200.222.913.407.630;11.051.203.691.339.300;1.167.398.530.159.910;0;0;6.916.041.457.252.570;1.017.376.216.720.280;5.124.093.009.883.920;7.252.603.104.931.890;5.596.392.434.154.710;37.606.220.753.702.600;1.476.341.188.092.990;5.722.176.682.629.500;2.309.146.458.531.290;3.045.700.533.389.410;1.483.590.978.438.800;7.549.434.347.908.210;21.798.587.677.279.100;Nordic Specialty Plastics Plant;"Odense, Denmark";Specialty Chemicals;256564;989;1.913.721.894.295.740;3.018.363.658.128.950;7.085.759.980.814.360;1.066.347.088.587.620;4.005.564.733.729.340;6.275.251.717.777.360;11.915.029.251.850.100;1.832.487.323.752.090;10.566.674.352.964.300;3.613.174.763.361.750;49.061.892.151.202.200;12.859.928.481.392.500;0.413011837823808;0.6370061847991109;0.0033822002756449;12.060.023.285.786.200;964.256.605.557.244;100.0;9.543.594.959.595.960;116;107;8.544.110.689.830.390;2.155.830.107.981.070
B0-FF002_202608;B0-FF002;01/08/2026;17.879.601.904.777.200;9.750.580.763.420.070;10.817.511.709.438.200;5.143.048.016.282.490;11.643.388.918.344.800;10.512.169.957.004.300;0;0;6.813.504.095.313.160;10.235.022.622.808.400;550.692.939.719.993;7.780.681.182.760.030;5.620.628.836.264.840;3.818.862.066.118.100;15.285.353.809.997.200;561.324.759.443.395;2.340.663.532.140.400;3.089.235.197.171.450;14.055.049.892.388.000;6.866.536.649.253.080;2.229.678.672.502.640;Nordic Specialty Plastics Plant;"Odense, Denmark";Specialty Chemicals;255332;965;19.869.373.648.947.500;28.663.672.258.323.300;7.176.614.063.113.040;114.061.110.477.339;4.250.702.696.488.750;6.207.971.720.592.740;12.093.663.165.285.800;18.308.813.885.362.000;11.294.120.153.330.000;3.624.114.238.383.820;46.912.991.636.052.000;12.480.179.176.911.400;0.4291936531267754;0.6580047757764669;0.0033785048408134;10.835.933.115.439.900;10.051.800.253.433.500;100.0;972.116.743.251.844;113;114;8.896.696.192.447.670;2.076.614.966.697.140
B0-FF002_202609;B0-FF002;01/09/2026;1.851.374.946.548.250;1.021.081.484.005.830;10.820.268.249.451.800;4.998.148.689.869.660;11.662.692.956.039.100;11.116.310.821.388.500;0;0;6.777.482.192.871.510;1.104.527.865.737.680;520.420.431.545.981;7.741.958.351.221.970;5.898.181.367.187.420;37.685.910.518.126.400;1.365.833.175.152.010;5.500.050.339.665.090;2.355.517.391.647.160;32.164.931.946.556.200;15.041.331.344.183.800;7.591.616.544.622.210;2.194.467.219.182.790;Nordic Specialty Plastics Plant;"Odense, Denmark";Specialty Chemicals;268611;1006;197.241.955.007.432;28.879.447.013.784.300;7.381.628.963.468.630;10.471.670.777.063.300;405.526.816.280.844;6.425.511.507.880.680;118.976.589.410.247;17.374.459.542.166.600;10.395.783.528.554.700;3.566.682.950.372.350;4.862.991.983.858.520;119.565.774.516.815;0.4471634185677811;0.6606009505024685;0.0032435819346639;11.916.374.359.651.200;9.970.606.798.363.350;100.0;9.913.089.840.568.190;116;113;8.924.905.714.712.210;20.713.622.277.379.600
B0-FF002_202610;B0-FF002;01/10/2026;1.810.764.377.195.250;9.939.356.257.014.160;10.761.241.345.210.400;4.937.421.806.460.750;11.473.577.773.969.500;11.310.088.603.150.100;0;0;6.555.919.505.367.890;9.946.693.562.640.510;5.332.588.877.677.620;7.438.139.298.835.240;5.594.713.844.216.320;3.746.751.462.725.220;14.600.491.014.894.600;5.512.530.233.118.840;221.202.087.731.336;3.314.056.638.271.920;14.940.672.244.528.700;7.204.530.932.391.680;2.261.950.227.043.450;Nordic Specialty Plastics Plant;"Odense, Denmark";Specialty Chemicals;250896;956;182.889.405.099.414;29.507.827.010.548.100;7.488.153.364.893.300;10.905.828.558.472.500;42.948.900.672.783.900;6.237.667.687.538.670;1.240.985.185.369.370;17.483.584.375.987.700;10.280.858.115.619.700;3.590.054.987.905.550;4.815.484.523.995.420;12.700.605.547.596.200;0.43309365431378;0.6422362987932981;0.0033900809020627;11.257.207.837.724.700;975.403.879.901.882;100.0;9.776.949.891.206.240;112;112;9.062.904.216.998.220;2.109.371.142.756.910
B0-FF002_202611;B0-FF002;01/11/2026;1.843.993.970.152.050;9.920.598.723.803.820;10.512.725.618.389.500;5.080.455.236.066.870;11.841.728.511.614.000;1.070.647.762.761.070;0;0;6.865.728.880.435.130;995.558.717.038.536;5.201.265.526.740.590;714.622.194.685.899;6.014.773.924.509.010;3.903.053.513.287.270;15.042.308.420.458.900;5.319.378.889.404.730;22.892.182.623.624.900;3.267.973.648.258.590;14.505.697.136.281.900;7.315.256.133.541.400;2.122.875.826.808.320;Nordic Specialty Plastics Plant;"Odense, Denmark";Specialty Chemicals;253669;931;1.833.231.154.707.460;28.189.410.291.540.100;7.464.311.250.202.420;10.878.310.339.203.300;42.575.985.907.716.100;6.518.482.093.943.930;11.836.569.555.235.800;1.722.065.347.997.950;10.944.589.409.277.100;34.813.461.346.492.100;4.746.923.899.355.640;11.662.661.669.518.400;0.4421946505317424;0.6692024072702694;0.0035572884602695;11.264.766.978.196.700;9.758.438.137.370.500;100.0;9.450.218.875.889.290;120;127;8.663.896.723.275.320;2.122.224.258.925.800
B0-FF002_202612;B0-FF002;01/12/2026;1.786.776.210.892.240;1.014.924.078.996.240;11.224.853.860.085.800;4.997.535.064.988.460;11.334.886.259.687.400;11.664.871.806.146.400;0;0;6.818.691.100.233.540;10.468.491.978.187.600;5.485.636.482.933.040;7.796.914.413.163.230;569.531.965.111.782;38.816.803.824.782.000;14.747.607.040.196.300;5.284.012.798.471.250;2.353.848.648.455.760;3.186.084.429.927.040;1.429.754.733.967.360;7.531.105.639.040.380;227.056.125.863.844;Nordic Specialty Plastics Plant;"Odense, Denmark";Specialty Chemicals;257128;1015;19.103.649.951.551.900;2.852.008.476.738.180;7.545.863.561.078.020;10.714.858.486.904.900;4.004.194.699.125.750;6.328.293.861.152.200;12.110.969.835.331.700;18.542.549.017.191.000;10.101.473.992.665.600;3.643.353.201.637.030;4.718.735.149.329.170;1.261.869.171.104.190;0.4474518743316765;0.6685843434729328;0.0033393831440493;11.171.477.259.063.100;9.892.747.565.646.910;100.0;980.728.132.797.701;112;110;8.966.938.558.948.870;21.160.533.532.005.100
B0-FF003_201001;B0-FF003;01/01/2010;14.613.654.521.285.200;7.880.908.511.450.560;8.842.398.049.884.240;268.385.888.850.349;0.7081579390727396;8.866.709.831.457.790;0;0;5.356.830.535.446.660;8.534.549.517.348.900;4.026.020.150.293.160;6.115.672.821.165.630;5.077.715.474.964.480;3.061.733.524.048.490;1.199.572.136.151.370;4.475.212.466.309.260;2.033.202.186.348.460;25.582.790.889.519.100;12.502.374.452.159.000;6.526.556.855.178.890;18.175.814.087.984.800;Horizon Polymers Campus;"Odense, Denmark";Specialty Chemicals;197108;760;15.258.483.092.311.700;2.208.589.359.047.900;6.329.740.276.372.770;8.948.464.668.077.430;3.618.296.147.000.530;5.147.354.168.969.570;11.772.709.854.860.800;17.174.981.738.936.500;8.528.027.830.345.470;2.850.366.974.663.570;37.571.105.724.186.900;93.817.879.248.317;0.3371064533717907;0.5120400414986204;0.0023113007729249;8.319.438.609.190.230;7.854.011.740.363.680;9.215.727.417.183.670;8.330.664.898.556.380;92;91;75.061.020.199.374.500;17.037.890.065.634.700
B0-FF003_201002;B0-FF003;01/02/2010;14.887.042.165.533.100;8.011.325.785.958.640;8.695.962.949.447.050;2.952.751.703.208.250;0.7031056992820139;8.584.225.660.838.060;0;0;5.595.884.420.308.530;8.470.095.011.836.980;3.822.842.171.673.660;6.669.019.041.673.630;4.868.775.303.042.940;3.082.058.321.006.740;12.137.758.345.056.200;448.603.784.678.461;1.950.980.919.330.250;2.426.322.303.683.860;12.823.176.686.721.300;6.099.110.483.737.770;1.867.042.528.443.060;Horizon Polymers Campus;"Odense, Denmark";Specialty Chemicals;202437;756;1.669.887.361.631.500;2.270.418.371.059.320;6.262.298.018.083.290;8.547.013.113.695.450;3.418.725.641.066.820;5.206.071.633.320.280;12.452.863.707.083.500;16.259.888.598.341.400;8.608.990.549.574.580;2.861.344.214.927.830;3.955.078.666.534.220;9.879.936.605.805.310;0.3389027208265875;0.5015248040647002;0.0022995671041499;8.665.154.902.551.480;8.047.089.868.416.420;8.643.362.590.135.890;8.075.027.174.974.400;90;89;7.317.615.140.763.430;17.001.198.298.710.900
B0-FF003_201003;B0-FF003;01/03/2010;1.522.036.410.443.500;8.268.762.922.377.800;8.626.779.380.366.950;26.997.293.570.763.600;0.7202035050425933;9.212.247.295.332.480;0;0;5.679.925.789.744.360;8.586.749.383.306.300;3.971.698.087.984.340;6.309.232.919.909.790;4.644.412.491.444.530;3.241.626.919.473.890;11.299.075.665.297.200;4.590.203.855.353.220;20.449.403.782.627.200;2.717.391.592.910.310;11.730.435.909.486.000;6.537.466.023.925.490;185.926.500.813.866;Horizon Polymers Campus;"Odense, Denmark";Specialty Chemicals;194924;773;1.569.537.368.211.200;2.244.279.373.086.700;5.992.373.249.340.810;9.288.876.117.148.930;35.512.107.073.583.500;5.086.021.208.611.570;12.434.556.998.464.900;16.519.639.962.380.400;850.539.761.309.697;27.730.008.091.327.300;400.581.088.153.418;9.930.095.221.981.290;0.3296131842715186;0.48855973641639;0.0024077076327464;9.102.594.004.256.900;812.517.794.280.652;883.250.028.619.415;8.054.725.112.459.130;93;94;770.303.029.586.406;16.881.885.266.269.500
B0-FF003_201004;B0-FF003;01/04/2010;148.916.514.345.339;855.507.701.143.678;8.536.899.940.779.280;27.441.288.893.998.500;0.7402387171607874;8.794.053.325.481.540;0;0;5.732.141.306.032.180;8.357.895.059.750.450;3.695.152.822.844.310;6.174.813.148.967.350;4.965.703.943.756.270;3.156.337.450.275.340;1.211.079.409.286.250;44.291.939.488.640.700;2.018.547.998.794.180;2.563.194.786.145.650;1.264.350.734.785.580;6.236.484.476.018.160;18.798.855.897.048.600;Horizon Polymers Campus;"Odense, Denmark";Specialty Chemicals;209683;786;1.531.761.203.253.760;22.850.523.921.992.600;6.147.800.091.637.820;9.227.086.832.117.670;3.682.718.576.017.400;5.239.786.037.242.270;11.655.548.339.803.400;16.304.786.122.316.500;8.385.782.407.860.320;2.918.059.220.252.590;3.959.208.828.475.970;952.433.465.547.844;0.3288141748410513;0.5071814649278595;0.0024054264107198;9.207.832.781.965.080;8.271.615.497.451.910;9.521.429.799.742.100;8.431.910.612.984.850;87;86;7.065.617.601.658.380;17.891.667.282.371.300
B0-FF003_201005;B0-FF003;01/05/2010;1.412.271.219.166.400;8.347.865.345.259.980;873.301.595.320.741;2.700.511.533.913.220;0.7293453417858283;8.884.342.765.548.430;0;0;5.424.914.232.300.540;8.089.521.572.905.200;3.959.190.915.151.500;6.253.385.076.384.050;4.881.677.014.643.570;31.293.490.448.166.000;1.229.736.982.458.120;463.157.770.067.057;19.020.847.693.546.200;2.599.397.298.024.160;12.159.727.350.526.900;618.476.538.350.202;1.818.964.757.277.660;Horizon Polymers Campus;"Odense, Denmark";Specialty Chemicals;200948;761;15.862.530.320.757.000;2.205.710.459.231.740;6.223.706.540.543.660;924.792.672.256.534;3.772.204.682.545.640;5.450.998.282.526.680;11.998.818.353.571.200;17.122.914.791.040.500;8.797.294.758.177.150;2.966.388.077.939.950;3.838.329.230.998.500;10.063.596.037.125.900;0.3460897303058921;0.4963474943648945;0.0023281019097694;8.999.357.307.372.880;7.846.855.480.451.290;88.278.222.724.568;8.412.151.047.705.810;94;91;7.423.416.173.899.250;1.714.840.736.476.330
B0-FF003_201006;B0-FF003;01/06/2010;14.620.025.404.282.000;8.387.117.502.091.260;8.673.755.006.883;29.515.377.119.701.600;0.7338120709230527;9.063.248.165.715.040;0;0;5.656.471.174.308.680;8.194.522.120.958.170;4.002.169.407.555.990;613.416.079.300.059;4.645.844.529.237.740;32.780.642.692.999.300;12.393.428.536.204.200;43.067.911.640.685.900;20.137.222.867.665.200;27.492.017.743.834.400;12.240.336.806.005.500;6.314.932.571.823.070;18.795.984.884.073.800;Horizon Polymers Campus;"Odense, Denmark";Specialty Chemicals;201462;813;1.621.698.327.052.530;2.340.378.048.294.410;6.551.341.417.940.190;892.866.896.403.383;3.604.015.674.042.030;5.060.022.971.026.600;11.975.663.085.576.900;1.663.614.967.941.920;8.712.963.017.044.650;2.817.137.619.206.500;39.446.421.179.746.200;9.865.167.977.668.110;0.3353610607755131;0.5204964427834989;0.0023737510629863;8.543.121.717.595.250;8.001.465.638.619.290;8.793.796.883.472.230;8.147.349.496.950.950;89;89;7.461.372.130.580.840;1.774.208.523.354.130
B0-FF003_201007;B0-FF003;01/07/2010;1.464.956.630.761.900;8.046.747.410.314.350;9.135.487.574.126.310;30.429.525.710.124.100;0.7053992323365859;9.195.360.612.295.160;0;0;5.429.721.429.263.230;8.017.026.993.031.080;3.761.584.424.240.570;6.208.545.332.946.700;4.694.210.047.238.240;3.265.909.900.877.630;11.943.461.874.802.300;4.361.129.311.921.080;21.401.340.913.894.600;2.608.376.939.957.120;12.308.847.982.079.500;6.493.743.593.963.080;180.412.136.252.796;Horizon Polymers Campus;"Odense, Denmark";Specialty Chemicals;199516;773;1.583.975.223.889.960;2.339.226.107.805.030;6.406.222.528.236.400;8.404.038.324.745.020;3.784.939.979.580.080;5.225.302.604.382.050;12.211.213.862.726.900;17.127.467.764.445.100;8.616.765.741.638.520;29.872.574.226.632.100;38.778.738.090.915.200;10.019.170.446.527.400;0.3392687224978465;0.5040195509356623;0.0023672472181376;8.690.738.526.167.330;7.590.632.151.723.400;8.790.471.341.300.100;8.407.256.737.790.920;95;85;7.626.983.876.943.640;17.048.036.214.563.300
B0-FF003_201008;B0-FF003;01/08/2010;1.430.720.642.508.750;8.531.193.113.594.010;8.679.976.984.933.890;3.037.741.368.725.870;0.7122152194772662;8.893.734.951.740.170;0;0;5.730.941.101.285.380;7.908.163.926.948.080;3.974.671.515.903.340;6.246.468.556.430.150;4.611.649.782.871.840;304.648.798.894.331;12.626.504.322.066.700;4.490.533.461.845.960;1.981.913.937.685.740;2.668.720.203.998.930;124.151.976.127.524;652.593.909.007.776;19.257.491.284.003.900;Horizon Polymers Campus;"Odense, Denmark";Specialty Chemicals;201201;827;16.581.854.461.024.900;23.383.022.827.616.900;5.968.638.931.765.730;9.063.743.124.640.910;3.707.107.502.052.670;5.321.425.705.692.520;12.044.845.611.129.700;17.699.531.444.053.500;8.843.892.785.163.310;2.733.395.958.296.890;40.006.323.948.874.100;9.238.028.154.199.910;0.3361062415067842;0.4935584012398917;0.0023182857618343;9.341.984.452.884.810;829.861.648.770.671;9.198.095.812.536.720;8.321.835.148.853.000;86;89;7.518.626.943.296.480;17.722.487.590.300.300
B0-FF003_201009;B0-FF003;01/09/2010;1.417.830.021.178.510;8.535.503.254.855.210;898.867.778.406.133;27.390.739.917.448.600;0.736804765674118;8.918.517.010.706.440;0;0;5.545.402.430.375.270;8.648.299.480.935.990;3.966.360.646.657.910;648.296.509.821.876;4.707.118.171.646.740;32.383.972.570.165.100;12.222.908.234.030.500;43.345.800.871.393.200;2.004.592.289.711.990;2.725.182.852.221.050;1.265.321.621.282.570;6.179.386.528.626.790;1.814.890.508.184.300;Horizon Polymers Campus;"Odense, Denmark";Specialty Chemicals;194617;787;16.398.783.509.730.800;2.427.147.336.073.340;602.655.257.425.655;9.279.176.081.994.430;3.684.051.854.419.790;5.236.085.589.780.550;11.761.494.527.645.100;18.314.912.701.133.900;8.230.738.032.308.230;28.393.203.752.048.700;38.920.057.419.273.500;9.810.904.044.732.720;0.3534545349742085;0.4943324202416317;0.0024172525556752;9.042.243.603.586.770;8.289.644.686.169.740;8.901.293.334.874.260;821.776.717.777.574;91;90;7.247.435.901.888.860;17.598.051.119.277.100
B0-FF003_201010;B0-FF003;01/10/2010;14.388.932.739.787.200;8.243.020.100.469.380;8.633.970.941.808.060;28.139.453.673.156.400;0.7264572787816089;9.226.249.056.493.100;0;0;56.413.583.070.424.200;8.315.859.008.838.560;3.884.001.999.630.130;6.008.639.168.619.860;4.851.233.958.667.600;3.214.290.004.962.850;12.742.555.314.179.100;43.900.381.167.735.600;2.099.082.847.561.690;25.997.630.269.284.500;12.043.369.881.688.600;6.673.272.396.108.770;1.860.480.297.964.980;Horizon Polymers Campus;"Odense, Denmark";Specialty Chemicals;210486;788;1.633.017.110.966.790;23.614.963.310.340.600;6.251.480.785.228.900;9.152.521.521.684.760;37.069.605.365.270.800;54.339.433.334.961.500;11.730.133.174.762.200;1.772.405.035.819.720;8.904.601.359.602.980;2.826.445.755.818.030;375.286.409.214.762;9.210.201.339.663.720;0.362445222114829;0.4972742203949692;0.0024770902307487;9.015.008.227.665.860;8.564.014.732.447.890;9.195.466.020.873.660;8.705.566.610.766.940;95;92;7.441.958.194.364.120;17.782.178.313.087.800
B0-FF003_201011;B0-FF003;01/11/2010;16.214.783.527.499.100;8.318.938.973.065.430;8.506.272.734.642.050;2.848.940.069.799.340;0.7158244758951412;9.061.625.628.445.150;0;0;5.519.850.340.172.700;8.324.076.586.598.040;3.788.640.938.801.230;6.592.711.498.651.680;487.017.781.345.571;3.088.847.704.614.780;13.247.742.258.479.200;44.412.483.533.161.700;204.329.629.184.878;2.591.832.226.813.640;12.425.284.422.303.100;6.404.226.474.586.790;1.765.607.957.054.020;Horizon Polymers Campus;"Odense, Denmark";Specialty Chemicals;207775;765;16.404.781.531.838.200;22.779.401.787.042.400;6.325.215.183.308.990;9.201.914.145.683.090;3.710.092.512.770.130;5.427.193.667.323.140;11.875.998.825.775.800;17.975.910.202.069.000;84.087.715.874.907;28.103.325.753.843.000;39.270.587.848.115.500;10.011.072.239.519.100;0.3445418469466456;0.5319131621813292;0.0023197306952834;8.766.308.644.673.760;8.510.845.138.937.390;908.337.285.748.666;8.398.512.137.489.220;88;90;7.769.418.731.843.030;17.345.445.801.753.000
B0-FF003_201012;B0-FF003;01/12/2010;15.670.963.314.496.900;8.507.007.266.055.800;8.785.515.760.073.060;2.951.937.836.419.150;0.7379928111090862;9.020.366.801.797.490;0;0;5.436.963.122.846.260;8.612.543.453.015.920;3.971.014.282.629.940;6.249.334.951.400.830;457.845.702.253.113;31.733.686.965.958.100;12.425.440.693.762.600;4.497.325.206.050.980;20.371.888.187.087.300;2.674.878.102.204.760;11.863.042.989.947.200;6.382.278.393.378.590;18.618.532.456.772.100;Horizon Polymers Campus;"Odense, Denmark";Specialty Chemicals;203758;807;15.889.468.699.484.700;23.006.658.908.812.900;6.181.108.362.870.570;9.188.757.652.207.500;3.603.248.045.691.890;54.073.930.360.351.300;12.580.704.706.128.700;1.770.239.178.928.910;9.023.250.995.321.650;2.853.998.383.125.490;37.262.210.495.259.300;9.671.415.371.997.450;0.3357923141192558;0.5022623946765474;0.0022236404784208;9.144.059.689.356.710;8.318.639.761.016.510;9.291.591.496.131.290;8.347.511.618.778.450;91;94;7.590.013.568.025.950;172.189.449.925.072
B0-FF003_201101;B0-FF003;01/01/2011;15.136.634.030.068.200;870.170.567.861.366;8.960.273.052.781.100;27.658.670.121.410.500;0.7071789487914435;8.630.332.111.755.100;0;0;560.552.437.525.008;8.151.698.949.280.590;3.843.842.762.304.620;6.184.625.227.869.240;454.009.790.111.073;3.185.407.426.611.940;1.259.724.754.529.550;4.413.836.330.842.050;21.000.239.898.748.100;2.637.474.898.225.470;12.633.389.931.620.100;6.409.537.065.172.970;18.850.595.886.118.700;Horizon Polymers Campus;"Odense, Denmark";Specialty Chemicals;192733;807;1.601.174.368.905.200;23.758.489.912.749.600;6.282.362.224.450.520;9.570.442.677.190.620;3.764.171.723.524.000;5.178.500.110.165.260;1.257.831.350.676.740;16.925.920.099.062.200;8.409.746.625.153.030;3.009.278.279.678.490;3.909.380.206.426.970;9.752.819.211.077.680;0.3373763927059289;0.5232337453493906;0.0023662041540694;9.163.494.737.726.080;8.042.971.561.209.510;9.058.900.825.534.610;826.556.158.596.304;93;92;732.924.227.853.401;1.764.725.577.979.900
B0-FF003_201102;B0-FF003;01/02/2011;15.511.693.933.183.400;7.964.560.392.485.520;8.841.186.483.747.280;2.857.411.369.047.220;0.7125326287569732;9.293.184.825.467.770;0;0;600.821.074.195.564;8.492.254.164.536.720;3.896.299.256.630.480;6.554.943.177.651.900;4.688.231.249.103.020;32.506.741.412.105.600;127.507.796.890.449;4.600.505.705.617.180;2.119.398.737.113.900;2.607.400.244.166.780;12.582.406.604.945.300;6.429.921.580.002.130;1.864.397.279.597.340;Horizon Polymers Campus;"Odense, Denmark";Specialty Chemicals;203053;801;16.014.098.837.012.400;2.205.039.498.960.720;6.368.114.298.716.780;9.206.295.924.994.340;3.705.180.339.239.450;5.399.866.575.792.260;12.137.800.415.500.600;17.361.827.155.380.900;9.075.751.260.861.120;30.976.030.457.464.900;397.791.214.270.376;9.576.814.744.219.250;0.3453318411010656;0.5134847005700132;0.0024369324281594;9.172.142.683.871.630;8.489.494.849.158.990;9.574.340.022.401.850;777.809.312.631.458;90;94;7.403.456.454.647.200;17.832.935.997.597.400
B0-FF003_201103;B0-FF003;01/03/2011;15.002.705.604.153.100;8.737.573.527.987.420;9.207.205.740.735.910;286.892.787.346.362;0.7706489254351548;913.727.582.776.389;0;0;5.413.032.189.180.080;8.462.675.686.297.420;3.976.655.692.364.570;6.341.364.070.214.830;467.194.690.592.629;3.203.419.888.205.180;1.182.170.189.495.220;470.393.636.652.914;2.134.225.653.632.580;263.827.243.195.354;1.222.180.352.702.030;6.136.177.442.895.400;18.164.872.209.551.000;Horizon Polymers Campus;"Odense, Denmark";Specialty Chemicals;210770;789;15.804.315.076.354.400;230.950.028.692.869;6.244.599.768.159.790;868.837.128.464.314;36.806.765.284.909.100;517.005.654.004.821;12.355.952.579.682.300;1.801.586.121.727.730;8.537.520.702.525.480;29.220.277.078.030.600;3.879.033.610.239.720;9.542.143.415.147.080;0.3200083261484306;0.4961364732013398;0.0023363815796104;9.172.183.421.219.280;840.779.306.566.467;9.437.938.545.053.700;7.988.880.740.137.390;89;90;7.380.835.329.447.850;1.766.047.428.109.920
B0-FF003_201104;B0-FF003;01/04/2011;15.303.862.150.672.900;78.861.220.381.975;9.228.581.095.710.560;28.873.739.842.692.800;0.7542362778624756;8.415.644.637.966.530;0;0;5.581.290.056.280.340;8.794.309.382.027.650;4.017.981.435.120.600;6.262.798.077.540.360;4.899.542.893.598.130;3.249.451.094.356.620;12.247.854.066.326;4.564.756.016.622.060;2.015.876.880.013.250;26.666.150.815.761.800;12.492.131.009.497.000;6.526.412.275.409.220;1.962.422.780.372.840;Horizon Polymers Campus;"Odense, Denmark";Specialty Chemicals;207794;814;1.581.920.386.657.850;2.204.252.156.952.880;6.320.044.510.245.430;8.998.695.297.756.640;3.786.728.524.059.390;5.312.870.396.676.890;12.701.711.932.916.400;16.635.537.092.068.400;8.662.389.549.874.160;294.149.598.831.159;3.772.330.064.540.990;10.036.288.262.841.300;0.3529400471626461;0.50592705068592;0.0025856336395611;8.838.506.965.525.200;802.050.688.377.861;8.981.625.269.099.900;8.302.669.094.874.560;87;94;7.981.859.872.110.250;16.834.272.383.217.200
B0-FF003_201105;B0-FF003;01/05/2011;15.218.286.457.120.500;8.609.832.412.031.610;9.126.055.510.804.240;30.356.976.162.466.400;0.7254030589721204;9.618.315.017.473.730;0;0;59.847.597.261.895.700;834.974.902.965.434;4.072.320.330.593.590;630.653.302.150.044;4.608.515.428.000.320;3.096.202.116.569.300;1.267.883.599.132.380;436.271.254.293.957;2.028.875.514.491.780;25.881.154.992.098.700;12.043.901.225.778.700;629.175.164.071.412;18.693.547.935.533;Horizon Polymers Campus;"Odense, Denmark";Specialty Chemicals;184259;811;15.469.573.265.870.400;2.231.486.510.874.030;6.088.649.812.306.180;9.218.028.115.408.070;3.888.385.210.611.340;53.299.509.176.082.700;12.392.389.308.146.100;1.785.891.448.439.600;8.941.813.242.136.990;28.251.651.346.916.500;4.077.289.471.185.510;968.606.425.618.138;0.3473038679979533;0.5109361743345643;0.0023664453708701;9.415.567.323.961.130;852.877.351.978.061;8.525.103.773.381.890;8.370.559.939.471.810;98;92;7.329.124.267.410.150;17.389.647.860.111.500
B0-FF003_201106;B0-FF003;01/06/2011;1.489.401.177.053.160;8.091.634.817.550.350;8.883.586.350.331.560;28.386.953.447.009.300;0.7500138486670743;8.947.160.841.546.370;0;0;5.698.027.705.589.480;8.264.588.401.989.180;3.886.970.047.766.220;6.355.976.553.770.410;4.827.413.697.771.350;3.300.915.120.657.570;1.225.895.913.151.930;430.994.959.759.887;21.284.836.053.657.300;2.565.606.070.369.390;1.229.499.337.350.060;6.457.216.434.563.050;185.458.705.868.188;Horizon Polymers Campus;"Odense, Denmark";Specialty Chemicals;194024;812;1.475.377.658.202.890;23.836.349.743.307.400;6.593.958.747.148.730;9.404.535.055.649.440;369.574.823.273.026;5.379.699.172.517.840;12.002.521.638.663.800;1.763.459.958.862.280;892.434.583.553.365;2.820.944.591.297.930;3.880.785.353.227.650;9.656.934.849.582.800;0.3569954159985918;0.499423508535979;0.0024468268684556;9.155.193.423.694.310;8.349.275.987.808.580;931.549.676.472.078;8.182.323.203.508.100;92;95;7.279.429.620.589.380;17.758.779.293.707.500
B0-FF003_201107;B0-FF003;01/07/2011;15.570.747.682.386.300;850.927.659.772.941;9.288.831.184.614.700;2.848.441.365.847.410;0.7525941090296674;9.402.893.477.729.170;0;0;5.745.151.167.929.540;8.699.297.031.846.980;3.985.002.667.128.870;6.687.207.403.355.380;4.727.499.942.964.640;3.108.016.001.473.160;1.274.605.907.966.040;4.503.302.750.908.330;19.957.580.303.965.000;27.822.667.050.347.100;1.268.106.385.206.060;6.581.270.652.285.880;1.951.815.953.344.090;Horizon Polymers Campus;"Odense, Denmark";Specialty Chemicals;200521;827;16.340.548.009.962.600;22.776.523.897.134.500;6.380.060.404.564.030;9.219.998.727.337.330;38.594.507.780.759.400;5.148.733.530.184.620;11.621.487.583.816.700;17.205.529.267.859.400;8.752.912.236.618.870;29.832.627.479.704.500;38.481.036.468.062.500;9.933.061.754.967.900;0.3619302712716119;0.4883855799613339;0.0023951081911608;9.848.434.467.646.790;8.212.799.336.207.670;8.923.717.590.456.710;8.418.316.851.943.210;91;95;8.017.278.810.498.700;1.767.868.077.880.890
B0-FF003_201108;B0-FF003;01/08/2011;1.643.747.681.622.080;8.288.751.251.103.720;8.911.926.529.151.170;2.780.108.722.244.860;0.7287437720274956;9.048.682.546.782.730;0;0;5.599.822.477.185.860;8.351.636.767.986.380;40.675.719.467.433.400;6.449.346.888.722.250;4.827.769.775.637.440;3.239.968.841.737.620;1.181.344.143.381.270;4.742.826.966.426.300;1.993.063.604.026.780;2.720.920.347.497.270;12.335.819.532.831.100;634.522.426.891.928;19.236.695.505.965.500;Horizon Polymers Campus;"Odense, Denmark";Specialty Chemicals;195873;768;16.235.824.767.849.100;2.334.807.095.354.400;654.701.755.123.267;9.378.281.339.748.430;3.731.984.843.365.720;53.900.666.938.666.000;1.222.768.505.395.060;1.839.596.450.651.670;8.523.703.328.220.540;29.273.411.666.001.700;3.997.097.803.619.180;10.150.503.955.379.400;0.3388567327744407;0.5003035995597406;0.0023184479158642;9.099.636.435.367.140;846.700.687.693.212;903.036.136.254.043;8.473.915.167.433.720;92;94;7.506.085.988.585.950;16.769.705.392.949.400
B0-FF003_201109;B0-FF003;01/09/2011;1.468.549.129.972.220;8.706.221.220.013.200;8.716.814.626.441.510;29.396.137.198.146.800;0.7425059336647821;8.856.550.742.434.740;0;0;5.721.621.836.206.250;8.434.670.354.871.710;3.644.865.756.863.940;6.565.505.356.501.720;4.928.197.990.379.740;3.188.239.529.650.360;127.230.603.756.456;4.412.200.388.149.560;2.000.252.640.231.470;26.727.653.098.209.600;12.176.557.725.687.900;644.733.091.438.106;1.815.138.350.194.040;Horizon Polymers Campus;"Odense, Denmark";Specialty Chemicals;195579;800;16.286.394.789.204.900;23.262.007.743.169.400;6.342.658.254.843.650;8.999.118.620.826.350;362.329.071.516.233;5.199.547.728.634.180;1.207.479.975.069.730;18.210.295.194.104.000;8.855.105.044.382.550;2.960.114.547.344.500;3.764.740.193.828.360;9.891.298.683.150.370;0.3497458611304568;0.5405433408064586;0.0024099878046127;9.097.732.510.244.440;8.220.681.389.704.630;9.188.774.839.630.940;8.262.293.387.443.280;96;95;725.966.993.452.982;17.674.472.182.600.400
B0-FF003_201110;B0-FF003;01/10/2011;16.348.716.293.427.800;8.054.849.191.381.650;8.930.542.975.784.640;29.349.664.756.000.800;0.7354100671825412;9.049.977.788.394.700;0;0;5.674.385.864.157.420;8.761.031.972.105.500;3.820.398.861.113.260;6.495.557.995.475.150;4.979.885.389.471.290;3.238.509.411.089.110;12.341.187.620.952.900;4.628.502.310.556.350;1.999.900.405.701.070;269.085.658.708.857;12.390.628.983.321.500;6.493.214.110.016.390;19.643.070.054.389;Horizon Polymers Campus;"Odense, Denmark";Specialty Chemicals;210755;832;1.580.499.576.785.620;22.566.004.687.627.400;6.496.677.687.375.440;929.489.323.365.246;35.274.049.843.706.300;5.442.129.870.220.720;1.307.028.156.940.960;1.869.938.649.546.420;862.103.061.342.118;2.994.915.552.527.500;38.128.466.725.133.400;9.821.259.461.976.850;0.338174415453176;0.4985614185880853;0.0024785409829114;9.297.990.727.817.340;8.537.598.575.822.330;9.358.975.809.611.860;8.371.201.985.636.220;90;93;7.444.048.390.161.490;17.608.112.199.508.600
B0-FF003_201111;B0-FF003;01/11/2011;148.189.526.861.936;8.055.336.385.572.370;8.839.776.719.797.450;2.921.010.884.100.850;0.7401306364548765;9.639.916.473.989.820;0;0;5.713.744.120.288.720;823.940.248.922.814;3.974.670.875.139.030;6.245.764.643.706.600;4.820.233.369.791.990;30.735.069.803.908.500;1.248.968.209.095.950;45.629.349.927.135.200;20.717.389.182.792.700;25.462.496.431.026.200;1.264.923.714.379.600;6.617.959.182.637.400;18.188.974.488.719.100;Horizon Polymers Campus;"Odense, Denmark";Specialty Chemicals;209990;802;16.194.828.773.145.300;2.370.765.830.956.840;6.727.560.921.277.020;9.178.722.418.464.570;3.699.084.220.684.250;573.146.022.618.225;12.266.382.968.278.100;17.910.881.667.012.800;8.771.733.624.637.260;2.794.703.590.181.320;38.863.476.307.812.800;10.191.473.713.615.000;0.3387327265399965;0.5378303133204239;0.0024731593488936;8.952.905.340.795.850;8.131.719.151.351.870;8.856.802.169.567.350;823.086.255.868.776;90;96;7.236.583.538.703.420;1.725.897.015.247.630
B0-FF003_201112;B0-FF003;01/12/2011;15.966.776.121.638.300;8.380.996.107.985.960;9.118.610.274.314.290;291.791.142.805.549;0.7102555987858321;9.383.234.352.141.400;0;0;5.602.052.816.454.040;859.538.674.351.405;396.185.279.883.237;647.919.612.947.404;4.723.801.566.739.000;32.305.940.130.443.500;12.899.676.543.091.200;4.285.967.688.549.070;2.038.256.025.170.160;27.153.483.366.691.000;12.078.483.783.086.300;6.576.324.024.098.870;1.901.603.043.598.300;Horizon Polymers Campus;"Odense, Denmark";Specialty Chemicals;203293;806;17.039.442.948.448.200;2.287.069.024.860.160;6.156.545.581.385.400;9.112.362.003.064.490;3.647.545.665.718.270;5.464.287.681.579.640;12.178.002.987.044.500;1.806.583.600.882.900;8.906.428.893.983.740;2.879.727.769.926.400;38.190.348.281.402.700;9.463.073.058.193.930;0.3585930140281732;0.5262070843819358;0.0023911451550452;941.139.562.135.481;8.167.876.408.133.480;8.967.288.714.357.900;8.100.091.208.849.420;94;91;7.185.225.688.163.830;1.780.556.668.040.120
B0-FF003_201201;B0-FF003;01/01/2012;15.554.074.617.847.300;8.424.467.081.203.670;932.500.272.779.272;2.951.026.049.492.930;0.7686023214313024;939.045.242.514.529;0;0;5.666.609.873.982.130;840.215.178.615.567;38.815.034.564.329.700;6.358.148.576.422.540;4.630.220.890.754.820;333.972.417.254.444;1.215.036.540.025.960;4.665.957.673.391.230;2.145.752.319.498.630;2.606.508.649.947.340;12.294.555.718.716.900;6.604.215.784.938.890;185.311.654.032.292;Horizon Polymers Campus;"Odense, Denmark";Specialty Chemicals;199596;810;159.058.040.471.339;2.487.140.652.343.540;6.540.928.945.372.800;9.427.718.853.056.520;3.754.563.558.655.210;5.711.367.282.314.740;12.087.665.665.111.000;18.168.431.854.815.700;848.608.228.924.467;3.146.644.012.942.670;4.029.696.093.253.110;9.610.070.912.462.130;0.3535791613184291;0.5352822688708523;0.0023591741029497;9.127.728.999.137.320;8.206.845.080.698.110;935.366.616.466.203;8.400.820.491.751.260;93;91;7.476.226.541.461.650;17.398.696.641.075.100
B0-FF003_201202;B0-FF003;01/02/2012;15.534.108.013.946.400;8.202.632.950.989.410;8.812.243.929.451.630;2.956.019.306.488.410;0.7348038520226025;967.219.781.838.255;0;0;5.505.860.532.677.410;839.332.072.084.559;408.205.037.538.984;660.289.191.884.623;4.779.045.081.076.320;3.378.201.524.572.900;12.689.561.938.109.400;4.517.196.486.417.250;21.390.708.907.443.900;2.606.655.801.068.950;12.727.588.652.252.200;6.643.972.053.384.240;1.915.075.445.158.260;Horizon Polymers Campus;"Odense, Denmark";Specialty Chemicals;203818;821;17.188.707.751.103.600;23.294.406.145.131.100;6.454.098.648.187.510;9.511.230.905.042.890;3.739.644.662.794.070;5.368.615.334.740.830;1.194.863.704.865.770;1.686.661.066.586.240;855.133.934.218.769;3.024.266.518.415.300;3.816.748.596.674.480;1.004.651.462.569.830;0.3640818872202257;0.5219029959656618;0.0023631476869488;9.231.024.477.195.310;8.566.688.248.366.810;9.340.057.570.283.240;8.395.614.107.877.910;95;96;7.424.456.596.212.180;18.554.329.480.301.800
B0-FF003_201203;B0-FF003;01/03/2012;15.483.330.143.230.000;7.915.159.032.656.360;8.989.641.534.095.290;2.874.218.653.682.820;0.769776889940222;903.862.249.904.144;0;0;5.598.245.774.124.810;8.760.508.297.823.720;3.851.862.393.159.090;6.674.837.020.325.200;5.021.886.135.022.450;3.383.552.031.253.820;1.316.557.500.445.960;46.731.019.397.013.200;20.954.929.185.688.100;2.724.620.093.754.390;1.256.247.338.525.070;6.451.016.166.454.920;1.926.175.793.807.010;Horizon Polymers Campus;"Odense, Denmark";Specialty Chemicals;207807;823;16.208.275.612.457.700;23.349.638.089.433.000;6.490.497.375.452.750;9.231.424.813.339.080;4.096.489.022.924.390;5.738.129.280.842.180;12.397.458.670.808.500;1.774.021.733.788.720;8.983.053.216.416.310;29.138.386.169.269.900;389.058.251.687.766;9.927.865.144.539.840;0.3451231310964378;0.5229854132970103;0.0024576032298503;839.411.478.680.371;7.991.225.327.776.980;9.010.508.088.399.070;8.447.589.474.236.600;91;100;7.745.298.440.900.050;1.887.492.882.872.780
B0-FF003_201204;B0-FF003;01/04/2012;1.576.656.677.430.410;8.089.061.357.111.920;873.599.302.437.916;28.486.930.999.609.000;0.7198130816524171;9.509.972.533.444.450;0;0;5.986.236.185.550.290;9.062.447.078.599.770;3.971.051.589.427.860;6.229.523.045.352.460;468.891.053.070.559;337.901.124.351.735;12.699.281.281.078.300;4.450.828.937.076.370;21.158.200.907.865.700;2.591.953.096.249.790;11.884.806.916.954.000;61.392.796.138.293.800;1.803.390.872.577.080;Horizon Polymers Campus;"Odense, Denmark";Specialty Chemicals;212444;798;1.631.533.600.883.030;2.359.698.757.368.020;6.262.323.939.856.090;9.145.353.891.979.110;373.619.172.592.388;5.278.885.450.458.920;12.231.331.135.874.500;1.776.859.338.627.220;881.014.957.660.679;29.941.803.237.110.200;38.910.622.401.661.100;10.388.330.776.004.200;0.3386453549201288;0.5125199735420405;0.0024625966930443;946.450.143.280.698;8.185.285.861.580.060;922.931.932.454.726;8.589.576.309.127.440;89;93;7.215.909.331.444.030;174.157.871.532.863
B0-FF003_201205;B0-FF003;01/05/2012;1.541.170.095.095.010;8.448.348.756.040.740;8.754.312.139.842.280;3.003.044.985.093.220;0.7401030703348502;9.375.499.442.611.990;0;0;5.862.724.992.794.250;8.685.396.884.252.750;3.841.813.067.838.740;6.739.555.944.689.160;4.883.398.317.837.590;3.218.407.458.815.280;1.200.254.570.044.920;4.403.919.065.343.520;20.677.979.615.870.200;25.743.227.764.243.200;1.280.737.890.604.950;6.466.999.283.469.960;17.992.328.829.416.000;Horizon Polymers Campus;"Odense, Denmark";Specialty Chemicals;201497;778;1.575.288.349.018.100;21.934.903.125.383.200;6.485.925.464.363.260;902.525.580.865.274;3.997.725.919.749.500;5.599.643.460.193.230;13.036.931.078.516.200;1.824.054.875.516.800;8.731.981.399.363.580;2.988.444.125.598.840;3.917.888.114.321.840;10.042.894.683.120.000;0.3592905842445023;0.5308397603894494;0.0024376500748924;9.322.968.290.945.850;855.981.628.221.435;9.577.605.996.151.310;8.276.054.760.764.860;93;92;7.593.941.734.569.220;1.821.611.700.719.370
B0-FF003_201206;B0-FF003;01/06/2012;15.530.872.567.574.000;8.500.266.836.648.220;9.368.536.793.939.040;2.831.600.337.831.520;0.7148901121919613;9.324.590.771.728.190;0;0;5.535.838.606.402.830;864.103.606.829.581;4.230.388.595.204.590;625.241.848.437.433;4.852.095.012.436.610;3.282.417.168.683.250;1.246.390.768.738.950;46.076.137.074.929.900;2.049.427.447.767.870;2.697.874.219.280.540;12.489.119.745.135.500;6.444.317.271.655.560;18.857.722.835.391.500;Horizon Polymers Campus;"Odense, Denmark";Specialty Chemicals;208829;767;16.715.879.246.588.600;2.301.505.233.638.040;6.595.274.185.129.090;911.642.883.399.749;38.707.408.589.967.900;5.436.893.155.278.220;12.098.002.508.973.900;1.764.537.576.043.840;9.218.272.621.715.080;2.968.177.165.934.110;3.904.609.045.814.900;10.295.008.348.814.600;0.3593845230357611;0.509017304094162;0.0024252816885243;8.824.223.498.377.680;8.737.740.387.959.160;9.283.418.280.689.010;8.579.603.212.476.360;88;93;7.610.830.951.453.440;16.760.870.865.833.500
B0-FF003_201207;B0-FF003;01/07/2012;15.716.245.100.213.000;8.443.469.459.237.870;860.994.869.317.792;2.859.699.889.474.060;0.7598259123995884;8.994.331.909.843.370;0;0;5.426.312.234.340.680;8.762.133.848.972.020;4.116.898.295.392.640;6.745.874.106.990.750;4.882.807.496.765.350;33.269.852.664.136.600;12.036.300.425.843.400;4.624.107.302.188.950;20.601.794.707.533.800;26.828.264.619.115.900;12.179.502.263.722.700;6.779.514.500.539.410;17.988.899.723.683.600;Horizon Polymers Campus;"Odense, Denmark";Specialty Chemicals;207810;784;17.438.683.527.467.500;24.049.712.319.200.300;6.478.121.851.887.640;9.028.339.745.296.630;3.895.950.510.259.300;4.918.086.116.639.830;12.604.997.993.493.200;1.817.841.997.718.830;9.032.058.411.225.110;30.420.582.633.990.300;3.897.030.317.706.630;10.131.767.360.578.600;0.3438041710662443;0.5098416301951856;0.0023677885343456;9.258.594.968.423.130;8.810.442.672.207.740;9.772.725.841.782.500;8.353.259.978.508.670;92;97;7.681.321.080.472.950;17.937.436.648.086.500
B0-FF003_201208;B0-FF003;01/08/2012;1.492.105.070.578.990;8.904.104.679.558.470;9.125.897.055.200.360;290.836.369.606.513;0.7627383706978877;9.265.893.555.050.280;0;0;5.681.851.632.767.210;8.634.920.925.186.760;3.954.095.214.058.570;6.899.824.521.673.770;4.781.903.087.275.610;3.271.895.378.774.090;1.280.367.231.967.220;4.666.813.780.921.660;21.249.031.602.372.200;2.757.268.696.115.160;1.288.077.055.302.450;6.481.938.096.394.880;1.864.055.772.897.540;Horizon Polymers Campus;"Odense, Denmark";Specialty Chemicals;206636;793;1.609.414.891.469.240;23.290.632.815.289.100;6.901.610.750.264.560;975.987.182.398.145;3.772.354.447.429.190;5.120.774.949.666.520;12.256.793.235.591.600;184.011.196.960.485;8.503.926.102.165.550;3.025.197.406.373.240;4.033.701.853.952.310;9.985.797.333.973.840;0.3509211462547129;0.5093464353588145;0.0024978223065835;9.428.230.195.732.010;8.414.314.165.772.000;9.087.542.364.703.010;8.130.738.265.544.650;95;93;7.549.527.418.398.260;171.048.897.209.622
B0-FF003_201209;B0-FF003;01/09/2012;14.945.554.658.253.900;8.239.859.808.809.080;9.322.417.774.622.990;2.927.168.056.363.050;0.7451469876587936;9.579.487.195.028.510;0;0;574.473.910.937.505;8.257.857.515.182.970;4.236.383.056.575.550;6.641.108.519.477.610;4.974.332.527.436.810;3.354.597.362.459.800;13.733.421.994.817.100;4.589.233.304.083.690;21.753.607.019.108.800;26.271.413.416.375.500;12.944.064.247.450.700;6.927.692.107.732.920;18.949.324.418.913.400;Horizon Polymers Campus;"Odense, Denmark";Specialty Chemicals;194772;822;1.633.267.832.997.650;242.184.408.765.639;6.409.749.283.593.720;1.000.910.716.504.100;3.816.753.846.593.810;5.596.118.006.498.850;12.119.429.811.745.200;17.318.525.681.475.300;8.587.101.128.864.670;2.860.114.311.404.470;4.055.541.288.362.390;9.812.921.418.073.400;0.338375568271296;0.5132845111118286;0.002501602037322;9.544.087.760.378.180;8.804.284.763.467.240;9.240.229.752.666.380;8.949.613.553.779.940;97;91;7.787.890.285.876.920;17.979.226.182.492.500
B0-FF003_201210;B0-FF003;01/10/2012;15.396.905.978.052.300;8.562.355.210.597.520;8.941.921.665.144.420;30.042.518.037.650.900;0.739458491259779;9.128.101.753.631.550;0;0;5.707.964.228.648.760;8.312.163.548.255.410;4.173.337.345.252.680;6.585.164.571.915.740;4.974.593.034.839.750;32.956.318.718.369.400;12.924.780.794.749.000;4.659.454.110.396.470;2.055.428.594.029.500;2.756.644.374.866.380;12.841.425.675.273.900;6.511.158.032.249.120;18.902.310.487.894.200;Horizon Polymers Campus;"Odense, Denmark";Specialty Chemicals;202062;820;16.694.706.065.259.700;23.623.668.754.676.500;6.286.864.357.363.270;8.784.882.778.885.220;3.783.148.255.335.650;5.512.407.811.370.650;127.524.745.893.105;18.585.743.111.057.000;8.850.585.098.519.320;2.837.772.214.509.560;3.918.521.652.607.850;10.662.238.811.081.200;0.3696147393085343;0.53167030207577;0.0024213353314839;9.340.256.803.129.210;9.000.153.516.867.140;9.389.936.442.291.570;8.358.276.226.041.560;98;89;7.383.204.136.842.510;175.579.896.321.084
B0-FF003_201211;B0-FF003;01/11/2012;1.595.936.268.813.770;8.426.840.330.527.120;8.650.197.715.459.490;28.591.718.255.220.900;0.7428516211374405;927.745.247.655.388;0;0;5.747.619.239.978.180;8.495.222.177.379.360;4.046.291.056.874.470;6.603.148.601.885.160;4.818.628.183.243.920;31.281.293.724.438.900;12.528.394.979.180.000;4.726.966.075.314.670;2.086.011.710.123.370;2.804.042.725.874.530;12.859.170.918.105.600;6.488.684.327.213.080;19.864.302.476.214.900;Horizon Polymers Campus;"Odense, Denmark";Specialty Chemicals;201809;769;16.652.899.258.514.500;23.125.209.822.784.400;6.506.671.536.056.910;9.063.430.234.406.100;3.815.100.907.426.860;556.043.108.321.632;12.764.623.977.034.900;17.383.799.009.409.800;8.594.231.422.857.380;30.186.431.128.557.100;3.939.684.268.729.710;985.255.263.007.775;0.3514566604212428;0.5229290104281844;0.0024838666815866;9.515.325.340.701.920;8.824.023.752.792.520;9.270.987.836.759.180;8.718.760.301.726.300;96;97;7.369.497.859.830.800;17.960.336.957.062.200
B0-FF003_201212;B0-FF003;01/12/2012;16.396.136.482.955.600;8.229.204.758.652.320;963.977.845.863.649;30.768.724.998.740.100;0.7710503413482627;8.932.348.499.340.790;0;0;5.578.448.451.180.230;883.332.780.634.007;4.059.021.260.696.810;6.451.953.228.942.410;4.748.588.726.036.010;3.445.345.757.574.500;13.028.591.373.165.000;45.983.395.121.625.300;20.958.769.498.608.700;2.684.958.907.950.510;11.996.827.862.506.100;6.856.911.622.366.530;19.175.762.782.507.900;Horizon Polymers Campus;"Odense, Denmark";Specialty Chemicals;213423;800;16.549.930.663.393.300;2.394.068.088.543.060;6.728.164.515.684.360;9.881.211.982.632.290;3.779.606.555.403.070;5.430.656.002.352.070;12.450.816.060.169.400;17.699.553.098.917.500;9.682.008.832.293.250;28.362.862.617.873.600;4.311.857.417.339.500;10.225.249.444.782.000;0.3522872462430893;0.5130778698605819;0.0024565362720107;9.231.614.180.074.320;893.763.863.520.745;9.532.695.649.934.560;8.901.854.972.411.250;93;95;7.610.255.028.975.890;17.837.293.765.991.100
B0-FF003_201301;B0-FF003;01/01/2013;1.505.474.802.066.780;877.890.526.050.179;9.253.764.591.874.090;29.232.898.727.802.800;0.7668667220365513;9.205.344.050.405.440;0;0;599.138.044.171.743;9.066.430.631.698.410;391.634.638.305.806;6.382.763.831.767.290;4.749.961.623.840.390;3.240.898.695.639.360;12.620.323.244.603.100;4.687.912.800.077.710;21.696.652.924.522.300;2.678.217.837.748.990;12.920.011.543.695.500;6.863.784.590.029.260;18.815.037.547.971.300;Horizon Polymers Campus;"Odense, Denmark";Specialty Chemicals;206000;814;1.569.512.964.532.570;2.410.826.314.074.660;6.298.594.713.730.720;9.611.516.049.090.760;3.775.111.750.480.410;5.410.913.053.494.360;12.190.908.493.408.800;18.338.359.419.002.000;912.558.312.471.117;29.500.333.481.952.700;42.109.582.655.865.100;10.056.453.813.812.300;0.3534752274829603;0.5279281904604632;0.0024124704433579;9.122.346.380.631.080;8.497.150.777.384.520;9.545.973.963.267.150;8.016.579.317.053.930;90;93;7.231.185.141.204.080;17.295.443.972.781.000
B0-FF003_201302;B0-FF003;01/02/2013;15.932.294.082.019.200;8.491.522.282.020.780;8.939.237.996.903.580;29.435.636.826.654.900;0.7590627589538782;9.658.809.619.311.880;0;0;5.720.367.396.681.880;8.782.155.961.859.410;4.408.407.776.580.000;66.969.145.862.972.400;4.887.106.945.534.260;3.189.022.693.128.870;12.252.593.082.895.700;47.588.114.976.663.900;2.049.106.732.005.490;2.684.948.775.294.420;13.350.177.411.291.100;6.278.494.677.229.850;1.925.543.415.103.210;Horizon Polymers Campus;"Odense, Denmark";Specialty Chemicals;202385;853;16.081.482.511.467.700;24.252.125.388.674.500;6.188.375.822.993.870;9.839.408.168.643.790;39.352.080.331.483.500;5.410.410.023.796.270;12.724.299.553.321.100;18.587.953.596.026.000;903.451.692.352.035;29.598.646.157.646.900;3.988.922.285.841.090;10.092.421.052.823.300;0.3546829774880194;0.5345564284486307;0.002390395360934;9.231.869.112.720.540;8.503.937.905.527.040;951.256.022.022.314;8.109.453.934.169.890;95;97;7.663.603.478.624.850;1.812.751.885.893.130
B0-FF003_201303;B0-FF003;01/03/2013;1.543.348.490.975.370;863.194.949.157.191;906.240.789.927.136;29.204.234.554.717.900;0.7474026240772939;9.294.608.578.031.600;0;0;5.568.843.115.660.790;8.712.264.668.711.780;41.353.480.380.294.800;6.896.975.169.754.500;5.095.240.762.764.840;34.036.845.150.547.700;12.869.668.588.608.000;46.559.055.042.430.100;2.052.129.621.695.260;2.643.760.004.427.630;1.280.721.483.075.210;6.461.566.491.931.100;19.073.347.921.557.200;Horizon Polymers Campus;"Odense, Denmark";Specialty Chemicals;192687;826;16.054.626.192.715.000;2.278.629.416.850.140;6.693.845.297.520.070;968.554.569.482.644;382.481.501.508.214;539.085.880.113.078;12.863.760.406.598.400;1.767.515.160.200.370;8.962.410.233.686.220;3.119.967.596.833.820;4.051.003.714.307.360;10.058.372.358.174.400;0.3516111595447266;0.5290597928624603;0.0024888615686911;9.108.899.901.026.130;8.928.167.375.001.700;9.263.147.985.203.770;8.457.919.729.639.720;97;94;7.864.983.321.223.920;1.808.471.485.751.830
B0-FF003_201304;B0-FF003;01/04/2013;15.641.559.371.284.900;8.682.810.046.292.470;9.299.038.577.649.480;2.988.221.221.994.890;0.7823593601457596;9.635.693.018.816.540;0;0;55.419.395.694.093.800;8.538.112.149.243.210;4.050.234.990.316.380;6.367.426.397.842.750;4.980.697.240.530.920;33.917.514.529.797.900;12.524.785.492.830.500;4.709.931.319.235.320;21.574.631.723.041.500;25.628.572.518.882.400;12.817.651.244.699.600;6.710.527.450.619.400;18.623.254.244.127.700;Horizon Polymers Campus;"Odense, Denmark";Specialty Chemicals;201090;798;1.649.741.567.536.000;23.300.143.891.959.100;6.669.706.918.292.920;9.546.311.354.564.480;3.882.820.997.519.810;5.724.778.124.860.140;12.852.942.402.401.900;18.270.097.815.842.300;8.685.443.590.268.880;31.068.374.305.228.700;4.163.538.514.365.850;9.985.851.845.590.330;0.3463873918207104;0.5410287261329187;0.002337352752377;9.552.285.907.852.300;9.014.456.080.695.600;9.296.915.804.264.190;8.583.119.936.584.030;95;98;7.696.851.434.903.370;1.794.737.955.369.190
B0-FF003_201305;B0-FF003;01/05/2013;14.903.656.181.990.200;866.269.948.936.516;9.188.547.805.388.070;27.630.952.623.762.500;0.7364752766870923;9.201.225.754.562.390;0;0;5.828.191.725.441.950;8.697.810.982.395.270;4.348.383.158.708.050;65.193.642.855.472.300;4.816.662.128.697.450;34.785.998.873.836.100;13.377.838.103.000.500;4.500.364.833.311.100;21.840.734.610.153.100;2.573.448.250.789.530;13.866.997.900.017.400;7.000.227.112.849.540;1.948.107.048.955.620;Horizon Polymers Campus;"Odense, Denmark";Specialty Chemicals;214216;827;16.283.633.061.033.700;2.472.405.486.848.990;683.614.012.742.573;9.232.139.070.228.990;3.840.816.020.107.830;5.319.365.157.887.920;126.071.253.236.009;17.993.983.735.580.900;9.367.662.097.416.620;31.508.609.102.222.700;38.881.666.147.745.400;10.331.536.704.464.600;0.3648486886457487;0.5019621821380951;0.0025472490114005;903.261.516.580.448;8.505.793.453.187.090;9.162.134.509.528.810;8.130.119.201.450.800;98;92;7.591.058.339.087.770;1.815.366.225.024.030
B0-FF003_201306;B0-FF003;01/06/2013;15.984.115.187.240.300;8.398.137.285.747.210;9.354.614.585.100.640;29.261.094.570.027.200;0.737398076364587;966.857.466.721.229;0;0;57.480.684.080.839.000;8.532.940.268.349.620;4.176.262.017.005.170;6.618.111.879.070.150;479.424.515.988.451;31.577.408.877.564.600;12.978.398.520.644.700;4.480.618.448.453.450;2.084.609.983.140.380;2.861.203.481.720.970;12.465.364.145.664.100;6.863.766.947.387.630;1.861.173.912.410.970;Horizon Polymers Campus;"Odense, Denmark";Specialty Chemicals;214596;832;16.877.226.018.907.600;23.462.492.196.940.400;6.703.081.138.189.490;9.556.497.049.954.070;4.067.523.903.063.290;5.428.680.604.238.370;1.312.925.944.297.830;17.672.401.285.606.500;8.975.373.031.555.830;295.271.030.014.082;3.961.764.008.392.600;10.063.882.606.990.000;0.3713239559103757;0.5376933497716797;0.0025705629579057;9.468.140.475.281.440;8.982.332.657.884.060;9.493.099.947.297.900;8.341.057.622.027.050;98;99;7.839.663.698.171.570;18.634.119.459.964.500
B0-FF003_201307;B0-FF003;01/07/2013;16.256.649.397.775.200;8.590.525.510.763.460;903.288.808.433.998;2.982.447.335.922.130;0.8008138368812179;9.478.394.145.402.080;0;0;5.914.429.769.349.500;8.598.431.487.494.240;4.150.052.117.763.440;6.798.433.289.601.410;4.734.976.854.902.660;3.181.023.825.352.730;12.172.252.842.867.000;486.986.982.575.974;2.054.209.710.480.930;2.760.270.035.348.490;13.486.172.688.122.800;6.728.527.864.752.550;19.521.443.673.986.000;Horizon Polymers Campus;"Odense, Denmark";Specialty Chemicals;204083;827;16.157.967.321.543.400;22.563.466.961.552.000;6.596.272.642.404.940;955.361.670.658.491;3.793.383.401.454.660;541.400.458.053.854;12.576.883.126.648.300;17.790.174.755.208.900;9.253.397.131.955.170;3.054.682.768.046.590;4.223.419.052.512.430;10.016.742.200.466.400;0.3571368348788356;0.5338798579821303;0.0024542307900819;8.912.382.464.242.220;8.776.021.507.884.210;100.0;8.810.880.348.998.900;101;98;7.667.210.487.888.890;18.533.035.780.294.900
B0-FF003_201308;B0-FF003;01/08/2013;1.617.927.378.741.190;8.255.475.391.360.320;936.702.345.775.559;2.945.438.969.368.820;0.7961550747622822;9.510.731.470.103.530;0;0;5.507.102.040.249.630;9.082.515.101.596.390;3.994.001.852.025.120;6.407.578.860.347.500;4.850.053.537.892.550;3.245.923.474.890.440;12.804.805.601.458.100;4.548.938.964.322.940;2.096.469.164.220.240;2.608.439.520.426.630;1.272.049.180.342.340;6.955.378.814.888.570;189.906.501.389.964;Horizon Polymers Campus;"Odense, Denmark";Specialty Chemicals;213576;789;16.966.747.079.247.700;2.477.853.374.892.120;6.876.408.013.756.260;9.531.850.346.964.300;3.937.212.849.233.920;5.332.193.540.451.950;12.528.526.677.163.100;17.773.015.854.909.000;9.152.869.899.070.040;2.970.348.302.738.630;4.115.031.326.570.850;10.888.610.416.885.400;0.363505779312268;0.5543230491670517;0.0023968996275607;9.464.339.373.522.810;8.728.312.990.499.040;9.471.769.967.301.160;9.039.153.459.533.940;93;96;7.150.420.760.253.870;1.846.027.615.727.330
B0-FF003_201309;B0-FF003;01/09/2013;15.934.610.725.551.400;8.669.492.302.436.100;9.365.378.532.103.710;2.907.887.840.631.370;0.7353763544130703;9.138.530.503.014.470;0;0;5.642.947.813.844.810;8.541.311.545.312.700;4.049.732.197.651.850;6.667.417.177.872.920;4.788.782.346.628.490;3.246.092.196.559.570;1.264.414.696.961.280;47.367.962.682.273.000;20.423.462.907.438.700;2.696.021.106.329.780;1.320.820.799.998.890;6.520.084.434.444.470;1.855.335.790.729.240;Horizon Polymers Campus;"Odense, Denmark";Specialty Chemicals;209372;800;153.146.844.416.132;2.413.503.950.623.010;6.775.359.991.927.300;9.480.670.062.607.300;3.985.400.014.379.750;5.659.658.709.164.020;12.365.211.663.905.400;1.935.485.535.590.170;916.270.836.791.018;3.060.861.741.542.360;3.916.845.012.632.460;9.680.173.679.931.660;0.3456993398700506;0.54718696178915;0.0026161209188114;9.583.089.750.347.710;8.707.205.565.987.930;9.740.200.219.958.800;8.931.922.013.117.620;91;100;7.634.111.134.570.670;1.884.513.478.932.220
B0-FF003_201310;B0-FF003;01/10/2013;152.132.505.021.292;8.963.877.953.668.020;8.868.955.841.444.840;306.143.111.038.165;0.7790869383418264;8.985.252.638.811.000;0;0;6.087.174.064.275.070;8.808.759.304.924.970;3.945.501.846.611.010;64.475.857.162.224.600;556.054.405.371.181;3.575.436.182.966.420;12.816.631.925.359.300;47.411.907.074.382.900;21.975.796.683.312.500;263.577.990.632.199;1.311.636.007.247.110;6.885.994.418.371.010;1.950.896.035.234.630;Horizon Polymers Campus;"Odense, Denmark";Specialty Chemicals;218963;825;1.727.423.878.283.560;24.193.038.200.997.400;6.307.296.397.471.260;9.766.861.855.369.730;40.205.801.975.186.100;5.534.330.038.139.460;12.196.590.646.101.500;1.873.274.348.281.000;9.173.262.066.381.080;305.293.920.884.237;4.065.302.157.572.610;10.471.300.858.878.800;0.3608642999940509;0.5255794269749086;0.0023708996920646;9.381.335.352.783.300;8.931.549.948.343.610;938.257.007.314.969;8.821.509.491.388.900;91;93;7.484.090.801.386.430;18.349.380.746.264.000
B0-FF003_201311;B0-FF003;01/11/2013;165.829.184.200.081;92.916.510.877.758;9.573.910.490.110.300;27.914.234.557.051.000;0.7480527129143134;8.581.340.469.329.000;0;0;6.037.138.215.739.510;8.316.916.582.571.280;4.275.010.295.554.940;6.898.838.837.398.250;5.214.883.150.878.620;3.459.683.899.893.300;1.271.093.049.374.260;44.267.340.407.506.700;2.198.366.658.064.120;2.809.552.830.291.010;12.105.763.850.410.000;6.502.827.529.168.420;18.781.587.235.977.300;Horizon Polymers Campus;"Odense, Denmark";Specialty Chemicals;215056;822;166.089.473.179.511;23.751.005.056.443.900;6.396.461.454.340.190;978.699.011.017.084;3.789.944.941.166.310;5.760.833.301.992.700;12.191.720.792.424.900;18.011.007.182.266.500;9.635.023.372.020.400;30.512.033.747.817.300;3.988.024.121.798.400;9.985.366.708.927.890;0.3488915648615216;0.5411295401894873;0.0025621067162607;9.597.123.904.335.200;8.690.051.675.606.310;9.661.236.521.606.920;823.637.004.338.235;97;97;78.042.896.515.624.100;17.993.917.306.331.000
B0-FF003_201312;B0-FF003;01/12/2013;15.390.780.896.179.700;8.376.555.160.857.360;9.701.368.397.764.830;296.447.359.520.057;0.7565626970897619;9.306.457.302.400.330;0;0;6.114.959.423.929.250;894.681.048.582.377;4.211.448.965.200.430;6.858.719.905.900.770;53.199.158.341.507.100;33.553.742.359.097.600;12.765.369.396.186.100;4.755.179.018.713.870;2.167.879.813.279.830;2.746.312.806.887.020;125.379.879.605.116;6.742.586.627.363.070;1.966.527.558.621.650;Horizon Polymers Campus;"Odense, Denmark";Specialty Chemicals;212930;778;15.963.294.215.914.600;2.460.257.643.490.060;655.450.553.337.526;10.159.356.389.767.500;403.550.900.290.682;5.361.828.845.531.860;1.313.215.641.816.300;19.183.275.556.255.100;8.988.714.738.742.360;30.259.342.196.655.200;3.986.168.146.817.200;9.847.027.757.234.450;0.3756658311533757;0.4930162872640311;0.0024475081192807;9.416.698.466.408.880;8.757.829.059.335.060;9.148.792.416.306.500;8.959.730.054.312.930;91;91;7.765.660.577.408.380;17.614.876.267.344.700
B0-FF003_201401;B0-FF003;01/01/2014;15.875.750.289.266.900;8.534.146.432.235.020;9.528.744.696.470.790;2.890.487.637.281.130;0.800542349008568;964.519.588.626.732;0;0;5.934.018.400.906.300;9.012.144.693.951.710;4.188.590.115.215.050;6.747.380.385.102.860;5.006.672.246.778.550;34.479.833.201.206.100;1.340.273.713.461.220;471.890.970.677.846;21.679.504.462.252.200;2.830.053.632.371.350;13.521.958.213.196.400;7.002.242.520.506.760;199.726.648.054.333;Horizon Polymers Campus;"Odense, Denmark";Specialty Chemicals;208383;792;17.066.108.129.236.300;24.514.793.588.094.000;6.558.028.117.363.010;915.430.940.778.542;407.736.223.708.076;5.652.305.015.390.210;12.293.827.799.945.400;1.825.806.551.130.130;8.754.408.703.076.160;3.099.809.220.147.540;42.832.408.359.127.000;10.146.391.338.751.900;0.3581608130426596;0.5308013220713689;0.0024844358832572;932.753.901.892.046;9.089.802.277.545.930;9.570.071.196.525.070;8.637.222.020.743.460;95;92;7.980.641.469.677.460;1.912.899.073.460.310
B0-FF003_201402;B0-FF003;01/02/2014;1.491.546.663.993.090;8.925.136.638.297.820;9.556.365.612.175.420;3.091.763.987.637.210;0.7960597570475335;10.228.115.291.459.800;0;0;5.917.930.510.349.390;8.603.632.588.485.110;4.207.419.343.292.700;6.883.275.573.062.430;5.054.699.124.222.610;31.937.940.647.660.800;12.401.098.522.652.600;4.814.009.219.321.910;21.085.733.495.074.000;27.856.334.746.791.800;13.103.680.361.902.000;669.933.905.268.978;192.499.324.309.252;Horizon Polymers Campus;"Odense, Denmark";Specialty Chemicals;210450;841;17.048.040.345.907.300;23.567.825.637.612.000;6.642.628.384.497.160;9.244.419.016.324.670;39.494.125.562.430.200;55.101.669.583.306.600;1.304.838.675.377.130;18.219.050.476.639.400;9.447.314.683.252.340;3.163.216.628.177.110;4.117.368.542.695.180;1.010.387.683.054.080;0.3495064066363121;0.5513858345368535;0.002499512488893;9.575.912.551.962.760;8.637.308.632.256.110;913.142.019.962.646;8.910.143.865.233.100;96;91;7.739.909.890.189.780;17.622.839.668.783.100
B0-FF003_201403;B0-FF003;01/03/2014;16.098.088.081.395.700;8.869.262.865.233.050;9.749.328.521.621.800;28.488.407.799.698.700;0.8024287324660984;9.638.625.042.645.970;0;0;59.011.940.361.333.100;8.511.810.385.951.540;4.253.816.037.025.770;6.473.943.905.988.380;518.358.634.592.068;3.346.136.257.391.400;12.845.279.913.806.900;45.277.349.185.072.100;20.678.669.326.100.900;27.730.093.345.090.100;12.297.198.572.263.700;6.870.210.461.471.960;1.911.802.531.448.650;Horizon Polymers Campus;"Odense, Denmark";Specialty Chemicals;209031;841;16.724.564.692.765.300;25.070.136.567.663.300;6.244.809.795.112.560;979.008.226.852.519;3.897.198.584.246.280;54.849.467.532.825.000;1.315.306.396.105.470;18.698.436.186.876.100;92.082.013.707.529;3.022.356.441.987.490;3.982.328.254.939.330;9.898.423.398.510.030;0.3748350202460639;0.5499213116017728;0.00255047795123;945.171.552.829.324;9.284.262.758.512.050;9.340.110.637.584.900;8.544.938.488.240.610;101;96;8.187.842.011.999.890;18.601.847.469.245.000
B0-FF003_201404;B0-FF003;01/04/2014;155.935.951.141.777;8.710.083.970.046.520;9.138.403.965.409.940;3.046.786.245.636.250;0.7985040790412935;9.636.142.383.255.210;0;0;6.125.440.486.277.920;9.061.281.137.303.170;41.649.051.508.131.100;6.640.556.600.659.870;5.022.836.171.139.930;327.784.213.430.665;1.242.301.502.785.370;46.753.204.140.016.900;2.082.286.149.730.150;27.211.767.550.073.100;1.276.020.039.697.820;6.723.879.223.621.680;1.936.487.863.195.700;Horizon Polymers Campus;"Odense, Denmark";Specialty Chemicals;192416;837;16.915.606.031.067.900;249.065.707.108.788;6.619.894.410.642.230;988.417.521.510.812;388.147.020.549.874;5.659.705.041.096.570;12.453.017.953.792.200;1.902.554.857.192.980;9.514.398.471.056.400;322.166.769.036.104;400.735.169.087.698;10.405.398.371.582.800;0.3449676407594026;0.5068791821540408;0.0025533513810001;9.554.171.905.631.270;8.423.770.236.608.150;9.602.380.769.718.890;8.896.430.644.459.710;96;100;7.637.567.708.464.040;1.901.471.005.163.980
B0-FF003_201405;B0-FF003;01/05/2014;15.675.868.002.659.000;9.096.516.996.132.060;8.994.568.144.641.440;3.009.208.908.937.020;0.7765210930128871;9.651.262.687.799.510;0;0;5.903.156.952.739.710;8.710.075.934.185.150;4.311.178.196.956.780;6.725.421.567.280.590;4.794.542.179.905.300;3.306.011.044.555.910;13.581.244.855.556.800;4.595.030.937.135.200;21.748.924.460.621.400;27.091.434.814.003.500;12.406.882.958.813.600;684.554.312.549.303;1.928.163.358.189.830;Horizon Polymers Campus;"Odense, Denmark";Specialty Chemicals;222196;857;17.511.062.865.637.800;25.014.738.802.156.500;6.809.147.964.791.900;9.192.252.945.003.170;3.876.956.345.664.460;5.722.614.395.558.230;1.271.001.918.487.640;184.054.385.551.198;9.368.297.300.362.310;3.150.012.958.168.990;3.965.960.058.953.540;1.046.189.135.125.250;0.3671205551964996;0.5220267887231214;0.002483462567908;9.641.991.163.665.830;9.138.569.047.054.090;9.444.279.303.083.950;8.773.677.872.914.150;100;102;7.855.084.635.014.970;17.267.453.542.396.700
B0-FF003_201406;B0-FF003;01/06/2014;16.318.586.105.834.800;8.839.586.597.719.680;9.125.796.447.700.180;30.561.722.183.686.400;0.8154299526733841;9.586.956.763.286.230;0;0;5.950.108.326.967.590;9.050.607.996.252.130;4.148.716.125.890.990;6.810.225.849.358.380;5.129.494.408.105.840;34.602.353.760.701.200;13.088.492.862.488.200;4.621.905.705.170.570;21.553.526.151.497.300;28.358.627.798.546.500;1.268.937.442.641.250;6.532.571.265.118.910;2.027.823.309.889.510;Horizon Polymers Campus;"Odense, Denmark";Specialty Chemicals;223136;831;1.719.691.990.594.010;2.454.407.319.733.520;6.242.836.474.498.870;96.567.541.963.535;4.081.277.216.305.330;5.418.988.644.537.710;12.350.574.830.558.500;1.804.140.034.390.320;9.050.105.096.995.670;31.183.675.430.309.700;4.245.871.672.450.530;1.066.845.597.364.580;0.3685544943687305;0.5129616860917752;0.0023968647170903;982.283.855.310.137;8.365.764.344.642.300;9.735.021.512.955.670;8.748.404.809.812.920;95;89;7.859.249.468.656.660;1.874.713.443.484.940
B0-FF003_201407;B0-FF003;01/07/2014;15.633.719.850.836.400;8.507.059.594.580.160;9.457.575.082.992.730;28.656.210.678.315.900;0.7875107015601238;984.154.189.082.111;0;0;594.494.462.597.744;8.867.328.842.347.710;4.036.958.621.901.980;6.457.191.822.274.330;4.965.967.106.267.400;34.481.255.041.133.300;132.710.874.654.678;4.818.649.935.829.230;2.226.160.512.296.540;26.867.067.174.608.700;12.852.053.437.555.100;6.728.001.728.875.010;17.835.079.074.260.300;Horizon Polymers Campus;"Odense, Denmark";Specialty Chemicals;214061;830;16.337.190.877.778.400;2.493.663.669.912.830;6.850.339.746.916.360;9.724.742.907.930.180;37.136.670.555.827.600;5.459.877.175.972.340;1.297.172.932.573.380;1.817.157.190.060.440;9.128.749.108.254.570;2.959.959.268.282.730;4.112.817.643.004.370;10.746.106.140.597.500;0.3654393935371878;0.5550768176226619;0.0025869062940495;952.000.089.441.085;8.746.211.097.300.850;100.0;8.878.158.277.267.240;99;97;7.729.951.308.296.080;18.337.285.060.220.100
B0-FF003_201408;B0-FF003;01/08/2014;16.576.981.147.308.000;8.806.165.255.958.150;9.738.370.902.504.890;3.126.436.532.306.290;0.7955689051878276;9.781.816.251.717.140;0;0;5.887.509.600.935.000;8.548.161.425.657.850;3.965.076.001.882.400;6.726.474.074.194.840;5.082.517.361.686.430;3.438.419.659.066.780;12.791.121.580.452.900;46.831.371.231.979.200;22.029.427.085.181.400;26.557.043.329.120.200;13.020.971.902.975.000;7.039.536.746.212.670;19.392.464.073.479.600;Horizon Polymers Campus;"Odense, Denmark";Specialty Chemicals;210212;863;1.621.708.282.326.460;23.745.473.866.482.400;6.542.907.806.664.690;9.822.109.286.949.580;37.307.181.896.801.100;58.396.134.386.774.700;1.286.058.672.361.680;19.072.802.917.013.000;9.546.738.990.124.960;2.992.745.788.456.270;4.096.737.955.757.370;10.224.602.090.147.800;0.3616740013656276;0.5308201690092772;0.0026081125914611;9.581.888.914.342.490;8.718.104.936.579.590;9.923.499.987.861.950;891.651.398.002.279;98;96;8.176.013.942.950.280;17.923.834.340.922.600
B0-FF003_201409;B0-FF003;01/09/2014;16.452.279.745.742.900;8.983.300.328.762.810;904.187.912.880.376;3.010.452.979.519.240;0.7444582777862229;9.463.873.012.250.250;0;0;5.548.422.817.642.480;8.861.011.977.898.030;41.836.184.777.217.200;6.667.730.320.243.820;5.045.979.622.142.580;3.373.105.057.588.360;12.681.670.220.158.700;5.025.274.496.218.050;2.171.559.638.707.710;27.454.049.336.596.500;12.710.114.153.328.500;6.701.861.109.072.550;1.935.880.134.601.720;Horizon Polymers Campus;"Odense, Denmark";Specialty Chemicals;213416;862;16.547.606.321.309.200;24.493.255.755.299.500;6.866.094.287.716.150;9.439.212.766.830.520;38.443.020.038.765.500;5.383.109.862.872.440;13.537.226.514.952.400;1.879.829.620.049.630;9.058.135.084.274.170;3.012.381.835.407.550;3.972.845.447.030.500;10.356.726.195.011.800;0.3591222153667902;0.5258538824556694;0.0024684631153045;9.857.986.137.385.000;8.716.686.212.749.370;9.258.011.050.241.940;87.262.841.419.361;95;99;8.196.377.304.266.550;1.745.700.604.858.480
B0-FF003_201410;B0-FF003;01/10/2014;15.621.263.614.560.600;8.865.481.095.467.370;9.389.326.631.153.230;3.120.563.268.373.190;0.7757082058450411;9.634.549.380.565.250;0;0;6.068.784.706.169.920;901.477.544.562.124;4.175.030.627.373.850;636.407.635.785.352;4.939.326.788.727.210;3.414.609.528.523.180;13.060.283.957.629.600;48.607.848.048.968.800;22.027.494.549.020.900;2.813.250.572.315.310;13.345.546.611.710.700;6.893.269.164.552.940;19.288.547.932.260.600;Horizon Polymers Campus;"Odense, Denmark";Specialty Chemicals;213406;807;17.739.113.707.947.700;2.347.626.571.260.610;6.293.996.449.520.010;10.259.903.425.106.000;391.835.246.653.339;579.708.441.291.799;1.318.734.778.678.940;19.121.125.501.286.700;9.391.185.359.140.660;3.127.851.001.457.020;38.167.414.118.857.900;1.002.287.251.096.410;0.3346663077460253;0.5281053112734246;0.0024897182435245;9.626.412.828.520.200;8.577.772.991.276.040;9.522.598.023.922.510;8.584.966.453.049.470;98;99;7.902.284.875.962.990;189.087.550.236.471
B0-FF003_201411;B0-FF003;01/11/2014;16.071.488.639.681.700;9.154.793.107.653.010;9.949.824.840.517.280;27.904.266.181.459.100;0.8035627157055265;921.705.923.319.194;0;0;609.322.645.324.408;8.904.087.455.939.280;4.166.818.366.837.100;6.830.795.426.414.110;5.008.586.659.841.930;3.206.255.564.333.930;1.311.359.577.635.080;4.653.067.272.249.910;210.259.565.811.532;27.100.836.834.455.900;12.293.039.153.279.000;6.718.467.022.311.300;19.623.327.072.209;Horizon Polymers Campus;"Odense, Denmark";Specialty Chemicals;218638;821;1.780.453.323.734.530;2.485.304.076.148.740;6.496.197.910.533.750;9.516.974.293.649.240;4.172.885.622.749.580;5.781.583.064.052.750;12.715.779.631.684.000;19.060.335.526.806.300;888.967.606.339.967;3.025.670.219.770.740;3.822.826.861.103.830;10.521.513.371.477.400;0.3510491752244779;0.540799831967395;0.002415859442344;973.061.576.619.398;8.820.333.645.471.980;9.210.489.365.190.150;860.648.668.160.403;98;98;8.235.221.764.273.930;1.926.028.974.514.860
B0-FF003_201412;B0-FF003;01/12/2014;15.666.628.852.013.800;8.663.407.003.644.600;9.029.868.855.887.350;29.239.079.505.460.600;0.7982074111191516;9.142.482.246.337.190;0;0;5.855.367.383.679.230;8.580.167.035.421.890;39.355.743.737.779.400;6.507.050.747.274.270;5.054.925.067.101.800;3.465.348.676.636.270;13.765.895.220.213.700;4.813.859.257.132.980;219.770.497.513.441;29.262.161.992.369.100;13.215.061.831.916.600;7.009.423.011.581.100;19.423.990.378.968.600;Horizon Polymers Campus;"Odense, Denmark";Specialty Chemicals;218615;842;16.898.054.923.728.600;2.559.141.551.828.660;6.487.874.563.636.280;942.122.265.826.982;4.078.440.602.447.570;5.824.773.058.165.650;129.413.069.439.115;18.776.165.952.490.900;939.455.931.956.025;3.114.316.874.717.100;4.145.100.925.595.680;10.086.545.936.323.300;0.3777602075953695;0.5394747924599335;0.0024612219060319;9.723.683.319.626.790;8.942.342.400.737.810;9.763.229.058.217.930;8.997.732.725.715.070;96;97;7.672.458.955.225.690;187.354.014.742.834
B0-FF003_201501;B0-FF003;01/01/2015;1.560.783.690.580.510;8.705.571.227.213.610;9.725.461.314.774.680;3.031.425.279.251.970;0.8124102486467611;995.163.956.692.333;0;0;595.624.909.859.238;922.031.127.189.594;4.223.509.039.305.430;6.963.243.630.686.850;4.975.510.129.636.240;32.694.392.011.162.300;13.345.639.271.478.300;4.872.682.280.996.410;21.669.162.938.018.800;2.843.587.147.604.940;12.764.035.984.795.600;700.934.401.578.991;20.364.133.824.118.600;Horizon Polymers Campus;"Odense, Denmark";Specialty Chemicals;220817;841;176.497.496.682.441;2.364.764.778.529.210;6.855.274.589.402.860;9.891.065.888.336.810;4.003.571.929.332.260;550.716.831.331.732;1.304.188.320.811.730;18.467.301.431.544.000;871.876.014.106.414;29.755.043.323.633.600;42.640.886.959.805.600;10.236.870.851.231.700;0.3762461816645054;0.5621315152239859;0.0025814351427665;951.824.093.096.666;9.113.459.720.204.070;972.289.998.664.796;8.765.392.368.703.910;95;96;7.669.617.258.336.010;1.916.452.335.306.500
B0-FF003_201502;B0-FF003;01/02/2015;1.677.915.006.916.200;9.119.513.714.588.790;951.514.110.341.697;2.995.055.745.294.000;0.7912480690539099;950.404.150.589.503;0;0;61.240.058.953.609.200;913.985.869.386.616;4.297.338.207.604.640;6.900.425.480.143.050;5.154.764.008.089.830;33.060.562.561.883.900;12.735.401.812.447.900;4.825.558.070.408.320;22.362.692.335.035.800;27.761.671.954.228.700;13.117.613.248.174.200;6.829.137.679.786.840;18.608.243.204.453.800;Horizon Polymers Campus;"Odense, Denmark";Specialty Chemicals;216074;825;17.377.491.477.488.200;244.951.327.169.748;6.711.563.103.787.640;9.649.386.290.662.590;3.910.504.310.522.000;5.442.436.745.857.360;1.334.006.120.068.350;18.279.457.326.741.800;914.425.271.504.695;3.095.709.501.393.360;39.876.742.733.947.700;10.218.332.190.175.200;0.3861468662309354;0.5496693124969949;0.0024775838820822;9.102.999.812.783.970;9.140.200.469.832.790;9.379.518.497.484.770;8.621.988.273.595.260;96;95;7.873.645.341.671.630;18.343.516.240.316.900
B0-FF003_201503;B0-FF003;01/03/2015;16.355.497.698.558.500;8.922.290.914.224.440;9.877.535.626.146.950;3.158.574.485.490.170;0.7587099853220204;9.542.081.045.447.340;0;0;6.158.260.632.834.150;9.110.286.058.261.170;4.081.885.230.866.800;6.632.195.823.995.140;5.368.354.131.163.670;3.604.330.487.896.610;13.350.786.987.056.100;4.585.184.150.171.790;22.492.348.507.540.000;2.685.252.186.630.190;13.413.729.617.192.800;6.502.478.155.791.820;1.972.687.217.904.900;Horizon Polymers Campus;"Odense, Denmark";Specialty Chemicals;220501;768;16.815.367.052.522.000;24.662.058.172.157.600;6.686.612.025.666.000;9.512.002.086.345.870;3.938.402.646.207.490;5.858.211.047.237.590;13.518.814.867.796.600;19.051.967.206.984.900;971.884.983.600.427;3.042.673.617.673.820;4.204.918.417.473.090;10.069.276.725.106.600;0.3977634421003291;0.5464963107524873;0.0026076614700264;9.207.494.734.869.820;9.093.088.268.034.180;9.718.475.232.998.460;8.897.987.645.435.270;98;97;7.828.614.561.235.320;1.862.538.916.191.240
B0-FF003_201504;B0-FF003;01/04/2015;16.789.646.047.082.000;8.797.986.850.426.110;10.125.159.556.861.100;3.036.097.353.782.410;0.8149150885189321;9.979.900.459.985.020;0;0;5.899.403.266.231.220;8.558.639.673.767.210;4.141.875.266.219.400;6.809.739.437.096.760;5.192.329.539.701.230;34.400.872.704.170.300;1.319.948.834.127.290;49.372.893.323.872.900;2.228.179.218.011.690;29.662.557.404.444.700;13.222.149.384.237.300;6.348.146.251.549.870;20.000.321.205.904.100;Horizon Polymers Campus;"Odense, Denmark";Specialty Chemicals;229709;867;17.752.019.738.232.100;24.650.040.830.280.900;6.950.214.800.751.410;1.010.105.831.649.090;3.919.522.980.478.850;5.603.078.706.415.970;13.179.256.616.950.500;19.224.085.770.357.400;852.925.445.567.909;3.078.092.698.314.570;3.893.775.634.394.310;10.361.609.709.055.900;0.3846305949030813;0.5353336557989853;0.0025275690187037;9.927.065.498.161.030;9.161.256.940.654.830;9.975.832.401.257.550;8.796.707.495.115.310;99;99;7.744.594.682.869.440;17.716.884.753.005.700
B0-FF003_201505;B0-FF003;01/05/2015;15.668.247.242.770.800;9.291.695.085.346.440;10.124.934.723.300.200;3.026.049.565.364.510;0.8159466926642521;9.574.736.736.870.030;0;0;6.213.034.378.441.490;8.813.397.409.981.070;4.086.682.126.597.100;6.822.126.261.987.320;5.224.596.844.742.610;3.442.681.658.622.160;13.028.107.276.077.600;4.666.755.624.204.490;2.063.008.144.562.350;27.707.556.169.703.600;1.310.470.475.075.660;6.965.591.685.848.490;1.907.983.267.513.760;Horizon Polymers Campus;"Odense, Denmark";Specialty Chemicals;219657;827;16.865.294.265.854.200;2.553.304.827.200.950;6.270.015.177.140.350;9.373.741.287.568.800;3.969.640.282.522.770;5.694.857.241.753.080;12.353.568.745.896.200;184.271.036.655.428;9.577.095.757.934.990;2.991.939.138.329.990;427.565.500.976.308;10.189.234.289.257.700;0.3459411795799101;0.5596562149526471;0.0025718593830159;9.317.421.761.579.840;8.762.201.477.733.030;100.0;8.971.703.955.587.060;101;95;8.212.779.462.473.890;17.922.925.735.961.900
B0-FF003_201506;B0-FF003;01/06/2015;15.448.409.161.717.800;9.141.887.327.906.710;9.126.861.234.779.370;31.764.701.671.275.900;0.7545812478575489;9.391.000.925.928.950;0;0;61.811.164.062.638.400;8.696.343.039.456.240;4.169.523.031.554.420;6.972.749.220.091.840;497.650.719.254.381;35.354.162.961.468.800;13.087.660.518.709.400;4.819.542.582.616.080;2.110.264.292.627.220;27.477.365.288.273.200;12.847.846.571.157.800;6.735.011.828.892.660;20.715.300.299.911.600;Horizon Polymers Campus;"Odense, Denmark";Specialty Chemicals;222860;854;1.681.198.595.344.720;24.019.526.823.154.100;6.584.664.882.358.600;9.655.349.731.752.200;400.255.616.960.316;5.807.966.233.196.910;1.304.028.933.690.570;19.045.643.405.944.800;9.582.975.563.673.890;3.069.368.038.919.650;4.283.227.411.938.400;10.118.362.145.805.400;0.3734531852317431;0.5474455624866366;0.0025693144900005;9.650.622.576.959.020;925.217.333.417.271;9.545.855.507.516.890;9.175.672.966.608.880;102;99;7.857.122.976.061.100;18.275.136.780.092.300
B0-FF003_201507;B0-FF003;01/07/2015;1.517.627.011.081.270;907.428.293.546.864;9.201.033.222.445.150;2.953.313.745.859.040;0.7980012721301977;9.560.335.179.435.130;0;0;6.335.687.087.342.290;906.182.112.360.104;4.140.283.286.420.980;6.814.331.397.168.750;5.023.842.778.115.000;36.281.622.998.809.800;13.395.223.238.760.300;48.926.131.667.386.600;22.668.338.134.444.200;27.446.594.010.320.200;12.633.412.965.473.400;6.864.279.348.361.180;1.897.527.254.305.780;Horizon Polymers Campus;"Odense, Denmark";Specialty Chemicals;213219;789;16.476.064.496.155.000;2.557.820.920.371.540;6.872.893.207.294.970;10.282.571.312.317.900;3.970.474.736.588.210;5.698.128.120.571.950;13.135.399.481.881.300;20.770.279.566.933.500;9.627.679.163.250.620;3.029.511.159.255.860;4.202.538.115.957.860;10.486.937.046.534.900;0.3754054145460829;0.5783820954670786;0.0026042098797112;9.661.882.519.043.190;9.429.094.961.418.370;9.352.952.332.651.750;8.748.328.984.676.450;101;96;7.929.193.002.626.600;1.837.493.566.629.330
B0-FF003_201508;B0-FF003;01/08/2015;16.143.737.912.042.700;8.753.211.530.877.220;9.552.969.234.810.880;30.156.693.658.167.500;0.8173065936940204;9.809.546.831.059.170;0;0;5.973.398.634.698.650;9.110.054.714.100.790;4.240.620.848.047.060;6.341.536.370.696.590;5.124.041.794.286.700;35.081.152.175.850.300;12.978.967.907.780.600;493.960.573.159.721;22.044.455.960.370.500;2.786.244.913.977.560;13.429.624.821.328.600;680.153.550.532.348;20.011.555.062.384.000;Horizon Polymers Campus;"Odense, Denmark";Specialty Chemicals;214467;859;17.888.683.261.498.100;2.438.075.731.610.930;6.983.012.028.565.310;968.104.313.330.374;3.944.422.052.322.790;5.649.411.039.955.750;12.405.677.330.269.500;1.905.684.581.175.720;9.424.304.297.360.160;3.126.998.731.185.500;4.350.877.419.471.960;10.974.230.192.433.100;0.382356093404449;0.5444247404507736;0.0025403080208767;9.484.007.020.004.760;8.957.448.289.660.720;9.748.935.417.452.060;897.380.035.008.067;95;97;7.547.174.474.856.560;18.389.700.012.303.600
B0-FF003_201509;B0-FF003;01/09/2015;1.661.594.027.900.110;8.656.268.006.122.420;10.041.562.956.225.700;3.141.908.560.374.370;0.7988293034111188;10.097.992.865.077.200;0;0;6.042.420.151.477.680;8.565.093.668.849.300;43.710.178.533.577.300;6.775.193.435.291.270;5.009.185.458.055.830;3.377.042.864.837.490;13.287.146.194.364.500;4.837.643.553.872.700;21.743.389.809.175.200;281.059.322.358.294;13.449.576.508.916.600;6.659.235.640.104.930;20.005.873.204.194.000;Horizon Polymers Campus;"Odense, Denmark";Specialty Chemicals;214360;795;16.656.028.474.970.300;2.414.725.062.888.100;71.486.437.913.374;991.367.834.791.919;40.165.525.387.325.900;5.640.743.277.775.610;12.882.689.218.755.100;18.131.460.449.128.900;926.476.731.683.455;3.244.266.239.088.850;3.997.634.231.771.910;10.281.244.629.601.800;0.3786163553109629;0.5641920363645735;0.0025100516776443;101.370.154.386.816;8.835.325.851.344.680;9.422.279.190.046;9.239.669.131.271.250;99;98;8.003.218.801.635.450;18.269.429.941.234.900
B0-FF003_201510;B0-FF003;01/10/2015;15.929.711.728.456.500;9.349.656.286.559.690;10.087.140.248.624.900;2.951.454.247.082.390;0.7787760890717274;972.298.673.838.801;0;0;6.185.843.699.162.320;9.239.007.278.283.030;4.333.335.239.145.850;7.010.182.500.280.090;5.144.227.573.943.280;3.549.859.471.408.390;13.514.203.694.341.400;4.611.526.985.390.030;20.897.653.789.617.000;2.853.048.418.437.710;13.758.951.279.325.700;6.987.089.781.660.480;2.024.766.520.482.770;Horizon Polymers Campus;"Odense, Denmark";Specialty Chemicals;209810;849;17.827.666.071.025.500;2.509.713.143.019.100;6.837.426.911.408.150;9.967.696.623.815.790;4.016.261.459.653.350;5.933.495.043.860.380;1.318.890.808.800.710;1.880.472.480.922.200;9.073.746.958.155.520;32.332.396.980.420.100;4.049.859.761.345.430;105.531.136.126.724;0.377704623746217;0.5791764799397371;0.0025861843859435;10.216.691.516.036;8.970.640.014.603.650;9.606.678.496.023.570;958.804.420.934.666;95;107;8.360.840.889.221.160;18.515.629.982.435.100
B0-FF003_201511;B0-FF003;01/11/2015;16.539.380.013.987.200;8.598.159.127.231.360;9.736.398.987.478.030;30.867.834.576.182.000;0.8094740645365961;9.615.894.082.201.050;0;0;5.986.011.579.469.520;9.435.276.747.390.400;4.247.345.396.430.440;6.934.913.488.337.390;500.977.010.297.769;3.280.724.878.939.570;12.776.046.016.993.100;4.918.862.943.841.710;21.374.719.207.133.700;2.892.304.558.794.860;13.922.961.479.874.500;7.063.120.171.610.630;2.017.616.019.127.710;Horizon Polymers Campus;"Odense, Denmark";Specialty Chemicals;221233;876;17.420.015.969.971.800;25.290.595.511.329.400;670.879.048.138.041;9.518.226.128.333.590;3.933.531.693.493.740;5.682.517.870.980.330;12.972.073.526.918.800;1.949.389.598.387.790;861.561.304.718.096;3.103.460.399.901.550;42.656.877.324.626.000;10.714.014.220.635.500;0.3602299785005745;0.5790648916512582;0.0024651641363523;9.716.511.085.162.280;8.891.066.247.071.480;9.689.297.934.363.410;9.225.941.936.905.740;99;100;81.919.407.170.504.200;185.021.202.664.983
B0-FF003_201512;B0-FF003;01/12/2015;16.167.962.024.995.200;943.750.844.201.982;9.686.838.765.926.450;29.605.054.335.227.700;0.7696563044401196;10.006.801.034.677.800;0;0;6.119.718.994.099.880;9.068.388.968.950.690;4.424.603.061.051.100;6.367.310.133.629.430;5.218.936.287.525.730;34.267.359.975.329.700;13.857.106.845.451.900;4.804.246.186.664.660;2.178.523.342.613.450;2.833.601.690.821.860;13.017.627.599.669.000;6.789.536.091.271.520;1.985.712.290.155.760;Horizon Polymers Campus;"Odense, Denmark";Specialty Chemicals;227957;837;16.923.770.218.362.700;2.452.978.960.590.290;6.833.770.052.551.370;10.345.561.894.113.900;3.907.491.418.165.780;61.766.540.440.460.900;1.331.113.152.056.970;18.302.894.554.557.000;923.734.001.602.224;2.945.707.639.089.110;4.191.226.017.614.370;10.836.044.823.405.300;0.3701090433980873;0.5643161463859748;0.002608245851614;10.188.806.058.563.300;8.721.581.042.652.490;100.0;937.780.342.471.848;106;103;8.032.470.830.209.850;1.834.067.860.151.340
B0-FF003_201601;B0-FF003;01/01/2016;15.865.183.298.419.000;8.950.155.426.995.190;10.125.203.690.364.600;3.016.111.312.184.230;0.7951974578396278;10.033.576.467.895.300;0;0;6.447.063.398.364.270;935.995.131.819.902;4.374.952.773.110.090;66.871.989.926.065.900;53.752.696.963.839.700;3.375.537.847.801.860;13.383.701.134.136.500;4.945.445.524.147.120;2.249.689.055.923.520;287.949.577.417.158;13.217.454.384.009.300;6.537.092.956.743.020;20.020.473.369.627.000;Horizon Polymers Campus;"Odense, Denmark";Specialty Chemicals;203357;865;1.679.374.888.453.310;24.739.828.182.618.100;6.736.605.065.206.670;999.679.437.667.668;3.909.203.355.981.830;5.797.256.209.742.150;1.322.211.099.035.870;1.892.996.446.871.360;9.514.012.597.691.300;3.018.329.001.936.360;403.675.588.027.325;10.970.074.274.483.700;0.353122347479199;0.5875892213091285;0.002567699026468;9.592.964.839.356.300;9.229.326.482.290.850;964.218.100.720.087;8.976.656.161.489.390;103;101;8.103.704.333.679.170;1.928.258.257.000.350
B0-FF003_201602;B0-FF003;01/02/2016;1.630.345.610.461.470;9.227.296.183.057.490;9.293.018.383.512.370;32.030.220.262.948.200;0.7882100838705584;9.822.261.321.683.750;0;0;6.290.627.931.718.530;8.816.838.694.336.520;4.237.850.709.455.450;6.924.821.946.244.470;5.224.895.354.025.110;34.343.506.180.588.500;1.319.049.347.107.580;4.979.458.858.944.490;22.311.144.751.259.400;2.859.381.411.575.440;13.813.218.891.469.300;6.651.224.444.591.820;2.047.498.588.557.100;Horizon Polymers Campus;"Odense, Denmark";Specialty Chemicals;220219;814;17.929.414.087.510.600;25.330.210.910.865.400;6.998.767.534.184.240;9.752.465.355.423.200;410.081.991.382.873;5.633.891.801.326.540;1.263.428.901.757.840;1.890.881.204.408.210;9.605.608.349.908.480;3.230.649.005.466.240;4.207.210.198.982.330;10.554.098.000.070.400;0.3819663582811044;0.5468849964754922;0.0025380319164035;1.033.489.400.113.230;8.933.040.348.272.740;100.0;926.048.595.885.372;100;100;84.433.778.548.987;18.191.759.804.338.300
B0-FF003_201603;B0-FF003;01/03/2016;15.656.081.907.370.700;9.239.978.252.794.490;9.496.096.985.315.120;3.151.920.953.092.560;0.791564153871786;10.026.880.105.205.200;0;0;6.013.621.804.310.500;9.295.193.745.310.290;4.553.585.723.407.850;6.731.797.093.906.220;5.108.949.745.969.770;34.556.714.859.438.100;13.509.850.701.300.500;4.522.709.876.978.210;2.202.509.367.131.600;2.825.907.140.942.990;13.246.178.498.276.200;6.999.234.830.284.980;2.023.355.196.873.190;Horizon Polymers Campus;"Odense, Denmark";Specialty Chemicals;220264;825;17.214.536.968.308.300;24.702.146.341.128.100;6.967.135.865.875.180;9.568.762.544.002.550;4.037.374.653.617.430;6.045.735.098.710.370;12.129.798.546.835.200;18.843.212.888.098.300;8.865.355.495.313.710;31.391.157.297.626.800;429.859.192.171.254;1.038.235.645.469.600;0.3814588297651807;0.5756871090961927;0.00261593345242;9.716.193.536.077.190;916.434.201.081.998;100.0;8.552.874.187.247.320;102;95;7.656.076.559.003.850;1.825.673.670.352.770
B0-FF003_201604;B0-FF003;01/04/2016;16.305.107.792.533.000;9.372.681.193.001.940;9.045.182.304.713.960;31.676.546.131.495.500;0.7902451726844668;9.470.566.201.585.670;0;0;6.527.223.375.501.480;9.246.134.699.055.140;42.643.901.673.806.700;7.041.171.775.357.300;5.378.608.520.329.700;3.623.407.846.627.800;13.769.906.979.034.700;5.063.430.400.954.580;22.825.748.217.677.600;292.577.838.784.885;13.189.411.106.294.500;720.855.567.323.106;1.978.799.117.563.920;Horizon Polymers Campus;"Odense, Denmark";Specialty Chemicals;220046;844;17.717.517.848.108.800;2.590.951.212.128.220;6.783.342.231.324.430;944.874.293.997.653;4.140.919.289.612.770;595.393.808.385.574;13.817.903.548.857.100;19.471.821.936.441.200;9.698.020.437.799.430;30.753.451.384.166.400;4.291.534.199.064.560;11.236.995.776.936.500;0.3654439426937711;0.5335583710400267;0.0025989034066678;10.158.801.477.227.100;9.089.173.697.292.020;100.0;8.689.472.441.367;95;103;7.692.004.639.605.600;1.916.244.296.133.740
B0-FF003_201605;B0-FF003;01/05/2016;17.032.023.591.174.300;9.100.393.419.068.950;9.436.089.635.832.940;3.197.713.053.755.620;0.7989494025176216;974.181.120.748.032;0;0;6.010.503.455.250.660;8.874.189.395.430.800;441.802.938.271.806;7.004.149.297.794.960;5.100.931.286.155.540;3.327.460.801.959.430;1.398.042.569.034.170;47.995.676.320.792.400;2.085.401.236.921.510;28.590.930.388.668.300;13.777.884.169.951.200;7.105.431.649.787.010;2.011.953.071.945.280;Horizon Polymers Campus;"Odense, Denmark";Specialty Chemicals;215694;840;18.053.528.493.698.800;2.351.907.104.448.180;6.679.897.227.414.160;9.850.456.585.367.970;37.833.060.425.194.100;5.743.897.216.957.150;12.728.404.538.843.900;19.257.265.268.124.300;928.759.005.993.695;31.091.538.554.803.900;4.122.808.671.929.720;10.784.604.490.344.700;0.3713008174554315;0.5702180226700719;0.0026851037855223;9.807.987.364.334.920;8.852.632.307.305.630;9.732.591.011.452.020;9.643.936.368.421.500;98;99;8.092.932.361.433.710;19.317.045.880.192.400
B0-FF003_201606;B0-FF003;01/06/2016;16.415.661.852.202.200;953.471.215.757.903;9.718.139.316.061.990;30.701.539.215.793.700;0.818684499292703;9.557.774.705.002.790;0;0;6.364.495.293.572.120;9.505.842.461.991.400;4.245.521.167.103.830;67.432.028.867.278;4.893.491.831.539.490;35.054.213.400.849.600;12.570.925.095.255.600;48.622.185.116.772.200;21.713.505.395.682.500;29.029.557.294.742.800;13.374.955.330.950.800;684.547.578.435.777;20.607.392.279.830.200;Horizon Polymers Campus;"Odense, Denmark";Specialty Chemicals;211697;870;1.848.652.525.076.200;2.573.819.803.188.080;6.800.472.103.606.310;95.889.315.767.775;4.142.025.464.396.140;5.576.246.288.256.930;13.233.594.373.476.400;19.423.549.882.876.100;917.541.028.854.291;30.502.054.661.497.800;4.042.706.338.632.130;11.089.520.131.976.500;0.3915135977923645;0.58320896067719;0.0027358677023142;9.717.328.227.245.800;8.560.633.147.338.570;100.0;9.191.098.161.144.380;102;96;807.460.398.927.338;19.119.890.146.435.600
B0-FF003_201607;B0-FF003;01/07/2016;16.354.136.482.278.400;8.832.931.083.190.370;9.110.786.423.638.370;30.180.613.377.833.100;0.7282036938478684;9.709.331.881.785.540;0;0;6.209.512.221.807.950;9.049.630.876.254.770;4.238.333.480.627.540;7.221.865.840.566.130;51.394.818.141.892.300;3.533.664.364.975.820;13.009.862.437.461.000;4.918.090.324.689.190;2.204.448.242.716.580;28.666.270.247.023.700;12.904.716.867.662.600;6.736.103.644.130.290;19.911.440.806.230.000;Horizon Polymers Campus;"Odense, Denmark";Specialty Chemicals;227881;820;18.309.827.284.595.900;24.513.733.859.509.800;6.909.910.586.385.780;10.201.219.864.414.900;3.990.996.530.780.450;575.367.321.602.517;13.822.473.204.768.600;19.660.079.518.280.600;9.672.641.372.700.430;3.140.877.432.957.090;4.204.668.812.778.600;10.255.497.627.168.900;0.3698129581070015;0.5569791224194849;0.0025950075853046;1.000.580.425.954.620;9.366.374.663.592.260;9.432.896.302.752.630;8.782.828.535.387.790;103;107;7.801.467.362.949.350;1.869.507.836.499.860
B0-FF003_201608;B0-FF003;01/08/2016;15.761.369.105.082.800;8.520.874.671.292.890;9.753.377.183.328.070;3.146.715.901.408.630;0.7906609026158489;975.745.826.021.126;0;0;6.135.278.620.734.360;9.536.043.577.903.240;4.172.181.487.299.220;6.882.203.731.773.990;5.175.987.470.222.580;34.310.908.268.967.800;13.490.858.996.691.900;45.202.257.927.218.400;2.252.037.918.761.110;27.787.440.615.965.300;13.075.277.238.400.100;6.945.955.648.718.270;1.930.539.607.338.750;Horizon Polymers Campus;"Odense, Denmark";Specialty Chemicals;228166;836;1.883.100.445.694.080;25.549.633.494.177.400;6.783.593.069.460.090;9.824.447.589.051.160;40.570.319.946.083.400;6.098.940.275.492.730;13.642.102.433.570.900;19.557.824.514.521.500;9.398.279.038.432.100;31.048.715.593.376.200;4.300.226.403.553.860;11.033.929.392.843.400;0.3719070864312599;0.5451112893802019;0.0025202139843233;943.143.109.597.826;8.953.697.146.665.690;9.817.621.842.836.930;8.958.584.671.889.130;101;98;850.579.376.998.604;1.842.442.768.327.500
B0-FF003_201609;B0-FF003;01/09/2016;1.676.213.863.962.970;8.754.104.391.130.200;9.438.548.224.578.380;31.215.131.732.702.800;0.8238289017439477;9.772.763.303.025.870;0;0;5.925.378.150.394.270;9.378.145.864.447.810;41.951.083.811.785.200;70.003.976.720.475.300;5.286.536.637.120.860;33.715.570.178.009.200;13.178.139.273.346.900;499.049.507.383.117;21.994.214.485.311.000;28.044.031.651.536.500;13.508.581.496.817.200;676.331.244.671.308;19.454.526.650.043.300;Horizon Polymers Campus;"Odense, Denmark";Specialty Chemicals;203935;868;17.490.908.949.503.800;2.551.369.009.994.730;7.163.056.515.404.410;9.855.964.331.805.330;4.035.577.693.140.050;5.870.191.630.008.730;13.053.220.076.045.000;1.824.652.079.474.390;9.168.842.585.521.670;31.587.150.898.231.400;43.514.663.823.767.500;11.122.046.712.886.400;0.3707210473767761;0.5600358662351991;0.00275019886611;10.096.380.316.713.600;9.123.956.802.541.810;9.967.790.808.200.610;9.131.743.580.356.650;96;102;8.187.518.868.077.510;1.972.318.719.974.870
B0-FF003_201610;B0-FF003;01/10/2016;16.689.737.178.083.000;9.376.490.803.867.910;94.291.201.659.684;3.043.782.108.073.160;0.8034670203640568;964.519.042.562.223;0;0;612.899.689.890.563;9.021.764.849.578.490;4.193.417.293.941.820;6.672.094.069.245.840;5.215.248.553.312.980;34.904.137.901.930.500;14.267.760.864.933.300;5.264.427.323.434.990;2.148.344.100.086.660;27.054.839.202.904.500;12.962.341.085.017.900;6.985.288.537.293.240;2.087.671.022.134.800;Horizon Polymers Campus;"Odense, Denmark";Specialty Chemicals;216769;875;1.707.629.656.951.990;24.770.134.140.744.600;6.952.914.016.225.040;9.936.759.459.909.240;40.446.224.497.828.900;5.628.730.257.276.790;13.785.735.291.742.700;1.980.275.666.605.030;9.860.977.183.420.090;3.102.062.403.751.970;4.245.111.398.944.400;10.468.205.622.051.600;0.3634285396752215;0.5626868339692556;0.0024412557275262;10.207.387.900.676.000;8.780.420.301.864.920;9.824.426.480.533.250;8.374.400.571.399.710;105;102;8.111.873.631.483.100;18.728.417.789.417.200
B0-FF003_201611;B0-FF003;01/11/2016;15.939.752.588.988.700;9.054.227.200.446.110;9.797.586.684.576.240;30.816.577.117.645.900;0.8135428053726815;10.429.746.998.246.100;0;0;6.488.162.668.048.210;9.103.378.380.779.350;4.276.314.353.635.500;7.063.263.129.801.300;5.320.911.123.637.590;36.137.827.174.801.900;13.557.601.619.342.700;47.878.686.241.978.700;22.595.707.762.029.400;278.949.425.603.907;13.597.328.191.987.200;7.023.135.285.418.470;2.025.189.313.801.770;Horizon Polymers Campus;"Odense, Denmark";Specialty Chemicals;219673;887;178.420.326.398.221;2.569.288.630.813.390;6.830.469.516.562.430;9.462.049.318.359.340;4.005.692.091.709.860;5.900.842.732.917.750;13.326.042.843.453.000;1.887.967.862.591.040;95.836.135.743.292;31.448.813.185.721.300;4.241.371.713.500.090;10.013.428.451.443.500;0.3834636363156691;0.5688743014356772;0.0027758911245825;9.753.884.069.814.090;8.971.458.456.427.380;9.981.685.395.892.460;8.987.981.926.577.340;105;99;8.063.637.251.620.720;18.823.813.845.160.800
B0-FF003_201612;B0-FF003;01/12/2016;1.724.004.027.949.820;9.253.471.861.502.900;10.179.643.589.320.900;3.378.573.783.209.450;0.783425265598902;10.211.840.227.145.100;0;0;5.902.085.437.987.570;9.787.801.223.792.760;44.287.576.218.840.100;6.928.254.735.642.890;5.318.973.112.308.090;33.173.950.990.650.300;13.491.617.130.291.700;4.798.611.710.433.030;23.214.095.963.642.200;3.006.901.910.728.600;1.383.990.898.802.190;72.149.045.114.866;19.850.085.605.693.700;Horizon Polymers Campus;"Odense, Denmark";Specialty Chemicals;225230;826;16.742.094.973.691.600;2.511.967.347.162.790;7.045.652.598.423.420;10.143.373.601.118.400;3.905.911.139.860.220;5.560.407.951.186.580;1.314.891.607.944.750;18.648.016.558.493.900;97.070.975.739.255;3.077.743.430.075.260;4.487.719.624.025.220;1.077.778.354.047.910;0.3736439490486746;0.5400410283973902;0.0025100934356308;988.294.333.537.632;896.179.870.821.699;9.425.455.449.581.970;937.893.846.843.821;97;101;8.218.564.760.104.990;1.823.929.638.161.580
B0-FF003_201701;B0-FF003;01/01/2017;1.631.621.225.177.550;8.745.222.477.050.520;9.852.468.520.691;31.165.237.751.655.700;0.8008974478412267;9.660.344.042.400.150;0;0;5.907.286.204.755.430;895.070.041.190.458;4.045.587.879.042.280;6.846.901.465.734.770;5.085.390.453.637.620;3.585.251.168.509.900;1.377.910.302.503.930;49.482.654.495.266.700;2.290.950.935.431.650;2.778.086.177.797.530;13.625.264.410.462.600;6.721.115.952.387.310;1.997.969.044.150.550;Horizon Polymers Campus;"Odense, Denmark";Specialty Chemicals;223018;849;184.207.598.363.265;249.669.481.843.578;7.110.679.006.737.370;9.897.638.826.565.650;408.001.822.369.925;5.775.088.035.822.050;13.416.786.844.170.100;2.016.834.803.494.460;9.985.624.058.281.650;31.316.464.913.855.000;421.642.480.428.535;1.069.126.286.246.550;0.3829974608155749;0.5911332255301635;0.0027178508351707;9.911.321.327.953.860;9.241.779.823.602.130;100.0;885.541.893.756.563;103;93;8.366.051.422.476.930;1.943.102.578.799.460
B0-FF003_201702;B0-FF003;01/02/2017;1.563.132.334.041.120;8.856.852.469.131.270;9.141.408.733.166.440;3.273.046.049.193.380;0.7798330462460424;10.186.960.174.895.600;0;0;606.543.994.141.963;936.483.704.638.923;4.337.931.411.657.850;7.188.972.698.612.520;5.050.135.822.584.850;36.242.371.041.802.800;14.111.542.115.224.900;4.885.009.493.473.060;21.664.226.684.348.100;2.841.625.429.954.070;13.253.442.063.825.900;6.994.605.379.310.870;19.845.130.903.298.200;Horizon Polymers Campus;"Odense, Denmark";Specialty Chemicals;224057;881;1.739.253.897.081.320;2.378.016.427.383.820;7.044.786.861.064.030;9.547.004.089.205.140;4.099.420.135.836.830;5.858.801.774.595.520;13.230.368.035.563.800;1.957.001.958.404.180;9.659.731.084.055.070;32.190.030.627.950.400;4.355.503.279.264.540;1.055.571.494.740.120;0.3714035894991818;0.5787851803217783;0.0026705623602046;9.862.582.615.746.200;859.300.568.069.987;100.0;916.203.472.702.493;97;98;8.031.416.682.809.760;1.947.819.766.102.810
B0-FF003_201703;B0-FF003;01/03/2017;17.780.131.415.891.600;94.607.324.174.931;9.315.788.521.231.480;307.751.751.568.758;0.8024468616180314;100.780.012.033.896;0;0;6.101.042.787.248.780;9.395.755.086.331.910;43.251.719.178.256.200;7.430.753.966.336.620;539.469.223.572.168;365.946.339.241.883;13.148.918.488.822.500;4.850.285.082.534.490;2.255.041.813.689.370;2.780.142.449.521.560;13.953.813.164.498.300;7.068.941.384.746.860;20.989.905.986.451.900;Horizon Polymers Campus;"Odense, Denmark";Specialty Chemicals;224503;866;17.538.660.757.454.100;2.470.892.780.241.420;6.787.921.552.276.800;10.267.936.818.238.900;4.155.585.011.662.660;6.070.067.202.606.530;13.159.609.633.531.800;198.695.134.685.244;9.516.542.393.821.950;3.241.323.763.303.630;44.209.174.195.659.800;11.366.061.360.316.700;0.3888005262998996;0.564769104917871;0.002667466006652;1.039.109.756.202.690;9.348.741.821.436.300;9.859.121.113.261.730;920.822.355.489.546;105;106;815.603.912.387.913;1.859.635.223.915.130
B0-FF003_201704;B0-FF003;01/04/2017;1.568.295.681.370.950;9.383.760.566.491.110;9.319.869.679.580.600;31.521.192.097.028.600;0.8317632894596481;989.183.765.105.962;0;0;6.032.803.770.138.450;9.211.162.220.980.330;4.476.723.580.613.730;7.012.186.633.790.330;5.586.178.742.795.700;3.635.072.980.724.460;13.716.953.005.748.000;49.244.059.274.574.100;22.024.757.605.596.500;2.903.445.887.976.760;13.766.475.966.288.000;7.117.936.527.717.190;20.039.970.520.452.500;Horizon Polymers Campus;"Odense, Denmark";Specialty Chemicals;214712;915;17.960.358.608.086.200;25.593.350.639.779.400;7.075.305.554.256.750;10.344.403.103.740.800;4.021.676.746.009.950;583.773.493.286.951;13.092.607.423.346.400;19.241.538.753.475.200;9.384.691.334.858.990;30.934.921.239.907.600;40.541.692.713.761.300;11.247.226.060.985.900;0.3733577386715088;0.5702481065205048;0.0026341232633313;10.177.651.966.305.700;8.614.135.128.810.540;985.002.013.284.485;9.367.438.906.856.250;107;100;8.089.880.633.725.370;1.988.085.484.918.330
B0-FF003_201705;B0-FF003;01/05/2017;16.807.079.365.842.800;9.184.365.711.480.990;9.762.289.734.038.940;3.072.461.982.448.670;0.7920469897631607;9.992.079.733.595.840;0;0;6.083.850.979.070.350;9.626.947.525.327.110;4.115.519.886.993.480;7.129.795.645.395.190;5.168.532.231.626.590;3.437.630.391.553.480;13.480.397.291.023.800;47.051.084.920.530.300;2.262.383.406.830.570;3.034.205.680.230.160;13.300.492.275.552.600;7.556.436.559.787.230;19.843.111.875.881.200;Horizon Polymers Campus;"Odense, Denmark";Specialty Chemicals;219026;903;17.012.797.518.737.100;2.518.186.801.545.500;7.337.814.514.717.540;9.671.202.299.219.160;4.156.269.219.390.180;5.957.574.691.459.680;12.637.782.828.518.600;18.913.378.251.400.800;10.275.850.109.416.900;3.215.138.411.968.030;4.315.563.274.677.940;1.080.396.000.753.350;0.4007451213238658;0.5462889323623907;0.002576217101329;10.006.967.107.935.800;9.329.192.797.235.450;100.0;9.113.089.292.948.560;99;103;7.697.522.746.360.610;18.971.251.396.409.500
B0-FF003_201706;B0-FF003;01/06/2017;16.198.871.271.698.400;8.883.888.455.942.590;927.002.568.446.186;3.151.610.044.147.570;0.8180940283454725;10.095.366.703.753.100;0;0;5.838.690.867.746.960;9.443.609.848.857.420;435.492.179.062.184;7.062.980.427.407.080;5.240.501.000.437.030;3.475.274.219.450.910;13.845.525.630.239.700;48.015.677.826.721.800;2.315.480.867.518.970;28.543.086.323.770.600;1.274.762.510.270.230;7.091.116.300.412.680;1.967.367.712.264.900;Horizon Polymers Campus;"Odense, Denmark";Specialty Chemicals;214129;886;18.163.534.430.447.200;2.530.218.102.664.810;6.564.598.041.148.830;1.019.806.792.870.870;4.049.705.912.179.840;611.777.499.101.431;14.220.183.903.387.600;18.422.110.807.235.400;10.314.641.183.857.100;3.048.116.792.254.250;4.202.654.660.319.590;11.071.175.295.430.900;0.3698802688803533;0.5496680030563391;0.0024981640794924;9.649.786.563.170.040;8.962.963.458.426.070;100.0;953.163.328.298.437;99;100;7.927.143.537.446.970;18.426.272.676.321.400
B0-FF003_201707;B0-FF003;01/07/2017;1.586.726.941.758.630;8.846.633.702.668.400;9.790.390.071.505.340;30.745.182.603.817.500;0.7995179198021108;10.095.733.735.362.700;0;0;6.405.580.631.464.470;8.716.778.748.044.010;423.580.757.491.376;739.891.512.269.642;53.202.600.918.358.600;33.470.705.820.311.800;12.998.113.019.064.100;4.902.592.348.887.280;22.112.991.291.591.500;29.628.161.151.905.600;1.405.696.541.786.630;6.966.409.384.200.630;20.354.385.612.340.700;Horizon Polymers Campus;"Odense, Denmark";Specialty Chemicals;215495;865;1.714.568.072.375.340;254.347.599.241.601;6.863.528.571.750.820;10.238.915.202.799.000;4.222.776.439.290.090;61.103.578.040.885.200;13.458.692.965.600.700;1.966.811.511.043.620;9.469.977.148.506.800;31.207.386.963.605.900;4.101.404.731.265.960;10.869.270.812.765.100;0.355240804423111;0.5788756499935822;0.0026077898079971;9.976.478.702.652.870;9.384.615.022.180.830;9.475.856.882.833.190;9.025.231.290.251.220;106;100;7.856.006.000.426.760;19.134.185.908.621.000
B0-FF003_201708;B0-FF003;01/08/2017;1.730.227.738.418.220;8.998.431.436.608.600;9.363.545.926.087.720;3.093.469.176.249.280;0.7755344530771978;931.297.830.590.198;0;0;6.312.712.348.103.350;9.539.828.025.664.820;4.288.845.658.483.160;7.329.652.751.816.250;5.173.482.065.503.880;3.542.296.178.890.820;13.317.121.600.760.900;47.505.395.996.629.900;2.203.934.095.470.930;3.098.889.979.513.700;14.238.504.201.911.800;7.249.222.725.867.540;20.180.956.164.081.300;Horizon Polymers Campus;"Odense, Denmark";Specialty Chemicals;219641;915;17.723.062.802.088.300;26.050.730.573.608.000;6.887.177.570.889.340;9.972.772.251.429.600;4.194.875.409.196.830;5.759.266.435.916.530;13.601.154.008.142.000;18.933.499.398.182.800;9.773.115.088.739.870;31.351.678.364.890.700;4.507.204.913.324.520;1.074.594.085.175.320;0.3877932029322987;0.5644397822401107;0.002599678256662;10.250.734.287.115.100;9.528.616.968.867.050;960.349.202.226.091;9.132.572.904.754.770;101;102;8.523.366.424.257.920;1.983.282.477.433.540
B0-FF003_201709;B0-FF003;01/09/2017;1.724.719.155.763.360;929.381.691.552.767;970.115.302.441.057;29.127.263.054.641.400;0.8450599257523865;9.251.140.280.511.190;0;0;66.105.582.408.288.700;9.376.248.768.093.030;44.123.041.348.881.700;7.013.374.499.295.720;5.291.299.330.242.700;3.469.442.531.745.880;13.631.368.784.008.100;4.839.080.563.194.400;22.526.465.547.530.600;2.905.934.789.059;1.362.064.257.072.830;707.388.902.840.894;20.089.141.107.825.100;Horizon Polymers Campus;"Odense, Denmark";Specialty Chemicals;226668;880;17.879.730.613.748.500;2.475.825.711.534.030;7.153.682.617.739.920;9.843.918.300.181.340;4.039.506.152.646.850;5.912.589.567.914.070;1.394.191.236.170.280;18.661.731.121.166.800;9.351.654.926.820.320;3.020.312.752.823.350;435.238.553.963.004;10.670.719.622.635.700;0.384279976065322;0.5712151431725498;0.002705062520988;10.089.812.320.945.500;9.024.819.504.963.840;100.0;9.221.153.988.329.200;100;102;7.869.765.487.140.060;18.642.402.162.257.900
B0-FF003_201710;B0-FF003;01/10/2017;15.857.716.443.536.400;9.312.162.533.942.780;10.059.419.542.176.300;30.105.437.988.419.700;0.8155485325406636;10.147.759.531.145.400;0;0;5.976.324.932.966.240;9.207.913.130.139.830;3.972.090.621.159.570;713.435.854.271.051;5.169.649.443.443.170;33.403.977.069.756.600;13.940.252.305.991.400;49.478.129.996.669.600;223.151.933.010.542;3.010.189.999.955.520;13.325.648.740.038.400;723.891.934.914.928;2.097.881.353.800.790;Horizon Polymers Campus;"Odense, Denmark";Specialty Chemicals;219431;873;1.864.845.818.652.010;24.736.301.547.082.800;7.137.439.345.184.730;1.010.580.923.433.680;4.265.486.445.699.030;589.755.230.177.332;13.770.867.518.064.500;1.845.601.814.219.230;9.028.528.547.646.360;3.112.056.283.006.680;423.562.816.673.439;10.678.216.988.797.400;0.3923588905664734;0.5594894911132955;0.0026476920119563;1.014.393.278.968.920;9.057.336.049.131.220;100.0;9.406.516.117.122.420;102;103;829.270.969.943.345;2.036.479.062.387.200
B0-FF003_201711;B0-FF003;01/11/2017;1.618.176.393.112.700;9.936.878.100.363.140;1.014.741.229.997.490;3.260.161.108.635.770;0.8445453332530687;10.337.284.785.880.700;0;0;6.388.354.261.235.000;9.486.282.236.731.060;4.473.425.417.154.680;7.079.607.371.773.140;5.082.990.538.971.560;3.543.426.727.161.160;14.017.793.260.429.600;4.939.438.531.967.160;2.254.673.288.334.180;2.917.869.742.285.890;13.448.069.464.211.300;693.672.958.883.363;21.816.239.880.584.800;Horizon Polymers Campus;"Odense, Denmark";Specialty Chemicals;233917;902;17.997.188.133.867.900;2.477.022.914.832.450;7.216.191.381.766.670;104.371.722.359.511;40.713.288.721.893.400;57.213.675.260.918.400;13.682.681.381.877.700;20.032.284.413.421.900;947.542.585.202.694;3.268.126.475.257.840;4.180.701.549.519.350;10.437.506.617.515.000;0.3827087916326707;0.5530025225087999;0.0026831916231703;9.623.751.142.772.860;9.005.789.908.427.970;100.0;9.319.701.272.096.350;103;100;8.223.979.081.216.970;1.929.842.145.131.920
B0-FF003_201712;B0-FF003;01/12/2017;1.790.086.027.952.780;9.342.510.191.039.670;9.637.977.645.713.430;3.145.031.856.016.570;0.7725777588980346;9.464.452.389.276.960;0;0;6.179.817.854.877.920;932.858.672.392.697;4.349.274.640.432.290;7.092.638.376.894.530;5.480.986.096.672.650;36.166.591.496.347.700;1.356.073.273.307.140;4.721.821.281.948.950;21.898.406.456.232.800;2.985.188.766.521.730;14.319.602.239.186.500;693.146.343.908.688;1.990.905.976.453.510;Horizon Polymers Campus;"Odense, Denmark";Specialty Chemicals;220837;921;17.876.275.208.797.900;2.498.624.271.433.320;6.961.360.770.328.300;995.128.028.346.642;4.205.836.210.130.370;6.264.672.165.909.090;13.579.123.567.379.700;2.007.163.727.488.940;9.282.039.130.364.860;344.721.093.623.436;4.130.051.141.650.610;11.212.429.167.144.800;0.3847009360198403;0.546118193960506;0.0027186188659873;101.173.291.790.671;9.001.524.703.047.210;100.0;8.688.645.569.777.610;100;99;8.185.529.660.886.210;1.844.292.147.079.110
B0-FF003_201801;B0-FF003;01/01/2018;15.849.871.641.956.800;902.983.448.762.923;9.865.447.200.489.220;3.064.340.128.742.050;0.8258602839343337;10.261.574.016.218.600;0;0;6.215.279.608.577.580;9.860.917.974.558.710;43.341.694.871.441.100;6.848.390.864.885.480;5.500.409.879.208.710;34.524.527.932.458.200;14.215.227.616.732.200;500.736.549.909.134;22.227.662.382.832.800;28.549.427.575.078.300;13.659.713.511.925.500;7.272.956.552.158.300;20.543.440.039.372;Horizon Polymers Campus;"Odense, Denmark";Specialty Chemicals;233953;845;17.767.319.059.367.900;2.644.733.371.624.320;6.791.643.269.066.600;10.439.688.292.859.100;4.126.266.787.676.520;5.944.599.117.174.690;1.340.446.272.081.160;18.751.789.337.061.600;966.145.671.051.748;3.171.129.638.766.000;4.505.126.599.218.790;10.998.067.845.776.700;0.3816879903713536;0.5906893671136396;0.0026509658679618;10.352.208.784.907.900;9.589.484.847.299.580;100.0;9.271.579.189.653.980;100;105;8.233.796.528.294.370;20.277.391.853.981.300
B0-FF003_201802;B0-FF003;01/02/2018;16.870.131.751.225.500;998.561.319.001.381;9.678.958.163.139.410;32.418.282.079.372.500;0.814510680766822;9.994.099.119.419.910;0;0;6.096.313.261.515.070;927.167.815.713.021;4.250.804.577.401.140;692.489.143.348.794;5.140.455.568.259.890;3.454.385.479.470.220;13.105.721.553.503.200;5.051.724.259.048.450;22.644.257.812.513;2.987.971.522.839.040;13.550.506.347.479.600;6.994.962.895.773.080;2.053.877.126.623.920;Horizon Polymers Campus;"Odense, Denmark";Specialty Chemicals;229002;885;17.847.443.233.998.400;2.614.382.954.625.410;7.055.718.952.796.180;995.612.051.803.941;42.412.171.265.732.400;5.710.026.108.526.780;12.981.045.220.436.500;19.466.447.583.585.000;9.721.033.640.838.890;3.251.372.050.540.600;4.270.937.254.330.950;11.285.537.684.170.100;0.3645922535039335;0.5712172435806558;0.0027191568261949;10.572.251.619.066.600;9.648.428.475.987.820;9.780.451.684.157.350;926.277.968.512.033;101;102;8.531.162.966.111.940;2.061.156.472.239.110
B0-FF003_201803;B0-FF003;01/03/2018;1.692.176.829.452.340;8.734.956.258.524.410;9.405.141.645.606.300;3.159.723.987.732.450;0.8409886157933333;9.836.827.709.690.390;0;0;62.126.628.396.734;9.862.653.466.742.200;4.322.236.331.268.390;7.296.718.071.763.510;5.330.053.838.952.550;365.564.757.716.418;14.609.640.993.045.100;50.643.472.712.517;23.516.562.085.426.300;2.850.757.867.008.600;1.334.466.892.993.720;6.794.923.899.566.360;1.996.497.344.293.740;Horizon Polymers Campus;"Odense, Denmark";Specialty Chemicals;234773;887;17.718.778.336.206.400;2.582.110.535.573.230;72.073.027.799.673;10.385.250.105.717.500;4.160.899.715.316.560;6.185.731.518.773.370;13.179.824.794.979.400;19.299.370.578.862.300;10.048.598.892.951.600;3.325.449.490.359.040;4.366.584.224.772.790;10.681.544.355.966.700;0.3912463199845667;0.5540648997380909;0.0027562501195496;10.626.906.012.563.200;912.774.145.920.643;100.0;8.899.803.046.814.200;101;101;823.473.853.443.467;20.358.193.408.142.900
B0-FF003_201804;B0-FF003;01/04/2018;1.703.135.869.945.700;9.067.533.404.999.560;9.945.060.389.790.830;3.230.986.528.387.050;0.8303107117161922;10.456.183.209.204.000;0;0;62.681.521.654.373;919.921.400.113.287;4.233.927.729.274.630;7.446.823.768.106.980;5.083.207.544.241.170;3.603.983.704.375.670;13.965.478.503.382.500;48.600.924.837.962.600;2.329.983.673.809.080;28.140.886.424.018.600;13.505.809.706.566.600;7.360.474.166.685.760;1.983.726.677.162.830;Horizon Polymers Campus;"Odense, Denmark";Specialty Chemicals;230333;908;18.459.360.848.213.000;25.983.443.721.096.900;6.893.796.072.668.170;9.858.643.807.774.890;4.076.280.202.458.970;5.399.637.920.804.170;13.601.017.177.020.600;1.946.064.766.514.210;9.741.619.422.918.340;32.132.771.362.654.900;43.466.710.163.537.200;10.897.354.895.892.600;0.3659146628546048;0.5750775704304188;0.0026633849543397;9.648.396.495.626.470;954.912.522.317.785;100.0;936.052.274.169.372;102;97;8.332.588.838.945.630;19.838.314.771.730.400
B0-FF003_201805;B0-FF003;01/05/2018;17.421.900.404.421.400;956.736.936.417.169;10.281.365.052.125.100;324.183.908.377.445;0.8064494858450185;9.956.725.572.990.530;0;0;6.402.801.340.323.390;9.874.193.336.626.430;4.307.957.583.084.720;7.276.733.008.755.440;52.022.050.636.346.500;3.644.032.343.289.710;1.448.123.861.785.660;5.214.802.796.164.090;2.245.157.431.319.790;30.750.838.485.172.700;13.668.615.576.799.100;7.653.775.440.419.890;20.687.786.818.995.800;Horizon Polymers Campus;"Odense, Denmark";Specialty Chemicals;229570;897;17.317.567.739.054.900;26.787.989.837.165.800;7.126.849.323.989.600;10.003.074.950.633.900;4.050.372.868.327.330;584.604.286.343.633;13.576.516.303.207.900;1.892.565.777.026.260;9.492.873.152.090.030;3.072.499.077.258.690;4.223.860.931.709.090;11.330.124.066.813.900;0.3969455572150005;0.5756011227396853;0.0028368900155577;10.558.758.997.130.900;9.432.111.895.037.700;100.0;9.220.934.259.635.150;98;101;7.635.870.394.517.710;18.928.234.946.580.200
B0-FF003_201806;B0-FF003;01/06/2018;17.552.795.373.883.600;9.343.548.249.188.460;9.618.723.010.965.700;32.258.003.605.939.300;0.8343658444258194;1.057.841.179.246.510;0;0;6.023.478.032.482.900;10.047.172.191.231.100;4.573.036.284.652.380;7.311.350.447.204.350;5.334.372.389.754.720;3.418.643.305.825.550;13.596.845.033.974.100;5.011.816.146.810.930;22.467.818.204.801.900;3.036.425.020.449.460;1.374.633.877.827.840;7.003.612.752.180.740;2.100.340.042.368.590;Horizon Polymers Campus;"Odense, Denmark";Specialty Chemicals;219758;838;1.820.069.910.001.860;2.570.076.843.483.230;7.122.088.348.768.140;10.605.477.226.036.300;4.179.994.299.769.320;6.062.643.048.116.300;1.363.132.336.658.550;2.005.082.178.173.090;911.967.487.978.536;3.169.033.168.800.120;4.283.961.937.193.800;1.074.096.261.636.520;0.3744893396287363;0.5702564009721843;0.0026606204467427;10.174.494.756.394.200;9.377.956.154.279.400;100.0;8.993.167.515.436.100;101;105;8.056.093.525.624.300;1.911.939.416.163.940
B0-FF003_201807;B0-FF003;01/07/2018;1.648.014.948.757.900;9.277.137.569.931.740;10.246.370.785.801.300;32.293.795.189.382.000;0.7990056073450253;1.067.347.900.010.640;0;0;6.663.538.643.013.540;9.178.780.042.225.230;4.385.252.751.765.290;7.109.593.094.856.680;543.671.549.426.244;33.918.319.451.515.100;1.372.091.510.374.280;4.970.220.907.061.510;2.373.432.006.582.760;2.895.517.980.848.230;1.366.179.863.614.760;734.303.298.018.864;2.103.528.540.346.160;Horizon Polymers Campus;"Odense, Denmark";Specialty Chemicals;220734;893;17.551.235.652.737.300;2.640.915.993.723.270;7.063.146.649.569.120;981.278.457.921.636;3.886.659.695.322.790;5.900.700.199.895.280;13.319.984.671.135.300;19.457.804.592.637.300;9.740.220.296.073.560;30.618.099.317.127.900;4.244.367.452.012.450;10.868.460.786.122.000;0.3852130899684701;0.5860556803058552;0.0027525838525738;10.138.885.779.088.800;9.291.699.169.646.450;100.0;939.992.908.176.546;101;100;7.886.352.256.299.040;1.906.024.112.938.090
B0-FF003_201808;B0-FF003;01/08/2018;1.675.690.856.160.730;9.618.909.055.708.690;997.401.868.375.036;3.194.159.428.741.920;0.8215609713551096;10.524.110.446.012.300;0;0;6.211.775.590.152.940;906.999.842.874.593;4.623.555.229.421.920;7.319.157.444.083.800;5.318.834.711.751.330;3.787.388.124.648.420;13.859.266.443.115.300;4.908.266.634.331.220;23.631.480.136.871.700;2.833.797.343.737.050;13.644.991.099.585.100;6.929.023.903.224.940;20.244.904.213.098.600;Horizon Polymers Campus;"Odense, Denmark";Specialty Chemicals;227261;892;17.375.641.410.801.000;2.722.002.366.645.380;6.660.434.520.185.630;1.024.914.415.051.290;4.178.088.558.323.330;6.022.419.709.492.900;14.017.340.680.285.700;1.782.708.762.053.950;9.539.555.284.593.750;3.266.961.888.472.120;456.656.932.387.672;10.733.234.832.506.900;0.3823020440963566;0.5855084009846994;0.0025807444496551;1.023.114.610.820.130;9.314.837.982.350.060;100.0;9.368.931.902.152.040;109;103;7.753.117.098.362.580;1.912.813.982.684.010
B0-FF003_201809;B0-FF003;01/09/2018;1.766.243.439.625.760;9.288.286.344.208.550;9.621.460.473.082.360;3.259.187.742.138.740;0.80670464514618;1.015.780.973.593.080;0;0;6.327.236.806.129.190;940.922.646.000.799;4.460.029.206.596.440;7.198.620.249.288.660;5.192.634.096.604.230;37.802.568.991.673.400;13.813.789.306.917.300;483.348.261.823.405;2.130.172.895.315.650;2.957.241.165.360.770;13.443.417.492.627.400;7.320.218.375.873.000;2.079.732.089.855.190;Horizon Polymers Campus;"Odense, Denmark";Specialty Chemicals;252901;851;18.562.256.608.571.300;25.004.709.759.138.300;7.291.655.836.221.920;10.658.104.933.826.500;41.207.011.081.089.300;5.851.484.955.965.730;13.609.217.771.546.300;19.207.851.759.929.400;10.250.518.332.263.500;3.236.803.544.655.110;4.407.160.865.668.970;1.109.085.562.220.930;0.3952870222058072;0.5659443427619469;0.0027428532373558;10.636.169.808.797.700;9.311.823.813.134.900;9.790.702.875.092.730;9.620.118.471.236.580;103;103;8.489.191.095.844.830;20.508.141.425.555.000
B0-FF003_201810;B0-FF003;01/10/2018;1.681.939.818.278.750;9.719.561.600.136.240;10.005.907.347.572.100;325.057.620.011.128;0.8084547207208661;10.081.932.590.663.000;0;0;647.378.844.537.465;9.556.652.570.316.260;4.635.780.806.850.850;7.380.230.556.849.130;5.391.159.348.551.830;3.465.128.834.945.190;13.653.662.239.500.300;5.009.285.709.267.540;23.873.503.453.042.300;30.250.875.788.356.300;13.514.025.487.951.600;7.292.241.685.543.970;2.050.590.750.255.000;Horizon Polymers Campus;"Odense, Denmark";Specialty Chemicals;222061;902;17.934.892.618.656.000;24.976.692.834.267.300;7.299.530.413.550.580;10.280.614.993.267.800;41.228.902.361.374.300;625.769.690.118.867;14.126.857.887.553.000;1.974.104.470.234.280;9.286.985.980.150.600;33.686.135.890.617.200;4.291.856.009.853.110;10.898.248.867.370.800;0.3819433459027055;0.5520850630792402;0.0027207816927914;9.989.695.511.806.670;9.479.317.827.112.750;9.924.018.091.005.200;9.125.679.548.436.250;104;103;8.485.600.768.251.200;2.010.037.056.750.660
B0-FF003_201811;B0-FF003;01/11/2018;17.629.999.199.295.700;9.377.721.489.755.750;10.358.214.336.849.300;31.637.803.898.986.900;0.8436723673196341;10.514.296.458.753.500;0;0;5.749.198.292.611.940;961.791.260.862.927;4.421.358.265.219.390;7.232.910.561.507.670;5.383.888.794.238.510;3.570.188.520.305.510;14.151.294.318.941.700;5.101.001.519.348.130;2.280.609.829.693.610;2.960.222.819.747.970;14.117.307.820.685.600;7.085.204.304.469.710;20.122.668.907.965.500;Horizon Polymers Campus;"Odense, Denmark";Specialty Chemicals;219053;873;18.837.618.323.070.000;26.014.821.247.989.500;698.607.989.544.264;10.308.377.170.409.600;4.042.938.076.584.340;5.963.255.970.214.460;13.537.447.235.346.900;189.110.528.093.028;10.122.942.183.314.400;32.270.264.500.204.100;4.355.198.301.906.450;11.192.390.988.825.000;0.3899777072633317;0.5764307188936003;0.0026683602246215;10.485.208.362.436.700;9.375.900.228.316.740;100.0;957.210.654.459.774;107;104;8.366.373.617.230.390;20.099.936.589.226.300
B0-FF003_201812;B0-FF003;01/12/2018;1.684.453.410.640.570;9.318.991.907.121.950;9.989.380.976.650.030;3.100.771.127.825.380;0.8839173984729638;10.061.491.979.694.400;0;0;6.486.897.329.893.070;9.362.548.742.751.780;44.550.979.069.032.200;6.997.976.563.942.960;5.571.348.823.075.590;3.682.877.770.055.960;13.337.086.863.980.700;50.578.339.466.034.500;21.949.887.058.394.300;28.901.658.816.061;14.260.777.142.452.700;6.683.756.195.903.050;2.149.537.595.443.980;Horizon Polymers Campus;"Odense, Denmark";Specialty Chemicals;229570;885;18.531.572.181.456.100;2.804.610.849.981.280;6.855.156.196.841.240;10.779.620.546.096.000;4.299.831.533.296.780;5.876.910.782.061.250;1.393.862.982.747.960;1.905.854.783.722.440;96.681.740.731.839;30.614.395.567.764.600;4.188.822.574.885.970;1.110.200.194.695.910;0.3918165516039602;0.5837171996214712;0.0027421189676518;10.309.817.361.048.700;958.021.305.364.224;100.0;934.247.690.741.406;102;103;8.140.681.594.834.430;20.239.750.417.371.500
B0-FF003_201901;B0-FF003;01/01/2019;16.174.491.301.977.600;9.355.404.046.806.650;10.191.232.432.010.500;31.043.168.653.211.400;0.7917445615151568;9.498.479.333.110.000;0;0;6.530.681.350.863.600;90.415.819.241.032;4.501.877.187.857.170;6.908.875.544.347.840;5.137.651.991.535.830;348.497.921.746.567;14.395.450.554.548.000;4.879.072.916.686.010;2.371.833.077.960.720;29.827.483.274.195.600;13.677.848.506.316.700;7.002.764.923.719.470;22.058.875.398.227.200;Horizon Polymers Campus;"Odense, Denmark";Specialty Chemicals;223250;873;18.864.593.715.362.000;27.242.406.675.216.800;7.118.382.234.476.720;10.635.568.149.689.800;4.106.790.946.926.200;6.416.217.929.746.200;13.198.501.851.438.700;1.919.858.295.576.300;1.021.183.600.490.380;3.243.313.517.050.870;45.505.642.519.498.300;10.835.718.554.095.400;0.3944780129562103;0.5644885264599246;0.0026878548523361;9.890.452.251.162.910;9.386.847.693.256.650;9.977.548.825.465.190;9.862.300.683.517.350;102;100;8.533.649.504.670.720;1.904.321.670.076.140
B0-FF003_201902;B0-FF003;01/02/2019;17.460.796.471.009.700;925.402.910.480.324;10.020.741.440.596.400;3.187.883.024.948.860;0.8210904525558401;10.226.972.275.045.400;0;0;6.378.319.685.896.510;9.381.001.585.072.730;4.266.636.655.280.000;7.330.937.004.792.390;5.385.729.933.356.550;35.018.197.362.417.800;13.862.619.805.577.600;50.457.824.246.022.400;2.225.004.431.854.250;3.249.864.791.736.490;13.907.230.038.078.900;719.189.095.427.842;2.241.888.557.112.040;Horizon Polymers Campus;"Odense, Denmark";Specialty Chemicals;230649;922;18.150.339.681.644.500;2.605.462.001.345.460;6.973.276.498.819.840;1.048.926.883.398.500;4.420.963.985.849.420;63.029.253.284.946.500;1.325.578.309.055.040;20.865.965.501.758.800;9.592.465.315.527.090;3.183.172.720.672.350;42.595.652.470.031.600;1.087.344.726.297.770;0.3648334606569974;0.5780737810842855;0.0026761856965535;10.310.661.346.167.600;9.271.507.995.920.300;976.962.743.951.742;9.223.433.893.453.240;107;100;8.149.809.052.434.780;2.005.274.178.871.420
B0-FF003_201903;B0-FF003;01/03/2019;16.400.813.844.692.800;9.486.591.745.237.110;10.177.838.499.878.000;3.155.732.429.103.360;0.8097422068818909;9.788.051.866.028.890;0;0;6.538.886.702.141.970;9.523.753.485.776.730;4.360.272.732.725.050;7.222.707.150.144.220;5.262.347.705.272.890;3.643.609.858.890.310;14.292.025.207.622.400;5.002.959.713.008.730;22.433.556.866.200.600;29.283.112.215.882.000;14.381.418.797.285.900;785.524.574.747.075;2.132.343.523.889.540;Horizon Polymers Campus;"Odense, Denmark";Specialty Chemicals;227303;864;1.755.773.355.873.470;2.636.949.887.972.220;6.997.809.775.179.990;10.610.969.580.552.200;41.177.430.143.485.500;6.282.586.335.754.430;1.360.260.965.511.810;2.045.978.031.926.530;1.004.717.916.033.970;3.362.832.204.937.310;4.372.060.670.864.830;10.796.112.072.881.000;0.3994927700488712;0.6089326663416919;0.0026191956043446;10.457.185.873.653.600;9.556.115.350.256.730;100.0;9.706.721.763.479.010;101;107;8.310.338.308.760.440;18.418.031.918.818.700
B0-FF003_201904;B0-FF003;01/04/2019;16.308.058.134.587.300;9.444.066.453.293.660;10.424.059.102.032.500;33.180.218.050.080.800;0.8319813234036605;9.880.656.359.755.060;0;0;6.377.970.060.639.730;979.411.768.017.754;440.313.460.211.707;7.048.328.874.117.410;5.356.125.420.000.730;3.627.023.946.414.750;13.141.971.167.145.900;5.151.899.785.697.410;23.113.255.829.526.300;30.598.594.683.913.400;1.426.989.034.236.790;7.492.736.941.251.050;21.997.211.791.106.000;Horizon Polymers Campus;"Odense, Denmark";Specialty Chemicals;229029;833;18.610.986.936.712.000;2.700.415.813.123.320;71.250.174.187.193;9.683.852.882.621.080;43.296.120.149.647.700;6.029.017.694.160.170;13.236.057.295.207.400;19.651.536.758.505.700;9.858.596.095.336.390;32.570.285.373.966.200;43.197.599.085.215.700;11.343.679.930.926.900;0.4039467609314277;0.6120657446876518;0.0026222009435432;10.725.173.210.529.400;9.487.993.236.990.780;100.0;965.768.337.911.992;104;103;8.215.470.491.390.900;1.913.586.813.340.630
B0-FF003_201905;B0-FF003;01/05/2019;1.675.002.747.198.060;9.493.654.466.025.740;10.052.741.016.575.800;318.084.609.792.878;0.8216322433629191;10.567.490.230.632.100;0;0;6.404.761.105.647.210;970.431.568.945.398;4.580.487.643.827.480;7.346.260.339.743.670;5.545.277.102.479.650;3.687.910.384.843.710;13.168.452.525.163.300;50.614.068.261.560.000;2.297.967.672.386.150;3.161.111.533.252.120;14.278.203.492.776.800;7.202.100.793.371.460;2.048.018.657.431.250;Horizon Polymers Campus;"Odense, Denmark";Specialty Chemicals;225988;871;1.935.161.993.039.280;260.854.498.347.142;7.360.212.597.432.120;10.479.201.951.411.200;4.286.516.218.755.200;5.880.120.161.604.830;1.435.829.386.468.850;1.978.147.433.523.360;1.031.611.016.521.610;3.329.286.516.533.800;46.225.669.134.998.500;1.124.067.750.791.710;0.3865077885309539;0.6036473763392648;0.0027180546298321;10.501.448.413.395.900;9.470.462.523.776.830;100.0;928.465.073.251.817;106;107;7.891.051.811.019.670;2.004.422.875.972.760
B0-FF003_201906;B0-FF003;01/06/2019;1.705.427.453.597.090;9.067.681.004.900.010;10.339.185.041.125.000;3.396.001.674.785.630;0.8682828086348253;953.859.098.598.382;0;0;6.315.164.507.857.500;9.467.342.038.507.660;4.160.750.898.320.310;6.785.985.487.527.620;5.427.874.479.448.400;36.640.962.741.928.800;13.946.469.431.427.000;49.011.456.407.166;2.278.976.380.245.340;3.111.722.820.465.220;1.382.462.934.747.520;71.644.156.856.929;21.769.980.480.983.000;Horizon Polymers Campus;"Odense, Denmark";Specialty Chemicals;227136;912;1.843.676.799.212.880;25.428.979.900.872.800;697.727.992.831.073;9.914.109.382.390.360;4.081.126.374.629.550;61.968.718.855.527.400;13.480.122.687.828.400;19.775.404.120.908.800;979.996.293.185.506;3.328.687.776.147.300;4.216.690.569.146.520;11.419.087.117.919.500;0.4058994200975096;0.5794719570960902;0.0025279514438123;1.008.021.541.640.570;9.546.028.789.196.940;100.0;926.810.711.449.347;107;102;8.658.255.936.866.430;1.987.760.377.098.760
B0-FF003_201907;B0-FF003;01/07/2019;16.823.835.207.740.800;9.675.372.149.329.090;10.078.527.705.881.000;3.311.090.747.790.060;0.9048857946065062;9.980.964.473.698.360;0;0;6.750.926.387.462.780;9.812.743.477.740.840;4.673.904.991.039.820;7.027.432.121.246.320;521.302.645.413.947;35.386.243.924.133.800;13.979.232.098.914.400;5.309.369.883.475.690;24.209.374.327.155.600;29.532.509.133.513.500;139.461.873.854.673;7.026.705.336.028.100;21.061.839.152.282.800;Horizon Polymers Campus;"Odense, Denmark";Specialty Chemicals;227526;889;1.885.181.775.111.960;264.770.203.985.342;6.917.140.814.056.430;9.552.758.248.136.480;42.833.698.151.671.600;60.962.210.251.504.900;13.994.010.660.444.900;20.019.766.456.956.400;9.555.419.378.997.520;3.276.348.566.716.330;4.361.547.675.739.190;11.041.038.806.243.600;0.3998605007625832;0.570539808207967;0.002619151397283;10.775.567.438.696.000;9.260.171.740.588.450;100.0;9.954.984.315.250.290;109;106;8.369.873.090.774.210;2.044.568.604.477.610
B0-FF003_201908;B0-FF003;01/08/2019;1.712.296.473.127.750;9.881.288.951.660.760;1.029.731.709.365.370;3.265.688.136.959.510;0.8345319160003255;1.012.843.327.621.400;0;0;6.366.953.772.895.280;9.647.612.436.646.620;4.600.701.591.706.870;7.310.083.519.982.980;5.339.864.350.174.940;3.344.302.459.406.420;14.573.980.536.283.800;5.087.034.021.051.040;2.326.315.469.835.250;3.038.342.633.423.030;14.239.030.091.791.400;7.457.137.551.552.270;2.167.763.742.759.520;Horizon Polymers Campus;"Odense, Denmark";Specialty Chemicals;234352;812;18.443.350.613.361.500;26.390.651.477.300.000;7.153.383.197.962.840;10.505.378.913.595.200;4.221.146.679.850.370;5.957.908.640.220.550;143.676.237.311.582;2.011.230.516.501.850;995.816.770.277.109;3.092.800.032.600.420;4.688.555.348.458.190;10.461.359.119.628.600;0.3961896084401813;0.5937172783834795;0.0028504680881051;10.072.193.859.330.400;9.248.807.666.870.780;100.0;9.545.307.028.406.390;109;108;8.344.318.693.370.390;19.857.737.407.287.100
B0-FF003_201909;B0-FF003;01/09/2019;17.424.173.028.254.700;9.054.848.632.065.580;1.028.598.849.948.850;32.942.905.224.514.300;0.8140111790132174;10.227.232.389.192.800;0;0;65.045.483.717.319.200;9.198.174.344.369.810;4.331.580.593.097.530;7.163.652.897.287.600;5.571.719.171.849.520;3.705.246.680.273.600;13.731.296.087.159.600;5.019.051.039.709.570;2.318.795.919.149.480;29.211.080.656.850.100;13.807.428.275.806.600;7.451.519.310.550.840;20.290.397.960.269.500;Horizon Polymers Campus;"Odense, Denmark";Specialty Chemicals;228449;891;18.226.536.529.179.500;264.291.028.618.417;7.349.628.246.755.730;10.612.575.526.866.200;4.179.991.340.825.900;60.407.816.337.621.400;14.016.032.928.334.500;200.358.571.415.666;1.008.843.279.632.580;33.474.680.501.771.200;430.327.574.274.808;11.718.090.943.773.300;0.3905597916935969;0.5941875703776595;0.0027694878985766;10.468.378.159.240.700;956.468.716.241.472;100.0;9.314.974.451.607.040;107;106;873.757.259.170.059;1.965.061.125.281.390
B0-FF003_201910;B0-FF003;01/10/2019;1.721.869.907.366.860;925.742.966.330.462;10.464.842.022.476.000;316.489.267.261.646;0.8435914800997122;10.164.894.484.473.400;0;0;6.557.222.079.473.750;927.308.473.555.711;4.394.322.871.975.810;7.399.195.649.667.280;5.650.373.892.829.240;3.711.983.310.085.170;15.102.856.260.853.800;5.237.511.642.505.970;2.318.990.829.152.850;2.967.678.029.377.470;14.808.504.953.015.000;7.485.660.561.274.140;2.076.447.102.515.260;Horizon Polymers Campus;"Odense, Denmark";Specialty Chemicals;225159;880;18.551.792.554.035.600;2.505.658.573.767.220;7.114.345.574.868.970;10.473.539.384.680.100;4.232.061.885.824.850;5.992.586.375.260.150;14.175.837.293.235.200;2.036.451.948.153.240;9.865.840.349.732.210;32.540.898.812.369.300;4.532.121.488.368.070;11.054.437.083.815.300;0.3911426617561693;0.5963425721361888;0.0026330225854001;1.023.430.164.343.130;9.426.835.539.020.740;100.0;9.031.959.609.406.740;105;102;9.035.208.857.245.100;20.131.090.868.632.000
B0-FF003_201911;B0-FF003;01/11/2019;1.670.383.151.862.080;9.042.696.968.775.750;10.325.771.885.215.200;3.259.266.726.357.210;0.8522050896104257;10.005.754.882.451.900;0;0;65.211.562.379.281;977.565.515.543.727;44.982.372.484.259.500;7.560.382.512.901.550;5.359.535.759.942.870;3.770.829.476.633.460;14.676.214.523.244.900;5.281.361.083.382.740;2.420.467.589.795.720;2.934.335.516.949.980;1.426.903.389.062.590;7.408.872.261.431.730;2.116.291.443.344.450;Horizon Polymers Campus;"Odense, Denmark";Specialty Chemicals;234296;932;1.789.667.715.535.020;2.533.139.774.626.300;7.189.125.882.996.310;9.618.480.425.803.920;42.247.354.266.841.100;6.343.566.150.487.920;13.309.057.283.740.500;197.249.267.871.374;9.603.002.697.344.790;3.350.112.092.688.450;45.072.496.423.387.200;11.127.575.603.985.600;0.3833968005459442;0.5866756315012088;0.0028272801954654;10.685.995.054.774.300;9.396.304.857.882.450;100.0;9.296.546.737.091.260;106;100;8.597.531.818.708.460;1.967.002.937.869.150
B0-FF003_201912;B0-FF003;01/12/2019;17.078.936.024.609.900;9.314.859.664.022.300;10.374.259.237.781.600;3.186.620.881.549.990;0.8131445039595405;1.014.999.876.854.920;0;0;6.233.481.197.256.850;9.594.877.577.723.170;4.402.071.989.735.250;7.626.758.167.114.310;5.521.719.751.697.590;3.593.786.404.170.660;14.201.157.482.693.300;4.988.200.885.032.220;23.701.469.742.788.500;3.018.715.412.958.090;14.253.049.143.510.800;7.116.282.153.409.730;20.262.697.566.202.000;Horizon Polymers Campus;"Odense, Denmark";Specialty Chemicals;218751;857;1.832.063.624.644.100;2.783.128.972.370.650;7.155.394.783.357.670;10.224.706.149.368.300;4.231.635.691.261.970;5.946.211.859.836.460;13.383.889.934.090.800;19.606.050.289.095;9.885.981.102.551.290;3.499.506.592.551.110;4.363.070.612.784.160;11.198.586.678.266.000;0.3757703085339042;0.5961904513370448;0.0026687719671331;10.067.396.793.132.200;9.229.885.816.869.030;100.0;9.080.492.607.471.050;106;101;8.633.874.688.941.900;1.971.289.220.645.390
B0-FF003_202001;B0-FF003;01/01/2020;1.676.188.982.970.450;9.339.383.259.226.360;9.853.832.730.221.320;32.502.313.585.187.200;0.82451616781103;1.068.642.411.001.730;0;0;6.324.101.065.097.700;10.080.464.174.174.900;45.112.379.175.730.800;7.555.038.105.527.220;5.446.484.034.163.130;3.652.106.504.520.790;13.742.419.843.964.300;51.200.493.364.654;22.563.081.884.637.900;3.024.035.432.768.350;14.160.895.093.912.100;7.307.497.109.234.640;21.950.648.147.782.000;Horizon Polymers Campus;"Odense, Denmark";Specialty Chemicals;233953;876;1.864.885.663.681.620;2.709.756.741.448.000;6.729.777.419.191.270;1.007.914.995.493.080;418.380.626.878.567;5.948.142.636.553.630;14.202.296.019.215.900;19.489.879.082.098.200;9.668.157.694.658.890;3.342.278.264.699.030;4.402.452.928.111.480;11.522.000.847.533.300;0.3967275900765049;0.6444098812752586;0.0026431057343134;9.954.177.758.680.240;9.928.354.001.100.290;100.0;9.354.738.245.755.330;104;105;8.262.837.414.640.020;1.887.242.576.328.110
B0-FF003_202002;B0-FF003;01/02/2020;17.382.025.696.785.500;9.548.772.358.117.830;9.753.092.878.275.200;3.191.727.200.310.720;0.803806674823507;10.469.174.108.991.600;0;0;656.270.731.998.264;9.946.653.601.376.170;4.524.304.174.092.940;7.435.887.689.927.250;5.763.620.899.661.990;37.780.141.238.195.800;14.254.413.218.123.500;5.164.342.498.072.200;227.088.087.906.576;2.952.285.899.052.050;14.067.489.689.294.400;7.265.208.752.690.220;2.238.870.225.431.030;Horizon Polymers Campus;"Odense, Denmark";Specialty Chemicals;233365;910;1.900.386.585.965.870;26.520.942.408.095.300;7.199.109.172.904.910;1.051.069.046.007.310;4.300.318.838.107.020;6.360.589.237.225.650;13.383.723.033.202.000;19.601.244.010.831.700;9.955.354.718.015.020;3.415.827.144.698.850;4.543.207.592.383.440;11.196.001.993.263.000;0.4048346814670037;0.5735729043908786;0.0028902991617399;10.183.116.165.271.600;9.055.206.346.774.720;100.0;9.023.464.675.731.020;103;104;8.595.369.472.557.890;2.067.520.670.305.450
B0-FF003_202003;B0-FF003;01/03/2020;16.577.012.773.115.800;9.234.534.556.265.530;11.230.636.689.590.800;3.235.139.612.246.780;0.7987748286863696;10.052.291.297.608.900;0;0;6.700.977.878.449.410;10.113.842.636.284.800;4.394.115.188.499.260;7.185.161.980.887.040;5.496.161.164.535.000;35.957.979.059.914.600;14.685.694.789.180.000;552.703.382.660.971;23.330.390.036.893.600;3.043.905.383.814.060;13.877.496.955.652.900;7.425.773.431.548.400;20.540.226.774.099.900;Horizon Polymers Campus;"Odense, Denmark";Specialty Chemicals;224475;854;18.829.193.017.287.100;275.072.854.451.104;7.492.416.243.669.630;1.047.152.172.686.020;421.351.546.218.554;6.094.344.681.657.900;13.541.137.252.329.900;2.063.586.818.200.070;10.303.066.467.198.800;32.202.892.677.148.700;4.319.044.004.779.340;1.072.843.898.877.580;0.3902804521376303;0.5857131864288283;0.0027444003692331;10.039.327.330.033.400;934.732.865.860.426;100.0;9.646.961.070.258.880;102;105;8.318.995.753.045.960;19.973.546.649.456.800
B0-FF003_202004;B0-FF003;01/04/2020;1.778.747.148.436.140;9.212.833.488.921.400;9.401.629.654.636.990;3.128.669.348.191.880;0.8517134724151871;10.005.251.777.088.400;0;0;6.633.312.428.430.990;9.951.607.482.439.270;4.585.813.105.195.900;7.071.127.341.303.730;5.742.187.911.734.940;35.760.713.537.681.100;13.924.028.464.747.100;5.151.391.972.214.660;23.537.997.495.928.800;3.147.981.072.332.830;1.387.390.160.544.690;744.434.451.470.581;2.084.020.342.449.870;Horizon Polymers Campus;"Odense, Denmark";Specialty Chemicals;242481;916;19.112.571.518.221.200;25.523.737.999.456.400;7.153.742.045.548.920;10.532.335.445.436.700;442.521.724.040.654;6.300.649.949.483.310;1.461.414.396.154.860;20.901.433.771.367.500;1.023.423.829.957.080;33.455.352.456.742.700;4.300.000.459.508.810;10.466.253.217.414.500;0.3952136121112562;0.6009115570423906;0.0025180422208238;101.007.312.669.937;9.276.650.899.249.710;100.0;9.480.298.656.866.300;109;101;8.597.511.871.159.570;1.927.563.607.876.420
B0-FF003_202005;B0-FF003;01/05/2020;17.751.264.972.023.500;9.441.237.700.770.940;9.839.954.100.902.670;3.197.583.605.105.280;0.8139883449030618;10.418.967.017.778.300;0;0;6.383.753.232.139.790;100.662.614.332.743;4.512.822.074.376.270;7.604.938.229.428.180;5.458.740.082.292.970;3.658.953.588.570.820;1.445.818.931.802.570;5.205.931.167.688.570;2.298.167.707.149.750;3.125.986.966.193.690;13.752.568.215.208.600;7.496.840.562.632.470;2.160.569.538.898.660;Horizon Polymers Campus;"Odense, Denmark";Specialty Chemicals;238993;935;1.832.185.921.020.720;2.649.502.362.024.000;7.277.272.106.942.460;11.014.699.701.166.100;4.346.735.694.374.980;6.317.494.675.996.850;13.895.585.943.140.300;19.436.481.983.592.200;9.731.332.311.373.710;3.435.386.422.975.000;4.356.258.518.586.920;12.272.515.411.112.200;0.3894087719203953;0.5936592295622947;0.0027741414747265;10.538.206.032.889.400;9.229.074.290.750.800;100.0;9.529.945.375.900.010;104;111;8.094.838.387.939.460;1.922.319.148.124.880
B0-FF003_202006;B0-FF003;01/06/2020;17.729.346.682.046.300;9.565.791.321.528.730;9.953.363.865.539.630;32.863.315.533.609.000;0.8674197547668633;9.893.448.745.899.330;0;0;6.447.579.355.121.260;9.746.465.174.566.660;4.557.009.090.316.700;7.456.432.085.725.560;5.328.757.651.299.100;380.913.701.052.481;14.651.770.776.657.400;532.261.199.976.488;22.186.542.272.649.100;3.128.655.460.321.910;1.401.866.576.956.070;749.505.776.091.577;2.002.390.304.013.320;Horizon Polymers Campus;"Odense, Denmark";Specialty Chemicals;227115;929;1.873.500.851.815.850;2.564.138.550.887.320;7.442.094.504.983.310;10.222.270.113.842.600;42.343.882.758.265.800;5.917.559.466.635.110;14.161.800.073.568.900;207.969.388.406.083;10.290.161.259.711.500;3.247.116.335.847.940;4.453.049.228.225.140;10.683.181.123.478.400;0.410821063659795;0.5884935074071579;0.0028021717875247;10.556.727.110.200.900;941.071.177.193.536;100.0;9.602.691.830.735.020;111;104;8.830.017.608.680.600;207.177.150.956.953
B0-FF003_202007;B0-FF003;01/07/2020;17.191.284.914.921.100;9.918.988.340.676.230;10.548.142.175.485.700;30.605.112.046.007.900;0.8619056483154265;10.814.633.716.280.700;0;0;6.540.413.318.547.250;10.145.224.979.529.300;437.894.378.763.094;6.996.362.598.166.200;5.422.664.147.123.630;36.274.243.471.178.900;13.530.675.021.506.600;5.079.733.373.491.360;23.669.949.860.703;31.969.866.486.805.200;14.431.178.511.612.400;7.564.841.076.538.830;20.618.577.744.435.000;Horizon Polymers Campus;"Odense, Denmark";Specialty Chemicals;231480;901;18.646.087.774.727.500;27.005.897.766.742.400;7.510.522.068.432.620;10.501.124.913.050.600;4.206.401.379.239.920;6.365.486.276.979.280;14.339.084.713.367.200;205.374.129.122.732;10.023.870.302.787.000;3.463.852.399.799.300;4.296.075.366.851.770;11.525.960.970.112.400;0.4056543652961907;0.572931655040781;0.0026956059890449;10.101.303.546.564.500;9.749.091.289.130.510;96.566.421.238.635;9.547.750.748.559.280;103;102;8.058.387.901.206.770;1.964.662.886.817.080
B0-FF003_202008;B0-FF003;01/08/2020;18.123.254.884.187.900;9.405.860.496.282.030;1.037.617.286.855.440;31.676.779.585.572.200;0.8711341688198874;10.615.966.167.531.500;0;0;6.569.451.102.292.820;9.406.557.673.484.680;4.421.378.974.756.120;7.555.042.373.859.670;5.759.244.684.745.410;37.137.022.533.629.800;14.557.786.554.076.500;5.363.429.607.264.850;23.223.721.070.455.000;3.024.918.607.956.620;14.513.128.060.341.100;7.879.219.804.983.620;21.818.966.683.039.700;Horizon Polymers Campus;"Odense, Denmark";Specialty Chemicals;234526;893;18.454.910.462.160.900;27.109.735.871.367.000;7.437.669.386.907.160;10.314.408.250.508.500;44.465.783.383.083.800;6.388.970.810.161.150;14.003.404.777.430.700;20.356.737.491.800.100;9.854.314.876.208.350;3.264.642.956.597.000;45.161.913.875.414.200;10.975.193.145.890.300;0.4032855277716925;0.5825088284432406;0.0028417947666639;10.491.540.168.263.200;9.058.570.667.965.720;100.0;9.525.753.857.076.700;100;100;8.501.388.625.905.780;2.081.578.204.123.300
B0-FF003_202009;B0-FF003;01/09/2020;1.772.765.327.332.120;9.620.312.520.034.740;999.664.423.075.444;3.190.015.930.647.950;0.8625850968238503;10.500.927.227.033.800;0;0;6.426.292.955.974.210;983.728.830.113.396;46.151.353.070.466;7.207.130.545.744.910;5.403.656.042.583.050;3.781.987.179.331.380;14.278.821.542.586.900;5.046.704.686.764.940;22.902.524.182.781.700;29.185.050.030.706.000;14.072.309.695.753.100;7.174.924.398.384.250;2.142.975.464.782.990;Horizon Polymers Campus;"Odense, Denmark";Specialty Chemicals;248604;922;19.101.142.183.568.500;26.912.468.838.243.500;6.956.706.808.517.130;10.555.494.019.705.500;4.195.700.004.541.980;6.002.122.906.528.910;1.397.096.354.836.160;2.059.317.148.424.090;9.967.068.176.502.690;3.436.012.348.140.460;44.994.551.820.882.400;11.358.554.303.728.200;0.3953485002091463;0.6129875169928116;0.0027002107179429;10.327.266.335.378.700;9.532.603.301.232.610;100.0;9.688.102.475.999.610;104;109;8.307.732.270.973.320;20.662.999.952.610.300
B0-FF003_202010;B0-FF003;01/10/2020;17.605.264.237.746.000;9.640.718.801.424.280;1.041.679.365.209.100;3.270.763.929.452.720;0.8535797588300756;11.205.394.711.361.200;0;0;6.462.888.834.604.130;1.007.272.622.499.840;44.887.369.636.660.200;7.745.740.840.045.930;5.643.366.751.915.450;35.552.701.310.354.600;1.466.708.153.219.600;4.852.805.093.976.880;2.326.115.586.951.430;31.169.147.295.726.100;13.444.401.977.896.100;7.863.349.119.351.640;220.105.276.108.504;Horizon Polymers Campus;"Odense, Denmark";Specialty Chemicals;226110;952;1.746.859.471.070.580;25.819.042.424.251.100;7.016.288.041.049.340;9.904.057.656.731.280;4.245.548.772.195.400;6.196.843.852.380.490;14.151.075.363.280.300;203.132.389.572.748;10.086.769.909.326.000;32.347.510.493.549.900;4.412.534.431.078.190;10.334.910.535.087.800;0.4093536170669524;0.5925828811914639;0.0027670821661689;10.789.600.783.854.100;9.881.680.520.923.710;100.0;9.484.077.346.403.200;111;104;8.969.771.142.979.450;2.004.104.344.912.710
B0-FF003_202011;B0-FF003;01/11/2020;1.644.031.783.694.590;9.672.804.249.711.160;10.172.499.763.487.300;31.533.810.436.247.300;0.8460176970429927;10.310.775.245.450.800;0;0;6.341.883.680.780.050;9.515.584.874.446.920;4.684.336.590.449.950;7.646.674.555.451.780;5.467.918.608.727.060;36.568.141.904.238.800;14.256.736.163.265.300;5.239.672.383.460.370;2.404.650.947.265.230;3.113.438.809.710.120;1.380.677.958.696.180;7.340.611.056.753.430;20.072.714.037.396.700;Horizon Polymers Campus;"Odense, Denmark";Specialty Chemicals;233057;874;18.144.434.421.886.200;2.753.761.718.392.090;7.421.720.309.431.530;1.065.043.869.774.490;4.293.695.861.217.840;6.428.461.103.177.660;13.833.749.182.596.200;20.357.060.148.591.700;1.011.592.713.837.610;33.224.088.891.268.900;47.730.067.858.975.500;10.864.568.628.732.200;0.3749618669937663;0.593509603647256;0.0027146185745639;9.820.248.704.903.590;9.755.673.064.011.040;100.0;9.849.330.243.484.920;104;100;8.337.893.870.618.630;19.108.359.494.202.900
B0-FF003_202012;B0-FF003;01/12/2020;18.242.829.761.490.400;994.952.751.900.278;10.691.255.513.982.000;3.355.905.385.544.980;0.8133925811381176;10.348.357.195.053.800;0;0;6.624.241.672.697.270;9.970.501.794.478.660;4.862.247.350.508.390;75.986.093.863.717.300;5.608.337.638.177.570;3.717.827.607.578.170;14.561.463.764.682.000;5.295.762.301.184.650;22.097.252.395.813.100;30.655.212.141.310.500;13.142.306.939.805.900;6.926.980.005.544.820;214.659.211.769.796;Horizon Polymers Campus;"Odense, Denmark";Specialty Chemicals;236845;876;19.182.753.391.498.700;2.790.221.462.927.910;7.521.979.339.116.700;10.543.845.908.108.600;43.378.791.623.541.200;6.196.756.333.279.230;14.206.304.674.451.800;19.658.036.564.867.000;9.981.473.430.025.120;3.367.424.250.670.300;453.590.964.925.956;11.490.438.246.115.900;0.3855297455451769;0.5892103132982353;0.0027455562577149;11.188.817.964.931.800;9.730.470.035.884.310;100.0;9.824.766.097.726.900;109;100;8.543.442.598.354.740;2.071.393.970.661.320
B0-FF003_202101;B0-FF003;01/01/2021;17.547.384.757.583.000;9.185.463.076.884.220;9.984.213.444.604.650;3.206.206.970.070.690;0.8584196462603291;10.561.150.290.435.400;0;0;6.585.351.388.643.370;9.363.078.452.837.570;4.537.079.246.638.630;7.899.808.240.207.150;5.592.763.057.849.520;36.564.995.846.968.300;14.523.400.729.531.700;5.369.299.807.394.920;23.941.139.312.687.900;31.256.302.867.715.600;14.702.754.799.390.000;747.292.096.590.346;21.675.627.340.956.200;Horizon Polymers Campus;"Odense, Denmark";Specialty Chemicals;229568;897;185.499.230.138.631;25.655.205.609.465.000;7.434.293.203.707.030;1.031.217.537.422.600;4.326.473.484.501.810;6.278.952.048.924.200;13.573.825.925.042.100;20.554.483.525.265.800;947.987.261.269.876;3.424.749.858.497.320;4.576.972.851.108.990;1.153.116.510.537.290;0.4019990022112361;0.5837496518549501;0.0027309325302458;1.038.431.171.677.660;9.968.014.374.075.760;100.0;9.574.847.799.887.580;103;105;88.518.994.343.226;20.662.341.338.411.000
B0-FF003_202102;B0-FF003;01/02/2021;1.751.721.179.483.280;9.603.757.246.449.590;9.796.111.977.642.760;32.765.000.409.871.300;0.8411379651557237;10.366.968.761.193.200;0;0;655.685.510.142.004;9.940.903.155.265.120;4.555.363.637.715.930;739.043.754.855.292;57.320.377.180.652.800;37.650.167.215.469.900;14.696.806.907.130.100;5.406.471.375.635.150;23.873.312.276.280.500;30.754.862.950.586.700;14.624.337.924.486.400;7.301.599.589.795.270;2.108.137.891.106.370;Horizon Polymers Campus;"Odense, Denmark";Specialty Chemicals;228707;901;17.953.501.826.526.900;2.541.852.803.921.330;7.179.960.013.297.720;9.830.436.919.986.170;4.345.056.667.431.060;6.208.514.329.236.030;14.463.019.413.504.000;1.975.954.311.197.170;10.269.175.638.971.900;32.874.907.004.254.300;4.605.440.383.452.090;10.698.394.129.572.700;0.3955207178940962;0.5865468405971038;0.0028405975687829;10.840.621.117.925.000;1.003.448.176.038.160;9.915.146.908.942.840;9.990.917.453.625.880;103;112;9.183.639.754.195.160;21.075.222.287.819.100
B0-FF003_202103;B0-FF003;01/03/2021;170.690.715.372.742;9.329.890.005.459.320;10.112.165.901.592.300;335.807.863.119.619;0.8248405470879632;9.925.729.446.628.050;0;0;6.740.545.178.752.810;10.003.256.626.083.900;4.596.043.809.578.960;7.599.225.654.279.780;5.795.272.293.519.780;3.813.043.320.288.570;14.719.020.149.262.100;527.930.965.175.185;233.363.762.140.909;3.084.891.084.236.270;14.414.431.249.493.700;7.564.571.710.748.140;21.728.799.557.259.100;Horizon Polymers Campus;"Odense, Denmark";Specialty Chemicals;231091;947;18.343.118.721.180.400;27.095.328.557.744.500;7.483.845.235.583.530;10.255.501.955.770.400;45.154.508.126.947.100;6.189.716.344.981.570;13.742.580.218.326.500;2.035.198.591.370.860;9.833.315.582.623.950;3.314.429.602.547.970;4.425.078.477.264.420;11.283.879.819.655.600;0.4151465695235237;0.5962385259433718;0.0027911804269589;10.452.641.450.294.700;977.410.149.187.409;100.0;9.548.729.027.056.710;109;103;8.946.753.378.878.410;187.242.358.840.286
B0-FF003_202104;B0-FF003;01/04/2021;1.749.093.016.048.220;10.098.438.371.966.100;10.717.111.023.983.800;33.210.986.041.688.100;0.8322789722863217;10.481.830.257.893.700;0;0;6.233.054.166.464.540;9.812.578.963.340.710;4.492.094.038.278.390;7.138.412.496.991.390;5.635.630.732.430.440;3.623.263.868.018.570;1.506.307.275.218.920;5.434.855.289.826.690;231.527.685.183.162;2.987.430.481.131.690;14.630.805.490.932.500;7.691.684.311.623.410;2.137.576.815.971.200;Horizon Polymers Campus;"Odense, Denmark";Specialty Chemicals;241462;963;188.441.603.769.815;2.598.197.249.319.730;7.552.370.695.093.100;10.646.819.821.007.500;4.276.679.959.169.290;634.442.751.300.729;1.469.473.554.536.860;2.048.899.841.982.300;9.447.767.791.286.930;3.389.156.487.364.410;4.542.050.203.270.010;12.223.122.359.462.700;0.4008315551406202;0.5919710832875396;0.0028382370762846;10.521.056.758.422.500;9.503.207.862.241.700;100.0;9.412.642.154.975.620;101;108;8.685.110.741.233.800;2.082.135.806.276.690
B0-FF003_202105;B0-FF003;01/05/2021;1.701.698.262.133.420;9.294.862.887.698.980;10.993.758.926.238.200;33.014.053.375.409.500;0.8719190727460017;105.781.143.455.355;0;0;6.417.509.561.284.500;9.958.825.058.788.170;4.621.278.117.123.580;7.054.738.033.069.550;5.610.753.881.508.620;36.928.169.035.823.100;1.412.282.200.898.330;5.383.741.057.145.610;23.647.140.659.850.300;30.598.827.235.699.600;1.439.615.196.809.950;7.465.160.233.728.130;21.500.010.378.590.400;Horizon Polymers Campus;"Odense, Denmark";Specialty Chemicals;245106;899;17.707.680.310.039.900;26.876.536.529.383.700;7.178.829.983.445.600;1.026.431.492.992.530;43.212.843.855.240.700;6.262.860.359.211.880;14.123.612.764.138.600;20.119.327.520.342.400;10.091.805.152.437.700;337.575.213.752.858;451.618.029.676.215;10.745.665.572.243.500;0.4102199556975232;0.5696669137623332;0.002727857157271;10.133.330.485.128.200;9.762.884.214.312.830;100.0;954.202.116.523.879;104;103;7.988.672.387.880.870;20.056.514.929.846.700
B0-FF003_202106;B0-FF003;01/06/2021;16.942.214.935.050.600;987.693.994.328.773;1.101.373.177.743.930;3.494.907.510.702.610;0.8528944965668825;1.029.791.764.650.770;0;0;6.403.159.360.521.800;9.593.844.919.934.290;4.360.309.142.911.380;759.510.314.886.583;5.653.088.705.058.020;363.778.708.021.788;1.479.814.968.113.550;5.246.089.889.582.970;24.102.962.415.124.800;3.138.455.113.392.770;14.531.667.440.065.700;7.296.864.370.737.560;22.267.704.074.193.000;Horizon Polymers Campus;"Odense, Denmark";Specialty Chemicals;240569;941;17.956.738.934.679.900;2.568.895.792.688.610;773.118.636.126.172;10.422.364.440.789.900;4.361.091.404.988.590;6.443.906.886.941.280;14.910.294.355.740.400;20.774.121.976.776.800;10.005.378.343.069.400;3.355.711.857.842.900;4.572.040.460.434.680;11.429.004.131.365.700;0.3916050099041445;0.548932262648552;0.0027255850586164;10.573.182.785.018.900;9.722.534.138.754.990;100.0;9.913.524.889.975.890;105;108;7.957.787.884.213.470;21.194.291.522.910.600
B0-FF003_202107;B0-FF003;01/07/2021;17.338.601.025.585.800;9.791.226.770.118.480;10.387.805.830.522.700;341.896.287.095.048;0.8470069967748899;10.821.114.633.049.700;0;0;6.569.524.815.884.460;9.672.052.033.601.690;4.567.254.852.180.070;7.361.455.945.174.010;564.448.295.618.046;3.617.376.809.912.570;14.475.570.531.457.300;5.481.233.608.202.540;23.439.432.474.851.300;3.111.137.717.929.960;13.387.817.585.992.500;7.134.480.178.518.970;2.152.676.598.105.170;Horizon Polymers Campus;"Odense, Denmark";Specialty Chemicals;234857;921;1.995.475.997.589.000;2.643.203.905.463.300;742.280.906.633.771;10.409.389.774.942.700;4.429.095.781.341.460;60.111.419.459.409.700;13.931.932.280.798.400;19.892.957.665.185.800;10.427.768.478.087.300;34.015.274.075.974.400;4.565.466.039.032.750;1.131.623.642.660.690;0.4151976173102465;0.5943158596997143;0.0029548438299957;1.105.915.878.453.540;9.305.464.271.741.390;100.0;9.982.854.408.041.700;106;108;8.275.214.951.883.290;1.985.438.724.671.180
B0-FF003_202108;B0-FF003;01/08/2021;1.748.792.697.741.950;9.351.669.391.395.000;10.407.672.721.784.600;3.385.456.000.167.680;0.833399168022176;10.147.386.810.429.400;0;0;6.253.633.612.608.790;9.920.713.824.958.750;4.775.402.619.838.220;7.236.692.751.541.870;5.439.558.596.580.000;3.768.896.958.348.900;14.565.370.511.185.600;517.031.044.996.199;2.356.833.033.367.300;30.826.723.618.671.600;1.423.275.498.482.440;7.414.951.510.353.060;22.898.762.643.303.500;Horizon Polymers Campus;"Odense, Denmark";Specialty Chemicals;242825;951;1.855.389.224.229.370;2.554.469.530.868.340;7.963.207.477.670.510;10.453.193.433.277.200;4.378.539.853.169.070;6.379.723.361.581.350;13.998.632.169.186.900;21.023.011.532.311.900;10.190.768.725.861.400;33.657.984.892.616.400;44.531.940.279.312.900;11.054.854.176.840.000;0.3787069732627503;0.6482386881252524;0.0029156732588628;10.698.640.138.182.700;10.203.958.833.643.400;100.0;9.800.450.104.121.600;106;111;890.540.857.617.177;2.097.579.273.432.050
B0-FF003_202109;B0-FF003;01/09/2021;17.462.738.528.424.800;9.869.907.806.956.260;10.487.736.779.712.200;32.865.120.642.820.100;0.8674533797418464;10.982.534.715.869.700;0;0;6.573.164.000.450.040;1.009.719.193.620.760;4.480.290.663.976.380;7.379.559.789.964.950;5.801.016.982.714.740;3.964.215.720.614.760;14.972.679.930.222.900;5.241.964.857.543.010;2.224.366.363.099.720;3.150.215.830.779.160;1.465.057.066.154.190;7.631.314.895.298.380;20.730.792.643.417.200;Horizon Polymers Campus;"Odense, Denmark";Specialty Chemicals;233591;974;18.190.782.396.922.200;2.743.229.442.501.870;7.275.008.205.459.390;10.824.835.265.599.500;43.173.512.929.098.100;6.466.207.406.237.790;1.428.075.747.903.670;21.104.496.441.805.900;10.845.755.214.107.400;3.496.998.522.827.530;4.615.869.755.342.760;11.804.757.603.848.800;0.4083631818335136;0.5875496856405394;0.0027257791453857;10.899.044.415.717.100;9.575.896.030.479.210;100.0;95.840.933.982.672;102;105;8.487.544.608.544.250;2.202.810.110.798.710
B0-FF003_202110;B0-FF003;01/10/2021;1.805.943.750.963.910;9.646.670.834.109.140;10.174.764.934.792.900;308.487.433.758.388;0.8211756537822844;10.069.118.119.252.900;0;0;6.576.385.407.867.520;9.592.031.536.723.560;4.598.904.718.218.520;7.151.292.596.601;5.668.230.021.992.840;3.843.882.988.080.440;14.708.531.172.386.500;5.433.510.110.281.730;2.274.994.529.987.500;3.085.039.721.854.350;140.277.690.129.535;725.582.079.911.752;2.076.724.990.211.440;Horizon Polymers Campus;"Odense, Denmark";Specialty Chemicals;253764;949;19.703.347.749.161.900;27.281.080.419.956.400;7.245.100.861.242.620;10.889.909.520.196.000;4.653.863.835.770.530;63.458.413.777.883.700;14.231.265.158.242.900;20.683.662.115.524.400;10.553.141.026.211.700;3.398.783.090.788.170;4.526.686.761.928.420;11.189.571.608.775.900;0.4063243216465038;0.5763411616772853;0.0027676467803539;10.649.022.606.802.100;945.948.456.306.014;100.0;9.926.316.703.866.350;112;107;8.570.426.298.013.790;20.375.855.371.738.000
B0-FF003_202111;B0-FF003;01/11/2021;1.801.363.886.217.210;9.598.317.466.269.130;10.230.718.517.995.100;3.359.211.643.764.920;0.8732849976922837;10.672.967.260.081.200;0;0;6.625.282.468.514.870;9.161.860.189.478.790;4.825.612.975.187.800;751.730.371.193.182;59.535.826.463.840.200;3.907.506.241.598.840;14.156.004.507.758.100;5.209.366.233.290.820;23.073.222.926.192.000;3.022.929.325.041.950;1.377.883.591.578.040;7.315.655.438.088.550;210.382.725.680.741;Horizon Polymers Campus;"Odense, Denmark";Specialty Chemicals;242727;879;20.066.428.549.044.900;26.765.477.837.621.000;7.738.750.376.337.600;10.377.869.563.100.000;4.454.875.835.298.670;5.979.132.118.760.840;1.366.367.822.407.630;21.214.459.553.245.100;1.018.575.984.833.020;3.384.076.892.216.860;44.109.253.239.495.700;1.113.598.707.833.310;0.3832348967530943;0.5904230835279227;0.0028247215684945;10.727.928.151.038.500;9.807.719.261.493.610;100.0;9.718.369.574.056.660;106;105;8.376.672.896.414.460;2.096.966.956.603.150
B0-FF003_202112;B0-FF003;01/12/2021;1.657.289.943.557.630;9.430.245.164.711.930;10.484.325.215.400.500;3.284.486.027.718.970;0.870654222424113;10.651.895.950.508.700;0;0;6.778.602.365.475.290;9.827.433.148.460.250;4.434.336.894.150.740;7.018.012.261.930.900;5.662.455.499.904.480;3.694.591.578.361.710;1.402.817.208.225.000;5.459.287.669.367.830;22.545.840.917.116.600;3.065.287.479.472.760;1.478.833.526.630.590;7.643.175.795.883.090;2.088.737.362.872.350;Horizon Polymers Campus;"Odense, Denmark";Specialty Chemicals;246100;965;19.410.648.448.082.200;26.353.830.091.535.700;7.396.335.027.234.510;11.103.049.312.473.900;4.416.305.709.970.060;6.141.947.896.392.350;14.220.896.427.514.900;1.962.292.714.235.950;10.587.725.667.680.900;3.397.800.115.056.030;47.910.941.598.177;10.820.851.220.004.900;0.3912236646470794;0.5995759825487752;0.002996772697689;107.397.202.251.217;9.569.374.275.432.490;100.0;947.631.487.282.068;111;110;912.967.877.690.813;19.569.653.370.477.600
B0-FF003_202201;B0-FF003;01/01/2022;16.762.546.934.747.500;9.735.288.709.397.290;10.705.960.920.176;3.442.414.563.674.590;0.8680791988587185;108.930.243.391.618;0;0;6.928.502.801.894.600;10.334.309.578.477.700;45.452.566.410.538.900;7.284.775.530.467.200;5.740.552.684.358.120;3.995.874.616.743.940;14.175.630.874.343.800;5.583.085.125.737.660;23.227.796.669.043.400;307.156.241.859.671;13.999.239.145.394.200;763.883.282.450.287;21.850.831.005.661.000;Horizon Polymers Campus;"Odense, Denmark";Specialty Chemicals;237368;909;18.611.786.034.207.300;2.703.426.485.727.380;7.396.807.696.612.250;10.697.765.541.760.900;4.167.336.941.983.800;5.864.489.712.281.900;14.477.769.620.561.400;2.082.154.131.568.960;10.318.615.831.626.600;3.466.145.534.781.730;4.496.321.276.998.710;11.340.137.625.028.600;0.3976428802136383;0.5685664758133254;0.0028580432627974;10.979.744.671.017.900;10.077.864.458.616.300;100.0;947.504.408.091.395;106;106;8.194.894.215.096.820;207.909.559.851.082
B0-FF003_202202;B0-FF003;01/02/2022;1.819.156.045.823.400;987.878.299.184.197;1.046.921.996.732.710;3.280.653.367.271.680;0.8825827309990253;10.617.500.802.350.500;0;0;6.772.895.102.180.170;10.392.859.074.406.200;4.788.483.637.765.310;7.366.551.999.514.600;55.712.964.958.556.800;3.889.557.438.648.840;14.047.329.900.932.300;5.547.541.847.244.240;2.417.951.833.800.300;3.172.388.347.923.840;14.647.349.866.145.500;7.562.092.460.680.310;21.597.363.347.970.200;Horizon Polymers Campus;"Odense, Denmark";Specialty Chemicals;236243;853;19.193.662.742.106.700;28.891.821.433.127.500;7.278.049.055.922.430;10.251.416.218.634.500;45.737.956.321.189.000;6.347.264.563.550.160;14.734.321.459.911.800;2.092.183.219.668.090;9.972.905.736.076.210;35.091.627.582.067.500;449.594.739.248.084;1.118.984.330.860.190;0.4116262866733944;0.6050216704893121;0.0028476714789047;10.860.886.736.490.300;1.005.948.144.902.830;100.0;9.756.082.112.183.060;113;112;8.922.626.848.094.320;2.027.508.292.398.080
B0-FF003_202203;B0-FF003;01/03/2022;18.284.826.109.557.400;9.952.250.099.620.440;10.052.300.358.049.800;3.228.463.907.764.180;0.8323560285589272;10.276.166.617.585.300;0;0;66.679.811.996.373.900;10.175.122.448.844.100;44.767.083.185.477;7.167.799.141.488.630;5.480.092.363.913.390;3.857.872.947.759.000;1.490.450.522.720.490;5.254.987.213.640.900;2.420.350.038.300.140;3.051.935.727.541.060;14.207.188.713.001.900;7.648.792.072.109.600;22.245.787.934.817.800;Horizon Polymers Campus;"Odense, Denmark";Specialty Chemicals;250317;901;18.259.765.793.017.700;26.746.768.553.067.000;7.609.695.231.126.570;11.382.632.792.297.400;4.391.786.256.907.950;6.120.828.424.097.650;13.870.621.390.680.800;2.027.361.268.300.900;1.034.067.809.160.510;3.493.032.989.823.440;4.598.607.894.327.800;11.239.194.042.928.800;0.3884857591058308;0.6144448154488118;0.0027694990213497;1.060.062.429.145.130;952.729.066.700.807;100.0;100.0;106;102;8.781.585.858.850.800;20.562.502.449.437.100
B0-FF003_202204;B0-FF003;01/04/2022;16.783.913.890.474.600;1.017.409.369.573.650;10.694.387.664.930.300;3.435.909.725.450.580;0.8717757777625452;10.252.574.364.255.500;0;0;6.529.294.458.825.570;10.411.076.898.061.100;44.997.231.325.524.400;7.419.458.172.387.040;5.638.566.847.605.810;38.283.278.597.437.800;15.334.882.457.386.900;5.271.084.484.642.870;2.420.841.550.942.530;29.904.770.034.317.100;14.790.950.639.089.700;80.066.235.828.858;21.556.904.844.944.200;Horizon Polymers Campus;"Odense, Denmark";Specialty Chemicals;243557;890;1.872.229.134.544.450;26.940.672.320.500.600;7.559.773.499.366.950;1.070.319.874.456.350;4.526.509.494.042.320;6.193.565.139.631.170;14.692.997.749.471.800;20.757.743.662.266.300;9.948.978.558.804.380;3.194.930.202.809.320;4.593.984.206.236.000;11.264.177.798.708.300;0.4081564956323175;0.5804627266695718;0.0028643573559683;1.127.028.330.958.090;9.766.764.396.485.770;100.0;9.700.458.780.927.910;106;105;869.382.518.970.925;21.296.178.950.364.600
B0-FF003_202205;B0-FF003;01/05/2022;17.495.158.845.432.000;10.054.681.057.675.700;10.430.080.070.777.900;33.459.121.096.121.200;0.8941721260072074;10.592.348.369.112.000;0;0;6.778.682.555.015.920;9.856.063.473.270.660;4.666.763.091.876.370;7.590.691.096.380.410;5.752.907.120.337.330;3.842.456.074.411.190;14.240.518.760.338.100;5.592.676.600.997.800;2.404.517.098.567.070;31.914.085.258.019.500;13.512.798.215.059.300;7.758.453.897.974.320;22.363.703.833.540.600;Horizon Polymers Campus;"Odense, Denmark";Specialty Chemicals;239770;868;185.293.158.208.152;2.637.640.096.312.780;7.750.549.883.183.410;1.037.199.444.011.570;4.456.046.473.944.020;6.242.950.049.333.990;1.486.178.239.314.320;2.082.325.488.819.370;10.094.099.229.980.700;33.480.867.624.558.800;4.518.394.310.090.920;10.445.480.417.001.300;0.4268004925515579;0.6277699452156661;0.0028282041348184;1.107.982.411.661.730;9.837.909.299.379.280;100.0;100.0;107;111;82.866.937.141.362;2.083.474.297.721.580
B0-FF003_202206;B0-FF003;01/06/2022;17.815.832.724.010.300;9.759.210.513.473.660;10.444.752.741.708.100;33.344.642.883.978.900;0.895610353069605;10.675.439.352.032.100;0;0;6.785.413.308.374.690;10.213.528.241.742.400;45.938.787.671.019.800;7.266.603.606.712.420;5.568.555.659.287.040;36.419.484.980.083.700;14.265.837.504.235.600;5.370.800.798.547.890;2.592.263.485.688.010;3.271.547.424.727.930;1.430.721.969.183.340;7.799.653.714.880.870;2.164.789.721.084.200;Horizon Polymers Campus;"Odense, Denmark";Specialty Chemicals;232148;929;17.716.504.667.083.900;2.586.948.507.434.870;770.318.302.189.411;11.213.501.604.722.400;4.060.367.426.983.970;6.580.485.070.558.960;14.911.405.973.582.900;20.488.215.780.408.300;10.445.807.404.696.000;361.871.186.887.585;4.752.887.092.832.910;1.169.742.251.128.780;0.3980213867017489;0.5972112513225953;0.0028849363012719;1.096.368.395.550.500;10.203.514.824.988.600;100.0;986.883.809.132.416;111;108;9.395.388.952.278.950;20.187.447.988.393.300
B0-FF003_202207;B0-FF003;01/07/2022;1.781.370.821.456.820;10.087.489.590.501.400;10.794.440.788.832.200;3.337.907.367.200.570;0.8613480833755032;10.930.695.232.692.700;0;0;6.309.095.682.359.060;1.000.194.240.069.500;4.878.986.982.883.800;7.683.218.489.012.440;5.519.915.967.414.140;3.630.410.216.578.790;15.065.047.178.902.000;5.241.860.022.392.180;25.045.599.743.699.900;32.357.383.692.616.400;14.524.499.905.067.800;7.667.142.837.904.270;2.220.724.258.276.960;Horizon Polymers Campus;"Odense, Denmark";Specialty Chemicals;230048;981;19.266.941.989.628.800;27.399.294.763.756.800;7.728.471.684.891.070;10.883.640.466.656.900;4.249.798.191.909.280;6.159.465.093.506.710;13.498.231.882.662.200;2.076.938.488.292.080;1.048.785.806.604.770;3.416.200.575.278.780;4.430.375.080.742.590;1.136.828.292.780.530;0.4017018719764376;0.6210899418554159;0.0029503809267405;9.913.953.982.260.400;9.847.692.939.045.860;100.0;9.673.656.862.630.600;111;107;895.898.942.201.691;2.198.813.808.406.440
B0-FF003_202208;B0-FF003;01/08/2022;17.622.759.439.971.300;9.817.902.935.994.820;10.458.155.418.731.100;3.607.550.391.851.320;0.8557340496981607;11.191.103.627.311.000;0;0;6.855.749.253.552.140;9.857.650.585.933.200;4.796.091.223.462.820;7.495.519.988.769.700;5.476.486.302.437.040;3.916.791.496.062.890;14.928.894.900.440.300;5.227.642.228.708.600;24.942.055.584.528.700;3.024.666.628.689.340;1.479.147.266.413.240;7.215.699.959.739.300;21.680.222.463.748.800;Horizon Polymers Campus;"Odense, Denmark";Specialty Chemicals;232875;899;19.018.285.288.673.300;27.577.046.752.331.000;7.653.449.666.620.050;10.797.738.684.495.400;4.454.990.179.843.020;6.106.253.114.210.370;14.061.860.120.905.400;2.074.074.087.493.460;1.005.710.334.634.110;34.399.974.242.508.100;4.505.104.732.799.760;1.149.782.946.843.580;0.3863517915961599;0.5748972226235944;0.0027711591335931;10.382.466.722.407.800;910.419.952.321.788;100.0;100.0;111;108;8.745.277.944.092.550;20.834.019.515.951.200
B0-FF003_202209;B0-FF003;01/09/2022;1.753.308.312.383.670;9.346.560.005.317.110;1.092.144.821.807.860;3.371.746.236.706.660;0.8685243959216643;1.062.863.752.379.870;0;0;6.598.779.726.693.910;9.879.931.334.697.690;4.673.135.397.065.020;7.305.192.703.854.840;5.904.588.035.663.060;3.735.870.039.624.880;14.326.967.397.565.600;5.266.843.055.060.220;2.479.395.974.795.020;3.095.107.142.821.290;151.334.514.530.887;7.535.077.916.632.720;21.025.185.146.161.400;Horizon Polymers Campus;"Odense, Denmark";Specialty Chemicals;233191;916;19.396.056.412.734.800;26.960.163.664.746.300;7.256.924.212.300.130;10.340.016.294.896.200;4.161.188.405.274.720;6.829.965.335.731.060;14.134.588.092.813.100;2.105.130.480.129.470;9.965.945.927.814.340;3.570.140.765.481.870;4.481.587.482.108.500;12.214.974.956.437.600;0.4312031691205071;0.5864104868809187;0.002940682417312;11.434.804.247.802.900;941.776.913.395.055;100.0;9.158.519.057.054.840;106;105;8.710.510.815.320.610;1.999.922.805.630.510
B0-FF003_202210;B0-FF003;01/10/2022;1.827.612.476.152.500;9.913.710.083.689.540;10.692.126.678.030.400;34.783.317.209.862.600;0.877611319104699;10.670.590.178.808.400;0;0;6.759.088.595.713.660;10.057.307.875.271.500;4.584.555.426.886.290;7.643.658.293.813.280;5.537.716.765.621.080;3.844.911.966.333.930;14.576.997.069.632.800;5.447.763.276.797.680;23.199.999.272.495.000;312.823.388.449.469;14.947.957.771.133.900;7.636.009.968.663.300;2.104.801.384.037.510;Horizon Polymers Campus;"Odense, Denmark";Specialty Chemicals;234105;972;19.006.971.983.609.500;26.694.330.954.863.500;7.815.295.005.417.180;11.324.784.129.665.500;4.252.232.883.556.440;62.379.315.036.552.900;1.432.648.094.588.840;21.131.604.026.489;10.295.982.040.800.700;3.459.887.588.579.670;45.849.482.074.263.400;12.343.149.563.412.000;0.4145925139264838;0.602049809715182;0.0028148424912677;10.991.202.428.869.600;9.620.841.892.412.840;100.0;9.829.860.746.371.900;106;101;8.349.629.346.851.960;2.067.591.494.470.680
B0-FF003_202211;B0-FF003;01/11/2022;18.412.572.346.626.000;978.223.197.402.917;10.844.255.461.749.700;33.407.733.345.595.700;0.8442357595091954;10.342.440.907.714.900;0;0;6.703.092.776.574.040;9.928.561.122.218.740;4.645.653.273.108.390;7.835.418.903.027.160;5.997.219.763.256.060;3.729.375.923.956.970;14.627.329.772.494.800;5.143.673.419.594.180;2.417.979.118.351.540;3.097.765.859.782.630;14.750.245.686.965.300;7.828.566.197.241.010;21.212.245.025.576.100;Horizon Polymers Campus;"Odense, Denmark";Specialty Chemicals;238196;929;1.915.980.073.677.710;2.854.900.673.696.270;7.393.264.703.538.020;11.031.924.945.520.500;463.449.089.173.076;6.179.749.450.948.720;14.556.432.466.008.300;209.089.741.525.988;9.960.701.638.959.700;3.511.089.953.063.240;47.656.166.531.810.700;11.359.769.413.918.700;0.4044955260103054;0.5762179803433807;0.0029313985091106;11.131.301.847.308.000;9.631.539.444.340.820;100.0;9.677.313.161.862.020;113;109;8.858.757.649.832.170;20.937.810.358.293.200
B0-FF003_202212;B0-FF003;01/12/2022;18.684.075.058.990.100;981.595.052.792.951;1.053.853.172.575.300;3.500.891.230.653.100;0.9031729363717078;104.297.361.766.023;0;0;6.850.235.741.859.300;10.108.998.660.752.900;459.397.111.484.186;8.017.132.403.386.100;55.013.165.379.597.400;36.618.912.785.595.700;15.237.033.344.740.500;5.277.945.479.558.480;2.545.174.620.754.490;310.740.508.170.344;14.501.591.272.503.000;7.749.978.759.453.020;2.260.113.297.279.440;Horizon Polymers Campus;"Odense, Denmark";Specialty Chemicals;255551;962;19.703.940.222.632.300;2.695.250.848.096.050;776.609.277.585.416;11.049.732.578.213.800;4.341.028.940.621.790;608.587.378.294.826;1.411.578.080.471.760;2.052.290.353.279.290;10.314.916.169.601.200;35.323.390.001.744.800;47.466.588.626.696.000;12.214.037.633.634.600;0.4137284282824483;0.5822361558794281;0.002768037331038;1.078.722.130.276.640;10.245.940.130.232.500;100.0;958.196.951.941.485;105;107;8.500.912.716.545.840;20.791.486.623.896.500
B0-FF003_202301;B0-FF003;01/01/2023;18.205.145.490.483;10.026.499.818.398.800;1.044.254.709.708.970;33.884.281.504.751.500;0.8394531501136426;10.557.442.739.852.300;0;0;699.930.978.182.918;9.632.073.824.582.670;4.803.868.429.558.840;7.641.135.224.289.680;5.724.642.826.742.080;4.115.080.820.197.300;1.452.891.767.066.260;5.436.131.119.297.180;2.480.393.839.309.470;30.690.381.881.558.400;13.766.697.628.071;7.339.948.414.215.310;22.229.523.689.420.200;Horizon Polymers Campus;"Odense, Denmark";Specialty Chemicals;246726;954;1.941.538.370.179.520;2.773.529.757.367.580;7.370.062.934.674.920;10.849.386.489.057.200;4.506.419.340.884.490;644.482.964.664.274;15.239.542.247.344.600;20.505.002.599.493.800;10.211.464.019.141.600;33.860.289.033.910.200;42.419.274.335.232.300;11.832.323.861.564.000;0.4090152912898748;0.6050067348320285;0.0027784796570555;11.054.110.556.538.300;994.344.201.163.302;100.0;9.823.452.733.905.490;111;114;8.750.956.046.620.620;20.618.123.681.089.400
B0-FF003_202302;B0-FF003;01/02/2023;18.755.339.340.893.700;9.484.107.594.789.700;10.522.891.369.026.900;3.360.486.334.827.280;0.8525247522082084;10.962.421.164.991.200;0;0;6.546.587.155.084.970;10.122.908.484.092.000;4.983.110.586.844.410;7.597.755.091.976.100;5.694.649.722.207.270;3.690.432.031.100.910;1.513.327.545.914.490;5.343.543.067.789.080;24.558.445.855.035.500;32.272.661.455.732.400;14.625.682.227.326.400;7.887.860.729.939.560;2.280.540.700.401.850;Horizon Polymers Campus;"Odense, Denmark";Specialty Chemicals;242989;946;19.149.620.584.577.900;2.795.403.815.878.020;7.683.241.477.352.710;10.404.270.034.393.700;4.338.836.912.292.480;6.544.865.907.991.590;14.649.805.944.023.200;20.756.887.222.331.000;10.948.500.639.956.800;35.471.817.430.936.300;4.775.823.595.374.970;11.554.383.096.508.200;0.4141593273445274;0.6086583492374996;0.0027628026101516;10.950.743.594.616.000;9.932.285.365.869.820;100.0;100.0;109;110;8.880.032.170.708.920;2.122.888.042.414.670
B0-FF003_202303;B0-FF003;01/03/2023;1.816.685.059.175.410;1.016.597.454.777.850;102.087.197.892.133;34.078.833.429.401.400;0.872719818570814;10.376.899.021.089.400;0;0;6.610.769.505.502.080;9.976.140.621.391.100;471.380.819.978.212;7.731.209.815.529.470;54.909.524.936.715.000;3.727.208.035.431.700;1.439.139.268.273.320;534.430.701.883.207;24.320.169.637.175.300;323.560.507.656.549;1.431.708.626.144.640;7.840.282.437.974.860;2.112.820.388.946.280;Horizon Polymers Campus;"Odense, Denmark";Specialty Chemicals;240947;957;19.519.157.025.475.500;2.891.827.769.951.760;8.114.821.866.044.990;11.015.263.621.426.500;4.257.744.226.104.030;7.097.185.699.769.930;15.056.730.816.398.100;21.563.087.635.512.300;10.277.162.347.988.800;3.454.052.188.961.860;4.516.502.117.360.960;118.793.997.989.497;0.4041856499322857;0.6240039771518735;0.0027912066945858;1.120.944.141.625.010;10.045.194.510.498.100;100.0;100.0;110;114;922.252.888.553.162;20.923.702.492.550.400
B0-FF003_202304;B0-FF003;01/04/2023;1.816.679.799.788.740;1.005.305.164.310.140;1.049.025.019.002.380;3.353.500.572.660.680;0.90885904067411;10.585.212.426.566.600;0;0;6.843.416.188.472.280;10.753.793.978.328.200;46.743.207.272.687.600;7.297.040.399.565.580;5.727.372.469.749.260;372.341.013.189.811;14.907.523.598.109.700;5.246.740.071.319.010;24.446.062.350.158.400;3.032.361.713.140.570;1.462.115.126.307.580;744.220.491.388.131;2.296.764.956.681.570;Horizon Polymers Campus;"Odense, Denmark";Specialty Chemicals;235841;958;1.927.973.723.963.140;27.717.182.968.509.300;7.667.878.831.344.870;1.109.223.797.189.680;4.611.948.788.446.440;655.503.970.560.324;15.241.541.660.237.000;20.271.680.497.723.300;10.002.860.783.633.000;3.643.172.157.554.490;4.714.624.762.794.900;11.285.467.803.114.200;0.4069056004209332;0.621375559694419;0.0028537393032761;11.111.408.373.027.200;9.620.504.462.649.830;100.0;9.884.285.569.889.180;107;109;8.745.173.488.240.870;20.263.003.403.126.600
B0-FF003_202305;B0-FF003;01/05/2023;17.712.103.264.416.300;10.040.297.827.997.100;10.330.214.895.195.900;33.319.822.072.264.500;0.8327992994859952;11.295.686.197.245.200;0;0;68.309.934.220.099.200;1.015.982.504.824.880;46.765.065.515.202.200;7.933.270.063.415.750;5.719.647.185.349.530;3.613.848.361.211.890;1.395.129.942.034.680;5.434.128.016.776.290;23.653.276.009.744.700;31.577.155.080.672.900;15.091.172.674.629.800;7.488.199.797.309.160;21.961.127.537.446.900;Horizon Polymers Campus;"Odense, Denmark";Specialty Chemicals;239444;919;18.375.162.683.511.000;26.679.752.481.289;7.251.376.257.628.450;10.849.242.063.668.900;4.417.537.520.717.000;6.282.763.481.242.670;13.969.091.832.856.400;2.165.879.074.673.580;10.239.100.907.359.700;3.742.062.450.798.240;4.762.071.608.639.420;1.094.866.089.157.360;0.426021567657868;0.5993093453741187;0.002781427103139;10.834.056.618.321.400;1.032.266.816.887.120;100.0;9.914.578.571.273.630;107;113;8.616.298.726.713.120;2.164.068.598.315.760
B0-FF003_202306;B0-FF003;01/06/2023;1.824.720.194.712.990;9.815.701.467.860.760;11.332.587.577.162.900;34.978.121.804.058.000;0.8933455288562414;10.873.588.078.208.000;0;0;7.090.975.188.848.560;9.665.509.940.546.430;4.791.787.767.757.780;7.963.742.391.238.980;5.969.951.255.000.210;3.740.168.337.971.600;14.584.349.953.369.100;5.397.845.356.333.760;2.471.369.123.100.690;32.732.537.506.769.000;1.468.267.543.167.060;7.906.031.023.520.330;2.047.869.842.283.180;Horizon Polymers Campus;"Odense, Denmark";Specialty Chemicals;239693;971;1.970.041.783.900.010;268.208.343.750.656;7.834.113.734.819.110;10.454.396.699.829.100;4.607.671.492.609.180;6.351.653.560.717.610;144.092.895.314.901;2.079.950.235.063.230;10.564.481.889.508.600;36.955.229.163.276;48.166.170.091.554.800;11.281.685.979.451.500;0.3984215342218509;0.5778561314010983;0.0028907363576074;10.879.852.159.629.700;10.182.415.996.018.200;100.0;9.754.248.316.419.220;105;113;8.727.860.273.018.530;2.048.108.931.111.280
B0-FF003_202307;B0-FF003;01/07/2023;18.611.364.915.176.500;9.562.554.057.641.850;1.084.110.011.197.790;3.329.927.404.665.360;0.8765469331767156;10.222.239.450.485.600;0;0;651.633.608.177.467;1.044.321.715.562.690;47.101.924.968.285.300;7.775.304.300.877.720;5.525.640.848.429.650;3.729.131.408.553.010;14.882.295.499.578.700;5.352.606.790.717.290;2.451.822.362.510.610;3.017.028.751.117.640;15.059.189.635.436.200;7.786.222.043.426.800;2.294.691.376.903.790;Horizon Polymers Campus;"Odense, Denmark";Specialty Chemicals;244188;1010;20.400.233.739.313.100;27.659.937.472.046.300;7.603.504.561.064.590;10.659.655.936.025.800;4.271.865.255.859.210;6.354.261.787.416.270;1.434.095.381.069.500;2.051.563.371.270.720;10.567.652.866.647.200;33.176.929.060.279.600;44.869.884.081.967.400;11.004.989.055.084.800;0.395023985149771;0.6024691347871922;0.0029369209591079;11.582.526.887.633.400;9.487.000.000.886.450;100.0;9.597.137.834.666.020;110;112;927.354.246.694.732;2.254.295.540.829.100
B0-FF003_202308;B0-FF003;01/08/2023;1.867.352.616.899.270;987.398.921.905.456;10.184.345.646.332.900;343.608.070.162.578;0.8976538000197612;104.879.025.463.195;0;0;6.550.594.131.786.530;10.146.262.241.011.100;45.943.029.195.119.400;7.395.409.162.794.580;5.784.236.409.800.000;3.900.587.652.580.500;14.697.109.930.380.900;543.807.011.698.273;2.527.334.418.341.820;32.379.876.844.354.800;14.438.014.872.631.900;7.711.631.624.175.130;21.768.666.247.078.100;Horizon Polymers Campus;"Odense, Denmark";Specialty Chemicals;231989;965;1.984.237.081.686.670;2.728.297.512.000.650;7.670.773.291.613.260;11.452.104.353.090.100;45.950.746.035.291.300;629.249.987.027.165;14.604.849.242.223.500;20.587.401.689.171.100;10.541.111.642.975.600;349.046.318.905.359;4.496.152.201.961.220;11.549.814.914.579.900;0.3866570351759456;0.5951279430615894;0.002906164494211;11.007.103.927.757.000;1.030.125.153.155.160;100.0;983.558.162.724.446;116;109;8.805.371.264.783.290;2.108.616.647.752.610
B0-FF003_202309;B0-FF003;01/09/2023;17.704.427.373.245;10.105.262.344.748.800;10.456.827.093.453.400;33.719.055.707.082.000;0.8618653005566775;10.296.367.413.753.600;0;0;7.020.514.053.631.720;10.138.892.638.892.100;4.659.357.083.617.730;7.430.512.624.530.870;5.958.468.930.779.050;3.782.649.659.193.890;14.499.432.401.675.700;5.093.194.639.229.560;22.826.355.917.692.600;3.206.431.064.133.160;155.713.195.862.159;7.782.386.386.849.910;22.448.901.235.845.100;Horizon Polymers Campus;"Odense, Denmark";Specialty Chemicals;255499;962;19.280.001.035.636.100;2.817.265.303.210.530;783.218.771.092.048;11.123.835.254.092.900;43.979.619.976.969;6.490.527.644.346.080;14.351.524.273.692.600;2.103.817.321.122.220;10.605.750.100.524.200;3.682.662.137.793.560;4.723.800.022.048.080;11.728.860.901.888.000;0.4076952027022306;0.6041855749743409;0.0028404885432564;109.854.927.466.718;1.030.344.815.778.380;100.0;100.0;108;108;905.491.037.283.032;2.084.120.256.259.400
B0-FF003_202310;B0-FF003;01/10/2023;1.840.705.618.137.130;10.156.024.072.834.700;10.959.742.512.910.200;3.555.191.145.368.050;0.8370210369646515;10.955.385.364.206.400;0;0;650.917.348.339.979;1.014.289.548.043.860;4.465.516.684.494.060;7.688.297.272.720.370;5.748.645.552.940.420;3.783.301.258.832.980;14.717.244.327.155.600;5.345.712.047.422.800;2.335.254.409.143.300;3.043.045.268.959.000;14.921.818.332.623.500;7.969.873.741.331.170;22.810.652.374.583.200;Horizon Polymers Campus;"Odense, Denmark";Specialty Chemicals;227931;984;20.059.559.794.683.700;2.711.693.373.438.120;7.467.486.722.232.660;1.079.827.074.967.850;451.243.463.902.923;6.361.053.291.908.600;14.843.865.715.273.000;2.025.768.288.719.260;10.155.190.194.757.000;3.402.250.828.614.950;4.553.268.406.373.260;11.886.664.631.906.500;0.4161596998186312;0.6278063378125639;0.0029704022820768;11.114.477.068.346.100;9.502.372.215.091.240;100.0;9.831.786.571.014.970;111;107;9.324.648.343.988.890;2.084.786.940.969.530
B0-FF003_202311;B0-FF003;01/11/2023;17.987.640.526.099.700;9.991.378.207.979.930;1.054.733.276.311.080;3.245.514.986.070.080;0.9164434777404422;1.069.319.296.240.490;0;0;6.674.905.678.481.580;9.760.031.231.676.080;4.484.797.103.652.900;7.584.160.390.449.380;5.669.909.911.865.190;403.206.955.093.882;1.494.195.982.646.330;5.597.055.187.128.000;2.341.370.476.277.290;3.174.654.353.843.420;15.100.045.980.804.800;7.757.068.371.678.730;22.410.051.768.921.200;Horizon Polymers Campus;"Odense, Denmark";Specialty Chemicals;241157;916;185.352.639.650.419;28.358.238.102.711.300;7.491.213.486.926.670;10.840.414.786.461.300;438.428.063.303.479;6.254.406.246.730.490;14.044.466.362.436.500;22.077.373.482.520.400;9.861.858.919.619.730;3.570.115.508.200.070;48.255.058.833.095.300;11.799.150.688.308.700;0.4114040753177372;0.6206409920268917;0.0028457702951378;11.320.954.168.004.900;10.387.888.713.131.200;100.0;9.435.396.891.065.000;113;115;9.101.299.272.829.980;2.174.983.502.423.560
B0-FF003_202312;B0-FF003;01/12/2023;17.790.226.979.789.700;9.918.431.113.833.750;11.146.542.035.927.500;3.496.018.411.392.750;0.8779717759825738;10.823.888.175.167.400;0;0;6.812.047.563.623.950;11.107.128.501.590.900;4.643.159.691.647.400;7.281.335.227.442.660;5.646.009.231.120.600;39.341.882.407.429.800;1.519.597.571.967.030;5.242.922.005.054.520;2.426.842.351.881.130;32.556.799.401.252.300;148.232.407.173.565;750.187.605.318.491;21.789.193.454.733.200;Horizon Polymers Campus;"Odense, Denmark";Specialty Chemicals;253521;938;19.379.718.040.382.200;2.646.714.139.500.960;7.596.796.468.554.810;1.192.443.513.477.600;4.718.324.743.878.300;6.482.889.882.438.700;15.417.899.465.268.600;2.151.086.109.238.850;11.249.751.301.219.600;3.571.908.714.192.300;4.866.128.527.942.640;11.016.865.983.474.200;0.4188321076463238;0.6056699373724771;0.0029319994439773;1.118.167.053.691.950;10.479.226.975.630.600;100.0;9.517.895.858.785.760;104;110;9.149.758.245.864.150;215.514.203.352.755
B0-FF003_202401;B0-FF003;01/01/2024;1.824.514.471.829.090;10.258.354.842.592.100;11.001.785.124.203.400;3.438.403.903.306.680;0.9020321484518128;1.115.777.027.609.940;0;0;657.333.037.780.135;10.664.428.703.966.700;4.897.470.717.705.490;820.305.319.296.824;5.504.104.941.192.710;383.331.078.404.432;15.159.296.988.379.500;5.465.797.849.764.890;2.425.464.876.341.330;320.604.419.463.426;15.444.209.415.934.700;7.781.047.039.368.330;21.443.823.885.569.600;Horizon Polymers Campus;"Odense, Denmark";Specialty Chemicals;258529;925;18.662.875.048.957.300;2.722.570.943.814.840;7.518.452.219.630.040;11.096.352.527.057.900;48.339.367.715.017.100;62.680.483.146.255.900;15.205.018.178.648.500;22.389.958.793.432.700;1.039.385.538.067.210;34.952.533.818.652.200;4.726.194.200.601.660;11.614.253.862.314.800;0.3919127672548608;0.642767943702322;0.00290037279043;10.834.725.464.376.500;10.059.565.585.006.700;100.0;100.0;108;109;8.996.964.897.362.430;19.922.859.698.819.700
B0-FF003_202402;B0-FF003;01/02/2024;18.094.228.633.895.500;9.875.979.597.213.040;1.094.504.585.916.860;34.606.531.487.117.600;0.9202365077488762;10.276.087.360.309.300;0;0;7.090.646.013.161.160;9.834.990.258.684.860;46.392.684.525.104.300;8.016.744.911.703.820;6.172.415.706.381.590;40.769.400.403.077.400;15.729.752.689.488.200;5.500.054.472.374.760;2.469.815.972.833.730;3.361.773.963.081.650;14.758.574.480.108.500;7.521.782.816.607.620;2.257.448.603.642.570;Horizon Polymers Campus;"Odense, Denmark";Specialty Chemicals;241150;931;19.887.109.474.398.500;27.653.378.033.623.300;7.710.700.328.267.780;11.196.461.754.956.100;4.250.262.822.778.500;6.687.908.117.496.250;15.755.446.588.553.400;21.988.995.979.141.200;9.403.443.615.429.290;353.336.979.277.834;4.427.096.685.483.980;12.210.762.324.209.500;0.4298639018469513;0.6253086982108823;0.0026607158136294;11.037.008.220.493.900;9.744.845.978.271.130;100.0;9.955.910.205.299.650;114;110;9.418.108.478.106.550;2.144.897.437.933.880
B0-FF003_202403;B0-FF003;01/03/2024;17.961.475.901.609.000;10.068.716.287.664.500;11.176.441.695.011.600;3.585.543.659.329.010;0.8162601693633345;10.556.714.228.169.400;0;0;7.091.462.249.619.600;10.490.832.369.619.300;49.212.641.565.153.800;8.117.883.100.465.830;5.876.818.956.196.350;4.009.619.166.114.180;15.170.455.790.856.200;5.608.109.956.811.880;24.269.716.304.737.100;31.010.177.989.438.400;1.462.578.680.107.490;7.701.356.616.611.900;2.295.735.077.260.610;Horizon Polymers Campus;"Odense, Denmark";Specialty Chemicals;256133;937;2.088.633.020.230.960;27.707.139.916.141.300;7.681.262.025.614.180;1.112.465.447.405.170;4.407.859.096.225.470;6.358.470.710.306.670;14.619.806.578.038.300;20.452.014.649.432.700;10.291.661.530.582.100;35.053.911.659.087.700;463.646.569.104.853;1.157.207.065.990.450;0.4281963499258333;0.5865614219696108;0.002943890206432;11.095.864.404.499.700;10.180.971.038.705.800;100.0;98.052.417.577.387;112;109;8.564.215.634.338.040;2.104.834.290.674.380
B0-FF003_202404;B0-FF003;01/04/2024;18.164.543.306.327.700;10.327.481.571.976.400;111.398.189.913.867;34.570.929.801.814.300;0.9001165153879228;11.308.682.549.854.600;0;0;654.988.345.051.966;10.023.169.293.465.900;5.009.447.174.601.140;7.967.250.123.977.840;5.931.257.750.452.890;3.783.727.985.292.660;1.430.775.582.802.210;5.285.418.327.179.130;24.731.510.128.137.500;3.238.187.214.183.610;15.647.297.772.968.300;7.493.116.499.864.710;22.052.511.661.494.800;Horizon Polymers Campus;"Odense, Denmark";Specialty Chemicals;256298;910;19.563.262.671.426.000;26.312.465.147.910.200;76.051.525.397.615;116.934.070.098.096;457.200.711.636.405;6.719.330.172.097.720;15.012.717.286.594.100;2.155.920.734.053.930;10.045.694.156.590.500;3.735.355.208.456.580;4.928.750.855.110.160;1.155.028.635.411.120;0.4349880363312495;0.639557585777498;0.0029531245992422;11.128.636.875.549.800;10.075.871.282.970.600;100.0;100.0;113;117;930.157.032.581.284;204.561.908.548.652
B0-FF003_202405;B0-FF003;01/05/2024;17.968.825.817.846.700;986.798.431.854.323;10.928.675.250.347.900;3.396.797.161.312.760;0.8792636781457478;10.896.503.520.889.100;0;0;7.047.790.286.790.270;9.872.601.282.157.350;4.557.936.630.164.500;7.586.826.726.723.590;5.615.904.955.384.470;3.897.885.253.529.390;1.482.960.771.451.580;5.235.669.227.752.440;23.706.820.527.422.200;3.208.439.483.522.660;15.358.128.738.747.800;7.617.982.357.629.250;223.999.709.639.718;Horizon Polymers Campus;"Odense, Denmark";Specialty Chemicals;239889;952;2.048.552.001.793.000;30.051.572.333.693.100;7.590.794.856.567.820;10.884.747.877.588.000;4.561.256.862.501.460;6.493.052.176.710.040;15.089.449.401.106.900;2.116.645.082.127.480;10.516.783.500.673.000;3.567.983.240.037.450;4.738.301.006.124.590;11.656.858.556.059.200;0.4178895458338537;0.6228135669355049;0.002659516411529;11.051.393.084.111.300;10.391.701.530.297.400;100.0;9.770.368.943.337.020;109;112;8.731.649.838.085.370;21.418.719.065.449.000
B0-FF003_202406;B0-FF003;01/06/2024;1.839.705.033.959.970;9.723.479.402.113.010;11.102.880.137.261.400;3.580.032.132.163.180;0.8971591753574953;10.998.577.627.969.100;0;0;6.767.342.137.969.930;10.445.689.736.901.600;4.857.053.381.910.930;7.288.781.644.344.400;554.125.444.482.582;37.988.811.899.430.500;14.816.637.921.744.000;5.524.504.658.548.140;2.431.003.292.451.790;32.346.157.420.941.200;156.875.521.593.852;765.522.411.842.616;21.866.480.922.331.100;Horizon Polymers Campus;"Odense, Denmark";Specialty Chemicals;236593;928;1.980.238.858.263.500;2.862.316.451.882.240;784.714.724.182.718;1.071.823.063.427.140;4.456.013.318.997.010;6.402.914.885.451.000;15.565.908.100.170.000;21.458.438.800.731.000;10.621.328.693.509.800;3.554.633.713.419.900;4.648.663.954.430.490;11.984.171.455.287.500;0.4108207152007926;0.6477496472895186;0.0028268560044314;11.145.438.594.878.000;10.332.509.115.010.900;100.0;100.0;111;108;9.476.570.374.162.890;21.061.369.091.006.600
B0-FF003_202407;B0-FF003;01/07/2024;17.612.022.234.167.500;992.004.290.291.388;11.239.427.082.128.700;3.690.261.314.514.840;0.9013690590900478;1.125.856.497.580.620;0;0;6.944.790.642.180.830;1.078.969.857.289.800;490.064.016.581.952;7.692.074.822.202.730;58.684.258.725.630.300;4.117.930.423.670.070;15.111.178.302.895.700;5.308.695.747.638.520;25.190.980.643.624.200;3.111.323.658.292.420;14.656.993.964.384.100;769.113.353.427.035;2.249.600.503.930.530;Horizon Polymers Campus;"Odense, Denmark";Specialty Chemicals;238925;970;19.296.815.719.491.300;28.705.425.107.060.100;772.032.050.792.206;11.027.623.874.911.500;4.497.369.483.960.500;6.767.967.093.268.320;15.212.333.732.113.900;2.038.040.485.209.760;1.043.921.182.494.100;353.933.870.871.811;440.675.476.242.918;12.006.590.983.182.200;0.406642647598718;0.6081247261360206;0.0028447585868826;11.513.917.163.898.100;10.325.317.184.456.300;100.0;9.846.612.914.072.080;112;117;8.948.429.267.705.790;20.122.735.221.804.000
B0-FF003_202408;B0-FF003;01/08/2024;18.442.883.384.288.500;102.343.782.413.803;10.940.360.905.168.200;34.541.740.168.982.300;0.8960681414549593;10.686.326.800.161.400;0;0;6.818.443.499.087.610;1.036.127.766.252.310;4.815.994.477.863.330;8.131.152.507.445.420;6.040.164.758.505.870;38.465.298.203.203.600;15.953.188.612.998.400;5.621.707.789.049.000;24.861.102.092.421.100;31.378.659.736.195.200;14.974.680.305.974.300;7.359.662.842.276.700;2.290.063.145.092.320;Horizon Polymers Campus;"Odense, Denmark";Specialty Chemicals;235703;973;1.924.100.540.509.010;2.815.555.971.672.410;7.576.731.484.883.740;10.850.913.888.553.300;4.617.351.774.972.790;6.369.377.719.797.130;1.443.494.851.730.360;20.645.135.047.091.600;1.088.179.609.047.060;34.143.963.965.773.300;4.720.524.283.405.790;12.654.900.795.001.700;0.4090994618174208;0.6079292408806465;0.0030039914963245;10.711.633.229.173.700;104.816.427.676.333;100.0;100.0;113;113;8.907.991.355.817.920;21.086.616.474.696.200
B0-FF003_202409;B0-FF003;01/09/2024;1.808.321.922.023.270;10.567.584.783.121.300;1.083.436.260.923.540;3.664.314.922.967.540;0.8996054326378243;10.961.229.514.634.000;0;0;6.925.459.850.489.330;102.245.514.502.631;4.702.566.670.765.510;775.878.145.893.847;5.730.909.344.995.710;39.422.702.604.919.900;15.399.533.260.851.900;5.369.064.457.002.390;24.451.951.036.020.000;3.118.146.874.391.810;15.531.216.199.363.000;7.401.000.483.328.290;22.112.720.586.044.200;Horizon Polymers Campus;"Odense, Denmark";Specialty Chemicals;250912;942;19.151.576.832.359.900;28.645.551.657.009.000;7.202.190.408.170.980;11.113.009.595.384.800;4.448.184.671.075.820;6.395.030.416.860.250;1.532.835.062.638.510;21.327.036.090.756.500;10.253.652.786.423.000;33.799.565.875.655.600;47.163.838.759.601.300;11.389.445.384.435.200;0.433319244634248;0.6025691259050248;0.0029112987120501;10.470.517.065.655.300;958.458.172.057.636;100.0;100.0;110;114;8.904.095.292.603.540;2.201.269.260.995.120
B0-FF003_202410;B0-FF003;01/10/2024;18.340.187.520.245.100;9.793.191.845.109.800;1.076.328.003.947.190;3.280.525.504.454.750;0.8705387878860221;11.160.748.313.648.200;0;0;7.080.687.947.505.580;1.010.864.025.788.430;4.869.842.954.742.470;7.642.058.574.164.300;5.984.840.871.272.480;4.066.656.685.633.560;1.420.167.866.209.910;531.622.920.354.738;24.643.832.484.078.400;3.142.699.834.741.690;15.423.757.766.005.200;787.736.297.304.738;21.942.474.931.004.800;Horizon Polymers Campus;"Odense, Denmark";Specialty Chemicals;256415;1002;187.836.411.373.058;2.759.941.504.427.110;7.930.079.194.965;11.425.282.273.831.200;4.718.499.291.280.840;6.987.934.283.064.180;15.055.608.133.026.700;2.218.192.763.534.000;11.485.129.086.988.200;35.392.879.576.034.000;4.618.908.787.108.280;1.198.435.748.740.800;0.4386580087247167;0.6578311618284636;0.0029284036053892;11.076.527.142.759.300;9.784.684.228.486.060;100.0;9.693.496.677.911.600;109;113;8.701.093.053.096.760;2.161.259.176.311.510
B0-FF003_202411;B0-FF003;01/11/2024;18.935.172.237.237.500;9.863.083.920.199.670;10.664.517.179.330.200;331.899.310.463.923;0.911315292241322;10.553.605.350.091.200;0;0;734.085.871.532.821;10.789.740.456.858.400;463.041.977.498.906;8.216.219.985.620.810;573.755.629.865.558;3.822.423.673.979.880;148.791.552.203.701;5.436.741.373.153.170;26.455.917.709.376.000;2.940.855.264.309.340;15.889.877.229.230.100;8.029.443.528.010.540;2.272.189.332.714.910;Horizon Polymers Campus;"Odense, Denmark";Specialty Chemicals;241803;960;2.008.642.051.834.630;2.895.324.108.340.270;7.551.769.540.176.990;11.386.012.630.779.000;4.452.832.871.640.090;6.478.248.798.757.590;15.471.645.036.162.600;21.896.437.702.829.500;10.127.886.724.903.500;3.559.087.857.277.070;4.794.965.080.187.210;11.959.640.974.852.300;0.3874622999267483;0.5991991006362339;0.0027635053994699;10.931.927.669.097.300;1.022.695.588.612.530;100.0;9.872.439.619.551.530;106;108;8.798.157.123.679.570;21.974.424.885.755.200
B0-FF003_202412;B0-FF003;01/12/2024;18.669.680.677.737.800;10.435.830.213.832.300;1.101.891.582.893.490;3.559.059.550.829.620;0.8596232624594009;11.502.077.345.942.100;0;0;7.102.773.216.651.520;1.066.083.731.794.890;4.799.061.377.797.770;7.923.966.535.996.880;574.659.437.599.468;40.768.380.237.184;14.920.826.139.264.600;554.186.225.602.892;24.841.731.356.791.900;31.594.759.099.339.800;1.429.926.591.163.090;8.051.613.164.806.310;22.608.885.824.410.500;Horizon Polymers Campus;"Odense, Denmark";Specialty Chemicals;260043;999;20.315.061.641.052.100;2.879.190.943.106.440;7.928.907.154.451.260;1.119.231.958.625.730;4.650.040.075.093.390;6.432.211.641.090.470;13.810.208.425.093.000;2.186.535.957.015.880;10.889.959.485.663.000;3.407.942.977.861.100;4.813.659.795.144.240;12.097.775.102.171.200;0.433152392767829;0.6232861662107411;0.0027885864442695;10.994.210.311.268.900;10.046.889.799.177.200;100.0;100.0;111;113;8.769.034.812.433.400;21.663.096.578.461.500
B0-FF003_202501;B0-FF003;01/01/2025;1.803.144.036.228.770;10.145.557.872.642.800;10.283.293.137.166.900;35.756.352.257.058.200;0.8890990487581787;11.183.456.140.209.700;0;0;6.709.268.333.476.610;10.346.031.493.305.100;4.895.029.342.148.700;7.572.375.607.221.390;5.868.456.703.710.380;38.970.199.932.984.100;1.523.079.590.208.170;5.348.065.093.305.680;25.248.569.222.682.800;3.192.276.976.364.430;15.023.878.320.644.800;8.403.039.743.607.710;2.146.016.924.579.080;Horizon Polymers Campus;"Odense, Denmark";Specialty Chemicals;250768;977;2.000.062.265.457.610;28.698.589.732.979.800;7.806.994.975.051.310;112.889.175.364.094;4.908.810.961.424.000;6.493.245.891.882.210;1.483.651.616.445.460;20.748.185.253.583.600;10.404.224.463.053.900;357.636.821.173.095;47.983.431.344.291.700;11.892.368.982.986.300;0.4282528517556623;0.618428475487835;0.0031433168870983;11.219.612.233.083.900;10.413.596.874.778.100;100.0;9.899.825.069.425.260;110;108;8.608.681.039.429.420;22.066.642.001.681.800
B0-FF003_202502;B0-FF003;01/02/2025;1.813.419.490.388.850;10.198.756.062.642.400;11.393.044.883.893.200;3.603.081.929.287.300;0.9023659233968256;11.013.038.677.445.400;0;0;6.952.876.791.019.130;11.233.523.275.354.600;4.629.304.496.710.000;782.643.682.070.209;6.054.946.555.596.170;405.752.167.951.921;1.544.647.123.696.490;5.401.498.732.633.930;23.946.564.358.611.500;3.205.453.489.675.350;15.575.782.907.211.000;8.261.227.766.581.970;2.275.813.814.274.380;Horizon Polymers Campus;"Odense, Denmark";Specialty Chemicals;246312;972;1.978.063.587.322.780;29.239.094.109.362.100;7.684.641.277.377.010;11.124.912.938.723.500;46.108.041.942.676.000;6.410.220.670.522.280;1.452.273.881.303.330;2.236.136.992.211.680;10.672.279.561.062.700;36.514.658.714.578.800;48.494.061.250.511.600;11.452.919.735.041.000;0.4122614927659036;0.6278424976313315;0.0029072946261843;1.126.282.613.396.590;10.275.343.997.623.500;100.0;100.0;113;107;8.923.821.984.530.470;21.123.408.902.430.500
B0-FF003_202503;B0-FF003;01/03/2025;18.245.731.198.238.000;10.115.782.436.825.200;11.100.402.614.288.100;3.670.088.695.536.930;0.8628931319785912;11.028.584.761.477.300;0;0;6.815.036.107.438.950;9.993.722.402.042.450;48.562.031.706.631.100;7.785.830.643.334.500;5.804.318.042.854.210;39.708.196.508.239.900;1.452.400.957.301.780;5.340.907.379.858.310;2.522.170.537.233.940;312.721.169.325.876;1.419.354.268.088.430;8.247.236.235.266.500;22.940.676.304.854.400;Horizon Polymers Campus;"Odense, Denmark";Specialty Chemicals;254849;946;1.885.648.156.963.920;2.850.895.320.208.850;7.521.932.647.191.010;11.518.537.488.506.900;45.853.370.920.875.600;6.579.607.038.552.550;15.043.446.912.228.000;2.279.200.962.003.170;1.090.173.409.282.200;35.387.022.378.236.800;4.775.736.983.036.020;11.646.821.623.265.800;0.414333963954239;0.6508822096485668;0.0029353802528836;11.449.096.494.538.300;9.956.668.688.889.150;100.0;100.0;113;113;9.147.382.937.292.890;21.431.926.367.709.800
B0-FF003_202504;B0-FF003;01/04/2025;19.225.556.154.763.200;9.778.452.429.706.870;11.090.784.558.308.200;3.418.691.626.474.850;0.8744683768942765;11.819.901.829.552.600;0;0;7.131.066.455.194.290;10.177.997.086.743.200;50.124.423.840.426.800;7.303.554.875.531.470;6.189.233.454.581.200;4.050.272.843.649.200;15.097.681.205.336.100;5.227.681.969.343.610;2.398.523.103.391.550;316.282.596.665.664;15.460.261.177.519.800;7.673.878.415.498.100;21.334.300.534.041.700;Horizon Polymers Campus;"Odense, Denmark";Specialty Chemicals;249274;997;20.992.033.622.447.000;27.425.246.411.723.000;7.572.593.916.236.410;10.184.052.029.642.000;43.461.579.478.744.700;6.339.008.363.701.010;14.566.282.270.435.700;21.160.555.829.726.500;10.893.411.088.632.200;3.618.932.782.117.120;46.880.520.382.331.500;1.197.748.388.529.340;0.404249473846342;0.6173634255402484;0.0028210977938887;10.956.544.834.869.200;108.109.761.050.462;100.0;993.486.930.426.442;114;111;956.772.909.348.854;2.175.368.502.994.030
B0-FF003_202505;B0-FF003;01/05/2025;1.788.727.255.699.150;1.065.774.847.876.360;1.113.105.816.977.270;3.541.420.895.114.720;0.9236272015238908;11.362.705.040.321.100;0;0;7.128.578.046.494.320;1.028.877.049.668.480;5.025.695.162.060.970;795.828.325.050.034;5.902.582.331.977.690;4.017.926.052.647.070;15.281.232.256.071.900;5.731.478.478.693.840;257.225.039.973.669;32.404.175.025.070.600;1.367.143.591.795.060;8.090.407.622.682.390;2.304.177.078.664.360;Horizon Polymers Campus;"Odense, Denmark";Specialty Chemicals;265900;931;1.958.631.009.553.110;27.012.816.238.272.200;7.625.832.493.694.810;11.724.795.038.732.800;433.487.971.133.668;6.281.804.720.424.510;15.244.496.490.628.200;216.535.380.239.412;10.609.258.254.975.100;3.293.462.982.355.730;4.947.722.388.386.890;11.900.585.558.134.600;0.40896085867961;0.6347686720245707;0.0030487800031934;11.127.901.960.539.500;10.052.367.041.307.600;100.0;100.0;114;112;945.421.931.208.301;2.098.200.724.073.070
B0-FF003_202506;B0-FF003;01/06/2025;18.456.686.935.930.200;1.020.864.622.584.980;10.434.389.276.368.200;35.343.589.962.507.100;0.9047944297354752;11.068.007.643.893.900;0;0;72.413.261.213.728.800;10.499.666.762.398.000;4.892.811.882.104.750;7.691.006.746.710.990;5.543.170.055.117.480;404.248.523.303.153;143.631.532.042.326;5.481.961.976.022.420;25.699.383.122.995.700;31.526.547.390.069.900;14.959.486.325.198.800;7.564.628.378.420.300;22.152.096.023.631.400;Horizon Polymers Campus;"Odense, Denmark";Specialty Chemicals;242204;956;19.813.611.367.768.800;28.554.685.519.197.000;8.143.092.136.348.340;1.104.988.100.849.200;46.440.008.138.303.200;6.437.683.807.513.500;15.754.333.139.997.200;21.631.834.376.699.700;1.066.018.843.557.360;34.872.052.246.542.200;4.901.571.397.283.590;12.044.921.888.055.200;0.4249283612135943;0.6094512408028728;0.0028722526511196;10.636.270.534.489.000;1.010.644.775.094.780;100.0;9.728.434.262.314.640;113;112;8.928.794.570.908.600;21.018.188.217.431.500
B0-FF003_202507;B0-FF003;01/07/2025;18.665.474.697.180.700;1.003.462.330.627.510;1.149.220.059.891.640;34.808.146.273.179.900;0.9281379988456708;10.760.890.670.311.900;0;0;7.043.935.111.183.880;1.034.539.245.473.270;5.131.194.351.755.210;7.769.091.671.595.010;557.176.947.504.639;3.944.650.144.830.530;15.332.825.742.698.600;5.428.460.673.557.380;24.498.187.411.750.300;31.239.998.548.065.500;1.540.526.105.038.200;8.043.711.302.061.170;24.470.797.160.042.900;Horizon Polymers Campus;"Odense, Denmark";Specialty Chemicals;247151;975;19.615.303.097.578.900;3.069.421.204.226.640;7.957.920.574.897.630;11.226.501.639.382.600;48.611.781.001.750.200;6.558.256.611.538.910;16.612.253.313.567.400;22.652.484.128.581.100;10.731.709.940.387.800;3.630.933.798.802.460;47.952.604.388.367.100;12.283.033.994.784.600;0.4154468683504674;0.6697138138505427;0.0028868311582036;11.327.927.637.793.500;10.387.710.397.566.400;100.0;9.755.922.741.557.840;114;114;904.739.579.255.928;21.409.119.489.600.600
B0-FF003_202508;B0-FF003;01/08/2025;18.679.367.225.415.900;1.067.001.489.671.370;11.350.220.386.452.400;3.554.538.608.800.060;0.8926045211771095;11.042.220.168.775.000;0;0;6.732.487.199.427.790;10.133.464.204.598.900;4.936.592.580.393.680;7.715.337.468.741.270;589.520.662.470.549;39.561.639.004.785.800;15.469.088.256.004.200;5.428.743.798.441.900;226.022.030.135.746;31.839.510.205.038.500;14.781.026.385.424.700;7.413.451.036.704.150;2.245.297.030.323.660;Horizon Polymers Campus;"Odense, Denmark";Specialty Chemicals;243558;971;2.009.132.783.696.970;30.018.025.781.539.200;7.843.509.171.177.450;11.248.148.617.947.700;4.852.067.999.426.420;6.326.752.206.740.180;1.449.037.758.123.460;219.892.957.269.538;11.174.477.367.585.200;3.733.635.631.984.510;452.338.607.311.991;11.383.905.056.631.300;0.421772576881939;0.6441824859923911;0.0029139784948972;10.856.856.968.721.200;9.892.792.069.155.100;100.0;100.0;115;113;8.909.384.499.522.250;20.382.551.217.033.500
B0-FF003_202509;B0-FF003;01/09/2025;17.774.721.122.572.500;9.667.304.267.049.700;1.087.696.843.140.110;35.567.414.251.922.200;0.9070084360335264;11.642.648.915.212.800;0;0;6.941.616.150.385.660;10.354.300.221.184.500;4.926.995.904.322.320;8.075.664.708.643.500;597.875.292.708.936;3.902.520.357.948.260;15.908.149.435.145.400;5.683.654.681.025.470;2.316.772.720.163.380;3.321.840.261.130.610;14.814.788.313.457.300;7.503.730.720.738.890;2.302.952.421.610.120;Horizon Polymers Campus;"Odense, Denmark";Specialty Chemicals;266287;972;1.963.002.032.580.950;2.853.316.454.903.270;8.391.698.660.250.360;1.115.978.212.800.800;4.717.881.489.120.570;650.567.946.021.555;147.871.369.387.134;2.253.864.112.409.640;10.406.006.373.806.700;3.664.012.373.033.080;4.738.407.940.015.240;11.764.085.827.930.200;0.4184072919453318;0.5888060760250764;0.00285795065668;11.311.847.837.414.900;10.220.408.629.313.200;100.0;100.0;110;118;9.197.836.973.929.010;21.472.728.874.926.900
B0-FF003_202510;B0-FF003;01/10/2025;1.868.620.923.942.820;10.398.917.517.832.800;106.727.504.272.413;3.413.741.033.249.940;0.9007591175754543;1.132.690.109.919.760;0;0;6.720.604.784.301.580;10.510.011.017.419.800;4.857.645.495.916.900;7.757.983.597.211.300;6.256.420.362.647.740;401.604.817.945.577;15.947.788.370.477.900;4.990.404.654.442.550;2.593.716.776.735.180;330.330.191.891.388;15.556.382.570.855.200;7.859.603.191.255.640;24.330.607.131.119.700;Horizon Polymers Campus;"Odense, Denmark";Specialty Chemicals;247735;974;19.241.453.456.395.100;28.448.123.023.683.900;7.797.633.712.049.830;11.624.701.878.274.900;467.502.673.231.114;6.823.498.928.790.640;1.501.698.339.302.600;2.142.574.006.791.570;11.059.423.851.356.400;3.604.642.776.264.210;44.533.361.001.359.600;11.886.976.735.306.100;0.3963609486383885;0.6166752943516591;0.0030450575196148;1.116.496.306.388.980;1.022.476.928.697.050;100.0;100.0;112;119;8.698.977.321.265.650;21.816.100.160.432.900
B0-FF003_202511;B0-FF003;01/11/2025;1.896.539.331.476.080;10.042.297.933.583.400;11.212.764.068.334.300;3.444.934.547.044.000;0.92025108869338;10.768.791.761.585.700;0;0;6.795.719.081.023.700;1.028.028.634.683.120;51.055.825.411.571.800;8.185.336.606.150.680;6.218.002.960.507.230;39.249.964.579.795.400;15.468.189.243.387.100;5.633.427.219.018.300;24.587.770.099.701.100;3.145.431.094.865.560;14.684.390.642.371.200;781.850.524.545.625;220.284.703.788.758;Horizon Polymers Campus;"Odense, Denmark";Specialty Chemicals;244412;946;20.149.760.185.477.900;2.885.056.175.077.520;7.712.689.971.345.090;11.159.164.844.226.100;4.674.710.393.784.810;6.528.390.051.329.020;1.481.267.491.702.920;2.080.553.837.415.500;11.207.755.615.906.500;3.416.882.448.119.600;4.752.501.088.040.630;11.743.315.189.999.700;0.4264961299505258;0.6243354578964754;0.002964768670691;11.006.322.840.022.300;10.178.882.426.783.900;100.0;9.884.374.104.186.500;112;114;9.136.946.609.404.970;22.578.206.963.379.000
B0-FF003_202512;B0-FF003;01/12/2025;17.826.584.224.912.300;10.249.444.895.215.400;1.026.077.628.443.060;35.016.386.051.247.300;0.8898993215562445;11.031.177.966.754.500;0;0;7.051.693.826.905.390;10.044.303.026.073.800;4.837.150.125.837.740;754.067.330.352.752;5.611.497.573.333.240;4.021.028.766.485.890;14.802.629.039.861.700;5.460.132.821.521.270;25.367.701.333.825.700;32.563.636.641.040.100;15.911.765.909.124.600;7.646.901.482.460.290;2.377.042.851.813.220;Horizon Polymers Campus;"Odense, Denmark";Specialty Chemicals;254083;999;19.632.982.176.424;2.772.852.560.025.550;7.878.152.145.393.210;10.963.033.872.596.800;44.612.776.297.421.300;6.635.653.069.957.870;15.575.020.702.539.100;20.649.372.737.840.400;11.220.428.100.758.800;3.461.516.499.204.900;4.758.958.051.926.440;11.971.433.050.513.400;0.4189293800731215;0.6290133069735037;0.002972475428826;1.173.483.165.647.400;1.026.790.383.228.400;100.0;9.876.543.876.561.890;115;116;900.850.737.420.816;2.231.148.283.880.560
B0-FF003_202601;B0-FF003;01/01/2026;19.910.934.985.178.400;10.751.079.477.308.500;10.784.007.956.628.200;3.632.002.332.325.670;0.9343914429185814;11.238.042.594.231.300;0;0;7.262.517.130.384.500;10.613.803.029.986.000;4.985.783.954.151.510;7.667.599.320.659.550;5.920.543.555.801.290;3.888.103.846.101.840;1.589.234.466.814.140;5.341.742.649.224.130;2.357.288.323.733.780;3.123.078.640.368.400;15.180.850.792.071.400;7.472.239.766.784.550;21.652.685.037.491.500;Horizon Polymers Campus;"Odense, Denmark";Specialty Chemicals;255007;937;20.487.528.589.525.500;27.441.415.115.327.100;7.360.134.801.825.680;10.950.493.682.825.200;44.247.730.142.974;6.356.422.910.113.000;15.065.162.545.932.800;2.182.761.488.822.330;11.256.999.462.766.200;3.560.185.936.013.600;4.849.674.395.311.210;11.607.826.981.846.400;0.4139761206442394;0.6589408662678723;0.003088650243425;11.854.491.577.871.800;10.302.713.453.046.300;100.0;9.975.397.127.245.890;113;112;922.861.006.492.488;2.222.791.116.718.940
B0-FF003_202602;B0-FF003;01/02/2026;1.813.717.980.945.560;10.948.481.986.366.900;11.060.196.527.883.700;36.704.931.925.003.000;0.92170914916538;11.955.302.443.311.300;0;0;6.900.824.136.340.380;105.012.290.641.922;4.899.079.360.996.910;801.065.637.343.764;595.222.492.271.096;4.048.476.761.278.810;15.135.794.462.687.200;5.652.852.359.827.780;27.389.528.236.997.100;3.265.596.501.129.070;14.638.851.968.280.100;7.813.969.243.986.870;22.664.413.202.469.900;Horizon Polymers Campus;"Odense, Denmark";Specialty Chemicals;243639;982;20.386.716.035.600.300;2.748.982.403.187.550;7.472.607.636.703.390;1.215.099.632.005.200;4.478.007.898.950.630;6.900.861.703.043.790;1.547.671.638.796.230;2.134.658.888.510.460;10.564.786.711.640.300;353.789.561.822.849;47.497.223.746.670.300;12.327.874.548.725.500;0.4082267977026739;0.659305512924822;0.0029100791942665;10.830.593.016.251.800;10.410.408.858.387.800;100.0;9.968.301.771.299.520;114;114;9.728.076.414.514.680;2.114.875.755.917.940
B0-FF003_202603;B0-FF003;01/03/2026;1.926.139.646.316.400;9.921.595.802.900.160;11.121.170.430.233.100;36.086.896.882.622.400;0.9385742690255564;10.779.700.759.171.900;0;0;6.895.787.914.455.370;1.001.003.830.373.200;4.694.573.520.257.340;7.813.165.149.893.710;62.380.113.494.451.700;3.838.907.526.167.490;1.578.658.234.642.550;5.334.369.546.271.060;24.712.293.122.670.100;31.184.398.700.446.400;16.316.902.296.467.000;8.201.165.642.504.430;23.490.184.970.096.500;Horizon Polymers Campus;"Odense, Denmark";Specialty Chemicals;255450;956;19.952.314.140.933.700;27.738.515.458.269.400;8.518.303.537.227.570;10.941.635.341.093.200;4.493.523.485.645.390;6.946.148.501.989.150;150.999.796.509.815;2.215.810.133.770.020;10.805.737.582.674.100;3.532.546.927.132.000;4.719.232.017.776.090;12.429.672.952.562.600;0.4293969168209575;0.6585157827449301;0.003076253957916;11.536.419.085.108.400;10.689.888.549.292.400;100.0;100.0;113;108;904.180.627.236.067;2.273.090.749.372.310
B0-FF003_202604;B0-FF003;01/04/2026;18.917.667.682.424.500;1.025.023.047.703.350;11.458.138.022.681.900;3.486.978.320.942.520;0.9314852271588356;1.170.217.309.272.890;0;0;7.122.890.390.755.680;9.868.467.551.348.580;5.083.578.514.994.570;8.126.445.552.259.310;5.885.936.055.415.470;39.201.809.967.516.900;15.449.068.600.726.000;538.572.283.937.298;26.027.253.192.336.600;3.257.398.141.937.360;14.921.318.939.260.700;8.140.133.801.635.590;23.359.004.696.365.800;Horizon Polymers Campus;"Odense, Denmark";Specialty Chemicals;256979;943;2.039.361.080.982.860;30.203.978.306.815.000;7.879.678.766.143.560;1.129.978.250.675.400;4.425.002.527.785.830;6.650.816.673.304.060;1.469.847.327.782.360;22.550.455.514.102.900;11.633.303.007.415.000;3.876.647.195.736.130;4.700.081.622.510.880;11.860.803.919.215.400;0.4347001371778752;0.6318753262394053;0.0029746450401265;12.188.267.638.434.600;1.003.800.635.343.430;100.0;100.0;118;111;9.637.873.471.444.400;21.980.340.851.483.000
B0-FF003_202605;B0-FF003;01/05/2026;1.830.886.649.061.200;10.330.265.500.435.300;11.404.360.682.224.600;3.759.342.129.006.940;0.9034780165420104;11.980.564.188.292;0;0;7.157.966.583.652.840;1.075.198.535.898.970;4.861.307.561.260.980;77.904.316.193.578.600;5.922.753.967.780.220;3.948.405.830.718.160;1.553.621.866.986.530;5.958.966.460.195.040;2.568.729.704.481.810;3.453.515.896.785.520;15.613.340.451.868.000;8.683.162.095.428.270;22.493.136.038.484.500;Horizon Polymers Campus;"Odense, Denmark";Specialty Chemicals;235542;990;2.021.342.360.072.090;30.055.518.939.884.400;8.349.607.355.239.500;1.081.740.354.954.040;4.598.702.482.413.160;66.693.465.814.772.100;1.465.497.066.036.340;2.171.931.516.089.160;11.210.918.576.909;3.741.004.166.898.550;4.883.435.445.223.120;12.760.143.191.241.300;0.4318785940193319;0.6613949576497401;0.0029017401704045;11.101.355.240.259.700;11.033.783.115.536.100;100.0;100.0;112;115;919.958.049.203.437;2.230.124.051.381.890
B0-FF003_202606;B0-FF003;01/06/2026;1.919.677.342.253.400;10.191.403.686.162.800;11.332.664.478.739.900;34.206.889.198.577.600;0.9614139316122092;11.399.109.272.871.200;0;0;7.182.995.029.960.280;10.791.454.103.712.300;4.844.343.434.366.900;7.990.034.537.290.810;6.082.594.352.027.700;4.156.439.808.731.870;1.584.536.225.266.210;5.504.667.953.592.790;2.640.415.253.765.580;3.065.483.884.308.430;15.239.110.026.688.000;8.147.054.206.631.690;2.224.563.721.418.730;Horizon Polymers Campus;"Odense, Denmark";Specialty Chemicals;251789;999;19.530.323.067.333.400;28.893.583.148.777.800;7.616.794.577.000.180;11.703.172.910.203.400;470.161.581.125.302;6.796.165.499.524.300;15.165.097.264.862.200;20.743.119.940.154.200;10.824.099.402.359.100;3.806.246.444.301.270;4.981.796.200.216.840;12.791.882.117.583.300;0.4285813959141809;0.6244037680560213;0.0030322585672338;1.131.134.532.299.730;1.022.371.399.942.100;100.0;100.0;117;110;966.030.584.283.488;22.019.448.476.816.800
B0-FF003_202607;B0-FF003;01/07/2026;1.887.849.113.987.360;1.002.818.712.088.920;112.708.543.520.969;34.232.878.247.959.800;0.8888588587437581;10.723.293.267.009.400;0;0;6.917.193.394.186.990;10.487.290.538.013.500;4.833.178.552.652.440;7.918.350.651.517.110;6.025.898.408.268.040;3.954.651.625.787.710;15.499.317.781.272.400;5.997.101.814.231.220;23.996.611.964.654.600;31.707.148.237.888.400;1.561.246.675.514.430;8.335.603.891.456.160;2.517.973.577.287.600;Horizon Polymers Campus;"Odense, Denmark";Specialty Chemicals;254775;948;20.921.222.055.685.700;288.679.123.082.572;7.935.800.109.375.570;10.709.793.552.805.100;47.949.606.063.871.000;64.720.304.932.411.000;15.471.833.345.733.600;21.902.015.383.515.600;10.944.196.129.363.700;36.283.850.708.353.900;47.301.203.131.195.400;11.861.515.158.280.000;0.4405107830211731;0.638023940630998;0.002924426214995;1.121.410.680.855.210;10.623.804.849.029.500;100.0;100.0;114;113;9.428.733.210.534.650;21.692.803.228.310.200
B0-FF003_202608;B0-FF003;01/08/2026;1.905.217.138.390.660;10.402.778.645.801.400;10.528.772.335.072.600;3.436.072.139.989.870;0.9241065050794302;11.148.957.219.671.900;0;0;67.766.134.980.348.000;1.052.428.207.775.730;4.949.349.580.420.690;8.180.960.721.857.510;5.517.504.605.350.670;4.189.007.806.240.630;14.851.525.797.723.200;5.794.206.340.385.500;26.913.471.555.265.100;3.359.981.871.743.080;1.487.139.904.248.190;7.969.107.490.623.720;23.654.808.991.487.200;Horizon Polymers Campus;"Odense, Denmark";Specialty Chemicals;252167;954;200.988.128.739.744;2.834.506.781.784.420;8.067.006.849.712.950;11.022.299.011.033.300;4.368.457.979.554.740;6.459.936.755.211.700;14.450.261.134.548.600;2.146.898.947.717.270;11.110.062.577.552.200;35.837.870.534.811.300;4.841.282.429.746.970;11.814.359.964.625.800;0.4290488510619308;0.6206865176966894;0.0028797415704324;11.324.195.266.391.500;10.208.721.486.286.400;100.0;100.0;111;111;9.655.191.006.815.970;224.638.971.888.852
B0-FF003_202609;B0-FF003;01/09/2026;1.906.880.419.004.760;10.450.234.557.959.600;11.321.267.551.902.900;3.511.708.757.166.460;0.9192213876206472;11.177.013.463.995.000;0;0;7.108.514.510.703.570;10.407.079.171.558.000;50.195.556.126.159.800;7.929.841.973.058.900;5.931.372.986.227.920;37.928.497.459.028.100;1.507.988.304.795.820;5.762.807.837.812.320;2.604.625.164.529.650;328.772.426.140.913;15.159.602.560.135.600;8.060.601.864.580.100;2.149.202.694.409.040;Horizon Polymers Campus;"Odense, Denmark";Specialty Chemicals;253244;949;2.000.567.536.977.830;2.900.601.616.158.000;7.849.232.303.943.280;11.652.440.172.326.000;4.554.509.351.313.830;6.524.510.276.673.070;1.553.140.922.547.860;21.668.296.889.905.800;11.342.991.771.209.300;3.632.021.926.123.470;493.023.363.408.408;12.535.432.422.480.300;0.4283325549898976;0.610394582890728;0.003045729182908;11.822.136.899.544.100;1.034.827.313.187.150;100.0;9.942.336.747.650.620;115;114;8.838.210.163.428.010;2.218.839.708.165.800
B0-FF003_202610;B0-FF003;01/10/2026;18.374.051.737.711.700;10.560.511.485.867.500;10.797.862.312.816.000;33.787.340.808.892.500;0.8983593662898388;11.677.917.672.346.000;0;0;7.098.438.543.513.290;10.566.538.216.008.400;51.997.327.091.431.000;7.976.902.873.016.340;5.636.879.505.334.100;3.971.567.257.595.480;15.523.506.014.464.000;5.410.238.329.421.900;25.293.441.125.532.600;3.271.170.589.405.550;1.625.666.263.231.690;7.869.455.932.455.680;23.840.614.961.836.600;Horizon Polymers Campus;"Odense, Denmark";Specialty Chemicals;251353;1012;2.092.273.956.729.960;29.183.278.413.171.500;7.927.258.880.846.600;118.025.462.405.871;4.443.507.145.756.780;671.218.471.677.657;14.691.544.316.710.700;22.454.700.544.876.100;10.946.436.053.203.700;3.626.557.508.021.690;480.133.563.439.754;12.455.677.753.886.600;0.4066759913084105;0.676941034509389;0.0029798886656372;1.098.038.776.219.840;9.618.991.621.199.200;100.0;100.0;116;110;8.944.379.756.636.250;2.284.298.097.285.400
B0-FF003_202611;B0-FF003;01/11/2026;1.801.706.350.062.830;10.488.701.594.014.100;1.101.426.355.178.360;35.039.268.528.267.000;0.9114608572032716;11.154.802.918.287.500;0;0;6.990.690.665.032.470;10.160.154.255.187.800;4.915.815.155.162.790;7.741.457.271.304.060;578.987.915.716.467;41.962.225.783.689.200;15.423.151.203.950.900;541.324.786.544.589;2.542.390.233.436.160;33.032.776.633.626.700;15.354.951.874.657.700;7.923.540.357.881.110;22.239.372.114.244.000;Horizon Polymers Campus;"Odense, Denmark";Specialty Chemicals;249578;964;2.002.986.274.990.950;29.250.517.369.920.200;8.367.163.382.992.540;1.168.715.580.925.370;4.273.606.782.780.340;6.729.240.052.041.490;15.973.386.794.484.300;2.185.822.119.014.700;11.435.823.640.185.700;3.517.775.232.032.030;473.249.077.950.436;1.215.897.527.274.790;0.4282904183677455;0.6571675218024658;0.0029960507342126;11.400.835.562.033.600;11.230.389.561.615.500;100.0;100.0;116;114;9.369.196.930.459.020;2.143.461.348.077.530
B0-FF003_202612;B0-FF003;01/12/2026;1.896.644.263.738.170;10.463.753.492.005.300;11.314.402.591.714.300;35.525.140.414.954.900;0.9659862967535762;11.050.056.660.603.300;0;0;6.912.792.519.764.930;10.770.135.363.435.800;51.280.333.983.940.600;7.879.234.995.833.080;6.007.339.396.202.130;4.104.055.283.168.670;15.936.407.553.791.200;622.292.590.280.162;24.490.233.407.253.100;3.448.446.151.989.200;15.169.367.400.864.600;7.905.060.869.321.830;23.329.652.955.131.600;Horizon Polymers Campus;"Odense, Denmark";Specialty Chemicals;253471;1026;1.923.717.477.729.740;26.333.639.792.475.800;8.419.681.544.877.540;10.939.958.263.482.400;4.797.931.328.595.490;6.971.812.075.009.020;1.581.562.201.888.490;22.312.744.281.163.000;11.182.377.048.860.300;358.514.604.984.243;4.586.216.824.783.800;12.106.481.587.226.500;0.4236151522938159;0.6235769732322476;0.0030035467497522;10.780.847.193.818.300;10.858.831.332.666.100;100.0;100.0;114;114;901.763.065.649.362;213.108.130.708.572
B0-FF004_201001;B0-FF004;01/01/2010;14.362.173.365.736.800;754.048.110.417.629;8.738.568.391.992.530;4.937.230.671.016.090;0.8225093313066416;8.989.299.218.131.940;0;0;5.252.513.676.566.340;8.049.792.622.214.960;4.303.103.130.271.630;6.016.351.561.967.850;43.054.489.457.289.500;27.513.405.586.301.800;1.176.430.193.503.030;4.106.298.084.082.970;17.493.852.170.750.100;23.571.641.186.690.800;1.106.966.225.570.190;5.768.941.250.570.510;1.775.692.375.620.450;GreenLeaf Agrochem Ltd.;"Odense, Denmark";Specialty Chemicals;197177;766;1.465.927.571.251.750;2.386.117.277.824.580;546.659.039.987.063;7.933.241.528.446.240;28.824.281.772.971.400;4.440.797.784.921.810;5.926.056.184.096.120;0.9556301502079532;8.111.095.142.125.940;2.748.560.444.906.720;3.841.654.238.619.350;9.514.852.539.816.830;0.3364656274176222;0.5031417710561328;0.0027676513939598;9.232.310.860.312.880;7.842.420.079.803.170;8.658.632.613.010.550;7.161.682.613.879.750;88;90;6.724.701.018.150.010;1.575.268.680.906.770
B0-FF004_201002;B0-FF004;01/02/2010;13.615.951.346.195.500;7.733.685.335.273.530;878.168.086.925.413;50.468.330.813.556.900;0.8577608092387667;8.781.441.018.170.700;0;0;52.974.969.165.459.900;8.417.460.914.716.100;4.423.503.526.951.910;5.814.801.315.840.760;4.313.720.791.854.910;30.590.876.463.510.900;11.253.718.667.063.700;41.909.844.764.042.000;17.437.578.317.642.800;24.952.404.673.054.200;1.143.078.609.108.070;59.028.303.690.168;16.316.084.091.784.500;GreenLeaf Agrochem Ltd.;"Odense, Denmark";Specialty Chemicals;199895;770;14.734.940.214.190.500;22.161.285.900.019.700;5.285.982.350.573.370;8.210.951.218.974.560;27.972.376.514.183.800;4.269.814.664.960.970;60.624.546.171.645.000;0.9244731312295982;8.075.335.730.326.090;2.962.938.745.613.410;37.996.319.489.556.600;9.486.465.121.139.180;0.3235175871363128;0.5477068695877636;0.0030300563853972;8.732.864.624.267.540;8.035.677.960.030.540;8.902.110.564.632.720;7.983.740.281.916.210;91;90;6.349.378.922.633.240;1.569.254.851.498.650
B0-FF004_201003;B0-FF004;01/03/2010;13.888.426.507.427.300;7.807.438.815.930.070;8.278.332.845.350.070;4.943.301.287.679.860;0.871574667815123;8.485.788.878.158.970;0;0;5.249.170.498.616.700;8.021.604.676.038.780;4.086.249.919.222.840;57.653.799.327.304.800;4.713.745.196.674.320;292.459.665.090.568;11.989.726.029.409.700;4.022.100.472.233.120;17.719.839.166.351.400;2.510.996.270.579.560;1.185.797.859.846.460;5.841.869.318.012.270;1.654.975.364.831.710;GreenLeaf Agrochem Ltd.;"Odense, Denmark";Specialty Chemicals;191774;755;1.447.523.342.739.270;2.230.376.319.516.160;5.527.444.044.445.610;8.205.613.282.708.550;29.298.655.475.923.100;4.427.709.286.868.340;59.313.945.750.232.500;0.9373936077475304;8.370.569.430.318.540;29.527.585.793.093.800;3.720.179.466.002.540;8.979.002.225.165.610;0.3391809108774808;0.5218452358180037;0.002813044794031;8.961.966.314.354.800;7.965.791.644.025.330;8.815.860.084.146.130;7.563.898.422.577.040;90;87;684.208.891.153.025;16.108.534.049.006.600
B0-FF004_201004;B0-FF004;01/04/2010;14.581.411.442.816.400;7.702.266.778.881.170;8.654.794.349.251.260;5.200.154.813.552.060;0.8369401855839474;9.231.132.062.167.910;0;0;5.112.154.161.856.450;834.070.293.309.737;4.459.776.338.570.970;5.933.755.269.665.170;4.636.497.359.652.090;3.100.375.693.014.520;11.450.603.182.905.400;4.133.387.865.784.470;18.202.771.791.401.700;247.825.732.547.486;11.344.428.583.786.900;5.620.848.514.566.200;16.297.173.666.463.600;GreenLeaf Agrochem Ltd.;"Odense, Denmark";Specialty Chemicals;201753;750;14.815.252.499.998.600;2.372.481.245.544.960;5.597.871.602.380.410;7.743.589.653.311.600;2.780.889.323.438.210;43.121.469.104.687.900;592.960.931.654.873;0.8916391392516728;8.346.518.980.386.130;2.952.033.421.623.220;3.958.786.112.971.640;9.441.188.231.236.510;0.3351012681736086;0.522585705164787;0.0028229074212053;9.184.711.479.598.970;7.872.114.344.800.210;885.004.473.021.878;7.212.635.203.513.310;94;89;6.956.620.158.347.950;15.232.176.312.369.800
B0-FF004_201005;B0-FF004;01/05/2010;1.391.303.850.084.630;7.805.772.785.863.440;8.653.302.296.195.230;5.525.765.924.994.720;0.8434030113789318;9.095.884.217.941.760;0;0;5.329.089.918.548.510;7.924.093.400.915.530;44.762.714.438.096.200;6.275.960.422.984.160;4.472.378.222.741.470;29.610.707.992.442.900;1.194.846.115.493.070;42.805.033.419.334.300;17.442.762.957.971.000;2.445.804.357.310.250;12.094.736.823.791.300;5.768.587.084.629.890;1.652.554.046.303.880;GreenLeaf Agrochem Ltd.;"Odense, Denmark";Specialty Chemicals;202313;794;14.602.326.904.521.200;22.560.981.586.474.400;5.282.284.160.360.610;7.936.863.313.518.940;2.852.582.099.749.700;4.430.818.725.091.730;5.881.188.800.213.210;0.9275149100920628;8.382.641.725.415.500;29.985.719.799.954.900;38.177.382.761.155.700;9.232.101.904.531.290;0.3361896779460981;0.5089724361410455;0.002882963384094;8.887.857.621.540.830;7.149.526.005.896.050;9.955.966.476.411.480;7.681.143.470.710.410;91;86;6.589.347.977.879.020;16.138.804.454.953.400
B0-FF004_201006;B0-FF004;01/06/2010;14.077.258.048.420.800;7.957.101.995.776.370;8.688.069.227.868.920;489.394.146.073.977;0.7961706697876954;8.862.678.888.109.460;0;0;5.339.842.000.152.360;7.597.268.874.112.910;4.448.521.473.130.090;568.424.337.921.612;4.476.229.776.276.090;3.074.106.665.403.920;11.481.228.925.972.700;4.322.523.323.322.830;18.974.238.140.976.300;25.005.381.756.209.200;12.063.463.156.135.900;5.983.953.399.133.560;17.314.005.115.307.100;GreenLeaf Agrochem Ltd.;"Odense, Denmark";Specialty Chemicals;201970;767;14.022.683.234.683.200;2.160.977.522.603.930;5.767.274.581.082.720;829.716.970.004.409;2.878.332.149.090.710;4.594.813.287.212.530;6.023.330.000.009.760;0.9572004694628616;8.391.377.922.992.610;29.387.670.504.301.900;3.820.176.449.463.430;932.568.447.213.467;0.3304149299523895;0.5062849161992972;0.0028395907683754;857.135.653.693.778;7.501.320.988.260.120;901.198.329.423.516;7.629.551.061.343.130;91;90;7.423.089.214.082.180;16.267.085.949.237.600
B0-FF004_201007;B0-FF004;01/07/2010;13.796.936.286.106.500;7.827.222.396.624.660;8.902.666.528.561.390;5.073.813.890.215.170;0.879727184553363;9.007.249.632.970.450;0;0;5.467.758.377.918.200;8.043.254.215.732.720;4.244.241.450.711.700;5.886.429.676.043.330;41.811.921.916.948;3.006.726.972.101.490;12.071.752.922.907.900;3.953.767.282.920.330;1.804.700.973.989.970;2.559.747.091.016.250;12.275.902.366.208.200;6.030.255.961.473.770;16.102.804.686.532.500;GreenLeaf Agrochem Ltd.;"Odense, Denmark";Specialty Chemicals;202650;745;14.347.470.102.447.200;23.137.078.194.919.900;5.415.447.331.371.380;8.408.149.324.173.320;282.271.056.775.355;4.629.022.814.407.040;62.976.620.027.840.300;0.9671544974760776;8.111.705.390.015.460;30.047.081.911.983.400;3.827.715.723.462.200;9.440.334.280.936.080;0.3456039098993577;0.5282661535849795;0.0027714603093005;9.558.722.802.868.920;8.228.297.886.956.240;9.150.825.697.455.100;7.768.322.176.273.680;92;87;6.934.317.202.703.820;16.275.953.872.724.900
B0-FF004_201008;B0-FF004;01/08/2010;13.733.100.457.931.000;7.741.619.018.068.330;8.032.118.662.276.720;49.207.790.411.352.600;0.8870609827332651;9.376.503.254.786.800;0;0;5.396.726.192.430.490;7.871.075.041.167.780;4.468.401.640.254.520;5.945.432.570.998.870;4.630.061.477.155.280;28.830.874.095.849.400;11.244.946.615.154.300;4.159.732.059.904.950;1.804.261.407.775.970;24.854.139.355.142.100;12.108.554.463.369.100;5.652.815.783.551.360;16.380.285.158.670.600;GreenLeaf Agrochem Ltd.;"Odense, Denmark";Specialty Chemicals;196897;772;1.468.444.396.586.170;23.472.326.630.568.600;5.521.949.934.881.130;8.371.827.593.177.680;2.926.950.695.674.970;4.381.241.215.184.090;6.020.334.593.249.180;0.90942247960417;8.219.840.282.080.010;2.902.898.193.523.760;3.735.533.197.679.450;9.678.697.984.538.800;0.3377173799323265;0.5136904921975268;0.0029467890290911;835.002.249.592.556;7.724.182.463.182.390;8.364.737.729.771.450;7.734.667.094.363.160;93;87;6.666.390.658.322.640;15.421.622.191.621.700
B0-FF004_201009;B0-FF004;01/09/2010;14.020.244.372.075.700;7.744.731.786.154.480;8.589.383.614.789.800;5.038.926.045.396.100;0.8391134148035486;922.873.159.611.065;0;0;5.121.699.768.657.460;7.797.227.728.581.010;4.570.458.069.918.000;6.086.688.040.561.960;4.459.486.107.598.150;31.562.908.942.523.900;12.153.428.086.604.800;4.102.138.938.164.750;1.779.318.295.316.360;24.658.939.271.813.800;11.578.388.608.688.300;6.125.965.002.371.040;1.658.877.440.604.110;GreenLeaf Agrochem Ltd.;"Odense, Denmark";Specialty Chemicals;205382;799;14.694.950.852.803.000;2.387.162.183.045.380;5.151.737.048.631.670;8.231.452.466.269.910;286.881.148.289.363;45.731.769.207.391.600;6.252.620.381.727.180;0.8956323772587229;8.718.701.190.975.690;29.529.698.269.811.300;3.754.486.744.134.640;954.162.073.997.377;0.3268942749829613;0.5179235400079817;0.0028642639139417;893.712.249.830.051;7.718.986.184.105.210;857.606.154.983.961;7.767.916.046.034.260;86;91;6.555.660.717.967.040;16.296.196.907.206.300
B0-FF004_201010;B0-FF004;01/10/2010;14.009.895.709.619.800;793.013.030.619.317;8.897.888.742.329.520;5.262.415.016.851.290;0.8237233729334705;8.922.124.624.808.930;0;0;5.108.075.235.715.980;79.983.667.440.373;4.340.878.454.854.220;5.756.979.623.370.670;4.599.405.640.267.340;3.059.283.372.215.020;11.194.985.704.883.400;41.247.457.906.969.500;1.773.289.720.966.380;23.764.244.589.992.700;11.428.612.574.120.900;5.609.484.040.753.300;17.098.350.183.472.000;GreenLeaf Agrochem Ltd.;"Odense, Denmark";Specialty Chemicals;197685;761;146.760.733.165.784;2.318.123.170.757.670;5.469.748.877.224.340;8.510.680.873.386.190;2.895.498.814.898.210;4.665.090.237.521.080;6.260.063.962.541.710;0.931984539841924;8.440.975.372.656.860;28.053.938.927.758.200;3.844.462.173.712.630;978.038.174.414.831;0.3468701363576549;0.5148818090086498;0.0030894627941055;8.993.272.756.761.510;7.440.797.554.934.240;9.352.750.531.587.090;7.840.778.137.756.570;92;90;7.020.951.796.278.670;17.084.953.929.644.300
B0-FF004_201011;B0-FF004;01/11/2010;14.116.284.692.541.200;7.499.898.734.819.870;7.785.444.965.888.960;5.167.906.563.280.180;0.8410647839730093;8.923.040.503.224.040;0;0;51.253.782.623.837.600;7.865.829.822.673.250;4.499.761.269.323.600;6.078.502.119.167.820;4.325.926.095.439.740;2.913.842.158.320.220;1.181.045.288.992.980;4.272.692.474.218.290;18.625.885.105.588.700;2.424.533.386.388.730;12.306.037.672.585.400;5.527.678.294.753.870;17.047.133.766.339.500;GreenLeaf Agrochem Ltd.;"Odense, Denmark";Specialty Chemicals;203642;736;15.804.408.783.470.700;2.360.703.365.936.050;5.524.339.109.253.130;803.399.030.929.861;2.913.444.197.231.120;45.628.025.291.035.200;59.948.026.988.645.000;0.942008452723982;8.659.086.296.423.500;27.876.023.126.353.400;3.924.095.439.661.620;9.159.881.200.031.200;0.3314223345844608;0.5140990008933617;0.0029031913310234;8.861.884.469.710.050;7.875.462.576.429.220;8.850.179.002.064.390;7.588.184.661.497.290;95;88;7.106.695.953.655.000;1.631.507.096.817.720
B0-FF004_201012;B0-FF004;01/12/2010;13.807.747.834.758.900;7.569.538.329.104.540;8.397.902.188.117.850;5.002.497.887.027.830;0.8639626290155366;9.124.151.771.891.710;0;0;5.239.658.336.242.070;8.154.199.328.273.940;4.488.473.288.353.550;5.734.754.655.798.500;4.456.615.431.396.680;31.257.122.434.812.800;11.231.701.541.673.500;41.567.488.499.394;17.995.518.649.362.300;24.605.645.466.687.700;12.538.592.032.295.200;5.853.160.544.556.020;17.953.282.785.349.400;GreenLeaf Agrochem Ltd.;"Odense, Denmark";Specialty Chemicals;201014;796;1.463.295.388.473.830;22.347.977.037.197.300;5.493.107.318.266.820;8.390.984.087.127.690;29.757.935.140.095.900;451.356.431.300.199;5.963.058.082.629.390;0.9254718320583244;8.655.471.006.432.750;2.750.696.840.829.450;3.924.745.138.085.290;9.649.436.436.616.890;0.350245578397565;0.5292386867099493;0.0028059717320194;8.871.519.060.661.430;7.733.284.973.756.850;9.206.145.199.349.160;7.188.054.825.779.020;92;89;6.997.661.328.759.000;16.506.464.169.054.600
B0-FF004_201101;B0-FF004;01/01/2011;13.367.657.965.359.700;7.813.550.213.608.580;8.749.334.073.879.940;5.136.275.033.952.490;0.8658534855452286;8.645.288.933.507.430;0;0;5.347.403.351.143.360;8.022.138.731.993.100;4.402.385.766.664.030;5.685.228.861.869.100;4.496.172.266.881.630;30.761.525.813.913.800;11.062.170.591.845.300;4.086.385.826.924.600;17.259.317.156.481.000;24.748.895.933.941.000;11.659.682.370.522.500;5.921.483.132.601.920;172.851.491.223.032;GreenLeaf Agrochem Ltd.;"Odense, Denmark";Specialty Chemicals;209049;785;15.062.301.297.497.600;22.383.831.003.660.300;5.253.968.824.425.380;850.360.426.766.842;3.036.471.706.850.210;4.563.756.366.573.610;6.244.981.717.945.270;0.9219408180304178;8.741.095.751.280.280;2.977.214.206.522.690;4.132.495.409.233.280;935.922.116.888.858;0.350850957476629;0.5320324638165445;0.0028374442221455;9.448.004.720.143.790;7.962.052.204.276.400;8.806.207.070.616.990;770.429.996.486.037;89;90;7.114.318.086.458.770;16.845.165.305.065.100
B0-FF004_201102;B0-FF004;01/02/2011;14.181.726.244.345.700;7.700.419.127.035.120;8.820.247.293.086.850;5.240.978.893.250.940;0.8187248566390208;901.745.719.637.568;0;0;5.328.000.050.667.650;81.780.158.251.559.600;4.351.335.958.763.010;60.001.618.343.909;4.634.357.563.014.430;3.016.948.895.328.880;11.786.365.737.404.400;3.967.057.864.218.270;1.809.970.176.485.460;23.583.714.256.527.100;11.813.921.106.336.600;58.736.337.825.033.900;17.617.256.000.966.500;GreenLeaf Agrochem Ltd.;"Odense, Denmark";Specialty Chemicals;195482;797;15.588.741.105.599.000;2.235.718.007.464.530;5.188.568.501.184.480;8.379.251.839.737.000;2.826.410.950.920.780;436.520.808.231.647;6.401.407.285.118.980;10.045.184.234.439.700;8.208.949.359.942.620;28.654.532.326.647.500;3.849.603.320.176.140;954.849.257.306.385;0.3623237637190283;0.5157725152575999;0.0028373262667721;9.529.529.310.807.680;8.013.970.954.254.820;9.341.431.793.188.800;7.531.699.847.696.020;90;89;7.144.288.783.660.050;16.983.810.263.652.500
B0-FF004_201103;B0-FF004;01/03/2011;13.853.338.800.730.500;780.207.878.100.595;864.818.102.743.117;4.898.129.842.028.910;0.8537646718224279;9.206.876.612.770.030;0;0;5.067.177.756.402.450;8.036.854.069.023.740;4.346.388.415.305.050;57.877.394.938.417.400;4.619.833.871.561.390;31.037.761.549.305.700;11.399.198.061.301.200;4.137.268.434.617.350;1.818.552.596.275.920;23.764.133.468.003.100;11.512.243.864.028.300;60.968.728.232.211.100;16.693.122.077.514.100;GreenLeaf Agrochem Ltd.;"Odense, Denmark";Specialty Chemicals;209410;757;15.246.539.187.185.300;22.612.832.638.029.400;5.420.501.634.215.720;878.132.976.796.318;2.824.734.793.469.090;4.561.141.177.887.450;6.340.808.838.287.240;10.480.824.271.596.300;8.200.552.203.613.730;2.879.114.917.338.650;4.001.944.849.912.960;9.662.685.258.011.240;0.3381581334582224;0.5398951362620524;0.0028515914494717;885.756.656.721.043;8.060.132.243.106.910;918.756.371.448.875;7.679.805.916.314.220;91;89;7.137.931.385.405.060;16.226.475.955.611.900
B0-FF004_201104;B0-FF004;01/04/2011;13.799.865.386.758.500;7.594.234.116.659.530;8.846.730.377.424.470;5.064.972.168.481.380;0.8198645103430641;8.684.967.744.859.530;0;0;524.263.321.147.622;7.989.752.081.140.550;423.102.953.109.868;5.858.159.083.929.200;4.679.367.321.889.560;31.251.835.896.104.600;1.196.029.309.443.410;4.231.101.817.651.640;18.679.373.857.147.400;24.319.974.724.246.100;1.204.388.089.228.990;5.680.671.076.030.930;16.695.960.299.366.000;GreenLeaf Agrochem Ltd.;"Odense, Denmark";Specialty Chemicals;204295;812;14.884.044.282.392.600;23.987.372.976.770.500;5.490.392.201.290.520;8.135.253.621.171.760;28.432.927.502.675.000;4.624.252.540.606.310;6.269.684.951.893.870;0.9728680501384414;7.809.125.141.093.730;2.959.724.353.419.980;38.515.166.249.816.800;9.327.129.143.421.940;0.3427365433035124;0.5427373914060122;0.0030741351540123;917.949.645.237.494;7.730.823.357.250.400;8.887.458.249.721.070;798.727.896.049.685;89;94;70.569.780.190.804;1.651.594.026.826.630
B0-FF004_201105;B0-FF004;01/05/2011;13.479.620.514.417.900;7.824.757.749.459.310;8.372.575.419.531.860;5.059.454.518.764.820;0.8977588618769339;935.550.972.244.716;0;0;5.540.250.887.059.930;7.951.702.058.970.040;428.194.126.208.966;6.149.933.779.441.510;4.587.082.464.987.040;2.985.622.692.933.910;11.807.612.942.554.100;4.230.844.743.659.680;1.832.141.843.712.740;2.554.685.797.131.590;1.186.534.055.611.460;5.979.034.435.240.540;17.299.550.833.636.000;GreenLeaf Agrochem Ltd.;"Odense, Denmark";Specialty Chemicals;199471;785;14.947.152.338.014.200;2.189.487.689.035.570;5.358.701.404.266.860;8.356.766.085.883.060;2.823.772.992.485.310;4.409.649.037.149.360;6.701.396.533.804.200;0.9224609201750296;8.399.309.537.955.600;2.868.511.084.233.780;3.903.083.919.223.560;9.508.897.648.630.890;0.3413335637678081;0.5148852001812552;0.0029735344851144;9.147.861.160.377.810;7.671.469.021.063.060;9.339.453.840.756.250;7.549.915.438.033.360;88;92;7.405.521.546.951.360;15.545.909.236.054.700
B0-FF004_201106;B0-FF004;01/06/2011;13.598.431.882.956.200;8.098.850.470.757.650;8.598.367.413.281.920;5.251.920.373.500.750;0.8529078635081048;907.285.798.864.194;0;0;5.458.017.903.428.650;8.269.491.591.164.610;4.240.592.634.666.850;6.133.271.369.445.850;4.540.901.473.964.190;3.047.393.953.153.610;11.906.986.168.839.800;4.137.102.355.436.630;18.272.878.671.045.900;25.416.427.065.852.000;1.233.428.021.649.320;56.239.579.852.389.800;179.840.923.682.209;GreenLeaf Agrochem Ltd.;"Odense, Denmark";Specialty Chemicals;195584;810;15.047.033.279.705.000;2.203.710.408.617.330;5.557.033.975.216.740;8.114.821.644.587.660;3.041.487.130.973.030;4.403.282.856.288.870;5.981.500.094.614.510;10.000.808.316.826.600;8.554.811.262.324.190;302.268.032.769.144;3.821.875.719.187.720;9.206.308.569.953.340;0.361606428146753;0.5268318544236551;0.0029287017911251;9.317.725.126.978.020;7.840.359.851.235.410;918.377.979.004.101;815.600.355.389.936;92;95;6.595.100.802.479.450;17.025.003.807.969.600
B0-FF004_201107;B0-FF004;01/07/2011;1.353.534.127.588.020;8.170.798.145.909.550;8.881.915.431.390.130;5.149.277.502.983.970;0.8734417582374948;8.977.873.379.226.140;0;0;5.653.707.604.585.820;8.432.123.347.252.950;4.328.703.007.094.550;6.088.703.584.025.260;45.501.279.477.104.400;3.030.162.089.061.030;11.448.647.960.081.900;42.426.448.295.336.900;187.223.667.872.773;24.635.275.884.629.600;12.789.105.417.997.000;6.171.351.968.400.610;17.621.851.025.844.900;GreenLeaf Agrochem Ltd.;"Odense, Denmark";Specialty Chemicals;195380;803;1.515.848.518.150.540;2.330.188.128.085.780;5.739.036.262.452.630;8.318.713.003.219.500;31.322.261.134.399.400;4.560.187.800.569.490;6.216.096.354.075.400;1.026.277.092.672.100;8.732.023.433.597.180;29.097.329.885.750.300;3.937.228.600.834.930;9.959.546.141.450.990;0.3432031861873739;0.5297577411693573;0.0028191657567822;8.687.367.330.644.750;7.955.959.595.478.790;9.172.439.679.076.310;7.917.456.843.680.430;91;89;6.820.086.679.145.590;1.701.406.458.107.440
B0-FF004_201108;B0-FF004;01/08/2011;13.917.862.894.461.100;7.835.911.503.233.790;8.708.368.053.805.590;5.074.965.529.986.640;0.8589859234768504;8.821.810.992.031.050;0;0;5.508.305.126.489.700;847.922.752.049.274;4.137.019.081.886.860;6.110.582.672.538.730;446.323.070.101.075;3.149.311.580.372.260;1.155.659.265.819.520;4.059.654.331.806.410;17.496.727.750.895.600;2.507.139.245.952.820;12.428.556.898.315.900;59.551.702.492.695.800;1.673.356.581.597.500;GreenLeaf Agrochem Ltd.;"Odense, Denmark";Specialty Chemicals;216267;810;1.540.243.735.128.670;2.386.511.233.522.060;5.215.093.157.467.660;8.145.059.434.607.650;3.027.833.763.399.620;4.401.538.763.130.050;6.227.308.077.949.070;0.9564074854163588;820.434.627.218.645;29.219.415.122.808.500;4.040.440.988.937.700;10.000.509.164.787.800;0.3567511284636661;0.544349556839575;0.0029291137564046;9.251.962.744.716.660;8.001.584.273.661.830;8.974.213.012.439.670;7.563.461.910.373.190;90;91;6.894.494.537.394.260;16.718.828.452.155.900
B0-FF004_201109;B0-FF004;01/09/2011;14.306.951.186.060.500;8.025.613.228.291.250;8.895.280.661.864.600;536.366.299.679.075;0.8781731021715261;9.345.021.864.264.340;0;0;55.741.570.858.878.100;827.751.035.126.496;4.470.593.190.379.370;6.074.009.897.025.380;4.485.016.130.273.180;3.005.166.280.003.340;12.155.574.967.273.700;4.076.463.150.383.510;19.194.567.178.693.800;2.521.956.014.947.480;131.526.813.993.689;5.794.587.334.983.950;17.513.525.613.783.700;GreenLeaf Agrochem Ltd.;"Odense, Denmark";Specialty Chemicals;201272;776;15.552.469.134.706.900;2.224.672.941.451.460;5.380.909.188.375.830;8.532.691.337.634.300;3.024.943.831.747.090;4.328.652.940.381.430;6.397.206.272.297.560;0.9636337989731448;8.307.467.574.346.870;288.785.389.420.931;3.697.576.371.688.670;10.304.298.180.218.400;0.3562148193390523;0.508586820302626;0.002967187533834;9.016.400.569.339.290;8.170.054.994.677.790;902.216.733.692.663;7.729.831.796.765.440;92;91;7.337.864.566.939.500;16.981.571.385.954.100
B0-FF004_201110;B0-FF004;01/10/2011;14.286.727.840.086.500;8.207.154.863.530.300;8.383.966.494.540.700;4.993.747.177.300.410;0.8920910747594956;9.283.126.784.994.790;0;0;5.154.040.167.541.860;8.249.412.751.259.590;4.787.510.445.782.830;6.285.973.712.712.580;47.707.914.335.550.800;3.086.484.176.930.860;11.969.245.345.114.800;4.073.088.781.062.360;18.855.534.991.100.500;253.129.251.240.596;12.380.853.333.190.000;5.930.972.216.771.440;17.551.958.688.047.200;GreenLeaf Agrochem Ltd.;"Odense, Denmark";Specialty Chemicals;203154;802;1.554.433.293.702.660;2.216.529.873.459.620;5.253.305.477.740.780;850.363.892.964.946;30.908.008.382.857.400;4.752.999.132.627.870;6.064.600.533.569.470;0.949583042137231;8.174.441.676.820.680;2.912.871.465.134.520;4.075.863.741.999.970;98.086.573.560.379;0.3422623547508238;0.5384148376210602;0.002832388733931;962.563.128.624.932;7.964.153.972.007.180;9.060.122.195.617.750;796.319.972.701.135;95;97;7.007.205.244.641.510;17.097.341.979.810.600
B0-FF004_201111;B0-FF004;01/11/2011;1.430.199.388.621.130;7.826.768.848.539.940;8.620.248.485.029.280;5.020.867.075.234.420;0.8611417531928988;9.399.201.639.128.800;0;0;5.051.498.975.225.030;7.886.186.881.836.870;4.364.463.637.019.210;6.017.215.959.494.770;4.721.793.981.568.780;3.009.138.172.553.460;124.650.626.380.397;3.996.845.837.399.550;18.164.463.505.408.600;26.001.008.341.551.000;12.453.603.464.032.800;5.873.641.269.035.850;1.795.315.723.092.770;GreenLeaf Agrochem Ltd.;"Odense, Denmark";Specialty Chemicals;208930;781;1.525.439.804.908.980;23.558.179.895.543.400;5.406.070.684.588.990;8.834.888.874.995.560;28.923.514.711.234.900;4.548.891.474.756.950;6.067.869.701.705.260;0.9654633079646612;829.121.989.853.818;293.956.576.768.124;3.760.355.267.878.810;1.006.126.140.169.650;0.3503098687678438;0.5477613995129395;0.002875139896465;9.511.730.711.244.400;798.240.023.029.524;9.214.038.104.084.390;8.332.799.631.593.480;91;96;7.162.615.263.442.960;1.629.541.965.956.870
B0-FF004_201112;B0-FF004;01/12/2011;13.714.091.551.974.100;773.616.404.698.694;9.137.430.591.681.090;5.469.115.247.585.450;0.8843281168382219;9.146.178.831.015.950;0;0;5.513.971.115.501.600;8.240.731.232.848.730;4.492.721.592.003.240;595.298.202.508.292;4.437.838.365.643.800;2.773.139.490.250.700;1.232.249.564.238.630;41.960.593.735.979.500;18.160.048.283.292.600;23.946.793.225.206.100;11.927.525.637.788.400;5.803.736.610.304.550;17.036.388.702.488.700;GreenLeaf Agrochem Ltd.;"Odense, Denmark";Specialty Chemicals;206271;801;14.513.737.877.144.200;2.220.235.612.431.300;5.299.248.609.793.780;8.875.972.675.983.920;3.103.670.658.227.510;4.419.365.158.857.510;5.938.286.715.669.690;0.9674594872857704;858.887.368.657.988;2.997.908.856.472.860;4.041.461.594.682.940;9.971.879.689.246.920;0.3354413006382845;0.5358468163885284;0.0029838366678971;9.010.983.724.098.920;8.055.437.997.569.240;9.042.574.783.190.370;8.316.120.389.667.700;89;96;67.159.846.107.744.200;17.494.950.276.167.400
B0-FF004_201201;B0-FF004;01/01/2012;13.806.973.809.934.900;8.039.675.286.948.290;8.416.858.855.977.540;4.994.696.741.973.510;0.906862259777206;9.400.223.583.013.260;0;0;5.512.495.501.145.040;8.012.199.497.593.500;4.292.423.203.566.510;6.086.093.027.616.370;4.494.225.237.961.810;31.033.002.682.663.900;12.093.943.801.255.000;41.338.863.740.424.900;18.793.999.889.371.000;25.969.676.449.692.200;12.441.431.431.845.200;58.763.818.673.101.200;17.884.554.779.565.400;GreenLeaf Agrochem Ltd.;"Odense, Denmark";Specialty Chemicals;207693;815;15.914.417.562.596.000;2.335.994.535.353.990;5.421.025.033.934.500;8.149.042.818.682.140;3.075.235.414.411.420;4.590.025.194.697.230;6.637.670.750.916.200;0.906278189230381;8.822.802.910.844.320;2.950.318.600.694.980;3.916.789.767.897.190;9.625.570.576.321.930;0.3569047868385855;0.5416555340364246;0.0028133361771641;926.890.108.879.386;8.163.531.496.273.130;9.256.428.289.171.790;8.117.773.690.904.200;92;87;7.119.420.340.992.000;16.714.013.035.580.600
B0-FF004_201202;B0-FF004;01/02/2012;14.449.166.083.241.500;8.270.611.993.816.430;8.342.074.082.284.180;5.175.121.583.155.590;0.8597729975594879;8.800.115.095.063.850;0;0;54.003.522.956.672.600;8.021.992.396.567.130;4.466.819.705.552.190;6.266.740.506.779.840;4.673.329.089.547.110;3.020.664.317.704.830;11.693.381.472.759.700;400.817.387.828.486;181.921.894.617.766;2.417.553.026.733.970;12.949.458.705.668.000;5.804.225.031.812.440;18.080.993.349.718.400;GreenLeaf Agrochem Ltd.;"Odense, Denmark";Specialty Chemicals;215942;806;1.512.632.525.989.670;2.224.422.225.774.180;544.518.554.093.585;8.847.214.911.372.480;3.009.908.579.799.230;4.551.229.374.683.090;6.578.506.595.055.380;0.9864995120690891;8.561.402.685.862.390;2.996.871.259.220.330;3.872.681.118.868.300;9.698.625.877.975.470;0.3458328032263998;0.5414773897103187;0.0028078764463107;9.256.610.635.112.760;7.911.155.520.063.390;8.970.274.553.656.920;7.776.320.407.788.480;87;91;6.855.309.937.499.360;16.506.171.904.768.700
B0-FF004_201203;B0-FF004;01/03/2012;1.335.407.616.452.950;80.612.717.341.112;9.114.902.269.563.830;5.200.944.159.757.870;0.8986679090629116;9.002.474.693.398.570;0;0;5.468.500.044.776.680;7.875.903.460.057.380;44.296.362.724.219.600;605.947.170.379.535;4.977.793.998.963.620;309.627.547.376.384;1.124.785.588.122.910;395.808.423.150.932;1.885.840.869.428.280;27.441.173.088.589.700;12.106.541.741.935.000;59.039.371.978.869.200;17.748.410.814.842.500;GreenLeaf Agrochem Ltd.;"Odense, Denmark";Specialty Chemicals;200134;740;15.664.662.347.677.400;2.276.711.258.826.620;5.710.606.827.083.880;8.259.248.640.849.000;2.993.359.106.639.850;467.014.991.635.864;654.124.197.826.764;0.97435612153653;8.658.265.820.347.530;3.036.922.960.569.310;4.024.537.023.054.050;9.495.094.795.220.940;0.3351493040679102;0.4995339826769558;0.0029880606608593;913.791.883.740.251;8.212.594.976.634.970;9.343.462.676.521.470;7.640.576.230.965.500;93;92;6.968.784.576.099.530;17.125.660.028.749.600
B0-FF004_201204;B0-FF004;01/04/2012;15.434.535.397.628.100;829.471.878.434.239;8.877.366.866.935.470;5.423.680.340.792.010;0.9321478724255632;877.277.181.804.056;0;0;5.557.464.922.593.180;8.412.987.238.695.530;4.467.539.332.684.610;6.485.591.246.333.460;4.638.375.048.098.680;3.039.600.777.571.510;12.126.942.332.121.000;43.605.606.845.710.100;1.853.090.530.334.130;2.587.267.144.541.630;12.258.001.327.467.400;5.854.532.715.536.470;17.112.552.812.613.300;GreenLeaf Agrochem Ltd.;"Odense, Denmark";Specialty Chemicals;196675;839;151.100.364.115.525;20.836.316.651.897.300;5.609.457.895.522.880;8.558.800.581.280.000;2.819.174.188.368.600;4.445.538.628.058.520;61.792.776.189.659.900;0.947296647042303;8.936.015.943.175.950;29.720.991.496.901.600;39.235.679.981.857.400;10.223.802.849.189.100;0.3540922336061392;0.5060904766035331;0.0028706493693925;9.349.366.462.471.130;780.109.962.877.215;9.806.680.659.158.200;791.459.409.083.824;91;90;7.305.685.072.489.600;16.365.620.021.510.100
B0-FF004_201205;B0-FF004;01/05/2012;1.453.615.686.654.850;7.758.924.377.951.900;8.915.010.829.618.260;5.133.273.747.728.140;0.8793587974052601;8.948.284.089.244.880;0;0;5.350.150.809.587.900;8.199.976.347.112.180;4.722.066.842.580.710;6.284.345.750.832.660;4.706.713.496.754.530;2.937.816.826.864.920;11.725.838.560.608.700;4.393.835.015.603.400;17.852.795.113.511.400;2.566.936.215.864.370;11.850.505.013.833.400;5.807.565.329.953.570;18.454.131.042.504.700;GreenLeaf Agrochem Ltd.;"Odense, Denmark";Specialty Chemicals;210022;827;1.559.020.909.382.690;231.578.923.165.344;5.435.659.563.664.010;8.372.319.961.959.240;2.973.136.010.216.110;4.808.696.279.966.490;6.099.727.141.610.210;0.9540359991969248;8.397.219.030.204.370;30.841.318.892.685.000;4.201.082.923.394.000;9.995.560.870.852.950;0.3534659909285122;0.5361493798749187;0.0029670492672107;9.487.209.810.830.690;8.139.172.184.069.030;9.394.568.814.467.510;8.082.025.248.052.900;88;93;7.182.449.235.383.170;16.920.669.281.488.400
B0-FF004_201206;B0-FF004;01/06/2012;1.431.750.752.374.630;8.085.950.565.643.880;8.715.612.212.413.110;4.960.994.407.548.310;0.9151467311980334;8.866.973.080.469.580;0;0;5.636.517.444.299.990;8.214.611.194.238.780;4.468.136.767.187.210;6.266.437.066.141.490;4.901.548.013.680.030;31.254.384.819.744.000;11.841.530.652.871.900;4.336.919.779.529.470;17.653.025.363.981.300;25.674.282.825.587.500;12.991.106.585.358.000;6.016.911.875.153.140;17.648.307.459.625.300;GreenLeaf Agrochem Ltd.;"Odense, Denmark";Specialty Chemicals;205985;795;15.396.042.557.007.200;2.382.729.786.100.260;5.502.813.759.504.600;7.851.640.057.478.270;303.611.146.961.704;4.863.971.576.208.470;62.910.342.152.222;0.9285546671310934;8.820.752.649.743.980;31.499.073.152.858.800;40.482.856.666.581.100;1.042.997.659.655.320;0.3581575910086276;0.54674239944672;0.0028869019146715;9.363.859.732.462.660;8.040.028.147.177.510;9.250.528.442.235.740;7.848.468.406.059.280;94;90;7.300.206.388.497.560;16.293.406.064.537.900
B0-FF004_201207;B0-FF004;01/07/2012;14.302.032.649.064.500;8.137.640.900.724.450;8.671.593.445.155.300;4.937.361.703.903.060;0.8798700437152961;8.796.823.089.205.830;0;0;5.627.473.948.115.840;8.243.690.260.154.720;4.524.095.877.536.890;5.772.341.332.697.400;4.629.806.915.804.370;3.084.483.882.764.820;11.525.510.807.753.400;42.648.704.791.178.900;1.833.006.470.811.120;25.505.351.914.698.700;12.283.520.322.608.500;5.911.641.608.188.190;17.744.818.189.415.500;GreenLeaf Agrochem Ltd.;"Odense, Denmark";Specialty Chemicals;205593;817;1.502.999.575.910.720;2.257.145.983.230.970;5.447.102.784.678.750;8.864.625.195.856.240;3.084.212.729.040.950;4.744.070.486.654.030;6.616.405.555.409.700;0.959099376773763;8.733.262.733.620.140;30.040.711.427.521.900;4.069.195.457.977.570;9.843.777.337.599.230;0.3512656176875723;0.5372561618798074;0.0029832191067789;947.946.248.275.025;808.037.727.798.318;9.314.968.977.608.250;7.972.776.965.629.550;98;89;69.284.505.753.107.300;1.709.472.426.770.070
B0-FF004_201208;B0-FF004;01/08/2012;14.545.950.415.977.100;8.131.923.587.050.090;9.110.299.321.495.940;5.287.521.335.030.690;0.8763143476916816;9.377.137.423.772.920;0;0;5.506.244.624.207.010;8.417.207.887.457.080;4.551.150.095.792.350;6.461.615.664.411.710;4.799.564.811.732.120;31.890.372.736.854.500;12.933.229.064.842.800;4.240.610.065.720.170;18.316.888.638.942.600;26.369.555.453.988.300;12.196.975.953.660.900;6.006.483.515.376.670;17.116.052.167.403.400;GreenLeaf Agrochem Ltd.;"Odense, Denmark";Specialty Chemicals;210155;771;1.524.804.780.118.970;2.333.625.329.520.820;5.499.875.029.155.540;8.059.536.807.804.620;2.843.235.944.760.110;4.480.860.231.296.490;6.482.773.771.246.290;0.9824278952594818;8.663.546.681.171.640;2.921.546.907.348.430;403.637.836.899.514;9.406.340.886.010.140;0.3255313850633505;0.5328840648051565;0.0028920267919436;9.591.746.442.733.120;8.106.565.057.650.360;975.283.754.531.252;7.799.106.107.446.940;95;93;7.441.609.488.297.870;16.675.394.355.069.700
B0-FF004_201209;B0-FF004;01/09/2012;14.818.445.227.044.800;7.817.736.455.044.490;8.831.772.866.115.600;5.247.425.865.941.040;0.9262640943784276;8.608.149.041.073.570;0;0;506.503.151.847.633;8.151.715.332.179.080;4.318.668.792.663.200;5.722.901.952.148.120;458.552.018.165.634;3.072.507.327.196.090;11.936.070.655.488.600;4.297.268.833.460.690;1.810.958.434.154.190;27.122.691.382.907;12.293.964.419.858.000;62.442.457.120.528.000;16.770.831.394.391.700;GreenLeaf Agrochem Ltd.;"Odense, Denmark";Specialty Chemicals;201496;825;152.082.874.886.463;2.262.500.322.502.070;5.272.297.133.981.040;8.706.609.030.653.100;3.064.871.984.245.310;4.622.979.886.150.110;6.292.945.126.310.800;0.9426974626955388;866.540.340.308.428;2.886.549.950.871.000;391.052.684.364.519;10.332.734.975.343.300;0.331708497839613;0.5484283225415048;0.0030760208769764;9.549.274.817.523.110;8.175.430.111.065.560;917.544.062.558.906;7.786.078.349.200.140;88;94;7.068.461.591.665.570;16.448.314.035.829.800
B0-FF004_201210;B0-FF004;01/10/2012;14.458.333.864.063.500;8.104.643.540.291.770;8.784.156.056.205.670;5.522.497.469.466.110;0.9131945572371344;9.475.799.478.765.030;0;0;5.263.344.818.344.620;8.443.086.827.688.910;4.506.084.551.628.050;5.972.295.398.738.130;4.624.789.847.929.500;30.769.162.364.997.700;1.287.930.341.775.660;4.326.288.019.822.530;1.950.733.176.326.640;2.664.826.523.336.180;12.336.355.580.166.500;5.939.961.522.632.990;16.760.812.345.597.800;GreenLeaf Agrochem Ltd.;"Odense, Denmark";Specialty Chemicals;201534;825;15.193.466.557.872.000;23.672.222.417.904.500;5.247.084.919.435.020;8.646.447.420.671.170;31.090.631.661.149.300;435.068.040.189.451;646.765.431.574.109;1.015.903.267.919.920;9.128.604.252.656.530;29.636.187.724.353.900;4.099.709.791.723.470;10.396.686.186.518.100;0.3559044602286383;0.5589569299657928;0.0029447392193202;944.364.991.326.348;7.938.652.016.243.430;9.271.035.500.531.850;8.053.782.086.490.050;92;93;732.771.082.009.703;17.858.003.243.481.100
B0-FF004_201211;B0-FF004;01/11/2012;1.359.534.577.382.790;8.580.412.494.425.650;8.896.715.543.469.260;54.271.631.903.100.900;0.9259459425654926;96.734.309.546.262;0;0;5.407.055.632.829.230;8.199.595.484.822.800;4.719.430.888.803.370;6.155.041.979.363.730;4.408.998.877.466.610;3.049.151.763.350.670;11.485.086.735.565.900;42.468.065.477.175;190.253.366.979.299;2.530.058.254.940.910;12.189.337.232.436.500;5.978.291.902.522.890;1.778.195.674.955.270;GreenLeaf Agrochem Ltd.;"Odense, Denmark";Specialty Chemicals;210420;830;16.391.347.883.006.000;235.257.885.485.769;5.718.215.877.873.430;8.134.749.900.366.150;29.797.045.343.022.000;45.641.818.812.253.200;6.209.260.276.936.130;0.9620980789768402;8.673.894.865.548.630;2.967.393.628.594.770;4.324.319.191.017.790;1.013.553.557.866.210;0.3732688899194329;0.5630446600805116;0.0028951630283731;935.599.310.504.216;7.994.434.854.050.440;92.839.508.718.489;7.727.551.134.123.520;93;95;7.245.249.525.586.910;16.972.225.857.808.400
B0-FF004_201212;B0-FF004;01/12/2012;1.447.896.365.789.980;8.320.126.095.696.530;8.909.110.199.876.420;5.501.858.782.439.190;0.8462877204911632;9.434.146.237.832.350;0;0;5.365.053.945.488.790;8.415.033.672.301.470;4.670.667.237.061.250;5.853.117.373.483.350;4.727.522.117.954.160;30.695.117.506.008.600;12.479.249.769.848.000;4.045.433.485.492.060;20.043.313.188.188.300;25.154.071.305.791.600;12.884.655.493.595.400;6.023.334.404.305.480;1.729.488.752.110.320;GreenLeaf Agrochem Ltd.;"Odense, Denmark";Specialty Chemicals;209133;836;1.465.651.355.479.720;23.963.577.494.534.900;5.599.987.751.675.860;8.700.783.371.323.470;3.018.924.720.628.590;4.528.481.241.219.570;6.198.946.211.423.990;0.99885736319113;8.887.757.645.876.770;3.076.891.178.552.820;40.679.906.777.647.000;10.278.452.634.787.900;0.367463699168856;0.5092406452055647;0.0027479852036009;9.839.962.144.537.030;778.438.529.238.388;9.037.027.371.740.970;7.902.375.710.185.460;90;93;6.978.633.566.628.510;16.748.131.671.870.100
B0-FF004_201301;B0-FF004;01/01/2013;14.645.803.299.304.000;803.758.167.647.177;8.883.793.597.375.380;532.920.645.040.962;0.9252238227759096;970.941.840.630.161;0;0;5.572.739.708.318.190;8.003.002.613.569.270;4.379.475.537.792.480;6.078.271.502.912.580;4.847.482.532.713.520;3.069.433.008.251.240;11.401.272.490.389.000;42.578.420.620.328.900;17.586.860.424.474.300;25.055.852.732.602.800;1.215.292.805.529.000;6.070.880.659.128.360;18.298.971.437.231.200;GreenLeaf Agrochem Ltd.;"Odense, Denmark";Specialty Chemicals;212080;783;15.221.010.883.343.100;235.540.897.753.036;5.565.225.409.626.650;849.470.629.072.934;2.865.694.630.776.950;44.539.991.942.973.400;6.343.853.753.239.800;0.8894023556387428;8.892.393.930.690.420;2.896.488.160.966.520;4.104.580.640.150.250;10.188.054.234.755.300;0.3472925693681573;0.5565402416630145;0.0030254738628818;9.283.053.321.567.500;8.018.523.940.374.770;9.661.531.477.129.420;8.037.118.169.369.260;97;88;7.213.568.793.927.600;16.089.034.063.707.700
B0-FF004_201302;B0-FF004;01/02/2013;14.531.561.684.772.500;8.306.012.756.452.870;9.471.454.496.546.300;514.613.977.639.433;0.8841211449986951;9.249.422.470.604.330;0;0;5.425.574.252.329.770;8.351.429.299.350.620;4.642.426.141.386.940;618.013.631.761.496;4.538.086.840.283.560;3.114.470.065.323.160;11.792.373.888.708.800;4.306.778.364.989.630;19.282.163.271.584.700;24.995.263.633.538.000;11.817.480.417.760.400;6.060.566.880.977.130;17.367.183.088.922.300;GreenLeaf Agrochem Ltd.;"Odense, Denmark";Specialty Chemicals;208223;821;14.421.532.022.003.200;2.401.787.475.084.040;541.957.593.950.172;8.569.312.055.055.380;2.965.957.782.405.950;4.543.067.556.854.560;6.756.609.193.142.720;0.9910591612272494;8.973.192.066.147.400;3.038.526.277.738.430;4.101.860.520.384.130;10.146.763.485.186.300;0.3562101292151471;0.5589963628363042;0.0029772622646061;10.025.307.173.039.500;8.366.199.512.973.140;9.045.653.661.112.870;7.949.642.689.736.900;96;95;7.350.098.017.067.470;1.731.457.994.206.550
B0-FF004_201303;B0-FF004;01/03/2013;139.678.145.701.744;8.455.396.851.509.270;8.879.175.057.650.000;5.207.283.161.908.510;0.8832915629038268;9.513.392.550.608.850;0;0;53.748.465.325.839.300;7.883.231.081.149.160;44.482.683.921.803.300;5.970.907.764.743.610;4.620.630.594.239.280;31.866.903.286.113.800;1.232.038.768.518.810;4.460.525.921.648.250;19.328.106.947.478.500;2.553.087.611.214.180;1.241.015.049.570.130;6.053.589.172.357.650;16.651.153.538.673.800;GreenLeaf Agrochem Ltd.;"Odense, Denmark";Specialty Chemicals;200689;810;1.535.275.955.776.420;2.392.367.374.932.880;5.702.205.637.227.920;8.130.122.295.155.740;3.076.890.305.747.890;4.650.360.232.119.120;6.558.629.134.997.370;10.143.951.562.085.600;8.709.971.072.415.260;3.141.946.690.187.440;39.246.149.956.045.600;9.749.639.818.093.740;0.3585251550468104;0.5357378079577402;0.0029904979393358;9.956.023.025.090.300;8.238.583.627.127.510;9.437.726.480.308.380;7.793.706.044.593.550;90;94;7.441.876.553.240.490;1.676.822.951.518.390
B0-FF004_201304;B0-FF004;01/04/2013;14.756.302.643.883.300;8.501.963.474.062.800;94.047.120.700.287;5.377.262.580.057.070;0.9052241589497624;8.876.463.587.282.790;0;0;5.311.783.816.689.470;840.484.293.221.768;4.831.560.895.542.170;6.492.334.076.043.190;4.698.431.323.550.880;32.016.512.641.820.500;11.869.534.769.515.900;4.493.099.784.197.200;1.789.139.566.499.770;266.873.588.513.894;12.603.831.833.561.900;5.929.806.371.013.140;17.711.319.751.761.000;GreenLeaf Agrochem Ltd.;"Odense, Denmark";Specialty Chemicals;201469;789;1.471.529.069.239.690;2.413.540.583.374.570;5.834.925.179.975.610;8.039.820.145.540.120;32.010.003.057.734.100;4.629.926.261.997.420;6.502.658.023.905.530;0.9407388158970384;9.105.912.317.350.640;30.509.273.384.648.400;41.753.855.915.632.900;10.415.380.463.023.500;0.3686260579306476;0.5318861192250932;0.0029525318438462;9.233.939.567.481.850;8.371.987.286.096.920;9.484.009.979.017.590;8.269.794.945.457.490;98;90;7.513.053.026.316.470;17.437.931.369.435.000
B0-FF004_201305;B0-FF004;01/05/2013;1.443.791.900.697.380;8.249.312.842.642.590;9.003.437.587.623.630;5.414.108.079.397.700;0.8917502938275262;944.604.795.526.876;0;0;5.489.385.573.313.930;9.031.752.144.424.520;44.813.395.045.376.900;6.171.038.169.694.110;4.576.754.678.380.240;3.079.632.276.100.360;12.447.904.885.086.600;4.402.201.304.956.490;1.879.206.325.679.070;26.810.565.336.594.400;12.731.321.840.174.400;60.456.842.110.922.500;17.024.902.881.973.000;GreenLeaf Agrochem Ltd.;"Odense, Denmark";Specialty Chemicals;214036;821;1.548.327.154.508.150;23.292.551.838.905.500;5.764.574.406.475.650;8.698.567.755.436.520;30.160.535.501.014.300;4.467.115.942.090.680;6.661.779.050.927.030;10.033.763.082.363.200;8.837.421.365.500.510;279.461.732.180.008;40.380.960.274.441.800;9.987.640.857.425.920;0.3483078079640982;0.5554299488425712;0.0030387271558394;9.542.210.089.504.630;8.417.834.519.473.600;9.114.068.296.237.030;7.914.006.171.667.520;95;93;7.387.556.779.258.080;1.671.036.884.565.870
B0-FF004_201306;B0-FF004;01/06/2013;15.187.985.986.078.700;7.945.890.939.436.120;9.627.439.406.999.400;564.680.242.049.392;0.900401208580916;964.495.074.432.193;0;0;543.647.910.942.406;8.041.779.478.314.560;4.095.819.501.760.550;6.175.538.507.507.890;4.715.574.080.744.340;32.618.067.531.328.300;1.217.967.315.853.290;4.445.070.284.380.540;1.856.346.165.126.780;2.577.997.981.657.810;12.845.181.481.196.700;5.633.362.971.286.440;17.876.221.426.599.800;GreenLeaf Agrochem Ltd.;"Odense, Denmark";Specialty Chemicals;206599;851;1.524.750.549.281.080;2.402.005.121.024.780;5.802.010.609.868.680;8.233.761.080.303.670;3.028.859.191.654.090;458.349.725.118.745;6.646.836.480.409.140;10.067.554.893.405.600;8.720.164.614.496.220;2.945.045.469.520.320;4.174.007.234.082.790;10.053.046.269.588.500;0.3381003595884215;0.518843607696308;0.0030178954888316;90.700.351.010.885;863.027.240.317.158;9.149.964.229.395.350;8.033.520.859.728.290;96;93;6.752.779.161.870.890;17.095.691.618.008.000
B0-FF004_201307;B0-FF004;01/07/2013;14.306.750.341.118.700;8.213.442.994.323.140;9.027.162.694.512.590;5.371.752.719.277.900;0.9465023116175192;9.183.432.074.695.910;0;0;5.440.369.972.717.800;8.478.154.368.615.620;4.520.772.113.221.000;6.311.671.350.893.070;465.754.734.031.735;3.017.989.232.116.320;12.296.087.675.118.100;429.414.663.138.183;1.891.353.589.059.700;2.563.370.671.067.680;12.222.447.583.228.300;6.119.798.322.461.540;17.768.634.121.696.100;GreenLeaf Agrochem Ltd.;"Odense, Denmark";Specialty Chemicals;220210;838;15.766.744.671.982.000;23.558.023.064.523.100;5.309.633.391.478.930;8.421.794.667.838.870;2.986.376.940.276.980;4.611.287.252.965.840;6.465.247.333.608.090;10.074.965.226.937.000;8.865.032.208.360.870;3.150.403.918.956.150;40.152.556.126.813.900;10.164.359.758.748.400;0.3594839746389284;0.548563876055671;0.0030973492826312;9.670.924.884.803.280;7.860.854.950.157.730;939.449.419.944.968;8.040.644.585.833.410;101;94;7.034.947.746.537.550;1.724.418.270.037.010
B0-FF004_201308;B0-FF004;01/08/2013;1.487.497.963.977.630;8.177.280.733.960.410;9.012.190.785.041.080;5.488.467.975.420.860;0.8821248076658398;9.252.873.054.504.620;0;0;5.526.425.996.307.580;8.118.078.322.436.080;4.460.339.842.596.510;65.926.674.314.666.700;4.840.903.224.973.420;32.241.477.452.911.800;12.202.314.096.358.700;4.522.207.325.116.430;18.243.933.637.569.400;2.670.080.692.918.200;1.231.770.815.213.750;6.053.376.870.758.800;18.305.654.277.689.400;GreenLeaf Agrochem Ltd.;"Odense, Denmark";Specialty Chemicals;208747;809;1.530.243.619.313.270;2.230.160.231.786.250;5.790.161.369.923.790;8.381.090.158.257.600;3.219.472.378.100.390;461.549.046.602.396;6.734.657.489.056.390;0.9356362660342326;8.997.564.527.444.660;3.138.874.135.409.270;42.171.387.787.409.300;9.636.617.960.145.170;0.3487632493227656;0.554684551139672;0.0029998057363755;9.538.653.192.570.220;810.683.773.140.589;9.878.166.709.100.100;868.471.637.628.167;96;97;7.270.222.759.102.290;17.698.893.458.604.000
B0-FF004_201309;B0-FF004;01/09/2013;15.040.427.383.811.800;7.943.487.968.150.990;8.916.891.052.384.180;5.181.654.519.609.450;0.9797617337131462;9.538.982.888.457.230;0;0;5.619.115.240.549.070;862.480.157.984.773;4.709.301.551.221.350;6.170.135.046.981.310;4.737.675.401.453.390;3.159.295.276.782.000;1.187.054.287.925.970;4.211.602.438.556.030;19.126.402.914.788.300;26.298.813.872.686.100;1.270.735.665.503.110;6.251.716.567.577.510;1.874.562.932.750.470;GreenLeaf Agrochem Ltd.;"Odense, Denmark";Specialty Chemicals;205035;836;15.902.825.554.002.000;23.523.071.679.140.200;5.688.593.068.673.600;8.578.849.779.029.160;3.246.550.048.751.740;4.676.341.569.204.600;6.576.360.266.353.240;0.9827614133826011;8.688.885.524.259.300;29.331.791.260.533.700;4.197.756.201.156.020;10.345.775.211.384.300;0.3535121388623899;0.5312119137325679;0.0030065053505437;932.629.667.683.291;8.151.347.347.042.540;9.092.958.490.486.420;8.117.353.478.244.490;96;99;7.234.491.160.944.130;16.893.655.978.254.100
B0-FF004_201310;B0-FF004;01/10/2013;14.008.072.702.116.400;8.487.985.689.611.880;9.339.208.695.621.160;5.354.957.644.726.210;0.8714535746490358;9.031.157.253.925.660;0;0;5.541.508.102.469.240;803.101.443.610.406;4.660.961.536.261.020;6.100.451.418.081.610;4.627.017.833.238.380;3.244.795.025.444.970;12.510.208.347.521.800;4.479.843.919.082.350;18.904.161.935.272.500;26.871.959.940.317.600;12.295.903.037.220.400;6.067.431.806.407.850;1.778.604.680.801.700;GreenLeaf Agrochem Ltd.;"Odense, Denmark";Specialty Chemicals;210343;790;15.468.202.887.833.400;24.811.510.010.490.300;5.489.178.137.190.000;8.318.874.471.325.480;29.428.099.620.176.900;5.040.436.907.164.400;658.744.946.061.439;0.9838429164488592;8.845.205.708.093.630;3.077.218.310.629.970;39.907.377.596.655.800;9.968.583.605.688.620;0.3555051964350971;0.5347775917057294;0.0029585697677464;958.029.478.735.786;7.970.804.691.279.170;100.0;8.257.701.185.506.940;92;88;7.126.652.205.218.460;17.437.240.397.085.500
B0-FF004_201311;B0-FF004;01/11/2013;14.929.773.426.433.100;8.199.832.958.506.880;8.942.984.650.381.970;5.211.931.879.037.870;0.8978414949572916;9.099.711.264.103.600;0;0;5.373.467.252.931.250;8.572.803.696.179.970;4.716.659.844.276.000;6.063.113.742.878.190;4.587.633.773.681.650;3.258.183.708.033.590;11.905.040.312.433.100;433.570.196.864.012;20.100.896.186.253.600;269.827.240.137.543;12.564.161.769.530.600;6.276.984.317.705.420;17.954.851.828.088.900;GreenLeaf Agrochem Ltd.;"Odense, Denmark";Specialty Chemicals;216892;772;15.528.250.107.258.300;2.231.664.900.070.160;5.710.009.500.690.800;8.614.106.898.312.330;31.862.480.723.001.000;47.735.173.917.815.900;6.402.552.164.040.700;0.981060438315562;893.943.511.844.587;30.077.196.057.188.300;4.070.203.913.853.090;10.539.241.198.853.900;0.3487590413680436;0.5400168706293295;0.0029704334012218;10.391.398.448.406.900;8.377.315.995.395.040;979.743.219.492.273;8.271.976.344.771.070;98;97;7.365.957.052.669.340;16.363.865.563.468.600
B0-FF004_201312;B0-FF004;01/12/2013;14.890.385.874.085.600;8.211.007.920.307.730;926.825.569.193.692;5.352.734.980.728.350;0.9308217879632872;9.661.791.518.097.360;0;0;5.200.915.603.625.040;8.489.784.093.219.880;4.575.339.119.246.010;6.529.324.759.900.210;4.742.079.269.627.130;3.114.966.901.042.290;12.606.118.278.790.200;4.307.269.445.658.500;18.682.707.580.799.700;2.655.589.290.474.370;13.155.450.338.433.800;6.287.422.898.339.840;1.831.445.914.076.950;GreenLeaf Agrochem Ltd.;"Odense, Denmark";Specialty Chemicals;228126;806;1.525.995.991.143.160;23.941.462.993.235.500;5.948.424.453.622.400;8.441.339.064.056.520;3.226.566.293.562.700;4.477.686.704.514.080;6.489.909.096.589.170;0.9996171934964924;861.553.438.074.186;3.007.117.119.393.320;4.176.898.833.982.100;10.590.834.624.360.800;0.3353974894110071;0.5510362760158983;0.0029917397692026;9.534.937.684.728.810;8.159.499.644.210.040;912.050.176.318.196;8.470.657.271.810.280;99;95;7.188.620.305.484.530;16.817.289.815.757.100
B0-FF004_201401;B0-FF004;01/01/2014;13.606.920.830.163.200;8.335.927.597.435.820;934.450.701.116.221;539.325.479.338.475;0.9087976524198408;9.446.551.246.536.040;0;0;5.487.382.169.936.210;8.616.599.671.350.610;4.814.156.919.584.080;62.390.055.950.356;4.570.932.245.130.020;31.684.586.334.285.800;13.017.481.432.189.500;42.292.549.500.503.500;19.495.118.605.513.500;2.733.296.388.998.730;12.428.683.285.562.700;6.009.286.864.758.000;18.342.347.060.626.900;GreenLeaf Agrochem Ltd.;"Odense, Denmark";Specialty Chemicals;213241;842;1.660.612.980.131.080;2.398.762.244.476.240;5.493.365.098.837.680;871.530.185.282.469;30.914.038.736.544.400;4.863.873.217.986.260;6.483.471.696.211.260;0.9835011593479636;8.496.733.090.483.070;31.185.513.639.451.000;4.494.937.933.655.440;10.096.976.723.714.000;0.3634379771931544;0.5397582917720949;0.0028902649825142;96.405.079.531.438;8.255.349.609.687.620;8.820.133.076.698.230;8.498.019.765.250.410;97;96;7.212.399.914.344.600;17.361.069.000.988.700
B0-FF004_201402;B0-FF004;01/02/2014;14.970.118.395.675.300;8.358.400.498.849.600;943.540.599.849.169;5.586.907.415.477.910;0.9672203225662244;9.184.466.485.444.610;0;0;5.392.918.969.940.210;8.294.348.482.134.150;46.948.552.344.821.000;64.602.545.623.684.800;4.905.755.379.254.130;3.150.825.281.693.380;12.463.211.829.422.700;4.391.717.977.967.590;19.024.900.184.478.200;2.566.928.782.702.210;12.224.534.740.280.100;6.269.132.530.461.390;17.603.399.064.565.700;GreenLeaf Agrochem Ltd.;"Odense, Denmark";Specialty Chemicals;200013;825;16.337.014.080.719.700;21.894.862.336.249.100;5.655.105.321.974.980;8.885.496.372.660.250;2.904.989.652.970.920;4.661.733.778.112.380;6.307.113.365.889.620;0.9668745367890564;8.765.510.676.158.230;29.685.915.630.229.400;39.418.857.729.358.300;1.015.982.116.288.190;0.3830253227191515;0.5619730773669424;0.003100904143569;975.666.233.762.374;8.086.143.290.993.650;96.009.166.118.331;8.384.174.743.325.000;98;97;742.836.677.789.248;1.844.350.063.447.000
B0-FF004_201403;B0-FF004;01/03/2014;15.161.481.223.631.900;8.191.369.805.500.270;9.133.874.394.351.300;5.214.534.880.594.770;0.9778178836729796;9.886.946.214.338.200;0;0;56.339.614.498.213;8.352.498.905.075.300;4.760.834.763.017.280;6.373.648.708.960.630;4.849.871.563.174.610;3.042.869.820.839.970;12.008.972.629.466.900;4.560.496.762.180.560;2.000.629.192.306.330;2.746.571.952.481.780;13.435.075.818.241.300;626.068.394.102.354;1.835.264.151.353.400;GreenLeaf Agrochem Ltd.;"Odense, Denmark";Specialty Chemicals;205751;813;14.738.792.747.955.500;2.369.851.660.180.240;5.359.029.118.568.110;9.003.038.537.251.690;311.289.795.112.089;4.412.222.835.016.240;6.501.475.250.675.350;10.572.057.466.298.700;8.850.511.383.508.870;29.839.130.070.719.200;3.875.783.425.972.930;9.654.207.098.437.980;0.3652731936036331;0.5430254021050508;0.0029817909108455;94.179.682.189.498;8.234.764.984.044.510;9.173.773.547.366.440;8.204.360.407.238.200;92;94;7.545.721.822.853.710;17.390.646.171.598.400
B0-FF004_201404;B0-FF004;01/04/2014;15.112.592.221.034.500;8.814.313.793.768.830;914.952.749.815.132;5.395.195.371.990.520;0.9074145141458274;931.950.198.842.254;0;0;5.595.113.340.652.530;8.577.119.490.531.750;4.649.694.852.120.120;648.161.549.983.796;4.741.198.039.497.270;31.382.521.805.345.900;1.198.121.645.997.980;41.680.237.963.792.300;19.898.819.010.036.600;2.582.768.450.135.300;1.226.252.607.999.940;6.084.784.696.692.170;17.949.616.483.660.000;GreenLeaf Agrochem Ltd.;"Odense, Denmark";Specialty Chemicals;222230;820;1.693.359.983.217.950;2.400.573.732.575.930;6.072.008.018.319.140;896.557.615.003.583;3.114.355.750.325.270;4.926.450.419.986.920;6.767.513.900.975.510;10.185.881.980.286.900;9.513.858.542.209.360;3.033.932.359.601.500;3.977.998.808.444.010;9.997.002.738.633.710;0.3788797458274823;0.5748677113057126;0.0029698348294072;8.878.360.560.615.630;8.229.014.963.601.290;9.246.718.809.934.610;80.171.120.019.985;93;92;7.747.300.410.870.590;16.865.433.444.022.300
B0-FF004_201405;B0-FF004;01/05/2014;1.545.529.174.241.240;8.235.679.063.740.320;8.866.311.240.706.850;5.481.068.703.924.770;0.9050931031197016;9.398.468.538.418.060;0;0;5.273.636.816.125.690;8.470.498.352.752.080;4.781.040.173.453.330;6.143.666.320.487.610;4.764.981.523.788.210;3.325.015.503.192.790;12.306.474.268.173.500;4.388.043.293.881.440;1.911.959.706.509.430;2.587.396.251.719.670;12.252.566.525.378.500;59.867.441.380.797.100;18.324.128.801.640.500;GreenLeaf Agrochem Ltd.;"Odense, Denmark";Specialty Chemicals;216911;849;15.535.391.482.568.000;2.477.747.283.446.020;5.779.196.679.443.410;8.761.140.494.489.240;2.775.876.051.765.190;459.431.551.269.002;625.632.272.250.523;10.196.627.159.085.600;8.932.153.271.188.080;2.984.745.495.697.250;4.143.117.468.800.250;978.074.533.487.749;0.3491321287283427;0.5398433628809499;0.0030701983141869;9.967.000.385.005.760;8.144.985.624.817.950;9.927.647.547.555.450;8.159.693.439.739.270;97;96;7.298.930.517.515.470;1.746.782.579.523.070
B0-FF004_201406;B0-FF004;01/06/2014;1.517.558.829.098.470;8.081.026.537.357.430;913.719.269.578.981;56.762.161.009.386.700;0.9218818883211372;9.550.751.653.035.450;0;0;5.544.653.124.551.140;8.702.542.068.852.020;4.825.529.626.674.210;5.873.914.328.703.400;4.644.176.862.869.900;3.089.988.480.314.600;12.309.570.467.292.000;4.261.026.350.226.060;1.949.314.332.385.020;2.658.522.309.754.700;12.982.364.865.902.300;6.354.356.879.682.220;1.851.679.672.213.810;GreenLeaf Agrochem Ltd.;"Odense, Denmark";Specialty Chemicals;210220;833;15.516.375.713.229.100;2.303.776.690.366.860;5.897.771.628.783.660;8.731.678.313.588.300;29.496.259.400.022.600;4.791.792.319.570.130;651.974.340.274.252;0.9401886270516658;8.550.604.953.237.000;3.022.961.077.769.570;4.136.835.930.284.780;1.047.196.064.352.830;0.3690388407598175;0.5622895139067783;0.003021982883043;10.072.479.987.717.600;8.475.625.914.913.980;9.624.715.161.190.460;8.297.190.414.367.420;95;96;6.892.591.232.209.580;17.062.347.516.674.300
B0-FF004_201407;B0-FF004;01/07/2014;15.649.619.799.207.600;8.348.919.690.572.220;9.230.567.160.282.360;5.574.559.550.456.510;0.9280337555494368;9.257.680.392.015.310;0;0;5.588.001.291.175.160;8.291.464.203.277.450;4.788.276.851.510.320;623.368.739.032.839;4.637.543.352.368.980;3.178.661.941.011.990;12.506.841.930.870.300;4.228.990.852.977.170;1.883.748.833.104.150;2.656.571.526.146.760;1.316.954.211.035.310;5.716.365.840.752.450;1.850.557.631.328.730;GreenLeaf Agrochem Ltd.;"Odense, Denmark";Specialty Chemicals;210184;819;15.432.076.125.202.200;23.789.322.022.292.100;5.847.948.435.786.860;8.623.776.335.839.000;3.246.699.075.548.040;48.102.181.450.419.600;6.611.250.220.270.040;0.9983932892833552;9.248.260.929.823.850;32.157.236.844.958.700;3.972.707.455.982.950;10.027.476.770.264.600;0.3682181907346354;0.5685449965546638;0.0030016693116496;937.625.412.223.694;8.331.523.840.794.950;9.997.307.648.611.020;8.178.979.986.116.740;93;97;7.534.010.317.416.340;1.723.209.215.589.510
B0-FF004_201408;B0-FF004;01/08/2014;15.445.535.930.848.100;8.538.693.493.108.720;919.575.835.672.917;5.426.324.669.786.230;0.8685507867912686;983.814.799.263.092;0;0;5.472.681.119.099.020;8.632.737.016.472.460;4.506.534.928.059.230;615.150.760.594.532;475.374.867.537.253;31.334.986.411.084;1.251.157.117.255.080;4.315.761.740.864.680;20.078.014.065.207.500;27.067.541.062.880.800;129.362.695.462.748;6.081.092.662.978.650;1.950.642.372.134.280;GreenLeaf Agrochem Ltd.;"Odense, Denmark";Specialty Chemicals;210097;814;16.108.510.128.921.400;24.223.588.200.836.200;56.072.093.660.912;9.354.220.117.953.050;318.738.436.480.945;4.728.428.810.421.330;7.054.612.854.144.170;10.291.074.063.900.000;8.937.702.175.573.310;3.307.624.294.837.200;4.202.841.348.402.320;10.445.521.186.243.400;0.357605711624445;0.5545307775199523;0.0029954536939252;10.016.805.078.217.300;7.920.681.244.402.040;99.781.778.178.322;7.964.050.444.096.810;97;96;7.255.518.115.772.160;17.664.820.915.619.300
B0-FF004_201409;B0-FF004;01/09/2014;14.900.369.658.098.600;8.166.183.363.057.670;9.267.167.916.140.260;5.312.893.578.646.640;0.9056662928146452;9.078.582.372.012.900;0;0;5.577.757.026.157.650;8.991.202.355.927.940;503.650.195.614.734;6.258.336.154.895.020;464.812.981.382.262;3.305.966.781.045.370;12.527.483.828.097.500;45.490.083.017.405.900;194.150.704.574.768;2.639.485.115.813.490;12.621.596.358.862.200;6.281.893.699.125.530;1.810.117.870.810.870;GreenLeaf Agrochem Ltd.;"Odense, Denmark";Specialty Chemicals;220971;801;16.369.428.492.715.500;22.757.977.765.883.600;5.780.709.934.164.510;8.699.991.050.793.420;29.596.372.018.562.200;4.441.320.959.282.300;6.372.020.927.761.690;1.007.327.616.918.000;8.790.544.922.870.140;3.002.883.323.067.540;4.294.018.717.580.340;9.889.661.305.749.770;0.3696400418935317;0.5396284126115813;0.002934391900902;9.440.126.776.050.220;8.488.078.184.793.800;9.202.719.914.034.320;8.260.367.192.143.990;94;95;74.686.127.758.672.200;1.845.861.843.922.980
B0-FF004_201410;B0-FF004;01/10/2014;14.513.814.773.613.000;8.523.888.493.031.630;9.149.626.928.620.750;5.355.723.539.236.770;0.95131139850211;9.276.782.788.574.660;0;0;5.845.534.410.610.170;8.729.831.648.781.630;4.478.958.592.239.040;6.237.481.260.337.920;491.364.898.795.544;3.353.515.103.863.510;1.250.372.986.737.390;43.281.622.376.024.500;2.015.849.726.988.030;2.652.391.048.363.460;1.247.859.408.137.370;606.490.833.018.933;17.585.800.990.247.000;GreenLeaf Agrochem Ltd.;"Odense, Denmark";Specialty Chemicals;231588;870;15.502.848.977.125.600;2.539.822.241.834.310;585.517.258.323.065;8.923.570.313.445.020;30.377.645.277.250.700;4.666.786.707.910.790;6.588.943.328.193.700;0.9478348178928168;8.832.739.924.065.070;3.104.039.257.598.380;4.294.175.679.519.630;10.092.136.162.478.500;0.3715573224358097;0.5208046519131634;0.0031469915421998;9.366.494.682.579.330;837.630.331.726.548;9.726.948.028.356.330;8.251.855.707.399.040;97;93;7.192.099.129.465.440;1.786.939.793.183.490
B0-FF004_201411;B0-FF004;01/11/2014;14.672.816.610.783.700;8.328.396.887.286.150;8.834.035.588.832.780;5.580.119.172.600.860;0.8863263124029787;9.791.580.201.583.830;0;0;5.587.422.327.093.470;8.405.274.103.128.310;490.709.186.258.529;6.349.713.708.370.890;472.755.089.107.212;3.293.145.455.551.280;1.188.203.291.291.410;4.075.920.043.454.850;19.902.473.244.216.200;25.949.343.700.166.600;13.055.802.424.228.900;6.225.752.798.941.910;17.625.123.943.882.600;GreenLeaf Agrochem Ltd.;"Odense, Denmark";Specialty Chemicals;217608;825;15.322.518.273.387.600;23.412.045.649.546.600;5.470.316.473.034.980;8.916.111.108.229.820;3.021.338.627.718.020;4.740.966.934.576.720;6.569.702.079.373.200;0.980019031011288;8.564.986.518.054.080;33.437.706.562.308.400;4.131.074.757.457.530;1.085.854.662.776.500;0.3758728482938094;0.5504685496076948;0.003060926891009;9.682.658.415.607.170;8.816.495.098.380.430;9.861.539.793.429.780;801.171.468.342.271;98;99;7.137.797.124.061.960;17.630.299.576.796.200
B0-FF004_201412;B0-FF004;01/12/2014;15.563.348.073.583.200;8.149.697.253.367.710;9.059.903.392.837.300;5.636.525.762.356.550;0.914207375076224;9.260.691.860.739.540;0;0;56.086.333.413.229.200;8.848.181.742.643.440;48.563.837.667.485.800;63.550.938.924.744;5.068.931.123.127.130;33.622.482.477.049.800;11.708.910.857.588.800;4.279.410.696.886.760;17.955.652.326.826.100;26.391.268.423.486.100;12.278.852.571.088.800;6.072.950.067.864.130;1.888.427.404.851.430;GreenLeaf Agrochem Ltd.;"Odense, Denmark";Specialty Chemicals;202720;840;1.591.318.392.972.720;2.414.530.186.890.920;5.800.268.596.477.240;8.230.051.900.671.690;30.369.198.632.618.300;4.971.894.032.272.600;6.376.602.325.368.900;10.602.720.642.636.800;8.607.138.301.938.670;29.689.588.169.794.200;4.024.065.240.675.880;10.657.598.327.721.200;0.3576830495344963;0.5622954002719193;0.0030549924975897;963.518.129.073.416;8.684.612.075.297.650;9.857.186.980.367.680;7.939.095.302.181.530;96;102;7.479.070.648.933.390;16.607.922.217.663.100
B0-FF004_201501;B0-FF004;01/01/2015;1.433.271.460.351.050;8.599.129.486.186.760;9.466.826.613.459.060;5.303.044.986.865.110;0.945948201290256;1.001.228.871.243.280;0;0;5.693.196.909.202.760;8.524.568.653.163.140;4.637.478.487.182.560;6.375.662.824.048.390;4.665.621.598.245.460;3.179.200.480.660.570;1.294.267.493.057.910;4.208.034.302.040.710;1.839.178.965.303.980;2.734.950.261.185.060;12.623.955.317.371.900;5.872.835.821.756.670;1.827.547.325.040.590;GreenLeaf Agrochem Ltd.;"Odense, Denmark";Specialty Chemicals;212944;827;16.200.989.339.024.100;23.266.445.443.751.300;5.787.169.842.283.060;8.776.034.366.026.050;3.119.989.618.549.660;4.510.694.487.026.590;6.518.626.365.626.610;10.116.626.986.724.900;9.143.861.866.408.050;3.288.010.179.409.370;4.247.870.125.308.770;10.464.272.317.602.000;0.3779895913411427;0.5521541813666454;0.0031944012666429;9.987.640.797.900.790;826.343.492.553.604;100.0;8.341.744.156.742.250;104;98;7.292.388.135.646.910;1.701.576.494.322.370
B0-FF004_201502;B0-FF004;01/02/2015;14.837.337.345.117.100;8.242.331.718.650.780;963.724.798.916.824;5.455.943.074.447.950;0.8815116750790084;9.627.085.839.080.670;0;0;565.196.944.595.903;856.972.854.165.519;47.894.562.923.974.300;6.497.229.341.868.350;4.850.125.714.357.690;3.092.518.502.024.740;13.275.036.427.354.300;4.220.405.892.657.410;19.232.887.088.467.800;2.584.112.998.363.840;12.925.999.357.963.200;62.667.010.016.715.000;1.823.949.907.882.690;GreenLeaf Agrochem Ltd.;"Odense, Denmark";Specialty Chemicals;224295;866;15.738.527.272.026.200;24.851.827.647.934.500;6.064.121.236.671.780;9.135.280.749.467.270;3.107.642.418.604.150;4.536.676.523.220.050;6.695.418.062.891.090;10.326.474.552.264.200;8.801.154.689.251.220;3.121.489.473.683.580;4.142.506.096.450.060;10.764.770.284.660.100;0.3848365551553629;0.577608722850529;0.0030481339431085;1.000.852.663.649.270;8.549.282.400.683.630;9.636.892.087.755.330;8.759.137.291.646.330;95;99;7.613.867.781.837.680;17.288.421.031.138.100
B0-FF004_201503;B0-FF004;01/03/2015;15.268.221.165.170.900;8.634.820.537.873.930;9.363.112.100.678.070;5.545.088.513.645.130;0.9304706836660204;9.807.199.780.594;0;0;5.617.502.174.285.830;8.897.020.872.456.410;4.459.335.277.934.830;6.220.657.289.559.530;5.131.626.134.182.050;3.248.569.911.705.720;1.234.473.386.654.640;4.538.349.251.836.020;1.887.654.257.755.960;2.506.449.649.906.220;1.292.638.566.704.380;61.116.771.412.104.600;18.411.299.685.075.300;GreenLeaf Agrochem Ltd.;"Odense, Denmark";Specialty Chemicals;216921;843;1.509.864.288.895.160;2.431.622.708.237.050;5.876.901.490.992.680;8.482.374.842.010.750;29.819.427.628.626.300;4.617.000.379.047.350;6.787.949.701.129.770;0.952854133858848;924.509.115.522.836;3.160.054.719.898.280;4.125.956.080.713.860;9.887.953.997.085.600;0.3563002212821787;0.5717466139060535;0.0031751983972588;9.387.864.937.102.920;8.684.285.102.051.560;9.869.781.827.557.260;825.050.255.171.011;95;96;7.842.857.664.598.060;1.755.432.701.981.920
B0-FF004_201504;B0-FF004;01/04/2015;15.635.123.983.539.900;8.468.166.467.488.420;9.180.228.053.240.970;5.570.410.507.288.840;0.9888267859435776;9.404.805.994.286.790;0;0;5.376.683.218.299.420;8.222.893.358.987.890;464.807.356.234.354;6.469.940.714.390.260;4.936.466.088.163.540;3.073.999.892.311.840;12.758.121.595.980.600;4.422.479.374.852.720;19.358.131.163.780.300;2.725.885.634.056.530;13.477.217.921.701.800;6.313.544.243.033.460;17.630.572.058.230.000;GreenLeaf Agrochem Ltd.;"Odense, Denmark";Specialty Chemicals;213862;862;163.577.410.126.884;24.813.657.445.205.000;5.718.011.651.867.640;8.501.647.150.892.140;3.183.600.148.560.350;4.602.018.055.431.330;6.785.791.721.117.010;10.360.072.107.242.600;8.905.194.024.358.250;31.167.078.126.898.500;41.881.370.722.210.400;10.169.537.957.077;0.3503330938146025;0.558688998795727;0.0030696739010296;1.009.588.532.912.970;8.210.009.496.223.870;99.933.785.564.968;7.978.270.702.244.450;94;97;7.235.401.267.298.340;1.677.030.344.003.940
B0-FF004_201505;B0-FF004;01/05/2015;15.932.327.848.932.700;830.377.568.759.245;9.964.470.542.265.150;5.317.803.912.407.320;0.8822147104457421;9.974.178.710.948.550;0;0;5.399.308.598.896.890;8.603.747.322.839.420;4.523.765.577.972.140;6.397.040.979.875.390;474.731.255.965.506;32.524.121.458.361.700;12.764.043.114.131.500;4.475.972.086.470.580;1.964.283.759.147.290;2.673.187.950.975.980;12.655.055.932.914.100;6.352.784.314.265.490;18.340.248.275.406.600;GreenLeaf Agrochem Ltd.;"Odense, Denmark";Specialty Chemicals;214866;852;15.460.188.816.103.700;25.403.054.647.688.600;5.770.683.238.494.710;8.909.675.966.457.470;3.128.033.411.954.850;487.565.303.808.757;6.723.687.986.189.500;10.146.552.422.054.100;9.436.342.458.827.830;2.830.289.146.456.500;4.323.972.217.715.600;10.660.066.767.328.100;0.3457887884746428;0.5756651604012475;0.003164963479585;9.875.723.275.408.900;8.024.108.403.126.350;9.893.743.082.134.530;8.522.989.639.310.980;96;99;7.375.954.614.864.220;17.969.856.351.577.700
B0-FF004_201506;B0-FF004;01/06/2015;14.931.391.564.881.600;8.281.739.373.092.760;9.319.069.781.920.790;5.267.375.153.624.690;0.9271760086769644;9.718.721.115.436.800;0;0;5.393.089.770.896.730;8.974.310.672.605.980;4.927.362.818.021.280;6.441.000.826.074.860;4.713.070.045.596.730;31.825.823.967.613.600;12.468.037.143.280.800;44.866.210.658.665.100;1.922.771.948.781.630;2.616.183.233.353.270;13.232.667.152.072.300;6.320.728.617.078.860;178.432.298.058.173;GreenLeaf Agrochem Ltd.;"Odense, Denmark";Specialty Chemicals;217495;847;15.630.680.342.263.400;2.526.339.463.912.210;5.845.050.306.392.380;8.830.016.446.069.570;3.128.303.277.818.510;4.851.791.491.500.690;6.649.903.341.746.620;10.149.972.328.016.900;9.344.234.144.742.170;3.001.731.275.840.440;401.709.945.202.792;10.628.841.386.901.300;0.3929585947016147;0.5755014173705363;0.0032431885679723;959.754.819.649.804;826.733.594.329.547;9.840.340.269.517.050;8.520.406.284.109.240;94;97;745.827.872.395.866;17.169.972.211.879.600
B0-FF004_201507;B0-FF004;01/07/2015;14.837.545.306.241.200;8.652.455.007.048.840;9.473.423.960.835.800;5.626.801.260.607.780;0.9416379556265236;9.374.175.918.977.620;0;0;5.589.593.752.532.520;8.366.822.299.219.180;4.643.092.574.153.180;64.448.354.454.494;4.761.639.890.866.380;3.152.430.200.711.270;12.989.129.627.754.800;4.439.031.292.276.610;19.121.640.490.105.500;2.601.401.661.012.700;12.132.855.946.894.700;6.238.362.074.354.840;1.768.531.419.961.560;GreenLeaf Agrochem Ltd.;"Odense, Denmark";Specialty Chemicals;220493;845;1.674.265.050.966.950;24.583.081.241.431.200;5.701.741.420.892.820;8.397.040.897.494.690;32.160.773.380.054.400;4.607.227.109.571.160;6.591.006.466.307.190;1.069.897.784.573.080;9.232.229.428.410.250;3.175.792.222.337.880;4.297.447.982.878.920;10.682.783.713.734.100;0.3842635119805034;0.5513180416554232;0.0030405230678497;9.467.062.490.687.330;8.430.736.703.225.300;9.681.028.784.580.260;7.857.172.592.623.410;96;102;7.528.462.642.845.370;1.792.558.664.531.520
B0-FF004_201508;B0-FF004;01/08/2015;15.056.392.752.074.300;7.971.250.013.411.200;9.317.421.291.998.510;567.401.355.453.591;0.9001856550903324;9.854.454.639.272.180;0;0;5.741.732.637.153.200;8.565.151.613.089.160;5.086.976.558.070.430;6.340.238.509.255.690;4.750.079.352.186.760;3.262.181.319.394.330;12.291.317.800.463.000;42.677.287.415.942.000;1.881.313.024.361.920;2.753.300.658.845.160;12.753.165.829.349.900;660.915.207.431.971;1.822.672.622.186.710;GreenLeaf Agrochem Ltd.;"Odense, Denmark";Specialty Chemicals;220760;858;15.795.793.757.721.100;23.805.692.042.184.500;5.532.912.562.811.870;9.057.962.721.168.590;3.257.060.683.502.870;4.571.107.279.673.500;6.606.834.534.846.510;0.99960482861263;9.227.581.747.959.520;311.202.845.700.976;4.350.373.959.182.710;10.292.763.067.870.600;0.3536995690541534;0.55425930591264;0.0030460081430767;990.256.933.159.899;8.354.923.246.783.730;98.602.722.153.594;8.107.308.700.756.700;97;96;7.293.023.177.428.860;1.824.297.815.416.620
B0-FF004_201509;B0-FF004;01/09/2015;14.805.383.405.817.800;8.371.972.895.819.270;965.873.056.671.026;5.632.917.472.139.660;0.9805706838092032;9.790.305.867.823.140;0;0;5.755.303.758.663.180;8.616.770.137.842.880;47.498.197.578.413.400;647.817.831.243.007;4.805.634.480.226.770;3.112.359.221.642.440;13.206.427.480.528.600;4.463.271.585.740.640;19.585.353.136.110.800;28.635.046.369.652.200;12.622.878.510.559.700;6.419.767.884.306.980;1.805.479.194.793.380;GreenLeaf Agrochem Ltd.;"Odense, Denmark";Specialty Chemicals;218508;851;16.415.343.872.509.200;253.682.673.052.249;5.741.846.549.296.440;9.300.436.625.325.570;3.288.457.116.105.150;4.770.033.318.489.550;668.813.711.099.869;1.006.145.052.708.150;9.005.526.450.710.160;3.033.338.314.614.430;4.287.271.935.655.530;9.784.609.387.872.130;0.3600931740111635;0.5620908414542498;0.0032032123914615;960.126.227.303.141;8.568.788.327.633.240;9.720.309.524.172.930;855.039.870.506.347;99;101;7.368.699.208.172.020;1.705.780.813.433.900
B0-FF004_201510;B0-FF004;01/10/2015;15.315.769.121.339.500;8.346.844.955.216.840;9.385.495.894.261.970;5.568.363.413.218.590;0.9705891783571464;9.890.618.096.960.180;0;0;59.537.065.120.788.100;8.256.238.721.317.360;4.683.132.459.312.130;6.576.474.295.114.770;5.084.325.802.719.020;3.231.924.338.064.480;12.618.026.684.603.500;43.544.000.589.774.700;1.957.659.228.385.770;2.605.710.323.710.090;12.612.745.545.696.200;6.448.305.733.643.330;1.827.667.370.406.010;GreenLeaf Agrochem Ltd.;"Odense, Denmark";Specialty Chemicals;222657;843;15.395.792.645.603.400;2.537.075.589.390.870;5.619.884.226.030.380;8.771.185.312.758.330;3.133.038.109.272.810;4.957.297.646.292.460;6.592.043.297.435.610;0.9941408583358612;9.144.598.101.695.150;3.130.670.985.021.130;4.135.972.895.419.150;10.506.742.089.712.600;0.3549484685460275;0.5344633961744678;0.0032849123091325;9.803.691.271.535.810;851.505.165.800.924;95.273.041.355.349;8.549.259.518.242.290;97;90;7.374.233.364.764.470;17.466.311.681.571.900
B0-FF004_201511;B0-FF004;01/11/2015;15.090.467.929.443.300;8.430.742.508.377.250;9.207.042.559.386.170;5.399.901.365.942.660;0.9285212961619936;9.197.105.540.860.010;0;0;5.690.208.431.109.870;8.907.580.211.711.710;4.717.072.218.104.930;6.228.342.566.381.270;4.569.794.914.489.510;31.675.689.251.908.800;12.783.457.959.901.200;4.670.996.715.256.090;19.558.580.159.528.500;2.603.825.767.414.170;12.578.271.324.550.400;6.151.020.207.923.370;18.314.870.395.217.800;GreenLeaf Agrochem Ltd.;"Odense, Denmark";Specialty Chemicals;224261;879;15.992.101.117.559.100;24.677.036.521.083.500;571.790.449.130.388;8.484.833.767.580.010;3.325.174.544.250.590;4.482.410.084.437.500;6.336.861.146.573.030;10.790.257.979.539.000;9.116.107.287.688.880;3.048.273.795.969.120;4.286.057.265.063.420;10.694.396.208.833.100;0.3539643858339616;0.5552594149802792;0.0031719601664523;954.555.238.259.211;8.553.173.441.189.090;100.0;7.737.192.280.715.600;98;99;7.107.412.255.651.020;1.735.682.545.748.880
B0-FF004_201512;B0-FF004;01/12/2015;15.662.680.808.546.200;8.312.539.740.571.650;8.981.815.312.062.390;5.717.248.473.616.170;0.950575666932724;9.666.761.082.261.440;0;0;5.727.938.866.867.220;8.857.758.719.438.200;4.660.566.081.610.190;6.095.694.118.410.050;49.488.384.233.405;3.366.169.552.649.750;12.554.063.234.358.300;4.602.364.039.130.810;1.935.466.560.488.160;2.698.219.462.196.780;1.361.549.664.925.350;62.643.371.556.898.100;1.836.860.491.629.620;GreenLeaf Agrochem Ltd.;"Odense, Denmark";Specialty Chemicals;205050;867;15.752.494.156.975.800;24.681.427.465.428.600;5.809.949.477.534.360;8.835.025.754.913.030;3.148.642.895.964.010;4.818.214.344.070.920;6.951.487.633.944.780;10.718.792.157.345.900;9.301.036.711.359.460;3.279.272.509.590.960;43.130.385.683.872.100;1.062.033.444.689.360;0.3852815334155341;0.5428062459406013;0.0030310294067031;9.556.297.933.264.810;8.415.189.124.947.200;9.981.832.636.266.410;8.066.680.089.031.070;100;97;7.442.302.632.436.990;17.765.247.850.417.400
B0-FF004_201601;B0-FF004;01/01/2016;15.972.682.698.505.100;8.320.858.336.088.910;9.389.522.429.026.730;535.746.223.218.428;0.918894064827064;9.382.473.300.154.360;0;0;5.802.025.436.800.930;8.503.586.309.347.630;4.838.005.555.812.470;6.497.760.541.827.140;485.582.846.942.426;3.141.102.450.312.320;1.271.315.794.723.270;4.513.467.251.677.450;19.635.407.083.245.600;2.741.467.257.981.330;1.322.145.961.610.180;61.190.558.157.798.000;18.466.163.201.162.300;GreenLeaf Agrochem Ltd.;"Odense, Denmark";Specialty Chemicals;220873;843;16.579.162.731.843.500;246.701.035.992.626;5.528.279.310.443.850;9.191.741.864.728.210;31.526.293.039.779.900;4.573.704.564.629.850;6.672.071.658.661.320;0.9873497619067104;9.340.701.977.657.760;3.159.314.672.551.570;4.093.841.871.243.320;10.732.986.007.228.500;0.374710776086607;0.561687833524973;0.0029826504982985;956.186.789.836.786;828.384.391.606.244;100.0;7.934.902.776.134.910;99;98;7.763.914.089.760.960;17.804.548.624.101.700
B0-FF004_201602;B0-FF004;01/02/2016;1.546.913.696.471.590;8.378.978.611.185.300;9.075.839.355.179.630;5.489.320.498.742.850;0.9623318584797024;9.936.680.839.146.320;0;0;5.511.497.078.320.720;867.542.782.967.524;4.790.871.024.239.320;6.770.413.470.372.570;488.833.506.110.218;332.682.409.541.428;12.374.065.733.039.200;4.499.775.029.888.160;19.682.415.599.951.900;2.700.895.094.055.750;12.959.221.165.114.300;6.359.358.676.872.440;18.878.712.768.677.300;GreenLeaf Agrochem Ltd.;"Odense, Denmark";Specialty Chemicals;225417;793;1.667.451.189.972.880;23.369.858.310.936.400;5.934.480.676.845.920;961.152.484.403.031;31.636.421.024.035.400;4.862.277.931.954.090;6.668.676.233.199.440;10.482.560.216.683.400;924.507.927.381.448;3.102.430.672.517.750;4.201.307.686.633.710;10.139.142.832.328.900;0.3687661441966345;0.5592676721691909;0.0031149997147806;9.612.838.734.289.780;8.458.388.017.656.700;9.807.554.642.946.160;8.386.376.281.075.420;100;98;7.361.430.766.211.490;1.774.671.037.219.440
B0-FF004_201603;B0-FF004;01/03/2016;15.161.832.363.808.600;878.575.835.184.004;976.132.382.590.735;5.321.879.241.150.400;0.9590092985790004;9.961.542.935.220.100;0;0;5.852.196.587.837.010;8.473.486.746.133.640;4.743.389.114.585.690;65.282.084.124.069.000;4.959.827.396.382.930;3.173.751.098.872.780;13.126.853.512.702.400;4.225.797.439.796.230;20.403.766.192.313.400;2.760.535.347.554.130;1.274.165.286.590.890;650.774.553.431.582;18.047.581.859.551.500;GreenLeaf Agrochem Ltd.;"Odense, Denmark";Specialty Chemicals;218801;858;16.269.914.033.074.000;24.043.491.720.765.600;5.799.712.947.953.880;90.224.667.405.091;31.024.768.436.248.800;4.881.609.182.958.000;6.615.533.608.174.050;10.598.313.850.038.200;9.586.366.664.114.520;3.142.300.379.577.790;4.337.547.856.028.110;10.437.302.733.153.500;0.3601373681047928;0.55985549524316;0.0031141253273846;9.307.040.707.115.690;8.683.731.981.398.670;9.842.506.858.948.770;8.628.552.073.015.620;101;99;7.468.162.339.116.790;1.853.493.445.845.350
B0-FF004_201604;B0-FF004;01/04/2016;16.256.101.288.004.400;8.447.502.536.485.120;9.742.716.442.321.270;5.439.414.025.821.880;0.926125142571114;9.622.292.107.957.730;0;0;5.971.423.402.137.560;8.978.515.629.011.910;48.781.217.715.966.700;64.426.939.334.107.500;5.003.931.037.372.170;2.988.189.300.036.740;12.870.279.401.947.800;4.526.977.081.922.540;185.369.605.585.507;2.752.217.834.133.630;13.230.422.705.930.200;59.979.339.083.852.400;1.799.222.483.952.450;GreenLeaf Agrochem Ltd.;"Odense, Denmark";Specialty Chemicals;231841;849;16.648.980.277.223.700;2.553.029.133.305.710;596.430.885.410.916;9.274.097.143.978.630;2.974.277.977.654.090;4.814.663.600.207.760;6.124.435.127.230.570;0.9762741202419264;9.018.272.616.053.440;3.111.165.565.231.530;4.231.510.192.335.810;10.510.741.791.591.500;0.3724961296289248;0.5707788722802937;0.0031410728830327;9.563.165.519.891.090;8.348.766.362.138.680;9.818.496.046.201.470;8.382.140.797.562.510;96;102;7.722.469.243.102.290;17.289.444.197.621.000
B0-FF004_201605;B0-FF004;01/05/2016;1.518.598.298.618.140;906.006.714.321.168;9.504.601.594.899.030;5.630.187.467.997.670;0.926672731187686;9.655.618.562.428.590;0;0;5.701.020.575.116.750;8.745.649.648.555.730;5.154.838.306.591.200;6.515.826.268.818.410;4.766.757.896.521.410;32.144.027.418.289.400;13.015.919.894.097.300;43.176.129.240.890.500;1.993.913.427.040.700;2.663.336.421.596.690;12.290.289.994.690.600;6.172.045.966.989.740;18.695.035.532.751.000;GreenLeaf Agrochem Ltd.;"Odense, Denmark";Specialty Chemicals;227740;878;16.052.920.941.849.600;25.447.283.680.211.700;5.838.789.576.376.600;861.420.119.655.679;3.181.518.837.961.980;4.634.906.169.803.210;6.916.866.597.765.640;10.564.580.053.746.000;8.937.494.651.311.530;3.192.357.074.724.080;4.248.775.462.184.280;1.080.577.066.337.860;0.3575928782732601;0.5787318926265246;0.0029908631420872;1.008.854.257.050.520;881.734.623.147.298;9.643.874.069.140.520;8.705.064.555.220.390;95;103;7.894.070.606.404.800;17.953.540.363.376.600
B0-FF004_201606;B0-FF004;01/06/2016;15.210.699.312.884.900;8.635.704.636.101.710;929.921.712.742.544;6.009.691.054.778.130;0.928456527921471;101.449.643.823.462;0;0;606.558.981.821.301;8.855.857.255.622.330;483.630.520.668.463;6.329.125.158.414.500;4.736.604.401.547.570;33.122.720.275.704.700;1.329.084.274.273.110;444.223.826.155.905;21.002.312.490.083.300;26.759.330.071.912.400;13.121.926.113.580.000;6.411.213.296.920.790;1.864.578.943.333.760;GreenLeaf Agrochem Ltd.;"Odense, Denmark";Specialty Chemicals;205443;840;1.631.280.831.938.120;24.685.489.647.838.600;6.022.060.772.626.750;9.226.635.767.415.840;316.051.995.496.272;4.719.897.490.962.620;7.079.050.655.974.600;0.990800536983328;902.706.422.086.296;3.101.265.630.557.800;4.331.626.091.194.040;1.095.993.643.913.450;0.369990343942195;0.5731358946177634;0.0031578339915998;10.405.114.725.580.200;8.100.302.096.468.090;100.0;850.330.739.291.996;98;100;7.745.279.790.886.290;1.810.247.419.002.870
B0-FF004_201607;B0-FF004;01/07/2016;16.311.396.486.251.200;8.598.869.007.287.610;949.013.659.672.073;5.547.592.870.789.710;0.9619539465262098;9.761.942.336.388.940;0;0;5.704.211.430.544.180;8.605.263.836.861.390;4.861.224.872.594.010;6.468.396.081.933.440;4.990.832.970.105.490;3.297.917.853.410.610;1.260.169.690.168.670;47.343.983.547.572.400;1.966.143.626.970.550;27.801.962.644.007.300;12.774.365.213.637.900;5.987.407.398.379.760;18.407.384.045.905.200;GreenLeaf Agrochem Ltd.;"Odense, Denmark";Specialty Chemicals;205081;851;16.951.101.716.651.000;2.411.423.471.751.320;5.542.773.120.598.080;943.951.656.383.592;3.141.934.943.931.820;4.863.945.392.517.180;6.933.377.353.648.730;10.503.066.587.060.300;9.409.789.893.738.520;3.272.425.487.239.090;40.197.840.250.070.900;1.010.850.005.353.840;0.3854727245567663;0.5565510000033475;0.0030585979490588;9.508.695.147.984.250;8.462.043.549.200.370;9.762.575.310.073.490;8.181.970.920.318.160;96;101;7.402.448.404.096.730;1.748.923.158.139.660
B0-FF004_201608;B0-FF004;01/08/2016;14.332.314.283.389.800;9.075.400.339.349.280;9.762.463.062.431.020;5.501.925.391.313.620;0.9218717258148704;9.786.617.072.951.000;0;0;5.295.645.712.947.930;8.637.649.882.690.330;45.814.894.180.853.400;65.658.386.132.861.400;4.932.883.574.896.340;3.194.972.097.698.750;12.560.596.016.576.600;47.671.751.973.974.300;2.020.553.356.386.830;26.955.018.978.524.700;13.962.806.976.035.000;6.153.470.758.727.570;18.291.946.076.206.600;GreenLeaf Agrochem Ltd.;"Odense, Denmark";Specialty Chemicals;218677;818;17.128.926.680.764.900;2.495.443.684.191.880;5.783.518.911.175.650;91.656.272.421.553;3.205.313.421.787.380;4.827.729.441.956.880;6.535.707.218.292.140;0.9907454854420584;9.818.441.673.851.220;3.060.823.954.731.040;44.635.890.381.618.400;1.030.160.560.278.000;0.3816861226895647;0.5785890156363679;0.0031878411816751;10.112.645.243.209.000;816.204.208.501.234;9.677.732.098.269.370;8.083.202.604.691.740;100;96;714.422.396.783.022;17.708.203.344.473.600
B0-FF004_201609;B0-FF004;01/09/2016;14.339.508.170.120.400;865.394.644.272.928;9.147.282.848.998.010;5.450.715.435.915.140;0.8837002509550079;10.280.409.872.043.700;0;0;5.432.884.316.801.220;8.566.704.806.422.070;5.065.815.922.004.760;65.986.879.900.385.300;4.806.078.973.222.960;3.291.744.977.988.710;12.566.147.176.435.900;4.520.721.559.908.720;2.021.194.394.321.520;2.708.774.705.212.060;13.166.969.274.894.000;6.435.881.903.328.440;1.858.854.244.528.620;GreenLeaf Agrochem Ltd.;"Odense, Denmark";Specialty Chemicals;214825;845;16.617.307.644.767.100;25.431.981.186.945.200;57.287.663.629.017;8.984.400.163.306.610;31.230.972.549.988.300;4.995.347.905.992.790;6.693.967.376.072.260;11.050.802.546.501.900;9.285.651.671.844.130;33.074.992.939.317.400;4.123.045.387.882.880;10.586.238.614.969.300;0.380210353960533;0.5536155364011346;0.0031312185021398;10.220.199.497.203.400;8.502.933.388.746.930;9.637.637.849.064.370;8.896.041.156.755.650;96;100;7.443.429.739.329.010;17.355.412.115.248.800
B0-FF004_201610;B0-FF004;01/10/2016;15.718.328.114.762.700;8.544.866.569.339.140;9.633.547.794.924.220;5.219.849.524.880.800;0.9641013918859712;959.556.460.132.409;0;0;5.852.233.041.489.450;8.857.818.970.632.890;4.999.434.274.547.830;6.597.022.081.190.920;480.094.178.279.933;3.281.869.665.132.050;12.536.418.825.519.900;4.470.750.494.633.720;19.048.231.184.050.400;2.659.609.071.154.760;13.448.258.919.236.700;646.216.642.551.026;18.511.739.973.190.300;GreenLeaf Agrochem Ltd.;"Odense, Denmark";Specialty Chemicals;213162;849;15.472.785.476.534.700;2.497.388.142.439.660;6.106.978.465.623.560;9.710.271.119.935.090;30.933.250.721.996.900;5.016.725.934.004.770;6.654.089.522.992.630;10.027.750.749.223.900;8.923.904.758.012.760;32.116.746.776.061.400;4.138.836.672.266.580;10.402.672.776.365.300;0.3688318092277685;0.5593321923743408;0.0030567893513528;9.196.876.534.308.390;8.620.310.196.644.710;9.922.663.975.096.890;824.783.869.397.898;101;104;7.619.789.529.556.560;18.592.839.051.618.000
B0-FF004_201611;B0-FF004;01/11/2016;16.428.844.190.319.600;9.261.991.503.162.280;9.189.684.738.987.020;5.406.566.838.975.770;0.9382572266155768;9.857.583.229.429.020;0;0;554.789.349.522.522;8.647.033.303.713.670;4.818.669.554.923.190;6.263.544.970.761.690;4.926.866.742.623.020;31.854.801.916.343.800;1.217.810.941.287.620;441.536.643.804.455;20.063.894.434.198.700;2.775.950.546.232.690;1.315.092.881.683.370;6.596.882.817.723.180;1.931.848.319.921.370;GreenLeaf Agrochem Ltd.;"Odense, Denmark";Specialty Chemicals;221567;863;16.379.469.864.309.600;24.799.678.608.841.300;5.558.002.601.116.040;9.386.862.548.394.600;3.241.352.499.439.980;47.118.629.507.672.100;7.098.261.067.760.470;10.207.977.155.784.900;9.218.202.699.686.340;33.004.394.639.781.400;4.291.126.920.680.250;11.033.615.896.330.000;0.3702774821934801;0.6017932087236613;0.0030638281280757;10.324.596.473.316.200;8.023.498.966.175.700;958.751.446.192.827;8.536.000.841.421.600;99;100;7.633.308.920.041.890;17.261.777.772.019.600
B0-FF004_201612;B0-FF004;01/12/2016;1.489.806.229.015.130;8.679.084.283.518.020;9.350.376.899.546.060;5.838.206.900.915.010;0.9466232906895328;10.043.743.701.786.600;0;0;5.420.382.333.402.990;9.133.025.363.586.300;4.688.820.695.225.740;6.485.005.373.103.070;4.908.592.705.107.680;3.302.253.930.790.440;13.198.585.360.192.700;4.550.859.034.504.470;19.768.075.602.660.200;2.829.976.550.986.780;13.365.619.068.712.900;6.272.644.596.112.930;18.193.245.017.176.700;GreenLeaf Agrochem Ltd.;"Odense, Denmark";Specialty Chemicals;215039;861;15.725.461.998.851.800;25.008.564.305.950.400;5.930.093.312.365.490;8.395.551.509.138.320;3.071.801.533.014.660;4.472.438.873.692.740;6.744.762.148.448.410;10.739.936.430.893.100;8.734.285.225.383.290;3.078.871.409.306.830;4.247.252.204.649.670;10.282.707.851.764.500;0.3626782577513163;0.5827571642264104;0.0030942550149977;950.068.783.591.907;8.079.239.330.834.050;100.0;8.757.512.441.207.950;99;100;7.521.291.338.293.710;1.819.783.771.024.850
B0-FF004_201701;B0-FF004;01/01/2017;15.037.540.888.978.800;8.489.033.245.701.210;9.683.338.557.476.640;58.644.009.099.937.000;0.9744790554744142;10.208.220.650.223.800;0;0;5.434.303.837.141.150;8.849.470.919.325.470;48.916.198.910.815.000;6.513.431.867.118.010;48.219.290.873.168.700;3.434.900.723.098.070;13.087.587.369.486.400;4.735.078.574.037.790;19.299.896.686.586.400;26.910.306.829.177.400;13.619.651.582.999.900;6.412.946.979.172.010;1.854.274.605.784.430;GreenLeaf Agrochem Ltd.;"Odense, Denmark";Specialty Chemicals;217450;863;16.848.341.518.764.000;2.485.106.176.183.320;6.101.841.477.752.630;9.227.567.441.282.880;3.126.423.174.391.390;4.773.048.918.009.530;6.731.277.151.850.270;0.9999683966668224;9.127.863.361.384.070;3.355.733.793.870.400;4.269.438.710.174.170;1.039.019.450.264.200;0.3967121636159271;0.5581153883299749;0.003054000518795;10.323.675.675.553.200;8.800.863.576.823.000;9.900.374.918.909.610;8.692.858.905.509.120;101;97;7.092.832.839.117.320;17.639.952.051.233.500
B0-FF004_201702;B0-FF004;01/02/2017;15.954.902.324.718.500;852.918.369.248.414;96.965.704.276.902;5.657.345.495.622.370;0.9059551848523728;9.735.746.899.361.810;0;0;5.714.078.370.176.300;8.945.087.489.312.140;4.853.108.096.807.020;6.787.333.192.051.740;4.999.919.473.755.550;3.220.371.354.136.770;12.675.665.367.066.600;4.564.023.595.961.940;20.691.399.184.157.100;27.137.166.975.431.600;1.247.721.940.370.000;6.514.935.443.515.610;1.845.982.855.078.390;GreenLeaf Agrochem Ltd.;"Odense, Denmark";Specialty Chemicals;212507;865;1.685.423.939.833.680;24.571.511.332.040.500;6.056.701.609.520.380;929.753.239.693.988;3.291.343.556.200.970;4.800.531.673.715.000;6.602.051.645.881.940;101.221.265.691.401;9.502.497.123.406.060;3.278.278.839.138.910;4.155.846.839.107.080;1.132.901.437.586.230;0.3634829109697224;0.59208553902763;0.0032921512546225;10.001.480.342.509.900;8.440.728.197.547.950;9.728.081.490.655.720;8.424.833.509.965.810;104;97;7.229.818.940.892.250;18.162.568.969.021.000
B0-FF004_201703;B0-FF004;01/03/2017;15.740.858.721.204.900;9.161.574.951.464.990;9.179.151.826.973.160;5.610.322.060.555.010;0.9889238684911896;9.903.770.148.157.550;0;0;5.679.984.351.873.420;9.078.120.870.919.880;4.666.155.854.600.860;6.288.385.946.188.480;4.908.463.443.335.090;30.642.416.075.175.100;12.908.381.949.131.200;4.329.467.658.296.760;2.008.579.379.585.210;2.771.531.926.990.430;1.315.057.131.888.090;6.522.118.289.571.250;1.902.698.116.957.300;GreenLeaf Agrochem Ltd.;"Odense, Denmark";Specialty Chemicals;219355;913;16.589.820.528.728.300;2.561.228.861.556.590;6.167.466.492.013.600;9.305.162.362.954.990;341.811.884.865.156;4.938.850.570.936.160;6.838.768.535.018.600;1.023.954.352.989.620;9.222.163.441.001.720;31.472.802.308.248.900;4.370.986.987.043.370;1.036.904.737.104.510;0.3769047167290948;0.5852154303688879;0.0031666826647848;971.261.530.086.081;8.832.231.203.308.000;9.938.043.126.134.300;7.769.294.604.965.880;98;105;80.024.565.195.745.700;1.827.337.084.921.850
B0-FF004_201704;B0-FF004;01/04/2017;15.854.210.636.154.000;8.459.194.439.641.430;9.513.172.059.393.890;58.490.240.287.977.600;0.969011002873112;9.899.322.268.730.650;0;0;5.986.004.478.962.310;9.035.595.580.361.540;4.864.080.398.659.500;652.618.233.162.216;5.058.162.316.632.780;3.213.703.146.242.860;12.545.460.072.659.100;43.733.782.234.943.800;2.068.039.596.304.310;26.999.094.978.072.500;1.335.348.059.633.760;6.421.435.048.566.790;2.058.017.064.750.320;GreenLeaf Agrochem Ltd.;"Odense, Denmark";Specialty Chemicals;224509;818;169.953.222.855.827;24.772.151.888.880.600;594.636.748.473.334;8.949.207.441.408.470;324.177.007.894.493;4.947.333.673.190.470;6.715.953.531.872.240;10.296.441.995.776.700;9.333.266.859.490.280;29.953.743.702.180.300;41.037.114.542.703.300;1.120.863.962.954.600;0.3802356608388579;0.5671840924566047;0.0029957237859043;9.976.212.054.102.600;8.917.423.699.391.520;100.0;8.995.597.589.715.670;98;99;7.332.059.024.729.630;17.556.678.651.732.700
B0-FF004_201705;B0-FF004;01/05/2017;15.409.769.780.690.400;8.576.505.126.364.440;10.191.422.518.910.200;5.424.066.014.241.470;0.9566597105328092;9.279.790.937.011.880;0;0;5.989.948.580.880.430;8.796.220.334.584.920;4.655.939.893.659.350;6.188.211.186.604.300;4.815.545.423.338.140;33.515.326.382.520.700;13.070.408.846.955.600;4.509.563.937.456.010;20.520.341.521.899.900;26.688.059.306.973.500;12.049.736.572.136.500;6.508.300.672.920.890;1.969.114.578.153.170;GreenLeaf Agrochem Ltd.;"Odense, Denmark";Specialty Chemicals;230490;833;16.167.916.935.603.500;2.563.880.083.541.980;5.877.057.693.904.870;917.355.830.833.859;31.574.438.242.337.500;4.765.405.961.338.510;6.672.554.246.136.130;1.076.877.326.505.020;932.022.309.639.532;3.348.832.133.395.440;436.148.977.254.234;11.201.978.254.275.400;0.3862452040730132;0.5901065890508421;0.0031487620798099;10.908.556.489.575.000;8.701.339.339.940.890;9.396.634.759.745.860;8.591.359.347.583.840;98;104;7.847.290.220.320.360;1.792.987.631.866.900
B0-FF004_201706;B0-FF004;01/06/2017;1.511.412.978.930.670;8.720.751.565.489.590;9.426.552.708.553.500;5.787.415.526.886.380;0.9751242831929054;1.077.658.899.372.710;0;0;577.827.872.005.221;885.495.038.371.577;50.162.427.348.634.000;6.558.095.180.535.700;5.261.181.131.970.460;3.389.898.478.276.300;12.734.641.302.633.000;44.816.833.847.919.600;20.614.414.251.661.100;27.686.870.732.099.500;1.322.943.224.236.870;6.345.465.831.025.220;1.894.560.287.261.160;GreenLeaf Agrochem Ltd.;"Odense, Denmark";Specialty Chemicals;217856;904;16.810.587.009.074.400;2.499.281.443.088.340;5.962.971.574.475.960;9.181.133.330.335.860;3.230.201.944.296.270;4.790.825.324.595.610;6.473.837.506.635.710;10.230.574.171.219.700;929.178.564.787.035;3.158.199.466.751.850;440.537.398.775.603;10.626.426.574.996.000;0.3986690494259913;0.5679371656840652;0.0031774015600884;9.930.723.733.362.110;8.797.163.489.343.100;100.0;8.688.954.317.647.540;95;102;7.456.247.755.248.660;1.788.771.914.936.460
B0-FF004_201707;B0-FF004;01/07/2017;15.868.183.207.353.400;8.401.172.738.379.570;995.688.902.311.538;560.067.741.799.621;1.022.837.812.533.490;993.674.620.011.676;0;0;5.705.757.208.918.800;8.547.998.859.852.480;4.888.845.034.347.050;65.052.550.773.575;5.209.013.616.484.040;33.110.596.320.162.800;12.822.113.937.740.800;4.397.020.171.446.750;2.026.629.487.026.540;2.672.127.468.534.960;13.417.732.539.052.100;6.581.944.265.405.210;1.857.634.482.857.580;GreenLeaf Agrochem Ltd.;"Odense, Denmark";Specialty Chemicals;228766;862;15.749.415.212.170.500;26.321.351.171.598.700;5.838.028.492.449.410;9.306.433.015.734.190;3.275.999.066.517.980;4.996.101.430.666.490;6.950.376.538.376.190;1.018.875.019.278.370;9.812.998.960.240.160;3.326.392.843.567.820;436.628.447.957.533;10.284.629.876.286.400;0.3668217031604683;0.5897801720442731;0.0029774796944802;1.013.166.718.329.940;8.346.036.307.702.110;9.751.613.823.254.340;8.181.975.264.532.550;102;104;7.779.199.753.646.860;18.325.829.438.837
B0-FF004_201708;B0-FF004;01/08/2017;15.644.052.223.725.100;888.205.379.559.882;976.990.619.894.706;5.205.944.614.656.500;0.9876069975305354;10.167.021.183.020.300;0;0;5.861.728.126.983.920;8.993.486.157.750.730;4.813.709.782.592.300;6.666.180.988.025.220;5.139.492.286.480.790;3.580.046.861.405.660;1.301.157.459.155.960;4.640.821.031.855.140;19.543.729.211.341.500;2.731.357.123.849.590;13.203.993.430.270.600;6.706.092.299.070.100;1.949.436.328.684.940;GreenLeaf Agrochem Ltd.;"Odense, Denmark";Specialty Chemicals;235543;831;15.841.605.418.655.100;2.601.854.485.911.800;6.272.992.623.254.780;9.187.273.793.530.910;2.804.748.777.728.310;48.341.685.829.657.300;6.951.335.679.064.800;1.022.347.221.290.670;940.243.586.505.365;342.196.888.296.131;4.494.583.206.069.900;10.986.376.010.927.500;0.3776427096484513;0.5704836420343585;0.0032438658391899;10.049.623.552.656.300;8.719.382.756.077.910;9.558.036.270.226.240;8.370.690.069.458.870;103;98;7.769.643.380.396.650;1.832.354.293.532.370
B0-FF004_201709;B0-FF004;01/09/2017;15.804.718.981.159.800;8.860.854.966.111.480;9.828.283.743.604.860;5.568.291.664.248.420;0.9202509778485938;9.679.977.050.430.970;0;0;5.644.584.980.753.630;8.637.188.961.909.620;46.136.301.955.849.000;6.408.734.119.067.650;5.135.060.939.962.710;3.271.988.126.023.170;12.289.721.545.515.000;4.529.771.486.708.380;2.037.064.837.444.200;2.623.952.243.714.550;13.653.870.447.155.200;6.204.775.011.260.500;18.824.029.776.944.200;GreenLeaf Agrochem Ltd.;"Odense, Denmark";Specialty Chemicals;220196;857;16.484.688.532.582.900;2.580.546.221.858.050;6.011.637.378.542.660;9.022.348.616.483.830;3.287.051.014.520.740;4.981.257.310.584.390;6.752.048.059.189.660;10.533.110.864.623.300;9.150.582.970.832.460;3.157.318.472.044.000;4.419.742.629.625.830;10.883.139.063.475.700;0.3875901058863494;0.5908288949980887;0.0030910989102681;10.356.205.108.695.300;8.636.580.355.138.280;100.0;8.532.316.241.242.170;102;102;7.905.857.487.874.980;17.232.966.321.147.700
B0-FF004_201710;B0-FF004;01/10/2017;1.486.558.269.526.370;8.900.795.192.060.540;9.761.600.974.701.640;554.917.753.709.425;0.974339105737152;9.532.174.896.693.460;0;0;5.942.466.296.951.210;8.948.138.343.635.620;4.799.276.107.863.650;6.383.991.841.366.100;4.974.453.176.002.940;32.616.024.502.994.100;1.267.378.389.993.900;4.410.208.983.838.590;202.381.889.393.786;27.483.785.369.975.700;13.503.708.425.607.400;6.582.043.267.675.930;1.920.450.072.748.080;GreenLeaf Agrochem Ltd.;"Odense, Denmark";Specialty Chemicals;241004;894;15.911.497.361.192.800;2.559.458.610.340.140;6.016.554.169.791.230;883.020.673.866.659;31.080.424.236.523.500;5.023.881.213.237.450;7.043.185.333.107.780;10.201.953.591.388.800;9.646.070.209.751.170;3.273.187.270.639.870;4.475.673.523.601.300;11.103.666.651.679.800;0.3774923003867699;0.6089697661877541;0.0030722594339563;10.788.262.840.545.200;849.495.386.693.997;100.0;842.896.485.316.582;100;110;7.619.696.274.057.970;18.606.872.802.972.200
B0-FF004_201711;B0-FF004;01/11/2017;1.551.211.629.037.550;8.981.005.459.280.270;9.512.207.163.390.530;5.731.984.362.244.840;0.9831757207014196;9.748.862.647.143.690;0;0;5.801.045.941.543.320;8.751.747.704.695.080;4.909.452.519.056.320;6.410.541.023.677.630;5.264.770.296.702.970;33.953.868.387.144.800;12.967.454.151.692.100;4.756.274.395.527.140;1.967.678.251.102.780;26.866.743.899.283.500;1.325.455.398.186.960;6.525.761.103.940.690;1.940.032.255.148.210;GreenLeaf Agrochem Ltd.;"Odense, Denmark";Specialty Chemicals;213571;862;150.253.630.279.221;24.381.165.004.843.600;6.163.104.288.738.790;9.477.236.412.378.810;3.139.082.718.337.790;4.914.183.341.707.680;6.912.498.117.212.940;10.886.402.341.731.700;981.513.952.719.334;3.264.309.341.693.780;4.292.088.939.522.640;1.029.899.291.763.410;0.3809867490371089;0.6173689012117091;0.0033065559262847;10.131.501.607.260.300;8.815.071.813.161.190;9.853.320.188.624.180;8.493.297.497.410.820;102;102;7.970.923.754.189.170;1.868.993.713.161.530
B0-FF004_201712;B0-FF004;01/12/2017;15.885.655.787.353.600;848.399.693.620.579;9.402.546.376.663.250;5.543.471.563.552.890;0.9729717249538984;93.702.404.392.595;0;0;5.964.704.066.568.070;885.539.095.155.736;4.799.232.569.249.330;6.822.331.499.441.040;5.049.557.267.169.710;33.312.723.054.003.200;1.278.750.500.896.120;4.627.737.804.589.610;19.953.439.446.721.500;2.852.138.277.505.440;13.818.704.770.575.700;62.417.950.956.849.200;18.416.395.397.920.200;GreenLeaf Agrochem Ltd.;"Odense, Denmark";Specialty Chemicals;232787;879;16.014.237.857.295.900;26.054.963.575.838.700;6.102.873.824.615.750;983.243.009.514.761;32.314.113.743.740.800;5.133.784.276.002.730;6.614.981.175.016.610;1.100.029.945.547.450;9.662.157.820.228.490;34.099.102.125.129.300;4.475.458.767.822.740;10.746.269.175.920.000;0.3668575428543936;0.5713857902534926;0.0030188074803519;9.812.071.471.394.350;8.857.897.150.198.880;100.0;8.538.032.367.290.180;99;96;7.788.029.230.381.590;18.394.537.144.395.600
B0-FF004_201801;B0-FF004;01/01/2018;1.519.447.889.123.460;8.616.612.695.608.600;10.141.978.158.151.000;590.041.508.441.683;0.9242380745225754;9.963.440.469.817.200;0;0;5.807.564.674.433.250;9.254.134.881.804.020;5.053.183.916.106.780;6.856.521.158.092.700;4.970.301.124.365.640;3.426.969.834.204.140;13.617.744.515.911.600;4.615.832.161.127.660;1.991.689.382.944.350;28.928.957.851.817.000;14.157.277.911.589.700;693.013.265.916.821;18.927.585.708.226.700;GreenLeaf Agrochem Ltd.;"Odense, Denmark";Specialty Chemicals;222168;849;16.655.873.360.385.400;24.522.558.813.584.900;5.952.709.435.498.280;9.428.220.756.723.390;3.296.445.318.940.280;4.704.316.887.882.590;725.011.921.814.225;10.226.186.239.929.900;9.136.199.000.446.420;31.362.008.852.440.600;42.503.729.884.471.800;10.501.015.743.778.400;0.3707129505176989;0.5395298196952978;0.0032034994472834;101.734.077.308.332;9.346.359.946.612.600;100.0;8.477.887.813.080.190;98;102;7.859.494.648.145.010;17.934.705.851.497.500
B0-FF004_201802;B0-FF004;01/02/2018;1.570.796.660.509.170;926.638.234.916.006;9.593.404.934.335.760;538.581.941.980.885;0.993863993022383;1.009.518.900.823.210;0;0;5.686.403.418.188.540;9.090.007.690.584.720;51.949.448.438.178.900;6.641.999.618.544.980;5.178.735.995.354.440;324.022.507.589.889;12.454.254.107.110.900;4.908.452.189.081.390;20.371.670.819.364.300;28.466.678.670.117.100;13.816.455.808.475.400;6.421.219.680.894.400;1.964.023.357.875.970;GreenLeaf Agrochem Ltd.;"Odense, Denmark";Specialty Chemicals;228813;843;1.737.141.339.746.920;2.636.436.196.946.090;5.822.371.658.311.910;9.300.712.680.243.550;3.239.650.702.713.310;5.192.477.705.911.420;6.638.951.056.394.510;11.727.492.475.532.000;9.369.470.838.440.030;3.333.452.097.362.830;4.522.366.249.534.830;10.740.870.526.850.900;0.3798225588839288;0.5745059269226871;0.0031100510153356;10.197.788.117.379.800;8.731.762.032.604.680;9.943.427.022.755.860;8.499.935.531.936.610;104;100;7.706.951.031.000.750;1.872.323.181.692.960
B0-FF004_201803;B0-FF004;01/03/2018;1.581.463.679.392.900;8.501.542.268.781.810;971.000.688.668.516;5.790.800.728.193.780;0.9984327593285136;9.786.058.100.964.080;0;0;5.755.309.443.513.980;9.091.202.374.149.770;50.074.658.135.918.200;68.962.922.440.001.700;500.805.725.756.015;32.262.704.004.591.100;13.327.222.954.389.200;4.656.054.859.392.190;2.024.601.404.734.910;2.689.011.217.397.240;13.292.478.640.201.700;62.984.903.834.307.000;1.946.641.780.355.540;GreenLeaf Agrochem Ltd.;"Odense, Denmark";Specialty Chemicals;221656;864;15.870.020.575.019.800;2.618.302.692.583.070;601.586.703.339.179;9.280.484.296.336.720;31.941.390.123.547.600;47.396.539.041.641.800;6.829.994.208.563.810;10.478.361.926.085.400;9.512.974.866.617.590;32.303.680.910.748.800;4.253.212.763.832.490;10.329.583.073.180.600;0.3821519293924679;0.5700537196130151;0.003325529422303;10.173.127.931.070.700;8.925.954.033.405.650;100.0;8.679.009.331.784.040;99;98;7.777.386.062.481.560;18.566.082.189.551.300
B0-FF004_201804;B0-FF004;01/04/2018;14.799.669.448.797.800;8.656.930.704.703.620;10.266.332.684.009.700;5.805.033.728.767.390;10.156.086.851.533.900;9.834.356.888.617.500;0;0;5.985.961.841.661.360;8.967.442.654.186.470;4.739.098.386.158.140;6.925.888.308.494.180;54.064.839.014.315.300;3.213.313.889.480.520;13.631.396.179.134.700;4.574.341.361.515.120;2.003.161.687.406.510;28.227.142.743.886.800;12.903.011.226.240.200;6.533.008.674.297.960;1.828.345.037.088.970;GreenLeaf Agrochem Ltd.;"Odense, Denmark";Specialty Chemicals;228034;938;1.633.772.894.171.520;2.530.227.624.635.430;6.048.454.087.551.690;9.541.761.866.134.210;3.309.936.230.759.310;5.130.439.400.333.620;6.843.528.186.508.870;10.747.253.439.402.600;8.487.612.657.013.290;3.334.544.416.068.870;41.931.351.231.947.400;10.724.063.871.252.700;0.3905995259915382;0.5577691184107285;0.0033073116829966;10.101.916.550.804.600;9.171.644.297.382.330;9.847.968.150.599.330;8.167.596.284.462.560;102;104;7.939.898.745.866.580;1.765.319.620.708.870
B0-FF004_201805;B0-FF004;01/05/2018;149.691.275.685.245;8.716.668.079.508.010;989.132.513.814.926;5.809.719.101.773.910;10.178.380.455.292.100;9.924.675.548.167.910;0;0;5.917.578.849.816.690;90.799.662.722.114;5.045.085.457.754.190;6.955.705.167.664.510;5.030.434.913.278.320;34.955.793.480.294.600;13.313.283.850.206.400;4.553.755.665.929.600;2.011.667.233.193.280;28.553.085.404.277.800;13.118.282.753.257.800;6.722.318.082.062.250;1.932.655.201.085.240;GreenLeaf Agrochem Ltd.;"Odense, Denmark";Specialty Chemicals;227671;918;16.855.787.299.956.100;2.551.621.078.002.830;6.062.469.084.931.310;9.241.184.204.509.610;3.304.763.544.249.890;5.203.050.198.510.080;682.974.655.383.563;10.402.977.408.105.800;981.732.879.438.472;32.174.338.915.464.600;4.385.628.096.706.730;10.651.040.353.561.100;0.3632450854077299;0.5889003191332675;0.0033137729433394;10.133.049.219.655.200;840.799.485.337.051;100.0;8.451.616.329.621.280;94;102;7.913.639.998.220.650;18.944.259.307.999.800
B0-FF004_201806;B0-FF004;01/06/2018;16.585.408.507.295.500;8.981.740.961.187.340;10.025.266.275.133.600;5.515.482.439.715.520;1.020.514.149.013.780;10.431.288.393.565.100;0;0;5.992.887.757.187.450;941.218.205.651.726;4.915.149.035.800.460;6.559.506.459.938.860;4.965.883.124.338.270;34.714.156.834.941.400;12.356.911.192.674.800;42.325.493.515.553.100;20.826.944.305.977.300;28.299.526.327.757.800;1.342.686.652.294.680;62.992.818.872.526.100;1.827.053.020.111.900;GreenLeaf Agrochem Ltd.;"Odense, Denmark";Specialty Chemicals;221075;891;16.404.044.023.005.900;26.180.679.006.634.200;5.910.683.343.453.940;9.145.096.759.454.720;3.347.182.971.895.930;4.948.035.724.761.510;6.897.405.051.493.530;1.042.952.702.979.730;922.892.599.413.086;331.178.266.918.724;44.259.315.445.827.800;10.930.589.813.720.400;0.3758989496999942;0.5825806454819565;0.003364064624538;9.730.844.127.931.260;9.308.128.776.726.130;100.0;8.611.356.454.614.690;105;96;8.125.073.662.575.340;1.934.079.688.017.120
B0-FF004_201807;B0-FF004;01/07/2018;1.628.881.999.898.370;8.264.012.216.934.670;9.987.698.938.223.580;6.027.059.503.265.780;10.194.295.984.324.500;9.636.274.785.475.330;0;0;5.902.503.677.597.590;8.632.081.614.924.170;5.066.360.507.063.300;6.930.170.933.561.090;5.024.956.101.298.780;3.263.630.769.814.900;13.514.578.792.473.800;4.548.901.527.127.990;205.492.620.076.278;2.941.549.366.139.630;1.276.695.973.809.030;6.742.696.163.351.830;1.916.207.953.894.630;GreenLeaf Agrochem Ltd.;"Odense, Denmark";Specialty Chemicals;224413;896;1.633.066.771.447.550;2.462.325.827.603.590;5.766.069.761.360.310;9.644.702.921.108.650;3.245.375.929.565.460;50.963.149.175.337.000;687.270.605.758.604;10.276.514.710.579.800;9.661.096.893.622.460;3.313.183.889.379.030;4.336.827.136.648.170;1.096.810.513.891.030;0.3723903083797569;0.6054999630024528;0.0033388396135894;10.408.196.847.446.300;8.721.864.836.250.380;100.0;9.076.538.400.061.190;107;109;7.628.468.089.336.970;17.862.987.625.509.400
B0-FF004_201808;B0-FF004;01/08/2018;15.856.574.271.164.500;8.938.684.209.443.200;973.385.740.691.614;5.683.120.232.566.370;10.125.954.334.336.400;10.045.952.578.384.200;0;0;5.948.134.711.103.580;9.850.238.267.816.140;4.804.493.746.545.410;6.662.315.883.377.690;5.416.567.278.707.680;3.339.365.105.934.240;1.332.323.779.284.430;492.424.519.692.073;1.975.122.451.116.040;27.874.578.960.214.300;13.256.233.157.663.100;6.272.562.485.838.330;2.021.361.459.555.480;GreenLeaf Agrochem Ltd.;"Odense, Denmark";Specialty Chemicals;221939;860;1.651.444.799.359.360;26.265.654.038.519.400;6.120.130.638.512.570;909.100.838.317.157;3.326.244.233.382.080;5.138.953.822.551.690;6.977.583.445.403.640;1.058.531.999.558.600;9.776.171.852.656.350;326.718.522.583.794;45.840.984.311.370.700;10.635.358.197.698.800;0.3749055796475247;0.5716025995485579;0.0031950191892499;10.189.372.392.936.200;8.479.690.483.840.310;100.0;882.616.171.601.473;98;101;7.953.900.542.007.210;17.763.672.411.665.600
B0-FF004_201809;B0-FF004;01/09/2018;15.661.966.045.983.800;9.130.112.359.585.280;10.314.410.669.679.500;583.322.232.103.809;0.97171571388454;9.933.748.413.789.970;0;0;5.706.366.719.098.110;9.294.195.094.545.310;4.865.096.278.648.170;65.602.709.581.789;5.034.833.130.623.290;3.493.586.298.958.390;13.281.556.602.250.700;47.070.111.361.171.300;2.057.118.924.371.770;28.564.568.412.943.600;13.421.711.427.953.500;6.704.433.672.831.340;18.945.373.988.644.300;GreenLeaf Agrochem Ltd.;"Odense, Denmark";Specialty Chemicals;230595;907;17.109.162.048.093.100;26.160.686.810.050.400;6.191.953.257.214.170;965.155.297.252.798;306.565.400.746.419;5.151.317.797.984.500;7.405.244.872.547.980;10.474.056.515.118.400;9.289.341.961.868.980;34.156.954.051.833.800;4.256.631.146.331.220;10.677.829.684.085.600;0.386319407256084;0.5741383618173557;0.0033065157453594;9.958.821.434.368.100;8.937.133.784.994.710;100.0;9.123.114.204.771.400;106;101;7.533.100.787.215.920;18.848.078.373.833.000
B0-FF004_201810;B0-FF004;01/10/2018;15.520.482.249.828.100;8.762.925.956.495.920;9.487.475.840.337.140;5.881.555.483.810.680;0.9588797290868516;10.086.919.443.079.400;0;0;6.036.012.391.385.070;8.991.947.529.011.190;485.092.305.910.439;6.365.872.222.830.740;5.079.799.026.856.750;33.807.256.650.040.500;12.894.354.352.828.300;4.681.838.324.605.290;2.090.370.148.861.610;2.914.386.428.875.590;12.862.973.316.813.500;651.627.005.902.141;1.990.893.944.347.620;GreenLeaf Agrochem Ltd.;"Odense, Denmark";Specialty Chemicals;237291;864;17.471.513.702.930.400;24.577.421.274.120.500;6.324.725.366.485.060;9.255.607.370.086.340;34.482.215.982.768.500;4.958.687.662.368.980;6.934.239.703.740.190;10.643.207.103.117.900;907.128.716.852.315;311.862.230.749.319;4.450.693.291.178.310;11.232.304.356.811.200;0.3918344300912889;0.5667866251962415;0.0032722667925707;9.909.656.015.709.830;8.960.326.062.132.510;100.0;879.568.536.651.239;107;102;778.856.206.855.077;18.445.092.834.024.100
B0-FF004_201811;B0-FF004;01/11/2018;15.211.318.869.474.100;8.755.523.545.936.310;9.718.007.756.838.870;5.721.865.278.784.310;0.9868946088515356;9.660.649.005.396.710;0;0;5.568.790.312.010.880;9.236.460.268.416.570;4.911.545.320.772.270;6.782.474.300.254.800;5.307.265.269.190.330;33.874.044.313.226.600;13.438.419.554.525.500;4.686.880.546.565.710;2.033.777.533.074.300;28.039.323.232.328.300;13.784.029.225.406.100;6.450.710.279.825.730;18.716.226.317.293.900;GreenLeaf Agrochem Ltd.;"Odense, Denmark";Specialty Chemicals;227226;891;1.587.857.541.216.490;2.563.747.714.539.940;5.896.111.898.661.070;9.521.425.638.427.510;3.119.291.804.443.620;5.325.474.244.397.440;6.936.585.092.674.460;10.421.134.824.328.100;9.440.349.433.719.300;33.516.770.134.306.200;4.506.092.828.426.180;108.319.879.382.668;0.3686516232458097;0.5682020293986201;0.0032574045991882;10.528.135.922.434.200;9.159.774.198.221.180;100.0;8.962.948.707.626.550;109;107;8.066.003.835.739.200;17.983.979.635.060.600
B0-FF004_201812;B0-FF004;01/12/2018;16.326.939.810.446.600;8.996.030.181.100.490;10.014.211.422.618.900;5.996.528.587.689.590;0.9907283168877364;10.090.558.757.576.000;0;0;5.970.580.684.823.250;9.155.226.137.396.670;5.009.532.769.474.820;6.952.650.124.802.680;520.811.130.020.476;3.398.510.178.152.040;12.871.013.425.674.100;4.738.123.578.151.070;21.805.833.828.634.200;285.430.428.276.353;13.396.238.227.452.900;6.709.499.159.457.020;1.974.401.086.256.260;GreenLeaf Agrochem Ltd.;"Odense, Denmark";Specialty Chemicals;230971;924;17.012.704.660.338.800;2.669.713.919.327.320;6.171.065.299.304.420;978.141.217.772.736;3.421.202.295.210.710;5.180.121.123.062.280;7.182.168.326.505.070;11.451.124.634.319.700;9.840.441.906.538.240;32.165.038.008.516.400;4.426.508.774.604.080;10.848.079.940.827.600;0.409631626828217;0.6125151305099448;0.0034306265053733;10.004.071.971.701.100;9.166.514.317.472.660;9.801.362.576.591.610;8.304.066.478.953.340;102;108;7.624.266.910.331.010;1.844.264.119.175.320
B0-FF004_201901;B0-FF004;01/01/2019;16.454.252.124.345.400;9.109.424.397.502.150;10.488.040.016.644.400;5.785.412.778.013.570;0.9683528231920788;9.801.041.465.422.280;0;0;5.619.663.723.046.840;96.258.866.207.742;4.986.389.075.319.420;7.292.212.381.621.720;4.954.416.646.841.750;3.365.063.077.047.890;12.914.894.410.847.500;4.599.691.016.364.000;20.989.545.097.859.400;2.878.521.767.274.120;13.887.755.315.805.200;6.877.453.575.132.300;20.065.654.024.422.200;GreenLeaf Agrochem Ltd.;"Odense, Denmark";Specialty Chemicals;220385;874;16.899.346.050.433.500;2.858.176.462.243.480;6.278.233.820.725.320;9.397.998.007.028.170;3.372.383.389.548.800;4.955.428.799.667.910;7.079.735.214.039.730;110.314.692.037.119;953.563.052.662.294;32.295.392.759.954.400;4.389.060.445.372.650;10.843.010.114.702.500;0.370477714185267;0.5809215522590303;0.0031021039003662;9.869.400.971.324.210;8.579.763.235.225.390;100.0;91.210.629.885.116;99;108;7.601.744.209.985.550;1.888.790.707.230.350
B0-FF004_201902;B0-FF004;01/02/2019;16.029.939.946.845.300;9.064.099.675.899.580;9.501.596.263.425.630;547.682.393.531.282;0.9588583118711378;10.275.788.087.691.300;0;0;5.929.226.426.204.370;8.896.753.384.630.770;498.244.351.861.633;6.381.860.157.848.680;5.317.124.609.181.920;3.415.441.335.413.710;13.602.476.007.699.900;46.627.248.227.752.500;20.594.991.549.567.500;2.929.778.114.788.780;13.602.034.488.543.800;665.241.531.530.849;18.980.532.079.058.300;GreenLeaf Agrochem Ltd.;"Odense, Denmark";Specialty Chemicals;223884;862;16.484.807.972.261.300;26.703.592.109.215.300;6.476.692.920.641.050;9.028.229.928.828.040;334.879.195.252.105;5.004.601.710.918.150;7.327.546.228.171.040;1.078.055.154.493.670;9.553.167.610.712.400;3.234.559.074.217.740;4.202.177.501.411.640;11.211.243.467.133.500;0.3907563736508175;0.5984614786293369;0.0031829583757794;10.217.047.978.064.400;910.551.734.587.149;100.0;8.432.369.380.408;101;99;7.924.594.447.031.790;1.898.669.764.422.080
B0-FF004_201903;B0-FF004;01/03/2019;15.792.337.038.537.400;8.727.941.991.774.750;9.758.496.470.809.280;6.199.823.772.806.660;1.018.869.377.675.920;10.380.703.668.767.400;0;0;5.791.999.857.369.370;8.821.890.766.610.630;4.905.923.154.779.480;6.588.250.195.619.170;5.001.607.324.091.590;34.065.988.788.156.400;13.243.929.737.617.100;46.135.318.008.645.800;20.806.853.550.447.800;2.821.094.900.193.180;13.651.999.770.165.200;6.478.963.169.500.960;19.871.438.331.922.700;GreenLeaf Agrochem Ltd.;"Odense, Denmark";Specialty Chemicals;224148;933;16.764.205.092.088.400;2.569.493.952.261.050;626.020.898.438.203;9.619.057.588.691.510;340.490.967.877.496;5.328.243.868.956.450;7.180.995.964.295.480;1.072.829.365.448.910;9.414.679.942.611.930;3.299.121.461.315.060;46.061.555.930.407.400;10.517.455.287.201.000;0.3776106052903621;0.58857316213829;0.0031640664348439;10.148.149.944.728.000;9.387.561.522.117.200;100.0;885.990.384.477.683;98;100;8.107.078.953.012.420;1.944.467.793.096.960
B0-FF004_201904;B0-FF004;01/04/2019;160.503.464.526.896;8.833.766.061.963.310;10.016.283.530.379.200;5.353.133.715.361.450;0.9916341365624932;985.085.312.770.557;0;0;5.848.649.273.830.320;9.111.741.042.392.730;4.882.693.986.138.340;6.713.891.300.582.010;52.389.552.692.765.500;3.418.594.268.772.110;12.899.296.352.337.700;4.839.398.816.788.170;2.068.120.414.184.350;28.654.814.679.037.700;13.217.134.110.902.000;6.127.785.151.437.180;18.960.137.145.882.900;GreenLeaf Agrochem Ltd.;"Odense, Denmark";Specialty Chemicals;221178;875;16.471.426.558.226.300;25.886.006.161.026.900;6.320.728.247.713.670;9.705.045.766.323.910;340.076.038.727.533;4.928.402.986.415.070;7.062.013.384.623.880;11.268.043.373.522.800;9.122.706.012.160.080;3.450.496.415.588.510;4.283.136.615.867.190;11.083.956.518.392.900;0.3923823670004892;0.596549591118962;0.0034661604368688;10.193.528.907.069.600;8.477.104.445.292.400;100.0;8.717.534.604.158.210;105;106;7.887.812.559.788.600;1.878.272.112.499.350
B0-FF004_201905;B0-FF004;01/05/2019;16.032.455.055.042.000;9.406.049.638.386.040;9.771.256.677.854.060;5.692.607.704.231.160;1.012.087.413.973.580;989.827.329.821.978;0;0;5.949.962.678.471.970;9.801.648.188.421.870;5.188.045.282.544.970;7.006.802.944.370.610;5.187.903.379.954.670;33.541.157.610.179.400;13.389.734.825.103.000;4.794.669.240.350.450;20.673.715.175.849.400;28.520.149.363.765.800;13.434.774.241.718.200;6.697.254.214.766.820;19.205.437.603.764.900;GreenLeaf Agrochem Ltd.;"Odense, Denmark";Specialty Chemicals;233164;839;17.607.903.816.559.300;2.481.304.136.651.730;5.967.911.591.613.620;952.814.005.043.018;3.375.179.859.068.710;5.386.964.571.761.940;7.120.665.707.716.190;1.076.238.965.806.250;9.644.478.472.668.840;3.478.726.411.513.800;4.741.816.003.873.880;10.939.194.271.117.600;0.3943617104117967;0.5925493784680614;0.003243614849566;1.087.912.910.460.590;8.678.308.709.614.510;9.560.765.068.871.980;8.856.186.190.932.430;108;104;8.024.272.583.566.650;1.898.104.830.040.750
B0-FF004_201906;B0-FF004;01/06/2019;16.035.498.685.703.200;908.594.629.574.846;10.052.976.210.512.200;5.477.378.505.003.300;0.9905767305670962;9.713.187.566.927.340;0;0;6.160.536.976.767.400;9.211.682.473.352.760;50.798.668.791.408;6.767.421.414.091.190;5.274.063.779.666.940;32.649.082.646.416.500;1.294.394.090.131.230;4.899.854.145.668.570;203.065.092.106.906;26.640.102.458.396.800;14.206.275.015.662.800;6.865.509.830.229.760;19.952.946.571.069.100;GreenLeaf Agrochem Ltd.;"Odense, Denmark";Specialty Chemicals;229263;938;1.757.791.732.843.170;2.706.090.622.525.480;6.301.417.538.205.070;9.458.572.214.155.420;3.285.499.666.818.250;4.883.561.610.058.700;7.172.733.648.309.630;10.977.702.030.414.900;9.500.077.247.695.690;3.385.439.818.525.960;4.381.460.064.194.260;11.299.826.763.561.000;0.3782225037869028;0.5757589328236843;0.003233168717833;10.567.165.120.923.000;862.612.307.983.934;100.0;8.350.242.320.612.940;103;100;7.294.866.535.531.960;18.788.398.487.750.400
B0-FF004_201907;B0-FF004;01/07/2019;1.591.590.502.455.990;857.237.752.704.256;9.751.046.863.803.430;5.903.431.852.077.900;0.9774582932239348;10.145.432.240.353.400;0;0;587.542.203.155.941;89.838.860.782.607;4.901.395.951.100.040;6.606.608.179.114.050;5.060.429.469.725.630;3.367.388.554.291.840;1.288.888.858.968.600;4.831.934.722.205.860;2.136.156.469.979.140;285.067.101.363.108;13.656.341.696.330.200;6.520.178.591.913.300;20.185.523.944.436.400;GreenLeaf Agrochem Ltd.;"Odense, Denmark";Specialty Chemicals;240822;890;1.669.313.631.121.430;2.615.595.436.954.810;6.203.844.473.618.030;9.293.454.883.244.200;33.763.231.022.359.400;5.225.896.537.595.240;6.907.897.395.776.360;11.624.736.025.339.300;9.170.152.541.839.360;32.431.413.799.025.200;4.461.907.090.751.760;11.769.523.037.634.200;0.3823991544007287;0.5762513519566294;0.0033142574359743;10.246.033.985.145.000;9.125.958.210.422.600;100.0;8.567.335.501.196.790;111;95;8.356.635.149.103.650;1.912.704.895.978.900
B0-FF004_201908;B0-FF004;01/08/2019;15.661.867.239.325.300;9.461.173.367.690.200;950.829.472.900.165;6.009.515.914.137.780;0.9277182447739722;986.707.785.078.411;0;0;5.991.428.190.300.860;8.939.170.870.057.450;4.713.913.156.435.970;6.917.506.624.042.880;5.132.323.937.357.560;3.479.533.502.153.000;13.401.572.335.443.700;4.864.357.090.941.760;20.577.484.326.679.300;29.407.478.499.140.800;1.332.775.726.550.380;6.522.675.529.416.000;2.039.095.286.211.090;GreenLeaf Agrochem Ltd.;"Odense, Denmark";Specialty Chemicals;238477;911;16.525.626.041.688.700;25.167.344.243.532;6.433.768.315.501.070;9.806.847.747.982.300;3.326.844.285.235.380;5.446.383.563.415.530;7.180.566.609.475.140;10.454.631.438.661.800;9.544.002.333.634.540;3.332.665.213.119.710;44.475.499.397.113.100;11.453.311.335.247.000;0.3782523340959896;0.572181662330683;0.0033233789969852;10.178.046.622.030.200;960.927.189.857.252;100.0;8.665.102.564.351.400;108;106;8.084.130.879.538.390;1.855.982.650.724.660
B0-FF004_201909;B0-FF004;01/09/2019;16.241.452.995.357.900;8.402.755.584.289.100;10.320.281.908.153.400;5.238.001.869.330.160;0.9775737557554152;974.068.448.637.478;0;0;5.781.133.963.202.280;8.413.289.636.855.090;5.057.796.348.155.540;72.582.705.064.757;507.678.609.226.035;35.404.726.402.949.100;13.951.013.082.377.000;4.464.695.470.448.720;203.653.090.697.371;27.480.131.499.785.700;13.330.981.686.534.900;7.015.077.085.761.010;1.973.727.616.878.650;GreenLeaf Agrochem Ltd.;"Odense, Denmark";Specialty Chemicals;234858;896;16.381.241.460.073.900;26.479.971.560.384.200;6.427.346.456.813.580;9.547.406.635.298.830;33.861.111.932.459.000;4.906.139.844.805.700;7.241.808.760.355.110;11.263.791.447.132.300;975.190.205.401.398;3.156.232.768.737.930;46.592.261.506.025.500;10.739.110.361.031.000;0.394420588535771;0.6137523301576314;0.0033741058432463;9.788.679.824.588.330;9.000.109.568.583.960;100.0;9.194.796.919.221.540;106;109;8.071.342.990.225.120;18.608.669.751.905.700
B0-FF004_201910;B0-FF004;01/10/2019;1.615.147.406.861.010;9.389.581.293.485.740;9.552.989.797.813.540;6.005.807.220.761.410;0.9732085642060664;9.983.636.842.595.630;0;0;6.071.423.005.559.230;9.053.208.770.991.790;467.666.834.902.594;6.936.790.634.185.620;5.156.383.310.174.140;32.480.575.618.818.100;13.084.249.436.067.000;4.483.199.470.155.250;211.267.414.430.434;2.979.926.207.367.700;14.026.130.378.126.200;6.880.453.488.930.460;1.932.393.427.030.870;GreenLeaf Agrochem Ltd.;"Odense, Denmark";Specialty Chemicals;233468;898;17.113.259.380.857.000;267.289.632.267.378;6.420.593.893.493.890;9.357.816.718.227.440;3.199.991.967.952.690;5.072.213.307.650.110;7.053.099.042.089.920;10.931.939.880.543.500;9.887.395.957.708.630;31.481.565.926.465.500;43.570.441.268.172.000;10.745.463.708.405.300;0.4049936572010001;0.5936635283288532;0.0032217650705816;10.526.978.798.089.700;8.819.421.548.828.680;100.0;9.304.944.310.764.120;110;103;79.085.660.657.025;18.325.431.858.959.900
B0-FF004_201911;B0-FF004;01/11/2019;15.148.159.126.684.000;926.920.630.438.235;10.674.324.100.828.800;5.775.917.265.652.830;0.968720574263412;10.170.653.162.852.400;0;0;5.927.919.335.836.970;9.478.893.379.721.230;5.057.697.353.072.260;7.107.791.464.683.260;5.199.255.131.943.230;3.336.868.196.064.390;13.148.884.809.407.800;4.781.120.768.633.040;200.003.015.470.482;2.756.571.365.862.050;1.320.392.567.355.800;679.357.196.399.047;19.436.099.024.444.400;GreenLeaf Agrochem Ltd.;"Odense, Denmark";Specialty Chemicals;238128;875;1.578.259.061.712.090;2.591.130.958.359.930;6.516.102.028.677.400;9.489.528.893.432.640;3.207.334.059.731.480;4.858.056.906.729.980;7.363.624.317.100.740;10.589.305.690.132.000;10.104.419.817.768.900;3.409.554.593.212.680;4.349.007.611.589.650;11.466.394.486.984.700;0.3799737380941836;0.5721329015006186;0.0031907879862567;1.061.109.706.234.000;9.296.654.982.891.860;100.0;8.339.893.734.808.640;100;101;76.523.875.812.054.200;18.843.075.059.712.000
B0-FF004_201912;B0-FF004;01/12/2019;170.318.408.913.945;9.215.212.734.744.570;9.625.949.660.857.030;5.738.604.029.173.080;0.9793319325749488;10.386.550.444.332.800;0;0;62.954.681.434.560.700;9.790.944.005.629.730;49.914.274.216.391.900;67.776.634.482.769;5.093.329.236.023.190;3.460.095.190.879.210;13.251.918.535.671.200;4.877.375.787.821.410;19.758.890.502.076.100;2.821.560.028.804.070;13.845.215.426.613.800;6.872.764.015.176.740;20.970.950.777.553.400;GreenLeaf Agrochem Ltd.;"Odense, Denmark";Specialty Chemicals;221338;882;15.898.928.278.818.800;2.517.679.745.098.840;5.886.620.603.166.230;934.243.910.542.016;33.260.218.623.889.400;518.493.297.568.785;705.280.175.406.818;1.101.813.995.470.720;9.702.181.185.679.840;32.440.936.139.215.500;4.231.557.845.611.150;11.285.760.999.792.700;0.410592710114278;0.6443534345267051;0.0033718744867132;10.838.169.106.216.100;9.124.943.721.397.790;100.0;8.874.959.694.860.330;104;107;7.846.342.267.084.360;1.863.345.192.877.390
B0-FF004_202001;B0-FF004;01/01/2020;15.545.421.912.031.800;9.139.321.974.618.750;9.687.889.589.045.650;5.873.526.256.117.350;10.103.396.649.512.500;1.045.942.070.602.570;0;0;6.112.606.131.101.680;9.085.884.871.554.250;47.517.092.626.389.000;6.972.165.358.453.830;5.201.255.619.904.960;356.279.732.511.132;1.340.145.073.328.330;4.528.151.596.638.620;20.689.078.908.898.700;2.947.285.327.089.040;13.921.981.641.899.400;6.676.291.558.789.610;18.715.245.207.161.000;GreenLeaf Agrochem Ltd.;"Odense, Denmark";Specialty Chemicals;223417;914;16.225.697.069.288.700;25.825.662.775.487.200;6.231.006.508.516.490;9.829.836.641.289.110;3.414.716.283.062.280;5.266.798.293.726.010;718.944.658.725.337;10.601.864.709.909.000;95.022.538.156.106;3.258.033.266.614.070;4.541.362.687.828.760;10.873.423.170.752.100;0.387096297095822;0.5999163861965379;0.0034453768727804;10.601.291.851.103.500;8.802.011.979.111.000;100.0;929.462.900.920.521;107;100;7.761.095.570.502.910;1.818.064.880.289.920
B0-FF004_202002;B0-FF004;01/02/2020;16.831.182.740.323.200;9.361.534.349.791.660;9.799.360.473.230.570;576.053.302.802.099;0.9979001861126164;1.031.388.718.030.290;0;0;5.768.798.124.067.090;9.583.686.419.927.350;4.789.231.031.825.090;6.505.897.502.998.570;5.228.511.861.139.580;3.333.296.124.680.640;1.322.558.961.907.120;47.715.529.674.734.900;21.191.282.537.742.600;2.855.236.799.395.000;14.475.579.956.909.700;671.360.616.420.717;20.426.004.775.772.200;GreenLeaf Agrochem Ltd.;"Odense, Denmark";Specialty Chemicals;232712;960;176.418.477.364.067;2.613.929.694.707.540;6.348.697.897.082.180;943.876.689.931.356;3.329.566.208.987.870;49.245.599.350.227.700;6.960.333.305.999.720;11.563.887.539.725.900;9.341.768.882.541.850;3.289.765.780.002.040;4.454.959.971.113.450;11.097.498.594.213.300;0.3967016970079078;0.5917692982168248;0.0033314754718144;1.076.527.528.987.150;9.364.335.833.861.680;100.0;902.893.276.996.936;101;103;7.708.259.865.936.230;18.734.542.041.809.500
B0-FF004_202003;B0-FF004;01/03/2020;15.736.424.568.272.000;8.620.065.706.314.320;9.882.562.427.967.740;5.576.385.604.692.550;1.037.459.560.277.700;10.130.592.853.831.600;0;0;5.822.432.372.290.710;956.809.917.055.652;5.075.658.216.387.310;7.268.521.183.458.870;5.094.893.139.260.870;34.195.514.539.562.100;13.848.379.411.347.100;4.912.842.914.210.670;20.890.593.827.056.700;3.165.609.401.168.050;13.642.426.032.302.300;6.465.592.532.377.410;191.507.781.756.472;GreenLeaf Agrochem Ltd.;"Odense, Denmark";Specialty Chemicals;229150;944;17.023.314.078.426.900;2.736.380.587.601.800;6.319.767.405.150.110;9.833.923.410.792.010;33.998.239.296.300.300;518.935.166.999.686;7.302.943.308.530.960;10.717.950.297.674.800;9.541.459.198.749.140;33.949.267.374.802.600;4.733.229.566.683.600;10.616.209.012.569.600;0.3687447201194866;0.5961664854640215;0.0033931972813754;10.436.838.592.747.700;8.715.272.463.931.180;100.0;8.415.236.574.220.200;107;104;7.979.283.691.548.530;19.023.017.755.660.400
B0-FF004_202004;B0-FF004;01/04/2020;16.271.519.427.337.800;8.895.875.769.205.270;10.320.465.039.171.700;6.029.052.625.590.790;0.9457337567307256;10.243.748.959.271.600;0;0;6.143.060.034.036.450;9.136.622.125.248.710;5.046.415.623.722.080;6.748.812.586.448.070;5.230.721.473.298.950;35.404.902.518.446.400;14.335.194.609.817.100;4.747.791.803.397.430;19.914.611.636.775.500;28.374.969.847.492.600;14.124.390.844.857.300;6.573.473.624.433.510;188.888.319.371.307;GreenLeaf Agrochem Ltd.;"Odense, Denmark";Specialty Chemicals;226108;890;16.582.409.588.466.000;26.337.265.874.386.100;6.230.971.655.588.270;976.144.739.147.087;3.319.723.137.687.550;5.222.994.147.224.380;7.044.456.448.271.880;10.546.176.702.439.500;9.556.347.223.656.620;3.200.337.384.582.970;4.718.239.715.296.660;11.191.390.210.879.800;0.3837273533128466;0.5948097937120296;0.0030530205170735;10.881.934.790.527.300;9.405.289.824.875.280;100.0;8.972.312.773.118.690;101;101;7.600.572.430.472.160;187.134.727.682.786
B0-FF004_202005;B0-FF004;01/05/2020;16.706.036.172.125.900;894.921.977.700.664;10.126.329.173.637.400;6.068.284.251.038.960;0.9513472710630968;10.898.857.806.069.200;0;0;6.220.887.328.585.140;9.533.719.298.456.200;51.186.052.758.044.800;7.190.696.153.752.520;5.108.995.728.889.980;3.522.070.031.529.430;14.008.941.209.777.400;4.393.438.923.015.390;2.111.750.789.959.900;29.471.256.773.203.500;13.083.685.169.869.000;6.794.301.432.794.550;1.931.969.043.372.600;GreenLeaf Agrochem Ltd.;"Odense, Denmark";Specialty Chemicals;234353;903;16.672.016.594.834.500;27.069.297.003.585.800;6.174.611.326.489.390;9.624.025.743.826.010;35.014.677.330.310.300;5.001.570.556.979.880;716.015.224.313.067;10.766.489.769.317.200;9.646.565.345.543.090;35.853.981.511.335.500;4.544.690.359.057.160;11.261.763.454.528.400;0.3997561167700836;0.6101052071199226;0.0031184203761379;11.164.921.101.422.400;8.655.579.172.311.770;100.0;906.251.316.769.172;106;104;864.435.234.345.021;1.916.777.055.751.440
B0-FF004_202006;B0-FF004;01/06/2020;1.621.821.233.690.220;8.918.344.731.268.290;9.836.313.997.875.290;591.103.022.682.965;0.9732910257104342;1.054.997.072.839.700;0;0;6.238.799.203.768.180;9.259.255.357.749.570;5.168.433.047.962.570;7.033.860.785.389.650;4.957.906.408.217.650;3.658.690.028.459.710;13.386.940.467.064.200;488.473.894.199.605;21.321.047.461.146.300;2.672.119.620.333.320;13.534.526.352.324.400;6.915.275.894.349.700;1.985.109.294.248.580;GreenLeaf Agrochem Ltd.;"Odense, Denmark";Specialty Chemicals;236659;909;1.781.283.166.901.210;2.631.756.779.725.170;6.527.870.267.261.330;92.768.663.803.885;3.359.696.428.989.940;5.057.361.317.496.930;7.250.356.314.900.730;10.850.203.546.882.500;9.670.313.985.289.150;3.300.230.511.506.820;4.426.459.535.780.230;11.166.410.851.670.900;0.3701345800784082;0.5613937659658318;0.0033088484439261;9.588.681.111.818.900;9.011.373.005.656.370;100.0;9.052.810.949.474.720;103;110;8.231.356.763.558.150;17.993.255.704.294.000
B0-FF004_202007;B0-FF004;01/07/2020;16.090.115.837.042.600;9.490.235.216.424.230;9.835.004.952.800.940;5.899.589.349.500.320;104.463.929.858.286;1.018.336.630.799.640;0;0;5.541.645.872.138.050;9.627.743.145.859.790;5.152.872.319.167.050;70.159.963.631.434;5.021.226.481.906.970;33.762.120.546.063.500;1.397.234.790.625.880;482.543.517.100.741;20.818.795.576.531.200;2.910.334.525.922.370;1.444.830.985.526.970;6.899.717.692.123.420;19.554.771.838.808.500;GreenLeaf Agrochem Ltd.;"Odense, Denmark";Specialty Chemicals;222364;923;16.722.561.967.919.800;2.532.706.611.906.470;6.515.126.726.072.040;9.819.487.167.392.070;3.415.620.378.559.190;4.963.521.178.930.800;7.560.321.188.197.660;11.292.582.656.898.200;965.989.214.467.511;3.323.274.891.271.980;45.043.260.608.384.400;11.022.403.258.264.500;0.420665600445922;0.5967569785610157;0.0032009074612197;10.968.560.161.628.000;89.195.645.047.781;100.0;9.099.066.988.811.390;105;102;8.024.870.925.355.710;18.208.136.255.712.600
B0-FF004_202008;B0-FF004;01/08/2020;1.623.593.198.569.050;9.295.697.193.371.550;10.575.235.163.998.300;5.722.795.109.312.340;0.9960430583380916;1.020.015.906.205.580;0;0;5.905.092.757.801.080;882.446.709.836.579;4.872.157.332.489.560;67.823.499.069.767.200;5.458.040.130.960.130;3.522.486.449.780.990;1.354.833.661.180.240;4.989.866.835.593.120;2.115.750.721.171.500;29.360.177.901.513.400;1.364.250.759.631.910;6.631.716.193.866.050;19.079.209.151.011.600;GreenLeaf Agrochem Ltd.;"Odense, Denmark";Specialty Chemicals;228218;901;1.739.745.967.677.950;26.260.145.829.428.800;6.206.314.650.308.180;9.318.191.118.287.010;342.096.996.758.983;5.083.987.440.401.730;7.259.792.211.193.750;1.033.774.718.462.690;9.858.621.297.214.880;34.551.163.937.266.300;4.582.607.359.642.240;11.129.884.329.463.600;0.4057945919139196;0.5813614019336838;0.0033018467051354;10.421.060.141.495.100;9.367.546.924.311.490;9.829.427.152.421.160;8.645.341.215.480.290;111;98;8.242.449.638.407.190;18.495.506.742.609.100
B0-FF004_202009;B0-FF004;01/09/2020;1.639.072.658.645.270;9.481.443.759.527.180;1.015.725.592.486.210;6.177.650.468.406.000;0.9899130048286926;10.263.294.716.558.100;0;0;6.190.385.079.958.260;9.637.728.916.448.250;5.230.601.267.251.360;6.599.374.435.840.280;5.150.274.575.181.860;3.519.706.571.420.340;13.438.681.014.305.200;4.813.097.694.949.930;21.126.556.173.123.100;2.852.142.594.938.000;13.774.621.616.945.200;6.529.038.985.360.640;19.598.511.112.068.700;GreenLeaf Agrochem Ltd.;"Odense, Denmark";Specialty Chemicals;222023;913;1.713.952.674.503.510;2.559.667.745.300.540;6.618.823.739.242.750;9.520.766.138.065.730;34.135.280.790.197.700;5.068.078.096.587.350;7.102.522.433.050.890;11.086.894.451.374.400;967.409.641.359.568;33.836.685.172.825.300;4.613.258.087.805.380;11.034.813.660.043.400;0.3796073883483434;0.5774405116521347;0.0034576003373225;10.787.240.377.519.300;9.274.613.047.510.650;100.0;8.581.684.780.462.550;105;105;7.781.799.037.288.630;1.808.052.499.665.540
B0-FF004_202010;B0-FF004;01/10/2020;15.440.010.726.324.800;9.285.847.880.497.230;9.715.898.475.517.310;5.984.696.067.672.730;0.9939189569607793;1.057.123.087.358.140;0;0;6.112.313.134.219.970;9.287.186.103.079.640;5.009.521.780.265.350;71.395.020.599.274.000;5.143.503.939.896.140;34.851.567.711.589.200;1.297.810.070.036.540;4.846.778.235.914.460;2.058.153.083.005.900;28.597.911.994.812.300;1.352.178.720.409.100;6.751.539.985.207.230;1.870.843.208.486.870;GreenLeaf Agrochem Ltd.;"Odense, Denmark";Specialty Chemicals;237719;910;17.017.578.095.815.500;2.512.653.422.473.470;637.138.534.647.749;9.419.814.688.383.980;35.211.397.230.785.600;5.248.563.825.453.820;7.531.794.803.043.310;11.037.988.259.275.500;10.099.198.236.237.400;34.342.987.857.725.100;4.448.468.337.999.880;11.285.088.906.994.400;0.385965788681562;0.6434550060942528;0.0033083844217719;10.514.574.835.189.800;9.212.795.492.252.190;100.0;930.436.515.192.655;103;102;8.024.337.913.115.780;1.820.972.002.700.790
B0-FF004_202011;B0-FF004;01/11/2020;1.706.830.639.903.150;9.053.748.696.265.830;9.116.883.930.419.350;5.972.161.865.738.350;10.238.165.661.013.400;10.268.085.121.660.500;0;0;6.007.478.471.160.610;9.055.837.574.539.070;4.946.600.869.826.580;6.976.190.689.005.740;5.356.981.039.493.160;35.467.640.352.697.500;12.865.831.460.883.700;4.901.713.340.040.670;2.147.637.648.270.240;3.026.116.822.917.810;13.491.549.620.056.000;6.773.109.701.998.400;20.269.172.449.888.000;GreenLeaf Agrochem Ltd.;"Odense, Denmark";Specialty Chemicals;229531;927;17.267.150.947.873.700;2.571.116.601.789.830;6.153.179.287.860.400;9.974.027.358.926.150;3.290.910.283.595.140;4.997.631.320.492.480;728.314.535.795.477;1.099.550.882.043.490;940.885.980.633.778;3.338.368.512.981.170;4.404.097.590.066.720;11.018.838.128.460.900;0.4263524220791688;0.6010523513973541;0.0032344523423655;11.156.520.274.562.500;9.359.789.791.149.350;100.0;8.736.066.264.970.950;110;109;8.109.634.252.086.530;17.982.349.830.769.600
B0-FF004_202012;B0-FF004;01/12/2020;16.313.501.378.542.200;9.601.133.505.766.830;10.170.663.597.356.800;58.763.229.959.229.300;10.013.531.904.669.900;1.036.190.541.543.470;0;0;6.366.782.803.607.760;971.220.590.229.853;4.999.844.168.700.740;72.178.019.506.405.600;5.340.978.391.239.940;3.568.935.103.472.480;1.376.105.063.705.100;4.683.949.584.886.430;20.758.646.300.247.700;29.807.092.442.861.800;13.400.034.755.044.100;658.042.798.364.607;20.136.291.687.849.800;GreenLeaf Agrochem Ltd.;"Odense, Denmark";Specialty Chemicals;227962;935;1.690.824.792.860.930;26.605.359.924.649.800;6.366.348.344.410.010;9.485.683.055.191.160;33.718.391.173.868.300;5.079.345.591.366.430;7.213.016.205.409.420;1.070.050.099.470.610;973.987.930.695.423;34.713.892.663.817.400;4.365.826.297.261.550;11.083.807.189.131.800;0.4029604012792161;0.5694126650283915;0.0035113031284979;10.860.973.174.762.600;8.706.206.525.139.750;9.848.865.020.093.260;8.978.381.445.089.790;103;109;8.178.931.985.255.150;19.050.784.391.023.200
B0-FF004_202101;B0-FF004;01/01/2021;16.062.619.778.039.500;9.576.657.069.748.080;10.344.234.497.225.000;6.058.016.164.142.690;10.457.747.982.253.600;1.010.511.917.618.930;0;0;617.108.229.671.728;9.306.651.454.220.850;48.330.195.005.259.800;7.159.666.275.412.420;494.166.177.642.331;34.047.814.243.899.000;13.416.025.020.941.800;454.130.058.256.184;20.344.048.502.242.200;2.932.801.933.066.250;13.774.799.723.292.600;6.746.503.779.440.370;19.427.808.242.395.400;GreenLeaf Agrochem Ltd.;"Odense, Denmark";Specialty Chemicals;234087;905;1.646.712.019.757.220;2.628.298.906.640.140;6.076.461.655.635.440;9.895.562.352.405.510;33.602.610.430.701.900;5.583.828.155.469.690;7.435.006.989.822.880;10.988.062.960.430.700;9.987.668.826.442.100;31.859.890.795.840.200;4.655.862.643.189.730;1.098.409.415.703.380;0.3983209623129023;0.5946964843121252;0.0032679346319707;10.485.681.968.333.200;9.159.092.561.718.140;100.0;8.980.285.204.934.980;101;114;8.149.086.366.402.580;1.925.200.162.536.280
B0-FF004_202102;B0-FF004;01/02/2021;16.194.258.687.263.100;89.087.013.979.175;10.173.197.916.448.300;6.008.940.150.774.830;10.500.718.244.924.100;11.086.259.068.254.100;0;0;6.032.321.631.428.030;9.455.690.653.508.830;5.065.909.025.182.640;6.958.683.473.835.060;48.970.416.523.438.400;360.679.805.644.666;12.850.434.726.172.500;46.017.848.514.525.300;20.421.939.977.411.500;2.906.264.364.574.350;13.257.275.746.811.800;6.591.692.576.523.690;2.068.865.359.893.650;GreenLeaf Agrochem Ltd.;"Odense, Denmark";Specialty Chemicals;233246;927;16.696.740.484.199.400;26.430.263.152.205.200;6.293.175.083.027.630;94.170.584.071.759;33.989.217.258.084.300;4.902.146.971.980.810;7.328.977.250.745;10.911.599.501.518.800;9.752.542.950.380.740;3.489.988.823.579.800;4.589.177.564.709.810;11.166.598.951.000.800;0.3843895965939344;0.6329338369246941;0.0031998304192722;10.754.484.217.641.000;8.710.202.151.030.280;100.0;92.638.251.417.224;100;108;8.191.229.120.900.190;1.942.583.550.049.190
B0-FF004_202103;B0-FF004;01/03/2021;16.559.558.752.500.300;889.479.022.454.403;1.007.295.850.631.950;6.261.983.377.525.810;0.9781477128337018;1.054.908.717.439.530;0;0;586.360.418.910.906;9.016.231.183.855.470;5.194.245.320.643.880;6.709.165.643.009.170;5.218.642.903.941.790;3.659.164.624.198.000;13.611.331.815.098.900;4.722.385.134.986.150;21.166.824.932.595.700;29.121.555.209.838.600;14.141.284.633.168.100;7.147.247.970.871.140;2.026.079.174.870.060;GreenLeaf Agrochem Ltd.;"Odense, Denmark";Specialty Chemicals;248601;928;1.696.027.760.856.440;2.832.311.895.232.000;6.302.557.419.786.320;9.352.734.447.145.430;3.645.662.330.834.340;5.088.737.731.011.520;7.074.354.278.709.070;10.873.820.204.841.800;9.888.359.106.129.980;3.502.113.389.397.520;4.175.279.107.401.330;11.601.053.440.934.700;0.3915483960595672;0.6018286516449094;0.0035094685641667;10.635.034.506.587.000;9.282.229.567.011.700;100.0;9.207.858.777.703.340;112;99;837.546.197.437.189;1.993.057.502.712.970
B0-FF004_202104;B0-FF004;01/04/2021;16.645.528.086.698.100;8.983.464.557.291.760;9.799.865.436.172.470;6.394.114.343.944.030;0.985442433543688;1.093.620.759.785.030;0;0;6.072.435.573.066.790;893.053.361.969.431;5.139.689.382.413.820;667.253.831.194.371;5.667.294.499.469.110;358.509.474.960.408;13.966.678.388.832.000;4.953.899.160.300.720;20.672.582.626.087.000;2.909.969.893.553.410;1.401.420.271.335.920;7.221.994.553.291.480;1.934.977.723.562.080;GreenLeaf Agrochem Ltd.;"Odense, Denmark";Specialty Chemicals;229449;907;17.028.736.499.166.300;2.537.296.518.182.770;5.819.649.197.575.990;9.139.616.212.125.390;3.524.517.058.005.400;5.207.905.973.848.550;7.432.285.168.858.770;10.876.085.031.111.800;982.207.908.781.874;3.575.980.539.321.690;4.752.472.848.017.470;11.619.713.227.147.700;0.4010535400190828;0.619561654315489;0.0033787385761005;10.526.649.827.739.900;9.058.563.211.451.370;100.0;8.661.759.005.792.140;111;106;7.800.765.367.541.860;18.756.566.694.333.200
B0-FF004_202105;B0-FF004;01/05/2021;15.987.280.764.207.700;9.021.846.566.098.350;9.981.401.486.828.270;5.864.285.525.276.950;1.004.744.199.729.170;1.045.170.489.189.520;0;0;6.198.088.188.509.080;9.396.014.075.491.240;5.228.733.995.757.920;7.001.835.016.302.080;5.150.125.405.232.650;34.256.728.442.955.900;13.750.018.687.361.600;5.031.532.908.252.760;2.099.097.105.338.040;2.863.417.231.324.670;13.876.619.266.821.500;6.716.859.090.746.730;19.667.204.144.486.500;GreenLeaf Agrochem Ltd.;"Odense, Denmark";Specialty Chemicals;224677;911;17.523.125.283.829.100;2.570.273.846.130.260;6.173.793.521.694.780;9.405.390.101.940.830;3.273.855.472.492.330;5.065.698.690.253.610;7.215.829.558.729.930;1.063.612.167.848.480;9.821.823.264.410.060;3.342.783.062.003.930;4.419.492.732.591.230;11.441.451.768.973.900;0.3914291558928049;0.6021738521459349;0.0034757147653536;10.299.497.288.684.300;961.165.445.187.942;100.0;8.714.933.880.090.610;105;107;84.362.682.943.808;195.481.544.394.411
B0-FF004_202106;B0-FF004;01/06/2021;16.468.414.395.667.700;9.538.392.325.849.690;9.600.065.093.399.240;6.029.613.522.714.330;10.247.235.496.315.500;1.058.545.702.608.290;0;0;6.114.445.231.696.900;971.925.842.605.107;5.447.205.443.533.120;6.860.577.225.276.860;5.051.479.417.733.610;3.613.083.571.032.560;14.752.512.455.159.900;501.311.100.949.634;2.068.539.395.829.810;31.796.380.627.898.400;1.428.868.208.286.040;6.677.491.720.176.180;2.125.783.658.232.830;GreenLeaf Agrochem Ltd.;"Odense, Denmark";Specialty Chemicals;228982;902;1.779.985.787.902.450;2.657.573.670.468.040;6.355.239.969.737.920;9.703.146.184.427.070;35.342.438.241.974.500;485.713.873.025.682;7.329.319.993.393.030;10.998.505.147.804.600;9.650.994.753.045.530;3.341.340.098.616.630;41.913.582.823.068.700;110.551.800.402.775;0.4150219451114584;0.6267546544126951;0.0033300722212116;10.155.117.899.617.900;9.417.599.009.604.120;100.0;9.313.116.744.008.130;104;104;8.544.020.590.586.710;18.419.303.963.674.400
B0-FF004_202107;B0-FF004;01/07/2021;16.691.924.477.318.100;8.710.837.107.806.750;10.094.161.285.862.700;6.096.905.931.343.030;1.015.539.432.177.820;1.066.118.998.202.930;0;0;6.241.144.281.710.420;9.612.414.401.851.210;5.191.170.880.067.420;7.207.291.798.041.510;5.002.443.520.766.330;34.814.553.631.196.100;14.444.239.288.518.100;5.044.612.789.750.450;2.158.773.383.451.790;2.918.000.506.977.470;14.451.484.966.057.600;6.935.843.503.987.860;19.199.371.139.819.300;GreenLeaf Agrochem Ltd.;"Odense, Denmark";Specialty Chemicals;242421;896;17.837.670.427.512.400;25.335.435.921.702.900;6.660.384.764.579.860;9.623.044.595.665.090;3.309.896.582.608.810;5.119.270.783.169.960;720.214.098.875.343;1.110.596.285.329.790;10.276.181.835.135.300;34.299.316.574.583.900;4.259.916.932.797.890;10.921.190.237.566.900;0.4331056762564951;0.6146820135722129;0.0034488062008927;10.518.084.246.506.100;8.924.256.123.246.310;100.0;9.078.088.093.567.260;106;113;7.998.387.295.182.530;1.852.918.152.191.720
B0-FF004_202108;B0-FF004;01/08/2021;16.874.528.756.004.300;9.469.740.382.615.560;10.206.826.062.869.100;5.890.259.753.885.670;0.9595985202682522;10.893.129.196.624.700;0;0;6.170.305.769.026.890;9.362.301.420.287.770;5.415.377.363.221.330;6.797.775.205.305.130;5.172.180.994.636.960;34.588.947.785.824.500;1.383.871.288.446.770;4.871.356.495.714.390;21.336.708.691.399.600;2.857.500.910.351.220;14.657.591.579.303.800;6.762.184.409.632.850;20.855.705.266.285.200;GreenLeaf Agrochem Ltd.;"Odense, Denmark";Specialty Chemicals;257853;897;17.639.614.929.444.600;26.551.657.832.912.000;6.750.486.835.427.690;9.632.442.938.954.330;3.453.357.065.672.340;5.268.874.677.873.590;726.210.015.095.994;11.372.712.106.553;9.924.382.308.543.380;3.476.203.278.138.180;4.591.160.274.541.270;11.146.689.961.965.500;0.3972431407686553;0.6231126882916349;0.0034125489915251;11.025.486.160.986.300;9.725.997.542.396.350;100.0;9.090.315.615.518.060;106;104;8.296.599.462.620.790;19.603.749.083.353.400
B0-FF004_202109;B0-FF004;01/09/2021;15.960.816.252.420.200;9.119.141.110.425.000;10.064.787.080.257.200;5.733.751.124.503.070;1.017.681.274.255.450;1.015.892.800.520.030;0;0;6.239.085.137.128.750;956.218.729.682.874;5.406.439.043.413.170;685.390.490.126.051;5.156.217.083.138.860;3.608.523.590.448.810;13.672.545.649.381.700;5.033.126.929.265.840;2.159.159.661.161.700;31.074.999.366.163.600;1.401.012.952.718.420;6.558.291.217.508.740;2.036.742.543.348.280;GreenLeaf Agrochem Ltd.;"Odense, Denmark";Specialty Chemicals;235424;937;1.782.782.289.083.570;26.259.575.658.714.000;6.177.312.774.494.490;9.682.820.691.516.940;31.865.763.638.204.000;5.251.952.627.945.880;7.203.277.581.934.690;11.421.258.812.965.400;9.317.755.567.478.940;3.431.261.541.103.450;4.783.138.492.389.330;11.595.924.753.494.100;0.4127305055577472;0.6198586343980113;0.0031933541454556;10.693.887.718.246.900;9.335.780.583.699.360;100.0;902.967.843.838.975;98;106;8.060.875.748.077.710;1.998.554.489.666.990
B0-FF004_202110;B0-FF004;01/10/2021;16.213.840.393.765.700;915.956.871.725.326;1.019.680.928.241.700;5.905.936.345.476.720;10.419.878.738.968.800;9.902.916.880.091.930;0;0;6.414.530.609.839.620;8.669.396.843.454.750;4.796.748.001.528.210;6.970.777.749.420.600;5.362.507.411.827.840;34.840.452.662.077.000;13.983.367.942.305.000;5.017.847.162.929.280;21.682.915.434.267.700;2.950.901.999.298.200;1.410.509.261.056.780;6.744.596.250.723.920;2.015.100.087.510.560;GreenLeaf Agrochem Ltd.;"Odense, Denmark";Specialty Chemicals;228944;902;17.770.466.385.199.000;2.634.717.604.678.040;6.236.340.208.061.790;9.867.788.847.136.290;347.482.126.355.609;521.141.085.032.709;7.268.167.796.385.910;11.285.329.160.984.100;10.207.753.574.820.100;3.455.267.249.467.650;4.408.902.403.845.900;11.303.099.157.368.400;0.3964925153955713;0.5949036375763233;0.0034150026421929;10.836.663.684.521.400;943.450.984.424.527;100.0;9.117.363.887.404.100;107;108;8.209.006.295.987.670;19.193.546.529.134.800
B0-FF004_202111;B0-FF004;01/11/2021;16.465.781.804.728.900;9.550.887.961.801.730;9.968.263.761.697.200;598.803.926.841.302;1.054.259.703.279.140;10.287.975.477.378.600;0;0;5.916.525.098.497.360;9.646.381.890.225.200;51.048.038.761.245.400;7.127.040.932.961.760;5.094.722.324.622.380;3.673.200.889.137.630;13.256.005.094.641.000;4.986.072.332.832.490;20.532.056.059.452.600;3.104.934.762.344.270;14.050.733.136.026.000;7.281.822.598.426.800;1.971.125.012.383.890;GreenLeaf Agrochem Ltd.;"Odense, Denmark";Specialty Chemicals;233333;958;16.770.862.905.003.900;2.618.770.644.659.870;6.479.595.391.960.750;9.449.813.938.472.360;34.934.513.000.124;5.278.152.105.696.430;6.977.258.103.839.840;11.483.007.547.142.100;955.467.856.033.414;35.180.487.146.842.200;4.595.304.982.216.490;11.236.236.238.664.400;0.3885294066447163;0.6210892188166678;0.0032804241386457;11.051.657.704.687.200;958.904.972.276.404;100.0;9.161.466.985.718.540;106;107;8.095.669.685.951.970;19.365.818.379.109.900
B0-FF004_202112;B0-FF004;01/12/2021;16.767.329.462.508.900;9.596.458.575.493.340;10.250.736.385.296.100;5.772.522.750.050.980;1.009.807.727.145.370;1.104.935.938.041.520;0;0;6.115.121.575.496.310;9.218.768.012.058.180;5.248.401.529.014.370;7.378.581.635.615.230;53.485.271.748.262.900;35.231.875.591.839.000;1.323.862.644.702.200;4.871.044.097.453.780;20.455.424.491.744.400;2.921.122.255.295.010;14.070.351.957.076.700;6.399.375.490.541.990;21.073.445.063.418.700;GreenLeaf Agrochem Ltd.;"Odense, Denmark";Specialty Chemicals;227947;920;17.821.478.628.945.000;278.307.596.993.406;6.240.178.493.202.210;9.024.299.350.127.860;3.554.979.667.592.190;5.060.253.396.290.590;739.644.412.225.821;1.131.310.975.880.040;8.972.198.848.368.880;32.756.585.633.924.200;4.519.550.638.686.610;10.520.646.602.127.600;0.3861666086485616;0.6179884645997145;0.0033635070493335;107.743.331.751.191;9.379.251.917.651.500;100.0;8.744.734.969.944.530;110;113;7.958.077.089.896.710;19.394.299.619.268.300
B0-FF004_202201;B0-FF004;01/01/2022;16.970.676.186.568.600;9.331.152.614.175.650;10.179.733.386.461.400;5.917.150.217.556.410;10.844.289.836.938.000;10.599.208.581.209.300;0;0;6.043.723.676.266.440;949.504.553.329.504;5.142.578.279.771.860;6.984.568.031.211.490;5.350.913.690.183.160;3.457.562.262.529.990;13.291.531.549.705.200;4.964.889.858.181.240;2.099.113.121.898.970;2.921.357.655.637.360;1.329.651.070.056.320;709.418.833.131.384;2.057.239.272.358.580;GreenLeaf Agrochem Ltd.;"Odense, Denmark";Specialty Chemicals;242049;937;16.762.005.146.588.400;26.994.322.821.632.200;6.282.456.364.735.080;9.487.859.252.611.000;34.992.049.893.537.000;5.525.218.865.182.610;7.654.113.495.117.500;11.393.350.698.092.300;9.944.517.030.886.880;34.240.817.772.926.800;4.463.651.102.766.740;11.325.448.485.595.500;0.4137545874843639;0.6501381166244619;0.0032936177712048;10.049.828.673.162.100;9.117.564.764.132.810;100.0;9.671.814.741.973.880;112;112;7.996.193.871.594.610;18.792.078.664.473.700
B0-FF004_202202;B0-FF004;01/02/2022;15.929.630.923.129.700;9.090.530.288.857.320;10.549.578.681.201.900;6.334.357.078.272.600;1.035.263.811.264.040;1.049.980.430.801.300;0;0;6.239.578.092.996.260;9.074.829.249.221.200;5.342.428.520.034.100;6.974.798.827.560.910;5.443.706.369.286.620;3.558.119.696.337.850;13.928.812.948.002.600;4.793.596.943.968.750;2.113.492.911.824.330;3.012.208.251.739.950;14.073.546.430.399.400;667.403.280.954.934;2.034.501.494.874.620;GreenLeaf Agrochem Ltd.;"Odense, Denmark";Specialty Chemicals;240031;966;1.818.859.557.717.530;2.678.873.910.461.040;630.151.568.515.844;971.425.103.910.246;3.397.199.707.693.210;5.349.370.917.424.250;7.563.481.803.121.800;11.613.869.766.670.600;9.841.693.281.226.740;3.397.307.079.790.160;45.354.647.354.249.800;10.768.346.292.228.200;0.3886864875955549;0.6164882867226734;0.0034186385228677;10.859.518.845.977.900;905.852.498.794.834;100.0;9.042.430.927.746.410;107;110;78.923.132.217.297.700;18.623.812.011.485.100
B0-FF004_202203;B0-FF004;01/03/2022;16.458.682.701.703.100;8.905.863.026.615.380;9.693.634.831.930.690;5.775.969.495.126.630;10.183.434.158.770.500;10.793.240.867.282.800;0;0;6.227.803.750.864.970;9.569.599.212.846.570;5.165.551.814.897.030;7.029.885.561.609.090;5.644.225.602.043.370;3.591.288.351.081.690;13.965.887.785.209.800;473.389.441.715.193;2.164.334.458.236.230;3.017.093.515.286.330;1.461.659.276.924.770;7.041.369.405.659.180;20.223.110.861.812.000;GreenLeaf Agrochem Ltd.;"Odense, Denmark";Specialty Chemicals;236349;927;17.657.385.470.812.000;2.789.333.982.303.220;6.620.427.809.816.500;10.013.595.954.155.600;3.665.719.563.847.450;4.854.993.754.908.240;7.241.318.486.421.560;11.206.377.050.694.400;9.775.108.630.291.280;3.357.898.490.889.750;4.361.742.670.868.580;11.337.060.668.852.200;0.4145249575483056;0.6321775344492999;0.003307680790881;1.078.483.635.201.570;9.664.518.014.334.010;100.0;9.083.056.141.137.330;109;108;8.433.950.979.801.990;1.844.316.389.577.930
B0-FF004_202204;B0-FF004;01/04/2022;16.124.618.748.676.400;9.487.122.585.935.440;9.765.897.749.501.450;6.201.221.340.177.720;10.408.414.233.496.300;1.084.098.888.979.450;0;0;5.997.341.908.847.260;939.480.659.635.075;5.216.266.622.326.050;68.898.605.651.254.300;53.534.909.374.544.800;3.444.957.973.598.470;1.394.876.296.238.330;5.164.361.184.799.790;205.975.344.187.666;29.600.297.674.882.900;1.347.416.654.780.350;674.573.390.256.242;20.751.429.106.386;GreenLeaf Agrochem Ltd.;"Odense, Denmark";Specialty Chemicals;234755;950;17.808.991.216.242.000;2.685.000.922.467.050;6.223.038.430.368.810;10.005.187.044.844.000;3.490.873.133.418.880;5.039.284.526.878.390;7.138.326.655.886.750;1.029.065.294.503.420;9.578.494.378.879.580;3.425.674.332.147.230;44.580.543.225.675.300;1.117.114.538.210.180;0.4210181821238959;0.6376280673401835;0.0033172934672113;10.981.615.201.388.400;963.573.296.883.258;100.0;9.218.892.374.288.590;112;111;7.933.821.400.784.430;1.922.334.064.672.490
B0-FF004_202205;B0-FF004;01/05/2022;1.636.957.137.498.520;9.629.286.667.487.900;10.123.766.759.932.800;5.923.926.864.940.600;10.598.202.880.551.700;10.699.737.602.184.800;0;0;6.126.167.616.926.670;9.844.507.518.940.900;501.634.850.425.394;7.369.495.097.382.440;5.131.866.871.694.700;36.368.598.303.788.600;13.087.051.077.647.500;4.920.140.032.118.950;2.054.844.239.399.210;3.136.774.677.038.280;1.372.188.754.237.020;6.754.270.059.627.420;2.067.342.393.392.240;GreenLeaf Agrochem Ltd.;"Odense, Denmark";Specialty Chemicals;233806;950;17.264.712.917.085.400;2.629.607.662.538.280;642.334.513.189.776;9.456.432.245.403.200;3.504.432.720.544.210;5.426.565.476.195.060;7.481.500.718.268.430;11.452.570.802.227.100;9.421.653.630.278.230;34.141.768.663.757.900;4.577.733.088.140.620;1.197.052.870.859.350;0.3975620783404475;0.57648201490983;0.0032896003197826;10.525.477.472.646.300;8.705.344.757.612.960;100.0;8.716.637.165.497.970;110;105;8.615.494.887.559.540;1.919.459.511.765.820
B0-FF004_202206;B0-FF004;01/06/2022;1.642.467.185.848.380;9.465.748.314.826.940;10.003.190.542.894.100;6.172.351.542.289.400;1.014.448.887.192.440;10.439.508.169.485.500;0;0;6.194.432.546.850.810;9.631.885.765.193.390;4.860.738.969.577.840;7.329.256.169.484.880;5.461.302.561.196.610;3.376.608.321.650.040;13.032.301.871.725.600;5.043.320.969.189.130;21.945.293.717.996.500;30.242.729.055.090.700;1.358.621.284.237.400;7.314.799.470.766.380;1.990.837.824.369.440;GreenLeaf Agrochem Ltd.;"Odense, Denmark";Specialty Chemicals;240082;939;18.504.993.035.720.400;27.064.621.801.131.600;6.516.265.711.139.820;9.803.181.621.418.100;33.427.269.191.501.200;4.925.213.535.698.210;7.374.984.494.906.550;10.771.914.042.050.300;10.115.596.518.217.400;3.481.532.266.507.580;4.631.600.588.439.540;1.112.037.613.125.980;0.4176751867325791;0.6287765565761344;0.0032752384908766;114.178.535.813.154;9.259.153.714.393.510;100.0;8.949.427.196.596.540;103;113;8.519.702.518.982.780;19.806.833.731.690.600
B0-FF004_202207;B0-FF004;01/07/2022;16.958.976.214.522.000;967.803.111.085.436;10.251.651.216.431.900;61.515.063.757.192.400;1.005.393.164.151.570;105.922.058.524.229;0;0;6.121.234.463.265.530;9.592.862.878.813.120;5.216.235.552.441.600;7.008.547.426.908.460;5.431.193.761.193.050;350.360.596.949.034;13.375.563.622.105.400;5.099.559.671.909.330;2.214.944.421.681.940;2.918.734.668.511.270;14.180.666.345.377.800;7.118.458.573.388.940;20.419.846.041.048.300;GreenLeaf Agrochem Ltd.;"Odense, Denmark";Specialty Chemicals;242436;946;17.511.785.483.700.700;2.741.182.688.358.530;6.256.768.273.371.910;9.953.440.245.949.290;3.463.416.920.303.360;5.242.091.216.828.910;7.100.274.026.379.360;11.305.789.037.187.900;1.003.339.611.842.450;3.382.598.277.887.970;4.398.311.652.102.100;10.928.999.144.846.800;0.4024480531071875;0.6263580640115366;0.0035881440215249;10.748.342.880.929.400;8.873.789.250.207.600;100.0;951.236.272.911.034;106;112;8.305.152.281.622.890;19.775.457.366.629.300
B0-FF004_202208;B0-FF004;01/08/2022;17.633.476.398.702.400;8.824.500.464.424.290;10.616.395.909.085.500;6.064.101.907.776.320;1.002.285.540.963.210;10.621.110.749.998.200;0;0;5.869.483.156.343.540;9.335.745.088.263.670;5.382.392.638.176.550;710.840.187.584.907;5.340.038.790.056.510;34.150.590.189.617.200;13.589.425.113.124.200;47.293.718.155.942.800;2.043.552.975.469.170;2.863.258.830.444.490;13.829.987.851.245.200;6.791.452.250.589.200;19.900.270.007.700.900;GreenLeaf Agrochem Ltd.;"Odense, Denmark";Specialty Chemicals;246225;909;18.458.511.237.078.000;26.632.289.521.280.900;6.535.598.835.455.170;9.987.451.391.921.620;3.381.471.724.714.660;5.253.236.218.212.520;7.273.111.873.664.460;11.400.062.642.412.500;9.994.408.264.575.180;3.395.947.339.437.170;46.413.835.303.603.100;11.626.466.560.571.300;0.4285330911710758;0.6226257880790208;0.0034043573855489;10.913.623.989.588.200;907.325.958.759.089;100.0;9.092.649.764.540.620;112;113;7.804.648.382.281.030;19.809.094.363.549.400
B0-FF004_202209;B0-FF004;01/09/2022;15.625.053.588.038.600;9.478.650.326.603.440;104.740.708.584.323;5.773.393.882.057.310;10.638.189.174.285.200;112.233.135.315.222;0;0;6.528.749.079.728.390;9.244.012.262.562.900;5.067.167.846.590.340;6.941.788.147.411.860;535.493.577.051.332;35.914.382.369.755.800;1.368.507.050.797.200;48.913.584.095.993;21.177.955.027.510.000;2.934.955.617.840.080;13.913.853.272.367.400;6.799.294.691.359.600;19.212.280.376.040.100;GreenLeaf Agrochem Ltd.;"Odense, Denmark";Specialty Chemicals;237577;880;1.812.025.648.461.510;26.600.852.693.933.000;643.478.705.283.328;9.749.032.718.294.300;3.453.536.515.364.240;5.512.784.378.543.300;7.093.161.809.581.670;10.737.214.506.590.100;10.080.539.283.799.800;34.261.453.980.849.000;4.680.062.419.975.010;11.769.954.786.910.600;0.3929694640423301;0.6333208409216293;0.0033027362407655;1.081.149.588.226.090;9.002.903.401.134.650;100.0;918.324.315.905.586;105;104;8.466.825.273.958.950;191.788.092.562.912
B0-FF004_202210;B0-FF004;01/10/2022;1.724.819.626.820.660;9.207.851.163.014.630;10.766.580.613.567.900;5.921.754.478.200.360;1.079.687.170.091.820;10.733.291.292.625.000;0;0;6.395.348.356.307.020;979.763.812.367.512;5.195.140.446.778.470;6.672.766.086.768.500;5.176.186.620.079.550;3.471.816.100.190.530;14.119.631.773.072.500;4.872.505.420.907.420;21.262.690.959.185.400;2.931.613.722.101.830;14.886.839.393.821.200;6.975.388.862.182.790;20.583.751.576.901.300;GreenLeaf Agrochem Ltd.;"Odense, Denmark";Specialty Chemicals;235004;935;1.722.200.534.003.750;2.736.526.588.283.110;6.242.854.253.566.150;10.090.966.673.970.800;3.406.161.479.565.430;54.687.816.315.184.800;7.824.773.398.580.810;11.300.038.591.213.100;10.451.631.986.670.800;3.560.315.739.983.090;4.436.110.705.686.950;11.573.696.700.995.100;0.4130388531003736;0.6339322427953481;0.003429290791408;10.853.140.096.626.400;9.361.871.947.576.820;100.0;886.169.368.402.421;108;104;8.165.982.132.127.770;1.912.006.267.797.930
B0-FF004_202211;B0-FF004;01/11/2022;1.642.975.368.016.440;9.075.282.341.075.080;1.045.731.781.465.260;6.043.842.357.277.130;10.221.160.039.334.000;10.238.128.646.898.700;0;0;6.483.708.799.829.260;969.641.349.465.666;5.205.632.249.387.800;7.256.929.240.896.410;5.253.770.899.592.060;3.563.579.973.886.010;13.636.894.333.536.200;5.081.846.083.903.450;2.208.003.530.655.850;2.982.548.694.430.440;150.158.646.958.144;7.060.096.843.601.840;2.070.444.240.764.910;GreenLeaf Agrochem Ltd.;"Odense, Denmark";Specialty Chemicals;241516;902;172.848.700.114.883;27.072.161.752.274.700;646.354.514.017.315;10.056.595.132.214.200;3.417.033.046.136.980;5.334.795.218.500.390;742.934.117.341.881;1.135.595.666.097.190;10.072.281.645.843.300;33.389.593.636.848.200;4.325.796.826.863.440;1.122.208.626.505.650;0.4008897547256247;0.6014279250428985;0.0034092104849674;11.165.381.347.097.700;9.575.144.937.624.150;100.0;9.482.052.172.214.030;106;107;84.521.984.808.129;1.920.967.275.778.140
B0-FF004_202212;B0-FF004;01/12/2022;16.566.524.020.300.600;99.058.011.840.053;10.414.977.049.800.900;6.432.183.466.511.270;0.9796555771769236;1.049.906.018.477.660;0;0;5.885.790.028.584.170;9.533.685.508.778.530;56.481.731.693.749.600;7.198.235.915.013.440;5.464.485.749.678.220;3.530.381.673.698.690;14.065.261.602.883.300;49.507.939.072.522.500;22.324.533.521.230.000;3.086.501.890.010.940;1.446.532.546.283.900;6.996.538.684.402.830;19.475.582.082.774.200;GreenLeaf Agrochem Ltd.;"Odense, Denmark";Specialty Chemicals;227655;940;18.248.021.167.624.500;28.231.854.362.794.900;6.306.905.332.190.360;9.445.003.106.190.920;3.588.541.700.606.970;5.199.265.256.156.900;7.067.067.385.976.680;11.157.505.315.417.100;992.416.578.808.172;36.279.127.079.618.500;47.664.918.769.652.300;1.130.565.589.999.000;0.4249455599780706;0.6265155828137353;0.0035275763695337;1.125.498.246.326.800;930.771.916.742.925;100.0;9.107.713.032.103.320;112;109;8.547.862.580.699.260;20.401.512.815.796.000
B0-FF004_202301;B0-FF004;01/01/2023;17.072.530.278.256.400;9.365.882.892.095.390;10.373.002.213.731.300;5.573.318.119.289.360;10.153.263.287.185.300;11.013.418.625.643.300;0;0;6.310.684.080.048.450;9.556.071.248.450.210;5.372.912.063.685.880;7.627.345.832.419.400;5.487.424.436.455.520;3.531.530.759.477.150;1.394.622.623.644.800;5.166.748.673.121.640;20.710.106.490.459.100;29.371.889.114.242.500;14.611.467.036.769.800;7.260.960.698.800.200;2.090.691.928.935.370;GreenLeaf Agrochem Ltd.;"Odense, Denmark";Specialty Chemicals;235893;954;18.022.778.410.948.300;27.463.941.968.422.100;6.468.290.226.939.250;9.919.840.882.591.890;33.996.329.998.432.500;5.732.536.250.603.290;7.461.382.178.835.560;1.152.459.260.130.580;10.024.118.045.434.500;35.822.385.360.152.200;446.991.487.381.136;10.968.331.447.685.600;0.4079284306673309;0.6633851750358124;0.0035467023638143;10.573.424.157.455.100;9.537.632.893.241.800;100.0;934.871.698.782.146;111;112;7.927.187.240.312.980;1.878.958.639.317.570
B0-FF004_202302;B0-FF004;01/02/2023;16.777.596.013.350.300;9.111.577.533.435.990;10.062.167.076.273.300;6.172.694.134.056.710;10.101.381.691.351.000;11.452.213.736.205.000;0;0;634.287.807.247.262;9.186.215.054.348.970;5.350.339.549.548.270;7.234.802.898.369.670;532.291.041.473.507;36.377.045.242.668.800;1.417.468.967.797.520;5.177.528.210.860.320;2.327.211.931.770.440;290.037.767.559.757;1.376.542.916.625.040;701.900.794.599.076;19.273.011.824.493.800;GreenLeaf Agrochem Ltd.;"Odense, Denmark";Specialty Chemicals;245223;943;18.017.970.041.799.300;26.960.758.546.994.000;6.544.183.514.864.730;1.005.573.480.940.680;3.519.713.983.789.250;5.126.008.459.223.220;7.473.143.080.999.330;11.982.126.441.259.100;1.017.445.920.742.780;35.119.626.833.014.300;4.874.255.143.523.930;11.328.321.909.269.100;0.4196720940628789;0.6156339997339577;0.0035381878238125;11.108.187.008.616.000;9.286.510.513.405.940;100.0;9.512.122.975.314.880;103;108;8.482.248.117.117.510;19.372.428.026.943.500
B0-FF004_202303;B0-FF004;01/03/2023;16.902.771.473.487.800;8.836.973.965.751.510;10.153.293.333.082.800;6.254.599.490.001.760;1.016.424.116.173.710;10.318.274.152.703.100;0;0;6.088.310.644.597.030;9.672.338.651.810.150;5.108.750.101.683.450;7.136.715.699.118.120;5.413.772.588.055.040;35.245.066.892.101.900;14.322.657.187.618;5.103.177.974.741.130;21.844.074.730.156.900;30.364.005.801.021.700;1.371.405.075.281.270;7.291.596.927.815.210;2.052.174.915.978.700;GreenLeaf Agrochem Ltd.;"Odense, Denmark";Specialty Chemicals;234051;945;18.240.687.873.886.700;2.765.787.802.871.350;6.290.239.196.690.750;1.015.205.099.220.730;3.496.286.054.159.230;5.427.979.443.126.170;7.264.170.602.662.310;11.720.151.297.356.300;10.168.269.620.239.200;3.626.402.100.364.690;4.446.931.041.435.330;11.112.851.071.453.900;0.4062757764393626;0.6538630739722175;0.0036323462422554;10.571.211.330.558.100;9.428.379.601.031.570;100.0;9.450.771.963.419.800;112;106;835.279.123.995.772;18.395.672.793.102.800
B0-FF004_202304;B0-FF004;01/04/2023;1.726.354.356.822.140;9.328.255.638.695.360;10.054.896.567.708.100;6.197.772.445.137.840;1.029.470.905.056.460;11.156.741.938.191.900;0;0;6.462.458.322.127.110;1.001.567.572.543.930;5.118.793.975.148.850;7.562.677.871.572.060;5.195.279.201.701.940;3.593.420.745.932.340;14.575.393.166.691.500;5.050.625.282.070.580;20.890.507.233.051.800;31.048.000.777.867.800;14.501.550.675.512.000;6.925.635.080.975.360;19.648.259.818.321.900;GreenLeaf Agrochem Ltd.;"Odense, Denmark";Specialty Chemicals;244223;938;17.945.507.517.997.500;25.972.999.565.173.500;6.427.375.306.399.450;1.008.079.237.827.720;37.040.013.648.637.100;5.320.619.485.486.400;7.774.170.554.880.290;11.645.092.421.828.900;10.195.221.206.601;339.899.925.872.954;4.530.951.526.614.230;11.828.777.350.505.600;0.4032120541585901;0.6154181800584109;0.0034156041659561;10.819.458.715.581.900;967.865.500.377.589;100.0;9.484.490.080.466.050;111;104;8.419.755.124.426.730;1.802.879.174.410.890
B0-FF004_202305;B0-FF004;01/05/2023;1.641.940.111.291.290;9.565.649.365.232.450;10.440.527.416.832.600;581.761.966.455.368;10.072.006.710.497.800;99.196.908.528.101;0;0;6.202.516.234.433.160;9.703.209.725.347.880;5.289.918.138.448.150;7.192.664.300.915.020;5.563.127.560.475.790;3.598.208.710.339.220;14.425.800.222.292.000;46.104.229.769.197.100;2.244.573.226.103.430;2.889.566.048.524.740;13.908.695.247.302.900;6.872.668.391.809.540;21.295.050.495.226.800;GreenLeaf Agrochem Ltd.;"Odense, Denmark";Specialty Chemicals;234911;925;1.736.592.078.325.450;2.750.966.472.704.870;6.661.813.797.414.690;10.457.446.373.206.400;3.763.281.666.460.300;5.464.147.289.576.620;7.541.733.804.102.580;10.973.228.158.526.900;10.716.150.178.941.500;3.532.078.677.488.590;4.631.551.959.657.340;1.176.184.388.243.140;0.4023135123806363;0.5836771391593366;0.0034970482996186;11.323.507.255.044.300;95.922.112.368.556;100.0;9.275.961.570.784.150;110;110;8.340.180.301.073.010;1.963.415.097.182.670
B0-FF004_202306;B0-FF004;01/06/2023;17.679.476.885.458.200;957.899.347.187.068;10.488.567.407.572.400;6.271.979.009.541.380;10.639.986.956.130.200;1.107.985.411.496.940;0;0;6.160.955.643.171.550;9.887.134.932.065.660;5.407.695.239.701.420;6.918.926.815.560.230;5.466.874.207.184.030;3.773.512.386.912.670;1.395.868.233.432.220;50.331.381.601.066.900;22.222.413.309.074.600;28.900.581.410.405.900;14.453.015.289.155.100;7.297.215.342.189.890;20.280.136.301.411.600;GreenLeaf Agrochem Ltd.;"Odense, Denmark";Specialty Chemicals;247655;945;17.539.649.181.910.000;2.725.200.911.287.480;6.420.788.673.279.360;969.451.027.336.603;3.487.666.049.094.730;53.766.370.251.514.400;7.431.071.663.959.550;11.311.174.608.790.300;10.215.765.897.668.200;3.569.350.508.334.700;45.167.739.424.889.300;1.155.159.012.315.480;0.3862934835834267;0.6253448218552908;0.0034574741721665;1.108.360.971.182.000;9.488.838.807.807.650;100.0;930.084.259.352.465;108;106;8.298.776.703.342.700;1.918.974.013.985.460
B0-FF004_202307;B0-FF004;01/07/2023;16.849.688.616.914.600;9.316.231.367.625.480;1.059.890.987.537.150;616.628.421.637.974;1.058.554.684.590.140;109.293.165.592.617;0;0;6.417.304.315.316.990;10.385.647.597.547.700;51.423.648.728.540.600;7.210.793.941.681.930;521.552.808.661.271;3.626.098.049.232.940;1.378.909.876.266.430;4.973.807.213.246.500;2.187.168.063.213.330;2.968.419.318.643.900;1.363.277.325.096.380;7.337.785.596.664.910;2.119.119.317.609.180;GreenLeaf Agrochem Ltd.;"Odense, Denmark";Specialty Chemicals;240944;920;17.967.684.689.170.000;276.581.059.159.281;668.194.401.361.014;10.229.024.414.697.000;36.293.253.760.058.000;5.091.101.051.113.090;7.408.318.923.471.020;11.754.812.627.719.600;987.687.157.940.246;3.645.934.971.616.570;4.936.873.393.719.770;12.069.219.235.673.300;0.4192228900223205;0.6206610802378784;0.0034749040223475;10.468.997.775.441.900;9.234.183.614.350.170;100.0;9.310.365.138.216.130;109;111;8.594.686.855.005.870;1.924.461.609.609.190
B0-FF004_202308;B0-FF004;01/08/2023;1.700.483.619.418.530;9.348.223.380.000.470;1.053.881.606.260.940;62.910.278.072.307.000;10.746.021.128.951.400;11.015.392.087.392.600;0;0;6.123.940.736.883.800;944.700.031.493.569;5.362.642.024.046.950;6.930.601.739.567.110;547.047.240.473.013;3.661.258.472.389.760;1.327.127.381.004.280;4.834.300.568.269.140;22.477.157.016.442.500;30.791.267.256.156.000;1.405.180.752.857.840;682.601.960.620.372;19.172.675.363.229.600;GreenLeaf Agrochem Ltd.;"Odense, Denmark";Specialty Chemicals;252851;948;18.955.980.150.451.200;2.723.492.397.064.070;6.593.819.526.841.040;10.249.189.084.805.200;369.554.257.256.061;5.458.485.434.516.460;7.485.565.173.108.640;11.437.103.120.616.300;9.850.650.975.242.150;3.480.878.619.003.860;4.695.005.481.141.190;12.149.456.677.616.700;0.4062154263908287;0.6498897703691107;0.003441180544937;11.329.232.181.724.900;9.658.537.534.235.410;100.0;9.576.691.879.799.590;113;114;891.968.628.731.835;2.064.017.968.763.870
B0-FF004_202309;B0-FF004;01/09/2023;1.718.545.842.997.880;9.351.353.481.520.500;10.606.078.638.268.800;581.443.587.545.119;10.729.072.054.121.600;10.466.550.788.365.600;0;0;6.060.522.083.009.300;9.682.705.336.620.920;51.418.887.495.887.100;6.843.663.017.240.120;54.044.012.756.746.400;37.057.960.578.999.700;1.442.445.123.349.180;5.026.048.287.791.580;2.072.965.766.319.070;30.305.749.061.922.000;137.894.284.948.029;6.750.691.051.828.130;2.009.750.948.040.540;GreenLeaf Agrochem Ltd.;"Odense, Denmark";Specialty Chemicals;250069;963;18.135.950.594.226.000;26.713.415.098.621.300;6.469.556.542.078.120;9.582.674.694.057.900;3.670.633.713.572.770;5.738.551.913.392.040;7.618.523.435.007.600;11.691.448.554.646.800;1.013.255.323.041.690;3.353.894.212.054.690;45.742.240.818.802.500;11.515.825.395.278.000;0.4072234572288016;0.618875778010035;0.0034584569469255;106.551.232.684.974;10.093.247.933.654.700;100.0;9.561.835.007.041.360;109;112;8.520.851.361.108.200;1.980.017.897.390.700
B0-FF004_202310;B0-FF004;01/10/2023;16.390.340.886.522.300;9.393.029.763.839.360;10.555.760.364.045.800;61.976.572.613.063.800;1.015.873.317.418.990;11.241.632.300.436.200;0;0;616.808.221.514.232;9.761.232.164.917.830;5.479.624.661.272.840;6.920.971.307.756.470;5.810.997.379.435.460;3.662.611.804.051.350;1.428.269.478.636.170;47.922.050.623.683.500;21.812.883.444.505.300;3.110.887.983.104.070;14.542.959.068.407.100;7.090.188.105.208.560;2.070.792.971.414.420;GreenLeaf Agrochem Ltd.;"Odense, Denmark";Specialty Chemicals;232671;909;1.861.300.406.943.580;28.180.390.213.305.900;6.755.561.323.256.130;975.765.042.080.284;3.513.558.715.217.120;5.588.859.613.874.890;7.225.260.584.059.580;1.184.130.847.738.120;1.001.314.027.552.980;34.385.525.509.729.500;4.693.793.313.962.090;1.130.013.513.032.790;0.3889745149851979;0.6326606391634612;0.0035127836012076;11.345.299.936.136.000;9.660.297.796.304.460;100.0;9.705.047.144.826.660;113;112;8.712.364.485.830.000;18.419.511.125.757.200
B0-FF004_202311;B0-FF004;01/11/2023;1.674.155.702.914.460;896.856.534.833.509;10.723.365.267.537.300;6.047.011.590.635.420;1.144.259.495.978.310;10.666.148.713.840.100;0;0;6.257.363.035.864.060;935.556.584.001.126;5.118.928.210.006.460;6.761.043.260.773.210;5.522.731.009.297.470;35.982.001.246.280.600;14.956.805.261.768.600;4.826.979.731.890.220;22.836.295.029.353.300;3.168.884.456.322.330;15.022.369.653.331.300;7.118.163.443.079.910;2.055.268.124.085.160;GreenLeaf Agrochem Ltd.;"Odense, Denmark";Specialty Chemicals;252277;927;18.148.466.514.175.200;2.744.830.403.817.090;6.384.895.178.710.090;1.009.932.429.569.710;3.612.841.049.540.320;5.245.031.386.324.240;7.613.814.901.350.140;10.699.141.756.090.100;9.882.698.023.080.440;34.845.636.388.060.100;47.539.591.407.679.100;12.010.243.869.264.100;0.4139318332631833;0.6426669276872855;0.003444554196454;11.091.496.773.739.200;9.598.402.400.425.830;100.0;9.235.202.153.866.040;112;116;8.716.214.656.003.870;1.908.233.243.185.240
B0-FF004_202312;B0-FF004;01/12/2023;1.643.090.822.965.620;935.592.416.892.804;10.557.168.209.892.900;6.200.687.820.864.450;10.894.648.073.027.600;11.268.000.156.722.400;0;0;64.561.315.004.206.800;10.040.195.968.371.300;5.417.628.553.266.610;7.148.346.898.917.680;5.339.954.443.454.150;3.527.126.968.195.300;14.234.662.065.073.900;5.113.555.849.686.900;2.237.478.810.905.000;31.342.006.746.418.700;1.512.744.535.723.320;6.784.367.883.708.040;21.038.910.322.638.300;GreenLeaf Agrochem Ltd.;"Odense, Denmark";Specialty Chemicals;246452;949;17.574.478.679.625.400;2.870.749.343.340.620;6.451.678.577.564.730;9.367.403.792.388.590;354.025.862.828.437;5.363.176.053.825.280;7.937.536.311.271.560;11.647.290.706.846.400;1.012.168.920.357.250;3.516.089.679.336.230;467.934.167.948.533;1.249.744.983.093.400;0.4217429811283639;0.6059238232186698;0.0034396778702992;10.962.876.175.362.300;919.277.256.018.212;100.0;9.512.100.820.241.220;108;115;8.423.123.557.901.070;1.949.206.746.261.330
B0-FF004_202401;B0-FF004;01/01/2024;15.789.789.755.576.200;9.868.379.033.346.500;10.630.447.708.801.800;6.115.275.017.943.500;10.234.661.008.300.700;11.379.574.573.257.000;0;0;6.473.442.105.736.740;1.016.463.368.324.870;5.300.617.843.745.890;7.090.345.921.120.070;5.428.492.203.428.730;3.751.873.011.028.000;14.648.323.210.817.500;4.817.992.299.903.120;21.992.124.456.940.500;29.023.971.933.312.500;148.849.884.440.355;7.173.904.705.381.860;20.234.568.512.517.700;GreenLeaf Agrochem Ltd.;"Odense, Denmark";Specialty Chemicals;254725;961;18.164.304.270.573.600;2.739.765.754.002.440;6.573.380.043.008.970;9.923.234.333.546.260;3.463.306.617.174.480;5.607.143.396.618.300;741.563.187.675.287;11.309.969.444.891.600;10.186.950.006.233.500;3.692.240.093.038.670;4.873.996.649.239.490;1.159.212.825.944.430;0.4290570324148574;0.6353891161209765;0.003381173639534;1.082.599.551.035.260;9.911.483.237.746;100.0;9.445.302.953.123.990;109;110;8.237.601.000.633.230;1.942.915.615.880.390
B0-FF004_202402;B0-FF004;01/02/2024;16.677.412.852.337.000;9.507.217.334.936.180;10.587.572.611.219.600;6.177.934.745.989.210;1.045.731.931.367.300;11.118.749.573.621.900;0;0;6.337.986.587.749.440;1.020.300.945.782.870;5.262.467.407.207.050;7.388.080.704.526.600;5.329.585.713.358.210;3.695.213.245.778.720;14.416.473.202.429.700;5.194.545.527.282.390;2.168.799.986.176.680;29.348.021.711.807.800;141.750.566.655.285;7.297.236.139.706.410;221.338.698.237.886;GreenLeaf Agrochem Ltd.;"Odense, Denmark";Specialty Chemicals;249891;917;1.849.634.116.887.430;2.679.552.860.453.900;6.513.336.145.945.030;1.010.572.979.203.560;35.838.140.960.968.700;54.243.841.245.654.400;7.399.384.649.233.120;11.870.050.560.480.200;10.075.958.648.664.100;36.782.691.037.859;45.268.126.108.563;11.820.076.793.979.600;0.3990477977578307;0.6181742335546708;0.0034193593396215;11.496.669.002.668.200;990.386.186.378.841;100.0;9.375.302.691.964.660;111;115;8.617.379.251.013.750;1.982.815.974.921.470
B0-FF004_202403;B0-FF004;01/03/2024;1.782.291.625.681.170;9.773.623.001.469.740;10.637.910.086.707.100;6.126.873.182.693.550;1.036.526.371.280.360;10.773.061.680.471.000;0;0;6.102.431.500.866.390;919.226.235.535.634;5.194.481.586.489.250;7.177.436.335.173.570;5.653.875.423.128.840;36.300.893.252.632.900;14.308.334.896.277.600;5.099.635.800.437.280;2.129.082.834.640.370;3.172.771.647.871.840;14.242.769.880.736.800;7.432.132.447.732.270;20.777.014.939.710.700;GreenLeaf Agrochem Ltd.;"Odense, Denmark";Specialty Chemicals;241588;922;181.895.842.791.409;29.474.063.862.685.200;6.671.357.452.169.150;1.014.207.351.371.340;3.478.958.437.898.220;5.516.024.630.977.980;7.579.315.705.189.520;11.495.305.786.957.400;10.401.513.494.028.800;3.355.474.614.431.430;4.710.267.990.120.320;11.334.981.589.607.000;0.4151071444471531;0.6209536790023334;0.0034082625493203;1.056.698.438.583.990;9.859.812.413.267.950;100.0;9.200.766.472.235.180;116;113;7.933.460.598.965.180;20.664.022.266.376.100
B0-FF004_202404;B0-FF004;01/04/2024;1.792.531.486.946.770;9.996.463.029.493.230;1.078.476.707.604.630;6.013.754.097.619.490;10.535.034.981.132.900;10.421.479.055.841.500;0;0;62.657.744.197.974.000;9.821.272.604.929.640;5.281.600.193.661.910;7.167.905.285.559.260;5.416.424.011.239.970;3.829.815.544.063.500;15.138.336.809.625.100;4.973.910.307.392.010;2.221.140.960.491.640;2.966.218.941.924.530;14.883.794.708.202.900;700.618.813.812.498;2.043.369.613.034.310;GreenLeaf Agrochem Ltd.;"Odense, Denmark";Specialty Chemicals;259001;916;16.770.556.283.946.000;282.468.799.851.706;6.524.154.969.165.310;9.876.433.382.387.270;3.845.132.226.986.880;5.544.650.394.883.780;7.538.762.715.913.040;11.284.931.746.038.200;10.397.975.027.693.400;33.680.452.129.399.200;4.656.529.588.230.240;11.757.144.209.483.500;0.4178673038432525;0.6327335282055317;0.0034081439811464;1.132.388.999.950.780;9.077.831.298.617.910;100.0;9.240.917.140.102.480;114;110;8.569.632.262.596.080;2.005.994.617.739.470
B0-FF004_202405;B0-FF004;01/05/2024;16.158.426.023.605.900;9.542.843.908.316.650;10.031.169.400.725.400;6.291.822.130.045.610;10.330.898.682.205.300;1.129.526.974.632.780;0;0;66.231.005.182.378.400;9.528.121.176.915.690;5.502.824.950.024.900;7.384.580.887.040.080;5.410.198.322.257.240;3.521.963.108.966.800;14.761.445.332.533.200;5.123.460.272.320.220;2.150.427.670.462.250;3.068.749.048.018.070;15.004.515.571.594.800;7.139.577.671.109.580;2.105.175.828.434.880;GreenLeaf Agrochem Ltd.;"Odense, Denmark";Specialty Chemicals;252174;1000;1.805.768.552.698.140;26.558.117.113.897.900;6.346.151.326.787.250;987.377.466.796.308;34.580.468.882.698.200;5.157.640.055.160.430;797.950.264.558.712;11.725.455.335.713.400;10.110.714.053.365.700;35.532.063.136.951.100;448.124.719.310.879;1.219.240.806.979.520;0.3913566756210261;0.6458870849365235;0.0032922125532639;1.089.473.447.240.480;99.181.404.859.392;100.0;9.355.253.569.483.930;113;113;8.485.781.604.991.810;2.017.925.198.036.770
B0-FF004_202406;B0-FF004;01/06/2024;1.680.507.669.253.430;10.127.303.091.951.800;10.084.279.329.740.500;6.450.402.663.184.340;1.063.412.631.929.590;11.121.209.187.252.800;0;0;624.434.390.013.445;9.710.757.556.681;5.131.291.257.683.130;72.252.193.892.811.100;5.529.212.213.946.010;3.739.979.717.969.790;14.414.397.648.554.400;4.787.197.949.813.940;2.166.678.925.705.370;2.989.177.244.490.260;14.007.902.705.936.300;6.944.902.476.945.590;20.926.221.740.757.300;GreenLeaf Agrochem Ltd.;"Odense, Denmark";Specialty Chemicals;255258;930;17.528.360.968.301.500;27.200.763.805.996.400;6.678.477.066.378.750;1.046.451.870.321.270;35.525.296.452.291.300;5.201.949.046.334.040;7.288.780.919.851.350;11.620.641.557.346.700;10.590.548.820.474.500;3.754.570.239.184.270;45.721.040.004.964.700;11.845.812.835.073.400;0.4032723944590703;0.6196891234537967;0.0033853442678988;10.933.223.872.482.500;9.318.903.706.676.480;100.0;9.277.852.627.736.400;115;109;904.528.890.538.843;20.108.028.716.916.600
B0-FF004_202407;B0-FF004;01/07/2024;1.756.800.719.143.320;9.412.930.802.809.850;10.918.742.458.167.700;63.026.912.256.331.100;104.653.618.450.742;1.057.700.943.028.830;0;0;6.574.182.506.592.430;9.737.393.305.137.320;5.061.247.041.134.210;7.440.057.165.762.970;5.694.970.974.636.270;34.933.518.125.801.400;15.035.075.590.463.400;5.270.821.001.371.140;2.164.528.624.318.650;29.508.174.209.275.400;15.058.256.728.065.500;6.838.401.912.674.820;2.052.854.801.832.940;GreenLeaf Agrochem Ltd.;"Odense, Denmark";Specialty Chemicals;235471;958;1.896.121.559.626.420;2.804.144.117.548.150;682.101.183.289.211;9.998.475.164.908.570;35.761.229.083.751.600;5.243.542.726.680.570;7.555.119.301.501.400;11.309.272.052.674.900;10.245.386.782.130.300;35.400.652.963.994.400;4.700.729.890.299.820;1.255.606.946.954.610;0.4386794661919364;0.6646490840801668;0.0036801607940052;11.526.952.889.203.800;9.576.423.978.976.660;100.0;948.450.468.292.218;111;108;8.562.227.055.677.220;1.899.130.490.198.970
B0-FF004_202408;B0-FF004;01/08/2024;17.227.499.277.294.000;9.307.149.209.285.820;1.059.390.582.449.740;6.282.729.395.500.400;10.485.233.765.759.700;10.404.649.795.737.900;0;0;6.306.957.362.672.810;9.981.720.042.368.260;537.835.795.858.645;7.263.273.351.047.790;5.545.584.464.247.510;3.606.673.823.886.070;14.450.133.304.492.100;50.007.111.182.446.800;2.376.782.791.979.120;29.525.404.284.475.900;144.566.586.785.948;7.071.435.422.776.830;2.012.119.558.938.680;GreenLeaf Agrochem Ltd.;"Odense, Denmark";Specialty Chemicals;250758;947;16.884.790.736.020.200;2.833.910.729.889.760;6.499.711.492.907.600;10.084.457.353.208.400;364.213.586.910.346;5.390.227.282.419.330;7.500.658.824.755.170;12.437.249.501.202.100;9.640.351.638.396.840;34.308.258.561.614.300;45.950.969.541.811.800;124.569.709.674.869;0.4089846106055682;0.6428668666757812;0.0034462434922556;1.126.870.402.202.420;958.978.927.299.088;100.0;979.250.400.952.808;113;109;8.575.631.115.315.550;21.397.133.613.918.900
B0-FF004_202409;B0-FF004;01/09/2024;17.466.707.195.941.300;9.647.807.798.257.160;10.194.319.391.063.900;6.389.704.011.780.750;108.867.199.143.601;11.058.084.746.255.900;0;0;6.586.094.303.942.470;10.192.976.371.612.700;5.393.529.319.533.560;7.285.827.205.306.140;5.598.594.170.793.420;3.670.617.245.225.220;14.272.756.553.786.200;5.140.493.540.712.410;21.771.453.836.212.500;3.080.124.474.956.840;1.466.455.637.869.380;7.354.537.658.650.630;20.609.842.769.956.000;GreenLeaf Agrochem Ltd.;"Odense, Denmark";Specialty Chemicals;230944;951;18.419.958.908.970.300;2.859.464.810.666.860;6.495.608.718.938.930;10.292.164.987.807.700;3.695.293.554.137.030;5.578.833.666.237.710;7.413.771.706.886.520;1.135.609.345.683.570;10.452.288.166.124.900;3.746.626.935.873.440;4.758.005.755.605.720;11.776.801.747.351.700;0.400355231288046;0.6319889138176947;0.0034247276125326;11.089.671.032.776.600;9.168.162.771.462.120;100.0;9.153.118.316.077.090;115;109;8.359.427.288.736.240;20.140.659.065.737.200
B0-FF004_202410;B0-FF004;01/10/2024;16.960.494.068.004.300;10.295.188.499.259.600;10.940.281.411.370.200;6.263.921.406.577.990;1.073.809.888.515.640;10.192.401.591.313.800;0;0;6.414.278.096.231.240;1.000.523.532.301.620;549.986.269.950.597;7.231.300.918.906.110;556.319.507.204.763;38.054.078.592.825.100;14.505.437.401.195.900;5.037.166.501.955.470;2.233.300.977.769.850;3.190.290.988.084.770;149.899.944.460.428;690.541.894.873.344;21.387.957.689.075.900;GreenLeaf Agrochem Ltd.;"Odense, Denmark";Specialty Chemicals;249307;995;18.241.020.994.860.300;2.751.322.641.299.580;6.368.231.567.354.540;9.927.363.386.163.260;37.071.810.429.424;5.494.324.954.439.230;7.579.507.604.785.810;120.576.432.201.084;10.666.655.719.446.600;34.974.348.615.973.900;4.932.776.051.588.300;11.259.002.101.628.100;0.4237328138672005;0.6462264422377517;0.0036245375240495;11.219.644.081.661.800;9.544.089.863.169.780;100.0;100.0;112;114;7.998.553.253.695.430;1.949.739.114.329.300
B0-FF004_202411;B0-FF004;01/11/2024;17.481.371.899.606.500;91.590.175.592.376;10.830.510.183.875.000;6.131.242.636.807.960;10.302.739.211.713.100;10.739.400.951.007.800;0;0;6.259.695.455.582.190;10.078.155.195.139.500;5.528.884.203.877.100;7.246.978.207.395.490;5.664.973.492.359.390;38.049.488.581.457.300;1.469.179.451.834.860;4.978.517.171.833.240;2.137.654.645.082.280;29.108.979.345.418.400;14.373.346.601.361.400;7.083.917.257.387.270;2.086.037.364.914.290;GreenLeaf Agrochem Ltd.;"Odense, Denmark";Specialty Chemicals;245878;1013;18.057.303.962.523.300;27.811.387.633.043.200;6.285.611.263.609.720;10.828.202.683.440.000;3.440.091.036.955.460;5.351.954.654.754.570;7.769.487.103.477.710;11.705.115.813.037.100;108.501.340.317.045;3.657.649.741.334.460;4.754.851.127.077.240;12.233.143.142.510.200;0.4330087635450277;0.6276986776266568;0.0036088789099373;1.103.102.165.561.780;959.534.174.090.796;100.0;9.351.569.040.829.200;110;115;8.133.238.792.292.510;1.937.819.659.970.990
B0-FF004_202412;B0-FF004;01/12/2024;17.581.237.674.843.000;961.473.944.161.417;10.983.903.370.698.800;6.341.857.955.855.870;10.218.324.775.668.200;11.012.268.689.527.100;0;0;63.520.428.781.451;977.887.074.081.678;53.097.941.285.181.800;7.047.139.118.348.260;527.067.715.847.274;37.407.256.964.527.200;1.396.672.970.043.350;5.174.651.651.470.560;21.788.735.116.195.100;2.949.073.211.304.570;14.498.176.332.640.800;7.621.390.112.293.030;2.100.391.565.097.040;GreenLeaf Agrochem Ltd.;"Odense, Denmark";Specialty Chemicals;251274;968;17.493.323.096.372.100;29.094.822.784.647.000;6.605.952.650.301.270;976.148.491.736.151;3.530.321.570.918.410;5.440.052.787.857.100;7.790.323.645.293.360;11.394.522.803.537.100;11.165.533.037.702.300;34.834.815.832.840.100;4.859.327.118.394.210;11.171.452.052.385.000;0.4173368802702578;0.6481487836303302;0.0033934632145821;11.617.247.509.470.100;9.761.408.878.287.950;100.0;9.590.406.633.407.950;110;116;8.793.534.079.289.980;20.262.152.486.827.300
B0-FF004_202501;B0-FF004;01/01/2025;17.567.935.190.295.200;92.189.150.006.092;11.148.281.198.374.900;6.262.656.185.460.320;1.098.359.519.653.530;11.251.160.145.642.700;0;0;627.152.412.171.271;10.536.502.913.907.100;5.160.044.453.727.060;7.105.047.118.583.450;5.525.799.836.081.520;3.706.521.903.977.140;14.124.840.134.942.700;518.652.361.514.446;2.281.019.809.286.960;30.717.140.763.788.300;1.457.558.566.289.130;7.173.924.791.574.030;2.077.284.499.746.020;GreenLeaf Agrochem Ltd.;"Odense, Denmark";Specialty Chemicals;234196;973;1.870.336.062.708.360;27.784.536.690.233.000;6.209.999.362.463.320;9.997.668.636.715.810;36.868.884.724.796.800;5.243.492.935.093.860;7.786.622.510.019.380;1.148.926.457.717.680;10.357.317.093.752.100;3.514.358.525.158.480;4.614.224.778.495.000;12.399.208.886.480.100;0.4296154975372984;0.6542038429738097;0.0036110762837182;1.129.735.645.574.050;9.919.628.084.880.880;100.0;9.872.280.957.708.330;117;113;8.469.178.860.947.710;1.932.341.084.852.710
B0-FF004_202502;B0-FF004;01/02/2025;17.388.770.146.725.100;10.145.131.601.591.000;10.317.786.082.291.400;648.033.398.353.634;10.516.737.044.224.100;10.888.117.564.673.300;0;0;6.581.994.388.815.920;1.011.017.503.317.580;5.450.705.678.076.210;7.244.532.032.115.390;5.341.794.849.442.710;37.124.566.818.149.200;14.215.835.112.708.700;5.130.293.129.430.120;2.201.927.919.506.210;304.947.282.766.566;1.478.022.359.478.290;7.262.532.986.623.560;2.188.577.326.086.630;GreenLeaf Agrochem Ltd.;"Odense, Denmark";Specialty Chemicals;244542;982;192.937.454.780.604;28.423.667.478.469.100;6.903.032.899.959.580;9.993.702.773.256.420;3.515.646.864.291.270;5.459.725.371.892.800;7.623.636.453.427.420;12.032.153.330.049.400;10.147.428.375.766.700;35.825.814.240.798.900;49.364.098.360.696;11.977.717.575.636.100;0.4196759792495818;0.6470922190109138;0.0034000816724835;10.759.425.330.330.200;9.196.873.902.617.240;100.0;9.752.478.780.289.230;115;116;8.925.479.872.406.630;20.168.887.914.509.600
B0-FF004_202503;B0-FF004;01/03/2025;1.725.573.082.648.370;10.095.656.684.668.300;10.476.729.515.531.900;6.072.600.432.575.340;10.570.740.379.523.400;10.877.017.815.739.700;0;0;6.535.489.459.985.390;9.723.517.039.158.040;56.179.897.830.789.100;7.099.232.166.948.810;5.507.616.906.297.690;3.672.382.676.391.810;14.488.633.531.308.800;5.245.471.693.389.250;2.243.569.015.433.370;30.682.555.722.053.100;15.031.593.837.684.100;7.376.436.573.680.320;21.304.469.487.659.400;GreenLeaf Agrochem Ltd.;"Odense, Denmark";Specialty Chemicals;250186;986;17.419.776.085.949.800;2.768.031.975.794.090;67.527.470.103.879;10.105.288.697.676.200;35.661.453.618.685.600;5.553.740.029.920.850;7.735.327.521.903.170;11.833.963.228.830.600;10.139.071.489.432.700;34.431.162.392.229;4.902.982.406.373.520;11.648.465.482.017.000;0.4100407765548692;0.6257996629561319;0.0036446327529045;11.224.894.430.821.000;97.669.274.413.494;100.0;948.918.891.740.551;116;108;8.282.907.380.987.980;19.415.756.069.545.200
B0-FF004_202504;B0-FF004;01/04/2025;17.527.131.722.363.300;9.825.213.348.057.730;1.056.162.676.743.040;6.258.123.690.388.300;11.097.718.510.808.900;10.809.879.733.100.700;0;0;6.683.631.749.787.530;10.089.955.103.026.700;5.196.636.509.719.940;7.313.497.689.353.030;5.191.485.283.894.850;3.814.040.387.540.440;15.289.456.986.491.500;4.774.969.529.062.590;21.328.343.382.309.900;309.899.032.141.933;1.473.417.611.981.390;7.113.592.831.212.880;20.054.063.836.360.900;GreenLeaf Agrochem Ltd.;"Odense, Denmark";Specialty Chemicals;249984;994;19.910.234.388.179.800;2.910.371.010.207.300;6.424.248.988.662.210;1.020.199.979.805.810;3.665.147.659.727.270;538.446.659.302.882;7.831.583.858.706.910;11.929.756.536.281.400;10.783.243.999.094.400;3.686.654.025.414.720;4.833.696.501.884.560;11.698.611.647.080.300;0.4044118276735464;0.648135265716776;0.0034841128108056;11.063.259.386.553.100;10.003.883.959.123.300;100.0;9.159.162.877.571.060;112;111;8.652.101.516.643.780;18.757.474.240.493.100
B0-FF004_202505;B0-FF004;01/05/2025;16.567.759.562.519.500;965.461.703.681.794;10.978.179.638.853.900;6.323.215.717.232.240;10.918.317.710.681.500;11.117.374.968.300.600;0;0;6.330.168.318.985.980;10.176.904.817.494.000;5.512.992.727.242.340;793.371.260.758.318;5.410.207.809.645.100;37.047.633.291.687.100;13.973.915.781.789.600;4.965.478.165.923.290;2.256.471.933.054.000;3.105.921.377.038.390;1.499.820.264.539.150;7.322.672.877.210.730;21.030.372.962.153.600;GreenLeaf Agrochem Ltd.;"Odense, Denmark";Specialty Chemicals;246049;941;1.797.732.462.654.350;2.798.824.963.772.330;6.731.565.581.348.320;10.434.668.457.125.400;367.097.368.255.108;576.110.955.366.712;7.437.337.101.389.870;1.161.440.058.800.040;10.132.221.306.105.800;3.742.049.541.621.560;4.725.617.844.099.560;1.235.364.745.535.090;0.439550597527687;0.6526043037325292;0.0035617411816703;11.191.345.040.966.000;9.596.597.463.933.070;100.0;947.997.254.394.534;119;109;8.633.177.033.121.440;20.577.755.504.571.200
B0-FF004_202506;B0-FF004;01/06/2025;17.198.079.992.753.300;98.204.315.822.419;10.252.319.783.842.500;6.566.925.761.392.150;11.077.996.560.507.700;1.103.136.731.219.990;0;0;6.261.669.031.097.530;962.580.151.974.896;5.427.409.827.955.990;7.723.729.944.304.010;5.655.572.391.474.180;3.649.606.774.025.930;13.707.760.254.656.900;5.126.737.589.374.760;22.499.519.372.522.200;30.835.138.001.296.700;15.575.267.667.237.800;7.189.560.123.230.710;19.751.600.082.500.000;GreenLeaf Agrochem Ltd.;"Odense, Denmark";Specialty Chemicals;245093;983;1.859.704.772.360.660;27.917.908.536.932.300;6.630.546.196.405.980;9.614.414.363.792.230;3.618.350.603.966.220;5.454.046.871.582.780;7.726.607.956.358.350;11.881.367.717.628.900;1.080.800.421.423.440;35.044.635.071.457.300;46.167.306.955.956.200;11.747.153.122.436.900;0.4123489248812998;0.6293343457235547;0.0036877728681784;11.240.430.717.646.300;1.027.328.821.026.260;100.0;9.197.365.783.012.220;110;116;8.297.697.403.526.730;20.507.410.417.829.700
B0-FF004_202507;B0-FF004;01/07/2025;17.179.154.643.324.200;9.439.093.923.725.470;11.195.787.764.221.400;6.211.117.791.290.020;10.459.809.879.463.300;11.049.903.354.309.300;0;0;669.863.717.393.197;9.759.694.139.646.030;536.448.386.872.314;6.947.332.475.256.910;5.577.893.372.040.050;3.642.407.023.947.010;1.449.017.797.130.910;4.823.580.014.425.660;2.233.752.346.792.140;32.512.875.620.224.200;14.814.762.549.668.400;7.058.074.018.737.820;2.121.337.089.177.820;GreenLeaf Agrochem Ltd.;"Odense, Denmark";Specialty Chemicals;247915;1035;18.219.977.714.203.200;2.708.303.937.522.460;6.710.957.761.830.380;10.299.208.438.819.900;3.673.952.268.999.420;564.110.238.892.198;8.128.049.960.960.410;1.151.211.725.968.210;10.216.571.943.337.300;34.109.255.552.562.500;4.903.878.205.380.240;11.647.494.573.269.600;0.4334071131771746;0.6364902795328898;0.0037216340439782;10.721.044.527.740.300;10.007.927.426.330.300;100.0;9.693.653.842.960.560;109;115;8.631.997.704.210.410;19.083.177.538.154.200
B0-FF004_202508;B0-FF004;01/08/2025;18.196.613.809.261.100;961.975.596.472.613;1.123.856.925.291.010;6.316.806.962.985.460;11.054.248.738.122.200;10.802.281.929.771.500;0;0;6.436.105.078.254.530;9.687.226.610.303.850;4.946.784.452.984.560;7.215.590.192.025.640;5.677.921.261.368.610;3.573.850.213.895.110;13.952.093.451.995.400;49.106.501.144.736.000;22.520.098.771.934.700;30.140.031.823.346.700;15.348.955.786.081.700;7.393.316.406.036.030;2.137.713.307.926.640;GreenLeaf Agrochem Ltd.;"Odense, Denmark";Specialty Chemicals;250932;950;18.002.266.436.138.500;28.727.957.922.042.400;6.897.929.871.569.210;10.466.266.286.918.900;3.565.883.653.745.960;545.722.761.880.228;747.116.509.807.205;12.004.815.342.109.500;982.830.805.113.748;3.376.669.610.670.690;4.524.155.085.418.210;11.209.052.165.046.800;0.4397795443266185;0.661988436629106;0.0034149057973343;11.179.402.522.018.400;10.147.990.173.054.700;100.0;100.0;113;111;8.329.439.867.595.170;2.022.822.899.449.210
B0-FF004_202509;B0-FF004;01/09/2025;17.891.593.376.014.300;9.760.070.971.411.940;1.065.638.215.276.360;6.575.411.926.062.640;10.920.067.274.026.100;11.062.505.479.254.000;0;0;6.598.555.573.369.960;9.724.330.147.159.010;5.252.111.755.797.800;7.304.743.196.425.920;5.558.894.622.554.230;38.867.567.849.404.800;1.397.950.313.201.350;5.172.078.058.902.840;222.176.731.455.828;30.791.831.158.676.100;15.507.545.954.830.500;7.259.416.995.887.570;206.896.957.159.768;GreenLeaf Agrochem Ltd.;"Odense, Denmark";Specialty Chemicals;255573;997;1.788.992.688.100.630;2.715.086.985.169.280;6.804.047.364.789.950;10.251.333.045.649.900;3.569.768.899.812.420;5.703.250.100.848.740;7.557.667.178.919.200;1.189.571.640.458.630;1.082.257.708.582.800;358.288.290.170.901;4.554.493.738.443.260;11.847.117.991.010.600;0.425437372127252;0.6669089415509525;0.0034906949903427;11.807.631.986.154.500;9.351.962.605.409.130;100.0;94.951.010.276.234;118;108;8.728.070.063.724.140;2.008.764.725.227.720
B0-FF004_202510;B0-FF004;01/10/2025;1.822.104.048.562.000;9.499.576.434.794.280;10.918.224.114.689.300;6.183.937.535.401.080;10.821.920.176.571.600;10.989.226.582.925.200;0;0;6.594.372.152.541.140;9.644.634.114.093.060;5.276.987.896.336.060;7.073.382.990.863.200;5.396.606.059.238.100;3.794.228.802.485.080;1.469.556.139.069.940;5.245.122.609.252.570;21.737.607.742.620.900;3.123.757.530.347.760;1.456.518.509.723.240;745.729.900.311.336;2.156.803.210.162.000;GreenLeaf Agrochem Ltd.;"Odense, Denmark";Specialty Chemicals;244299;1005;18.744.993.169.570.400;27.016.302.818.607.300;6.391.176.774.081.670;9.857.321.527.022.570;3.804.167.567.628.910;5.365.498.134.379.120;8.136.302.275.439.960;1.138.338.885.219.890;10.097.002.350.805.300;3.719.308.335.878.030;4.958.113.450.292.760;12.205.362.563.347.800;0.4320854748521524;0.6325456600945751;0.0036387125422376;1.132.040.591.223.790;9.634.971.775.539.980;100.0;9.878.771.382.081.400;115;106;885.807.530.833.544;20.753.026.095.972.900
B0-FF004_202511;B0-FF004;01/11/2025;17.242.433.093.490.300;978.647.225.582.046;1.083.209.895.797.400;59.732.373.011.946.000;10.643.091.704.587.500;11.003.305.811.527.300;0;0;6.650.104.015.935.840;9.736.881.631.888.220;561.506.239.319.829;7.564.840.700.113.340;5.806.934.201.871.410;3.936.812.478.956.530;1.527.295.749.540.540;49.651.972.187.924.000;226.848.451.139.718;3.040.225.283.901.890;16.317.163.110.639.100;7.391.236.313.068.730;2.222.484.606.549.510;GreenLeaf Agrochem Ltd.;"Odense, Denmark";Specialty Chemicals;252736;898;18.049.536.001.152.800;27.639.494.879.475.100;665.706.409.405.165;10.394.751.110.205.000;36.833.450.844.501.300;5.103.432.982.750.460;7.656.325.456.801.180;11.601.119.607.707.500;10.911.006.436.847.100;3.692.041.365.473.790;4.802.887.174.913.130;12.098.878.520.003.600;0.402499298136441;0.6617103062483279;0.0035116866238968;10.979.170.677.635.900;10.136.819.368.171.500;100.0;9.393.202.091.034.790;111;115;8.711.451.637.507.680;20.297.865.509.514.300
B0-FF004_202512;B0-FF004;01/12/2025;16.829.401.775.578.500;9.453.774.510.709.260;10.564.692.502.905.100;6.319.832.873.130.780;10.771.240.205.268.100;11.083.078.992.493.700;0;0;6.693.829.656.273.670;10.346.057.544.868.400;5.547.978.825.070.760;7.451.852.911.239.560;5.653.982.717.954.170;37.716.107.665.967.600;1.488.305.543.851.730;50.031.329.230.668.400;22.966.101.837.265.400;31.260.965.058.722.200;14.065.186.302.090.000;728.410.283.761.258;2.050.584.191.522.550;GreenLeaf Agrochem Ltd.;"Odense, Denmark";Specialty Chemicals;245740;972;17.667.485.788.399.600;28.205.008.110.489.500;6.757.067.601.290.200;10.528.191.639.408.700;3.583.257.430.554.640;5.591.789.308.581.660;7.697.411.206.508.420;11.637.621.477.861.300;9.962.666.924.607.700;3.619.369.984.287.580;4.942.640.547.309.500;11.694.268.700.901.000;0.421643494471983;0.6481681268760959;0.0036753819698786;11.274.095.694.752.200;9.847.283.506.381.040;100.0;9.453.237.006.150.820;110;113;874.819.656.639.667;20.376.948.474.459.400
B0-FF004_202601;B0-FF004;01/01/2026;18.254.449.014.744.200;10.050.826.013.451.600;11.221.683.643.866.600;5.976.127.271.299.400;11.307.834.667.128.600;11.237.843.231.196.300;0;0;65.387.849.176.172.400;9.679.648.703.598.120;5.715.558.569.769.710;7.272.214.458.366.160;542.600.503.488.512;3.723.934.636.019.240;14.378.149.628.784.400;5.160.086.777.500.510;22.435.477.585.384.500;3.239.725.858.288.120;15.092.682.410.715.900;7.086.130.036.884.200;2.090.350.607.148.590;GreenLeaf Agrochem Ltd.;"Odense, Denmark";Specialty Chemicals;247108;966;1.823.813.068.972.680;27.346.444.169.050.900;6.809.343.087.525.030;1.016.528.982.629.480;3.532.809.175.991.310;5.633.000.535.785.780;7.924.437.818.541.210;11.711.349.831.862.800;11.060.842.830.558.000;3.877.101.617.125.860;4.912.048.459.459.720;11.874.939.575.108.800;0.4283050114381765;0.6263606180375408;0.0034684200904034;10.706.914.004.734.600;9.589.228.508.189.760;100.0;978.518.397.172.077;111;115;8.849.750.865.617.000;2.103.820.322.812.560
B0-FF004_202602;B0-FF004;01/02/2026;17.312.068.789.398.000;98.752.678.149.659;10.942.045.153.084.400;6.614.170.624.465.550;11.062.065.913.467.300;11.597.073.963.816.100;0;0;6.744.181.881.189.860;1.018.603.869.732.570;5.463.069.249.919.920;7.345.858.730.342.690;5.729.846.562.896.110;3.531.398.280.097.350;14.908.449.836.607.000;5.179.141.058.013.480;2.219.580.735.451.600;31.642.432.674.946.300;14.731.063.507.524.000;7.287.520.986.909.890;2.135.879.909.462.250;GreenLeaf Agrochem Ltd.;"Odense, Denmark";Specialty Chemicals;255881;983;17.482.164.686.233.300;27.129.466.497.623.500;6.538.048.401.473.640;10.458.633.686.753.800;3.701.409.292.650.560;5.836.677.495.691.510;7.500.819.352.235.250;1.227.498.877.578.830;9.899.993.908.672.090;3.641.346.439.178.600;4.880.787.668.104.960;12.144.775.336.500.100;0.4213867933108433;0.65325327773649;0.0034333130013624;11.581.348.348.418.800;9.857.407.822.445.150;100.0;9.535.275.599.727.030;113;116;9.078.234.485.721.530;19.495.390.142.556.300
B0-FF004_202603;B0-FF004;01/03/2026;1.675.767.897.604.010;9.872.901.676.856.520;1.073.442.654.735.940;640.167.717.606.401;10.811.982.632.918.300;11.381.255.472.556.600;0;0;6.393.591.351.348.420;9.974.219.430.692.290;5.282.898.668.327.660;7.451.653.682.429.440;561.368.108.333.407;3.718.080.320.016.100;14.669.630.090.717.900;4.920.272.273.323.400;21.905.697.171.768.200;3.013.652.310.529.050;15.313.621.630.446.700;7.793.357.352.414.550;20.845.832.243.321.500;GreenLeaf Agrochem Ltd.;"Odense, Denmark";Specialty Chemicals;248793;959;18.687.541.959.630.400;2.782.518.155.156.790;6.822.554.116.636.470;10.534.554.132.325.500;3.510.723.944.524.760;5.609.493.585.048.240;7.327.801.509.734.370;1.173.286.674.594.030;1.042.026.998.415.630;36.183.024.164.666.700;480.498.262.031.101;1.189.121.923.909.730;0.4224026069174524;0.6563111079789649;0.003597805938087;11.339.634.769.062.300;962.613.370.994.314;100.0;100.0;109;114;855.247.988.023.752;2.093.363.960.189.740
B0-FF004_202604;B0-FF004;01/04/2026;1.752.884.754.818.180;982.091.366.157.085;11.015.381.391.418.500;6.327.835.537.695.030;11.376.488.195.461.400;11.355.890.621.935.800;0;0;6.531.687.055.932.130;10.277.598.775.709.100;5.612.761.642.679.620;7.188.217.481.771.680;5.631.005.848.835.950;3.815.971.967.771.590;1.453.684.382.961.720;5.235.113.888.313.010;22.515.332.199.082.000;29.134.390.956.086.900;1.434.855.424.262.970;7.510.378.070.346.960;21.277.631.230.277.900;GreenLeaf Agrochem Ltd.;"Odense, Denmark";Specialty Chemicals;252260;980;18.124.278.436.315.000;27.975.568.775.870.400;6.839.311.923.709.400;10.473.351.428.640.500;3.888.003.486.238.890;5.490.354.235.936.550;8.141.579.134.835.870;11.531.115.879.907.800;10.688.230.242.950.000;3.666.749.370.578.830;4.837.301.159.372.950;12.081.439.595.257.400;0.4182962707057605;0.6700503818764041;0.003482831128279;11.420.562.885.404.500;10.027.612.808.458.400;100.0;9.917.518.233.622.240;116;112;8.478.981.011.606.370;19.693.613.175.167.500
B0-FF004_202605;B0-FF004;01/05/2026;16.904.409.537.014.500;9.815.448.613.622.580;10.628.809.242.845.300;66.216.777.209.748.100;10.654.771.235.379.800;11.228.592.317.802.200;0;0;6.777.428.785.797.090;10.253.703.470.636.600;56.352.196.363.216.800;7.609.469.735.181.310;5.487.637.596.290.660;3.682.928.742.959.150;14.807.756.679.814.500;5.421.717.960.198.660;22.860.996.051.794.900;32.191.804.035.761.900;14.716.182.584.129.900;7.545.415.934.587.620;2.118.790.331.959.550;GreenLeaf Agrochem Ltd.;"Odense, Denmark";Specialty Chemicals;252913;971;1.910.075.147.970.740;2.917.304.634.284.650;647.942.499.797.455;10.762.367.109.835.800;3.912.802.684.514.190;5.516.762.035.609.350;7.731.854.657.500.040;1.229.003.031.021.990;10.566.325.740.273.500;36.507.910.692.317.500;5.137.508.837.956.000;11.605.073.350.414.000;0.4166185771214719;0.6612508507396272;0.0034032204495788;1.119.828.907.265.380;9.703.323.515.595.980;100.0;9.847.509.479.652.780;108;112;8.513.102.262.221.830;20.279.485.949.257.000
B0-FF004_202606;B0-FF004;01/06/2026;16.994.727.098.578.100;9.959.596.122.936.960;10.651.121.345.462.700;6.511.611.744.598.120;1.085.387.348.803.360;10.881.795.978.765.300;0;0;662.723.948.416.922;998.281.899.210.709;5.332.861.924.769.430;7.724.590.604.024.060;57.603.829.509.652;367.853.778.529.492;1.432.407.100.485.870;5.258.560.807.718.460;2.182.590.817.115.430;3.071.987.592.097.190;14.500.940.059.338.700;7.091.499.753.110.040;21.017.050.772.817.500;GreenLeaf Agrochem Ltd.;"Odense, Denmark";Specialty Chemicals;258207;931;18.866.760.226.130.000;2.865.447.525.439.290;6.984.275.996.499.340;104.419.037.471.445;3.614.799.551.673.860;5.445.683.715.877.750;8.000.611.337.456.710;1.203.906.659.693.280;10.400.406.723.507.200;3.754.832.705.081.960;4.801.034.497.744.000;1.210.925.253.278.850;0.4194322726258367;0.6642398169997397;0.0034740717967175;11.235.683.506.206.000;963.349.493.839.175;100.0;97.699.534.894.779;110;116;8.316.909.973.602.570;21.777.865.511.060.700
B0-FF004_202607;B0-FF004;01/07/2026;1.732.235.600.423.000;10.146.693.045.382.700;1.095.509.662.493.910;6.451.981.998.899.290;10.486.368.107.434.800;11.505.023.460.733.900;0;0;6.559.194.498.303.440;10.105.082.481.730.200;53.665.823.649.826.700;745.780.292.103.508;5.556.814.062.720.430;3.694.780.642.464.140;14.700.270.742.240.100;5.249.656.872.144.880;2.281.846.394.498.320;3.124.513.125.963.950;15.169.140.849.128.800;7.373.774.688.493.870;2.156.715.389.518.430;GreenLeaf Agrochem Ltd.;"Odense, Denmark";Specialty Chemicals;252900;1019;1.797.058.600.202.800;2.819.301.878.705.740;686.335.469.203.242;9.880.626.409.338.060;38.121.156.021.414.600;5.630.956.990.421.150;8.001.415.213.293.760;12.273.920.027.622.900;10.698.723.182.673.300;3.414.026.728.652.630;489.295.447.533.791;12.199.705.551.660.500;0.4136957649365386;0.6193353230035447;0.0036343823912802;1.092.412.912.529.110;1.044.539.190.929.990;100.0;100.0;114;117;8.725.743.437.790.100;21.073.262.386.799.700
B0-FF004_202608;B0-FF004;01/08/2026;16.534.310.100.560.600;10.110.020.154.229.100;1.111.981.146.730.110;6.382.759.266.547.800;107.446.729.491.515;11.132.378.840.266.200;0;0;647.865.902.200.734;956.220.689.295.702;5.930.647.324.528.620;765.134.298.141.831;5.567.643.734.889.810;3.913.514.258.932.290;1.506.749.884.054.740;5.275.411.366.220.950;22.347.984.948.336.700;32.003.142.444.631.300;15.490.784.747.719.000;695.030.771.393.481;21.672.372.887.820.200;GreenLeaf Agrochem Ltd.;"Odense, Denmark";Specialty Chemicals;254170;993;18.690.564.540.055.800;2.950.967.257.272.950;6.758.619.238.034.910;10.383.466.472.200.400;36.989.366.241.674.100;55.643.691.413.852.300;7.462.739.397.069.510;11.964.156.009.820.000;10.650.893.059.210.700;3.622.916.732.815.840;48.572.576.106.092.800;10.978.000.187.714.400;0.4436193484641723;0.6728888962685856;0.0034445651288769;111.314.443.812.782;102.755.707.779.139;100.0;9.817.136.664.249.470;113;116;8.734.320.229.956.090;2.030.417.973.454.390
B0-FF004_202609;B0-FF004;01/09/2026;1.783.566.862.567.700;971.240.947.449.306;10.328.696.814.720.700;6.240.650.230.119.450;10.547.569.162.202.900;10.704.094.232.489.700;0;0;6.661.243.644.519.230;10.245.079.871.322.700;5.650.581.187.863.150;7.599.959.213.896.470;5.474.078.097.231.700;3.848.574.893.511.640;14.770.343.653.795.200;554.616.064.749.921;22.702.238.931.167.100;3.176.956.079.445.870;1.497.388.223.529.930;7.347.116.198.895.370;2.153.850.803.592.480;GreenLeaf Agrochem Ltd.;"Odense, Denmark";Specialty Chemicals;248899;991;19.033.302.006.095.100;28.167.368.924.923.100;6.979.738.101.157.210;10.618.271.022.005.400;3.571.308.598.541.840;5.438.363.046.527.060;7.899.675.864.166.480;11.690.814.923.163.300;10.258.471.036.462.400;3.855.859.930.919.990;4.740.335.605.201.180;115.934.571.059.444;0.4184844240228608;0.6604414911423958;0.0036003795832025;12.017.846.239.829.800;9.630.976.847.052.930;100.0;100.0;112;117;8.250.704.368.880.270;2.158.185.113.106.570
B0-FF004_202610;B0-FF004;01/10/2026;1.817.581.614.679.100;966.729.400.948.396;1.119.651.334.120.450;667.937.044.670.002;10.480.144.464.132.800;11.054.746.600.505.200;0;0;6.684.676.584.638.900;10.119.591.356.269.000;5.679.056.248.072.310;7.632.028.468.686.220;566.387.247.683.094;35.481.066.949.330.200;14.970.496.270.587.800;5.323.794.111.166.690;2.187.631.603.565.120;3.033.737.192.224.820;15.266.161.650.219.000;7.387.051.530.676.840;20.295.586.773.357.200;GreenLeaf Agrochem Ltd.;"Odense, Denmark";Specialty Chemicals;246232;996;1.908.456.644.183.760;2.805.643.370.552.870;6.786.215.920.989.980;10.132.137.088.613.900;3.817.966.354.236.490;56.356.511.305.078;7.646.947.049.072.580;1.150.009.757.906.570;10.199.144.079.213.100;38.704.268.442.960.100;486.166.556.183.681;12.016.035.584.051.300;0.4262760597578374;0.6441744618768949;0.0035847668507983;1.139.804.755.083.160;9.873.259.747.712.460;100.0;9.958.707.288.026.510;113;112;8.555.419.250.983.370;198.742.584.957.376
B0-FF004_202611;B0-FF004;01/11/2026;1.781.000.306.272.140;10.144.665.651.995.100;10.699.071.575.860.500;6.077.392.882.909.490;105.770.241.852.894;111.178.610.571.558;0;0;6.496.126.750.934.270;1.010.446.482.702.640;5.295.378.757.786.980;7.655.384.232.420.310;5.933.566.727.290.970;3.953.466.714.775.750;14.446.598.755.972.500;5.320.028.168.689.090;23.121.091.612.791.000;31.435.155.882.305.500;15.128.779.025.616.500;7.502.772.789.054.600;22.169.191.261.059.300;GreenLeaf Agrochem Ltd.;"Odense, Denmark";Specialty Chemicals;246575;1010;19.661.057.736.813.500;29.344.259.069.011.700;7.138.214.885.019.130;9.610.398.597.843.800;3.741.754.965.156.980;5.656.795.743.463.980;8.052.321.649.675.250;1.152.341.452.209.790;10.452.314.493.211.900;3.774.144.537.147.430;4.736.821.410.816.820;12.263.358.651.071.400;0.429262817050311;0.6534292400983066;0.0036620260800429;11.016.890.484.231.200;9.648.196.087.503.220;100.0;9.359.560.205.161.010;119;112;8.955.737.256.995.950;2.000.465.789.287.140
B0-FF004_202612;B0-FF004;01/12/2026;18.060.654.079.551.400;9.412.654.598.291.600;11.410.645.642.319.000;6.659.307.696.586.600;1.074.389.075.521.280;11.002.066.056.276.600;0;0;6.619.393.945.217.800;9.874.816.151.158.940;5.500.710.770.930.420;7.387.006.273.956.620;5.522.484.908.252.600;39.890.908.148.455.500;15.064.688.002.241.600;4.989.209.061.102.370;22.171.731.863.203.300;3.232.054.656.743.020;15.502.798.019.057.400;7.054.173.740.799.850;22.073.115.104.861.100;GreenLeaf Agrochem Ltd.;"Odense, Denmark";Specialty Chemicals;255012;931;1.851.826.176.306.150;2.850.141.764.740.500;684.093.742.567.393;1.001.583.659.449.540;35.957.630.883.380.000;5.513.323.681.302.610;7.694.330.476.871.620;11.753.043.051.716.700;10.582.573.856.494.100;3.712.976.410.304.830;5.158.277.410.986.460;1.250.633.568.956.880;0.4469267083806238;0.648507319507595;0.0034954860984044;11.684.896.784.463.300;988.519.021.413.619;100.0;9.462.578.670.080.020;117;114;8.637.613.837.249.740;2.033.999.502.696.330
B0-FF005_201001;B0-FF005;01/01/2010;622.673.631.784.232;7.720.805.848.029.580;886.807.399.868.875;23.394.706.395.778.800;11.147.253.605.426.600;8.558.066.767.134.890;0;0;4.297.466.215.744.040;12.375.085.159.830.300;12.517.488.637.246.000;4.332.771.433.125.660;3.157.070.971.656.160;2.004.983.540.383.700;5.267.996.023.595.910;3.031.892.698.104.890;9.388.175.222.807.900;1.281.260.554.005.170;7.050.654.828.254.050;16.997.408.561.498.000;12.003.885.988.666.300;Zenith Industrial Gases Center;"Houston, United States";Petrochemical;661933;1776;10.604.642.048.235.600;21.921.269.286.569.400;4.859.983.623.072.320;9.709.783.559.761.980;3.257.453.710.798.060;7.869.434.743.638.520;2.242.952.301.400.230;4.767.369.445.031.270;8.241.344.855.059.300;4.556.727.404.906.130;6.219.234.642.226.250;1.513.413.964.850.700;0.0638428844930472;0.1881171744925643;0.0018885845372092;9.070.285.249.446.680;7.594.522.843.667.780;8.794.619.647.679.990;7.741.890.007.286.310;90;88;206.756.805.339.458;29.472.284.977.742.000
B0-FF005_201002;B0-FF005;01/02/2010;6.084.953.224.739.000;8.142.800.777.396.630;858.543.847.128.643;24.423.514.998.535.800;10.930.332.476.744.900;9.007.392.148.016.260;0;0;4.316.369.908.529.650;1.246.917.613.022.540;12.613.611.218.197.600;4.290.541.982.794.640;34.085.933.006.392.800;2.014.002.038.275.210;5.607.476.228.022.020;3.284.459.977.054.030;9.544.426.661.895.110;13.230.800.066.060.600;6.933.133.956.160.290;16.537.124.413.210.500;11.920.157.914.932.300;Zenith Industrial Gases Center;"Houston, United States";Petrochemical;658837;1974;10.908.422.288.879.800;21.956.983.036.467.900;4.747.489.888.549.970;10.383.066.489.143.800;36.076.270.997.039.800;741.476.306.312.971;2.299.149.942.229.600;45.637.736.658.879.200;8.269.970.571.772.500;5.176.416.610.583.300;6.144.419.615.902.470;15.836.991.640.750.900;0.06467751033815;0.1912370869457081;0.0018920399087415;910.020.794.640.468;8.071.122.473.039.760;9.287.944.672.673.920;8.277.650.309.856.030;93;94;21.100.046.458.036.800;28.908.356.621.586.000
B0-FF005_201003;B0-FF005;01/03/2010;6.013.105.766.506.670;8.175.851.711.137.840;8.575.413.411.343.950;2.470.476.396.308.940;11.327.533.157.852.300;8.743.963.778.727.850;0;0;4.258.632.651.426.230;12.008.342.984.383.400;1.245.980.292.823.380;4.186.429.967.531.190;338.220.887.973.933;19.229.411.986.289.700;5.407.911.521.305.980;32.539.042.823.713.800;961.760.394.940.663;1.318.780.758.205.670;7.105.451.753.712.500;16.694.366.919.096.600;11.635.487.923.155.900;Zenith Industrial Gases Center;"Houston, United States";Petrochemical;622740;1917;10.403.062.880.056.500;2.317.967.227.033.550;4.626.623.630.358.750;10.883.644.409.011.600;3.635.145.185.905.720;7.482.551.698.573.860;23.025.906.578.941.100;494.672.019.789.996;8.915.484.920.230.400;4.774.296.994.041.000;5.960.598.033.902.370;15.611.646.420.073.900;0.0618711741900017;0.1904264007412811;0.0018338925500101;868.557.732.554.702;7.959.242.544.825.460;928.159.511.756.903;7.990.187.493.164.500;93;89;21.267.195.068.645.600;28.477.762.157.902.800
B0-FF005_201004;B0-FF005;01/04/2010;6.009.081.495.549.380;842.910.894.054.518;8.850.282.307.821.970;2.300.391.135.361.910;1.116.801.714.028.340;8.500.421.014.454.670;0;0;4.486.118.069.154.650;1.337.439.960.233.300;12.741.161.205.664.900;4.287.547.959.537.280;3.251.241.145.769.510;1.967.125.254.058.160;5.379.939.361.354.220;32.350.761.614.813.300;980.969.108.126.545;12.594.677.137.645.400;7.277.188.689.541.920;17.165.852.652.663.200;11.229.149.014.679.900;Zenith Industrial Gases Center;"Houston, United States";Petrochemical;662265;1809;10.691.338.702.831.900;2.372.777.950.710.220;4.858.905.542.684.610;10.187.871.231.173.500;370.006.346.609.088;77.063.997.102.326.600;23.115.257.373.369.800;4.680.585.259.817.470;8.569.853.705.611.650;4.699.788.959.517.240;6.437.590.267.117.530;1.561.145.601.438.060;0.0643984280973653;0.1920810053067943;0.0018837471277112;8.795.323.233.004.570;7.730.839.181.835.650;8.625.133.867.961.340;7.737.201.714.507.960;98;92;20.709.577.192.124.100;2.879.387.557.689.270
B0-FF005_201005;B0-FF005;01/05/2010;6.330.293.114.348.840;8.061.302.580.006.260;8.611.862.869.985.260;24.872.102.310.270.500;10.994.868.284.682.500;888.644.299.730.423;0;0;4.429.144.633.116.150;1.302.959.740.213.430;1.278.979.415.575.560;4.431.337.665.720.210;3.140.698.229.114.920;1.967.765.034.883.690;5.422.886.582.839.590;3.153.053.934.114.310;9.648.459.408.523.150;1.339.019.832.388.850;7.093.176.559.622.200;17.297.253.971.401.000;11.554.104.481.372.700;Zenith Industrial Gases Center;"Houston, United States";Petrochemical;640119;1823;10.618.795.202.997.200;2.193.938.400.256.710;4.813.061.336.650.700;10.334.823.302.341.100;3.579.437.600.454.050;7.252.888.319.332.550;22.336.077.299.561.300;4.732.929.401.063.930;8.182.551.150.776.540;48.383.971.458.298.800;6.371.783.321.510.660;15.282.049.582.156.700;0.0645159561336101;0.1950570467591267;0.0018580311500914;8.958.180.587.266.240;8.030.579.070.867.170;8.799.842.289.337.600;7.756.682.671.176.200;91;88;1.899.151.400.134.860;3.110.645.237.091.690
B0-FF005_201006;B0-FF005;01/06/2010;64.794.452.575.586.200;8.146.346.712.931.100;8.203.187.716.096.220;26.153.756.066.885.600;11.043.369.918.348.200;8.782.613.972.184.380;0;0;4.027.579.760.084.080;1.250.867.333.149.200;12.960.201.021.921.700;4.627.590.598.984.460;3.192.406.612.977.080;1.910.772.720.564.700;5.442.295.298.974.770;3.261.051.407.100.850;10.052.359.565.600.300;13.239.460.558.721.100;7.516.081.583.881.590;17.927.609.516.948.500;1.210.644.142.461.610;Zenith Industrial Gases Center;"Houston, United States";Petrochemical;623777;1880;10.774.836.567.326.800;2.061.229.278.465.790;483.982.920.488.773;10.231.860.439.548.100;353.934.066.091.704;8.063.658.191.107.360;230.830.313.888.008;4.728.806.097.650.470;8.005.182.911.562.150;4.718.257.826.531.620;6.670.719.001.694.390;15.428.268.394.034.800;0.0623734099725126;0.1801995986610415;0.0018738344963456;9.114.231.044.988.550;8.164.215.192.887;8.636.511.425.077.120;8.114.108.157.133.680;89;91;2.111.505.072.692.400;297.298.615.990.793
B0-FF005_201007;B0-FF005;01/07/2010;629.497.119.440.943;8.298.584.648.348.820;877.161.394.715.035;252.162.896.368.761;11.280.887.753.835.600;9.008.377.697.681.240;0;0;4.389.806.286.395.610;12.600.754.591.062.700;12.032.392.879.675.600;4.526.125.421.085.510;32.856.058.543.367.700;1.992.725.826.321.350;5.591.135.347.024.660;32.015.859.571.851.700;9.497.057.627.984.870;1.292.655.993.119.370;7.037.866.313.652.110;17.038.242.553.134.000;11.600.007.916.933.100;Zenith Industrial Gases Center;"Houston, United States";Petrochemical;660913;1799;111.304.664.401.953;21.921.659.530.118.900;5.017.386.507.615.160;1.051.428.546.278.130;3.597.206.576.897.980;7.692.128.120.353.630;2.203.556.781.394.210;4.686.479.508.697.170;842.248.019.477.786;4.866.455.572.358.600;6.309.654.221.746.320;15.660.184.096.996.000;0.0647854672184829;0.1900051421646311;0.0019979936454686;8.794.277.448.459.670;7.816.685.921.659.310;9.479.032.189.358.760;8.065.514.519.263.960;94;88;2.035.145.621.147.710;2.951.741.621.592.160
B0-FF005_201008;B0-FF005;01/08/2010;6.182.311.689.666.410;8.122.653.978.613.850;8.152.597.003.457.690;24.448.384.612.491.800;1.101.505.578.127.670;8.814.416.329.386.440;0;0;433.505.323.807.531;1.251.448.931.883.270;12.857.259.819.965.200;4.408.000.226.583.280;3.280.715.302.825.410;19.409.086.391.102.500;55.898.240.150.990.600;3.313.082.310.885.210;9.426.303.195.719.760;13.236.410.126.544.100;6.891.180.051.531.280;16.286.517.642.649.300;11.270.836.661.663.500;Zenith Industrial Gases Center;"Houston, United States";Petrochemical;659349;1891;10.856.809.897.457.400;22.989.375.245.875.300;5.003.623.956.911.120;10.159.709.159.500.500;3.679.381.292.966.240;7.514.996.841.859.590;22.585.624.683.168.200;4.921.576.069.205.820;8.640.982.208.768.470;4.747.331.651.851.310;6.226.746.783.612.010;16.413.560.680.840.300;0.0632163414533671;0.1815675848668753;0.0018448175419176;857.666.203.855.838;7.503.319.351.944.570;9.234.251.954.208.690;7.801.845.337.993.680;88;89;2.047.282.461.334.190;28.914.422.757.376.000
B0-FF005_201009;B0-FF005;01/09/2010;60.223.524.102.119.800;8.142.160.336.147.580;8.509.115.257.665.730;2.581.506.411.793.290;10.798.512.038.204.900;8.905.389.085.131.200;0;0;45.281.781.113.525.000;12.773.713.536.156.300;124.971.787.601.593;4.372.645.935.465.860;3.322.358.330.503.030;21.604.369.781.290.800;5.434.666.182.944.100;3.241.963.370.424.080;9.222.339.593.263.520;13.074.410.898.807.800;7.007.184.810.924.990;1.757.069.322.315.430;11.732.425.480.072.100;Zenith Industrial Gases Center;"Houston, United States";Petrochemical;635055;1850;10.600.236.784.043.500;2.296.996.851.090.810;4.985.233.260.035.090;10.520.116.541.531.200;3.640.898.059.480.320;7.704.624.231.486.640;2.259.563.771.335.200;4.654.237.769.908.650;8.292.934.123.702.040;4.685.593.992.265.320;6.634.358.027.299.730;1.624.200.572.595.970;0.0625730785857204;0.1892257910411356;0.0019112917625539;8.903.706.389.776.740;8.122.145.098.891.170;8.733.229.897.430.420;7.814.233.789.719.000;93;91;20.727.872.194.505.700;3.048.502.779.539.220
B0-FF005_201010;B0-FF005;01/10/2010;6.119.240.756.356.880;8.338.266.190.354.860;8.369.615.383.554.460;242.912.574.265.783;10.695.701.743.314.800;8.716.368.141.757.410;0;0;4.227.972.694.149.660;12.040.141.075.342.400;12.554.920.401.395.200;4.331.264.021.583.670;33.631.585.380.731.000;19.607.397.206.195.500;5.275.630.708.431.580;3.230.219.096.063.810;9.641.862.487.161.780;13.511.476.287.000.900;6.970.622.340.378.160;16.819.949.552.768.500;11.708.164.247.388.800;Zenith Industrial Gases Center;"Houston, United States";Petrochemical;662731;1959;10.420.541.658.776.200;2.200.479.811.479.480;46.518.384.197.754.400;9.747.426.498.497.320;3.523.170.590.569.440;73.978.517.833.883.600;2.253.762.211.227.260;4.827.266.806.660.490;8.496.730.705.619.500;48.607.017.503.036.900;6.574.272.252.372.260;15.917.352.540.823.800;0.0630903775822848;0.1911387493395996;0.0017681954181711;9.006.572.940.881.560;8.320.358.416.977.740;896.207.403.561.086;8.090.036.226.356.830;91;93;2.129.057.422.355.600;27.658.404.131.596.600
B0-FF005_201011;B0-FF005;01/11/2010;60.841.584.422.632.100;7.678.015.298.168.320;7.572.634.237.087.590;25.064.110.898.381.000;11.208.336.884.952.500;8.805.041.852.179.490;0;0;468.760.665.482.042;12.442.715.321.286.900;12.255.319.732.209.900;4.439.304.912.510.490;3.348.695.790.526.660;20.164.715.859.019.000;5.486.178.326.057.160;32.534.588.185.626.400;9.148.347.918.475.040;13.966.771.772.203.600;752.782.233.359.902;17.074.734.462.880.600;12.360.806.092.711.700;Zenith Industrial Gases Center;"Houston, United States";Petrochemical;663613;1814;10.224.903.487.645.500;23.036.191.284.050.200;5.164.147.837.424.730;10.512.675.749.051.200;36.771.709.075.458.700;7.433.004.103.560.530;22.126.273.610.970.900;4.900.903.154.226.810;8.542.443.719.278.820;480.993.647.565.676;6.650.496.133.864.080;16.625.128.405.051.400;0.0646673578756039;0.1835152927703225;0.0018801552560673;8.973.326.856.751.120;8.140.496.776.183.420;8.688.743.263.742.110;8.348.459.829.686.170;90;96;2.068.678.328.691.320;29.133.204.005.133.500
B0-FF005_201012;B0-FF005;01/12/2010;6.090.906.284.139.270;8.023.481.047.983.370;8.661.775.657.638.610;2.462.457.281.748.480;11.226.233.611.023.100;8.745.092.673.744.620;0;0;4.509.674.557.457.430;12.581.866.545.320.900;12.657.684.083.711.600;42.852.947.171.713.300;3.203.617.116.127.550;203.627.067.526.066;5.296.479.104.040.280;3.501.990.667.854.300;9.659.384.646.194.070;13.175.371.549.834.800;7.555.950.425.664.020;1.667.370.252.527.610;1.159.942.354.949.880;Zenith Industrial Gases Center;"Houston, United States";Petrochemical;633050;1917;10.573.009.286.714.200;21.671.350.949.031.300;4.802.008.698.877.230;1.051.946.954.916.850;3.723.643.210.862.250;7.328.166.394.451.990;2.279.690.090.011.570;473.755.965.206.882;8.373.759.465.049.240;50.670.779.486.656.200;6.407.743.434.178.420;15.922.890.059.905.600;0.0649461261695538;0.1895125523072778;0.0018786219068357;9.326.718.393.284.810;8.043.181.928.429.810;8.903.643.781.934.610;7.816.259.749.708.720;95;93;20.939.296.024.926.600;3.098.210.802.693.780
B0-FF005_201101;B0-FF005;01/01/2011;5.995.484.036.297.070;8.175.937.989.802.810;8.233.162.121.156.620;2.365.609.816.955.600;11.348.357.471.009.200;9.419.290.586.160.320;0;0;4.278.646.707.288.210;13.532.088.533.091.900;12.582.406.120.350.900;4.591.196.663.474.270;329.781.575.937.313;19.697.063.000.135.600;5.532.828.390.295.910;3.479.942.501.939.620;9.652.310.940.315.890;13.186.576.561.614.500;7.249.496.854.641.080;17.260.029.831.751.700;11.489.911.888.677.000;Zenith Industrial Gases Center;"Houston, United States";Petrochemical;657189;1971;10.936.714.008.917.900;2.171.004.811.054.350;5.104.840.548.724.430;10.589.578.520.065.700;3.672.812.132.442.490;7.903.782.522.304.370;2.359.265.144.599.040;49.307.449.135.295.800;8.103.812.919.768.010;4.933.235.584.306.200;637.010.682.410.479;16.024.786.030.054.300;0.0619387092543085;0.1945174017401723;0.0019425756125909;9.086.795.319.741.320;7.779.463.886.301.670;9.182.778.420.010.260;8.116.671.662.469.080;86;91;21.331.584.872.392.700;2.764.706.318.696.520
B0-FF005_201102;B0-FF005;01/02/2011;6.243.793.380.427.700;8.262.500.280.084.440;8.688.554.258.034.030;2.455.997.477.022.980;1.104.199.711.414.550;891.997.946.462.201;0;0;4.675.180.020.368.410;12.878.170.245.016.800;1.255.908.667.329.150;4.361.599.086.757.710;3.288.834.179.420.060;19.617.784.513.221.300;5.386.415.388.619.330;3.213.535.621.366.900;9.454.171.706.977.920;13.311.444.401.988.700;7.125.069.096.621.320;1.799.762.688.902.570;11.176.923.743.373.900;Zenith Industrial Gases Center;"Houston, United States";Petrochemical;656080;1890;104.154.530.747.106;22.054.160.783.503.500;471.842.427.567.248;10.394.246.663.013.800;36.642.894.802.351.800;7.342.693.502.533.890;229.498.623.390.094;4.821.037.898.818.120;832.754.060.275.569;48.599.712.637.285.600;6.445.185.763.550.040;15.794.660.236.168.800;0.065314748356787;0.1955002038503581;0.001946443191855;88.893.586.458.079;8.160.940.016.225.020;8.514.258.276.855.970;8.244.541.165.417.970;94;95;22.013.623.650.766.100;3.062.831.055.238.560
B0-FF005_201103;B0-FF005;01/03/2011;6.341.373.341.007.400;8.243.110.398.496.920;9.314.414.280.358.580;2.496.116.193.857.380;1.180.284.052.589.240;880.512.531.980.669;0;0;395.576.310.971.317;12.821.931.155.009.800;13.302.845.267.591.300;43.343.433.990.598.000;3.302.021.112.015.100;19.092.266.820.245.200;5.436.184.548.029.340;3.220.542.672.830.940;984.852.284.744.272;13.622.360.847.761.100;6.983.738.337.499.290;1.693.238.280.969.370;1.248.261.239.398.280;Zenith Industrial Gases Center;"Houston, United States";Petrochemical;634292;1971;1.083.605.402.498.940;2.340.021.633.088.670;5.029.214.259.802.490;10.291.931.977.135.300;3.540.763.803.837.270;741.321.090.489.766;22.151.402.035.026.600;4.800.118.041.577.260;878.501.015.500.976;471.961.782.533.905;6.243.811.624.814.050;15.993.054.633.977.900;0.0665654002458076;0.1942105841283144;0.0018821520127687;8.856.371.605.161.130;8.230.379.647.941.310;9.302.883.054.440.390;823.110.619.494.204;92;95;2.181.604.108.165.690;30.463.904.171.000.100
B0-FF005_201104;B0-FF005;01/04/2011;5.874.018.988.688.800;8.468.190.585.490.020;8.613.772.286.173.750;2.489.849.386.850.120;10.937.738.234.594.400;8.817.641.706.968.610;0;0;4.183.249.108.742.760;13.134.150.881.288.800;12.705.929.121.136.700;4.538.018.262.386.030;3.479.338.689.055.760;1.999.149.581.144.950;5.425.301.141.086.240;32.344.110.579.981.000;9.774.080.364.252.410;13.086.453.757.916.600;7.158.624.719.162.190;16.963.869.197.477.700;119.586.621.137.957;Zenith Industrial Gases Center;"Houston, United States";Petrochemical;694316;1886;10.842.748.700.020.000;23.007.646.316.089.900;5.206.243.841.796.520;10.834.468.737.803.500;37.540.045.415.842.000;7.780.082.597.329.220;2.503.816.953.309.960;4.925.383.207.319.120;8.662.125.091.896.800;5.035.312.347.415.520;6.564.570.454.902.900;1.714.431.311.673.820;0.062909951979277;0.1897928617360872;0.0018141746292351;9.119.950.761.344.070;7.939.045.752.517.490;9.107.598.833.977.140;7.931.668.664.344.480;94;90;2.135.238.036.443.850;29.570.412.877.198.700
B0-FF005_201105;B0-FF005;01/05/2011;6.481.295.413.423.840;8.217.665.884.920.320;8.550.704.743.864.700;23.476.400.487.724.700;10.589.767.438.155.200;9.215.135.662.855.630;0;0;4.302.528.784.974.720;1.294.387.131.078.070;13.093.268.243.472.500;4.538.037.647.570.700;31.660.085.612.741.600;19.263.327.799.154.200;5.474.845.800.698.850;3.429.740.607.255.570;9.662.472.755.611.390;13.799.575.121.023.000;6.818.090.634.366.240;17.179.202.180.913.200;11.982.849.253.327.600;Zenith Industrial Gases Center;"Houston, United States";Petrochemical;640870;1865;10.591.031.389.932.500;2.244.263.042.220.270;4.841.245.616.159.690;10.869.242.745.065.900;3.701.097.449.857.190;7.768.825.371.228.190;232.808.289.876.819;505.802.821.577.937;912.036.073.818.568;4.825.651.850.594.790;6.564.236.085.025.940;1.580.766.423.035.450;0.0657724966834157;0.1984009223406243;0.0018920582908746;9.422.693.758.752.980;8.159.906.563.240.200;940.298.978.324.721;7.894.491.756.200.760;89;94;2.165.169.182.074.480;30.380.376.924.206.800
B0-FF005_201106;B0-FF005;01/06/2011;6.465.075.881.496.990;804.091.965.403.757;8.657.393.863.647.540;2.368.887.466.769.900;10.655.506.189.756.500;9.419.151.082.073.520;0;0;4.387.102.865.827.900;12.880.936.813.274.500;12.796.697.973.842.600;4.534.462.736.066.810;33.035.548.842.119.100;2.014.775.512.669.540;55.772.989.775.912.100;3.181.755.350.212.270;9.698.219.860.335.950;1.333.363.763.067.700;7.281.683.250.093.130;1.801.887.674.181.160;11.887.348.828.819.500;Zenith Industrial Gases Center;"Houston, United States";Petrochemical;673149;1855;11.517.418.768.644.900;23.785.416.564.629.900;4.968.908.140.147.620;10.534.057.612.068.900;344.328.119.897.183;7.861.628.953.542.570;22.606.620.010.695.500;4.599.822.156.794.000;869.986.744.464.497;473.991.404.903.938;6.269.986.018.478.630;16.344.627.706.585.400;0.0672977012190888;0.1921725306840135;0.0019664541337623;9.081.386.442.854.410;8.398.284.454.673.810;9.165.212.125.657.070;823.305.905.849.903;89;85;2.184.206.220.695.270;29.612.131.341.314.000
B0-FF005_201107;B0-FF005;01/07/2011;5.923.409.212.053.510;8.259.219.652.541.810;8.784.475.070.507.370;24.935.940.023.529.100;1.115.360.952.427.470;906.395.126.828.504;0;0;4.350.881.122.717.190;13.061.675.596.908.600;13.064.122.687.580.900;4.484.854.338.077.520;32.704.600.969.875.300;20.560.895.359.104.500;560.620.365.598.802;3.442.144.449.148.080;9.738.875.402.407.720;13.777.045.743.012.900;6.713.703.708.007.140;16.965.129.502.102.200;12.388.307.136.619.900;Zenith Industrial Gases Center;"Houston, United States";Petrochemical;670624;1876;10.942.616.735.429.200;23.495.947.162.459.100;4.839.852.266.366.460;1.060.310.198.659.080;39.308.429.063.314.100;7.531.093.387.881.120;22.516.020.361.237.400;4.485.184.298.282.160;8.527.325.550.720.900;5.014.750.059.355.870;6.377.926.756.777.010;17.241.130.057.965.000;0.070808891435065;0.2011636056132917;0.0018566038902999;9.273.015.172.003.530;8.117.333.991.656.760;8.933.379.325.765.600;8.216.767.969.866.880;89;87;201.105.629.476.433;3.011.945.133.332.820
B0-FF005_201108;B0-FF005;01/08/2011;663.998.891.710.566;8.506.957.555.606.390;866.941.336.435.322;2.550.134.759.778.390;11.058.256.636.263.400;9.339.204.739.669.270;0;0;4.291.685.691.570.660;1.326.740.389.018.440;1.324.385.747.823.920;4.352.479.081.373.710;311.081.621.120.895;2.030.356.807.890.730;528.575.577.266.893;32.412.671.726.732.200;10.105.473.246.871.000;13.205.541.502.732.000;7.049.716.908.715.600;1.747.749.111.157.540;1.233.169.889.543.800;Zenith Industrial Gases Center;"Houston, United States";Petrochemical;659880;2025;10.595.105.270.128.200;22.082.245.085.034.300;510.378.853.442.991;10.307.934.132.372.700;3.746.763.250.781.960;825.843.914.092.174;2.229.564.914.100.290;4.896.419.260.872.440;8.873.065.507.497.700;4.789.185.898.159.430;6.489.656.886.358.690;1.490.919.777.019.650;0.0643235081367901;0.1853834509945978;0.0018439941710161;9.142.279.333.305.450;8.162.333.905.504.450;8.783.919.339.732.900;8.525.745.761.927.210;93;93;2.066.208.292.439.420;2.986.340.827.487.770
B0-FF005_201109;B0-FF005;01/09/2011;58.976.878.485.057.500;8.012.518.810.347.800;9.099.726.884.378.540;254.303.472.010.744;1.093.488.268.018.310;9.167.790.595.166.660;0;0;438.325.996.087.122;13.327.007.323.622.400;12.630.858.904.371.100;4.425.338.674.197.370;33.040.422.765.551.800;20.430.772.406.260.000;5.587.081.731.306.180;33.244.893.905.360.900;9.807.830.699.728.900;13.165.077.511.411.300;7.098.826.195.149.880;16.742.705.941.517.000;1.227.377.010.593.130;Zenith Industrial Gases Center;"Houston, United States";Petrochemical;663076;1879;1.065.221.364.734.110;2.395.559.842.120.870;499.993.405.588.461;10.675.605.743.504.600;36.416.604.317.776.900;7.470.919.423.420.400;2.323.643.579.372.690;5.015.654.815.572.890;9.027.889.749.946.170;5.092.066.566.685.550;6.623.221.305.021.680;1.630.741.283.791.270;0.0626521194715227;0.191790360383936;0.0019597029880395;9.608.648.552.364.370;8.267.938.416.549.590;9.022.062.820.670.330;7.929.761.891.052.740;92;96;2.073.847.143.167.610;3.055.930.310.906.840
B0-FF005_201110;B0-FF005;01/10/2011;6.520.072.592.465.270;8.196.640.528.902.770;8.676.439.543.880.620;25.953.830.250.736.200;11.234.329.063.810.900;9.517.299.106.556.680;0;0;4.238.789.186.579.470;13.344.861.867.118.600;12.815.178.243.024.100;4.256.837.186.604.610;3.287.556.464.597.740;20.149.322.687.491.200;5.653.072.475.604.890;3.323.709.012.926.330;9.172.246.285.148.690;1.329.821.560.926.390;7.223.532.948.640.290;17.937.148.366.660.400;12.375.145.695.680.500;Zenith Industrial Gases Center;"Houston, United States";Petrochemical;652498;1902;1.066.450.978.276.040;2.219.016.659.845.440;480.055.617.299.942;1.070.965.759.894.750;3.995.034.081.162.520;7.949.727.372.190.350;23.918.883.245.211.000;492.913.133.142.165;8.306.896.928.822.060;48.533.373.849.811.600;6.640.532.252.155.460;15.442.183.214.872.400;0.0635669711551826;0.1840697172934644;0.0018766504752214;9.773.286.667.764.570;8.699.569.742.482.120;9.192.090.683.773.840;8.548.382.624.438.250;94;92;2.029.443.391.366.270;29.683.128.353.428.200
B0-FF005_201111;B0-FF005;01/11/2011;6.253.400.099.650.990;8.209.101.804.380.350;8.703.613.218.302.190;24.250.344.495.193.300;10.693.292.628.113.700;8.715.889.384.132.260;0;0;4.422.250.543.342.720;1.307.195.312.343.410;13.113.775.668.591.700;43.858.252.076.643.600;3.227.988.040.401.780;21.309.484.373.744.600;54.455.355.506.469;35.311.990.785.436.100;9.343.539.205.134.120;13.033.968.214.961.300;6.841.908.245.896.490;17.658.693.398.699.400;12.287.657.898.530.900;Zenith Industrial Gases Center;"Houston, United States";Petrochemical;637976;1949;10.804.627.555.043.700;2.145.911.915.573.750;5.037.017.484.300.380;10.862.286.636.472.600;38.714.001.554.733.500;7.369.861.391.112.870;23.983.671.148.145.000;4.985.195.799.239.010;8.571.910.207.576.320;465.200.691.965.147;6.577.998.385.177.420;15.259.229.784.723.300;0.0651956321645978;0.1884631684200805;0.0018589459027999;9.314.644.617.213.730;8.881.133.676.708.380;956.051.308.627.738;817.422.540.788.471;94;92;2.091.852.835.753.470;3.148.828.806.275.320
B0-FF005_201112;B0-FF005;01/12/2011;6.370.163.716.070.940;8.448.951.265.437.990;8.851.834.390.290.020;25.019.836.736.210.500;1.079.106.481.683.440;886.182.311.107.022;0;0;4.241.824.995.895.080;1.279.972.091.176.650;12.784.075.182.579.800;4.312.158.496.297.980;3.135.760.493.410.310;1.948.406.569.649.160;5.562.885.078.499.760;3.398.587.591.069.380;9.546.434.186.839.760;13.643.849.239.942.100;72.613.807.253.611.500;18.006.542.880.040.200;12.665.099.056.803.500;Zenith Industrial Gases Center;"Houston, United States";Petrochemical;650765;1921;10.550.011.588.405.800;23.955.654.856.119.700;4.993.141.803.487.390;1.065.980.381.219.660;37.854.144.671.481;810.184.120.487.893;22.261.320.566.307.100;501.208.464.134.704;8.172.185.298.699.540;4.743.596.316.500.810;6.478.480.682.789.320;1.609.030.152.577.090;0.067624996247481;0.1923786396880908;0.0019079816143194;93.011.105.074.241;8.602.231.609.914.960;8.974.354.316.189.020;7.784.024.757.678.000;93;93;2.101.628.722.948.490;315.583.608.372.408
B0-FF005_201201;B0-FF005;01/01/2012;64.852.696.806.886.600;7.853.441.569.384.740;8.624.534.879.736.120;2.547.251.395.259.320;11.295.298.703.430.700;9.411.593.753.074.330;0;0;4.486.807.363.087.770;1.254.707.485.168.430;12.747.579.041.798.000;4.369.643.936.209.040;32.039.024.261.894.100;2.077.323.719.928.690;5.598.072.788.060.850;35.305.073.963.392.200;9.951.980.505.536.530;13.610.313.080.108.000;7.590.148.479.876.790;17.279.525.188.789.000;11.425.155.193.252.800;Zenith Industrial Gases Center;"Houston, United States";Petrochemical;688147;1976;10.924.704.170.702.200;2.261.684.637.757.920;4.955.677.847.926.800;1.059.588.372.049.990;37.416.437.838.996.400;7.941.948.490.037.500;2.232.784.716.149.020;5.043.606.347.513.360;8.639.710.570.313.990;49.276.602.007.206.600;6.385.036.912.451.790;163.454.639.106.251;0.068328420679324;0.1969144617288697;0.0018872831308862;8.773.569.597.072.540;8.175.876.244.695.510;9.033.108.736.566.790;8.300.091.986.879.880;91;91;20.932.075.496.014.700;30.073.884.024.278.200
B0-FF005_201202;B0-FF005;01/02/2012;62.715.590.711.691.100;8.238.024.566.376.540;8.410.599.487.299.140;2.546.730.218.153.870;10.822.773.881.010.700;9.371.449.843.475.710;0;0;4.641.207.502.995.230;1.353.808.276.675.310;1.309.608.565.277.030;4.317.325.554.021.520;3.093.481.252.680.900;2.034.022.625.329.170;5.606.184.736.358.050;34.400.804.618.377.000;9.197.857.224.549.080;13.896.513.915.209.300;7.505.759.568.088.690;1.791.145.661.965.450;11.609.750.541.067.300;Zenith Industrial Gases Center;"Houston, United States";Petrochemical;665535;1887;10.550.854.541.499.400;22.173.061.074.177.900;5.106.178.464.068.780;10.348.221.970.517.200;36.969.226.628.927.500;7.944.769.619.476.040;23.359.160.628.781.600;4.829.348.681.678.710;866.576.103.292.255;5.161.574.796.772.510;679.282.804.697.732;1.495.603.710.679.710;0.0638992815824929;0.1926987865946723;0.0020335282917556;9.221.429.760.991.060;8.239.095.768.040.740;913.029.345.037.824;8.180.269.803.567.600;94;94;21.063.059.064.190.300;3.182.587.534.702.670
B0-FF005_201203;B0-FF005;01/03/2012;6.347.707.645.057.620;8.640.940.030.328.750;879.949.462.701.416;2.484.906.225.805.790;11.341.079.208.273.700;847.499.278.346.839;0;0;4.255.330.655.708.720;12.808.675.970.409.100;13.038.869.288.468.700;4.499.809.884.181.770;3.187.139.225.706.850;20.060.231.470.296.600;553.351.068.508.156;356.195.434.517.077;9.765.269.136.741.920;1.299.814.068.500.260;7.456.175.529.020.360;17.564.352.772.179.200;1.238.706.652.312.540;Zenith Industrial Gases Center;"Houston, United States";Petrochemical;691295;1907;10.862.802.471.098.600;22.745.683.970.142.100;5.213.817.766.427.050;11.143.807.562.551.600;3.913.791.405.860.640;7.749.846.655.981.200;2.447.141.270.355.590;4.948.855.919.291.070;8.619.866.973.121.250;48.149.918.860.842.000;6.641.066.217.425.180;1.693.875.201.336.600;0.067318146130683;0.1882676357717576;0.0019376385714377;9.047.262.570.926.570;8.403.486.442.258.690;9.337.095.654.002.870;8.297.002.726.821.220;96;91;2.206.573.301.792.260;29.861.773.354.627.800
B0-FF005_201204;B0-FF005;01/04/2012;6.133.305.880.239.810;8.613.803.950.327.780;891.203.905.453.546;25.931.863.658.613.800;1.124.994.823.701.130;8.546.831.863.397.400;0;0;4.415.844.825.552.160;1.385.061.085.985.280;12.752.509.265.399.400;457.711.289.413.244;3.418.667.887.624.640;1.891.956.750.046.920;5.596.360.654.082.350;33.709.653.926.276.900;10.185.340.693.013.900;1.283.383.534.831.830;7.448.202.214.139.080;1.794.230.307.619.400;12.610.872.935.150.200;Zenith Industrial Gases Center;"Houston, United States";Petrochemical;659218;2005;10.645.226.497.218.400;2.446.379.391.029.720;5.021.494.872.354.740;10.165.988.784.538.100;36.356.901.528.980.900;8.036.562.533.273.590;2.340.047.049.667.420;50.489.680.054.230.400;9.139.755.861.827.590;508.186.994.944.749;673.987.581.402.637;15.701.344.709.824.800;0.0635223726796727;0.186269638712501;0.001922037390875;9.834.711.318.367.050;8.298.713.789.914.310;9.706.310.275.907.400;7.835.260.117.803.650;92;91;21.523.033.909.226.500;30.565.860.422.564.100
B0-FF005_201205;B0-FF005;01/05/2012;6.041.748.089.469.900;8.164.071.977.584.540;9.108.198.952.275.570;2.596.081.003.503.310;1.093.180.493.687.990;8.953.717.700.753.650;0;0;4.483.363.526.664.110;13.077.698.433.078.100;13.464.461.012.747.900;4.433.576.594.654.000;345.385.300.985.028;20.100.978.055.847.900;552.339.101.227.445;3.359.264.602.689.660;935.537.048.537.464;13.519.885.659.834.300;7.528.818.768.796.150;1.714.492.602.567.430;12.511.061.053.092.700;Zenith Industrial Gases Center;"Houston, United States";Petrochemical;674353;1973;11.161.471.541.640.400;22.865.254.625.098.200;5.146.510.918.246.250;10.580.279.503.578.400;3.672.196.145.618.350;8.096.326.255.517.000;2.258.035.535.210.530;48.342.950.176.764.500;8.954.379.960.384.690;48.083.484.870.800.600;653.061.432.602.614;15.538.852.888.162.600;0.0642812372765142;0.1850356565892186;0.0018810685816707;9.356.030.500.952.210;8.358.668.838.705.770;9.535.655.494.731.980;8.419.324.488.027.450;92;96;21.181.247.617.952.500;2.965.904.836.094.980
B0-FF005_201206;B0-FF005;01/06/2012;6.130.433.544.887.470;8.751.560.182.401.320;9.151.632.441.892.550;2.511.081.181.179.140;11.200.459.083.026.300;9.105.580.064.803.500;0;0;415.040.245.394.905;12.708.212.668.071.800;1.309.482.146.454.080;4.581.695.521.866.120;3.199.455.822.438.730;20.346.363.829.934.600;5.602.105.726.944.720;33.520.372.274.544.500;9.921.953.187.900.660;1.388.151.839.381.950;7.308.238.080.648.500;1.859.935.548.980.510;12.084.603.995.990.300;Zenith Industrial Gases Center;"Houston, United States";Petrochemical;653161;2072;11.851.196.723.517.300;23.514.302.760.123.000;475.074.708.947.526;10.753.409.514.097.500;3.664.946.221.769.790;8.179.551.093.673.710;23.478.204.907.230.300;4.813.306.420.112.120;883.800.715.488.408;5.142.398.420.529.770;6.412.950.172.016.050;16.605.084.633.961.100;0.061491850649911;0.1931325979459311;0.0018457085607899;9.084.602.017.383.780;8.683.721.211.827.800;9.147.542.582.146.590;8.071.951.626.042.000;97;95;20.101.126.154.860.000;30.253.513.205.271.700
B0-FF005_201207;B0-FF005;01/07/2012;6.386.930.057.925.250;8.591.702.778.001.300;8.750.948.560.939.240;26.771.737.565.437.400;11.340.422.634.298.400;8.746.503.461.099.900;0;0;4.401.757.242.958.830;13.235.309.254.150.400;131.036.302.002.511;4.151.627.846.156.460;3.331.807.132.147.780;20.192.905.888.725.000;590.007.555.268.216;35.072.489.024.375.800;9.488.501.954.642.910;12.978.977.198.803.500;7.465.166.354.330.090;1.780.738.628.627.310;122.427.574.741.884;Zenith Industrial Gases Center;"Houston, United States";Petrochemical;651080;1964;1.082.785.376.319.850;22.340.858.174.134.800;505.305.183.255.585;10.624.204.022.201.900;36.094.889.174.962.000;7.749.925.613.571.870;230.227.476.038.634;4.890.953.291.154.940;8.651.244.673.567.050;5.205.397.273.972.810;6.627.801.711.246.230;16.011.447.644.708.700;0.0672182549337697;0.1816895936152944;0.0019603641294173;9.391.317.230.097.100;8.469.040.720.541.930;9.111.847.609.690.350;8.470.656.362.754.040;95;96;2.076.620.993.290.210;31.369.338.035.784.600
B0-FF005_201208;B0-FF005;01/08/2012;6.281.809.898.253.880;803.470.324.405.095;9.322.864.622.913.790;2.596.099.290.219.950;11.906.679.566.338.600;9.188.716.765.415.440;0;0;4.400.762.019.749.660;12.573.101.946.311.700;13.297.662.479.475.100;4.522.749.775.817.360;3.410.594.921.030.050;20.499.659.026.640.600;5.541.910.681.802.120;3.315.723.470.343.190;10.054.834.800.164.200;1.233.873.071.606.630;694.343.667.220.503;16.835.943.200.887.400;11.459.070.862.165.100;Zenith Industrial Gases Center;"Houston, United States";Petrochemical;672593;2003;11.244.816.791.803.500;2.231.333.299.166.500;48.504.389.806.896.000;1.074.979.112.216.650;3.810.422.289.814.380;7.987.245.144.408.840;22.545.590.551.741.800;5.048.765.847.444.490;8.819.500.847.930.460;481.554.934.669.107;6.467.019.515.691.260;15.835.585.945.324.600;0.0637649045516414;0.2005312853955545;0.0019605703959031;9.035.738.121.048.750;8.292.121.243.369.890;943.637.828.188.106;7.771.101.391.673.920;96;99;21.556.607.438.442.200;3.022.969.279.836.780
B0-FF005_201209;B0-FF005;01/09/2012;6.100.328.602.386.680;7.835.472.205.620.750;8.713.866.918.387.220;25.738.528.273.578.600;11.218.076.589.358.500;954.494.723.437.993;0;0;4.620.874.621.932.750;1.346.163.579.124.360;1.252.893.935.030.070;4.356.666.291.279.190;3.332.038.947.462.460;21.613.559.751.144.400;5.761.600.437.941.360;327.730.910.232.812;10.801.345.877.190.400;1.394.265.774.466.980;7.066.482.663.005.570;17.689.369.341.185.100;1.202.277.371.244.390;Zenith Industrial Gases Center;"Houston, United States";Petrochemical;659325;2050;11.042.648.429.436.200;2.383.704.350.095.070;510.069.830.122.568;10.595.415.730.309.500;3.690.308.513.218.860;7.865.450.330.044.110;2.302.816.041.419;49.283.697.497.069.100;8.633.290.586.447.670;4.769.951.483.170.060;6.528.646.931.267.060;15.422.828.327.361.500;0.0681059146765274;0.197326676308601;0.0019060120475861;8.862.249.321.575.360;8.420.745.180.054.730;9.344.666.148.027.080;838.890.204.677.964;92;95;226.083.735.919.591;29.962.216.043.145.300
B0-FF005_201210;B0-FF005;01/10/2012;6.598.843.820.138.040;842.455.873.119.247;8.823.166.735.422.370;2.549.657.751.203.440;11.106.036.211.177.600;9.257.246.441.546.300;0;0;4.612.375.463.337.580;12.996.417.793.934.000;13.191.781.364.028.800;4.789.924.170.442.370;3.287.464.663.800.830;20.484.342.945.222.500;5.438.647.926.236.430;33.974.406.836.303.800;10.185.410.575.090.400;14.341.535.514.121.100;711.719.391.744.214;1.742.887.858.013.660;1.280.810.218.980.130;Zenith Industrial Gases Center;"Houston, United States";Petrochemical;615710;1937;1.142.293.937.979.460;2.203.517.835.918.630;4.965.168.418.667.040;11.130.009.037.560.100;353.826.878.618.883;7.392.866.615.491.820;2.420.507.961.322.560;5.179.934.162.017.180;9.173.137.914.561.040;4.590.143.091.891.690;6.898.237.372.158.620;16.351.936.147.514.900;0.0639415754861449;0.1891860683698216;0.0019760923416221;9.494.020.903.558.360;8.783.426.259.720.110;9.119.005.841.852.290;8.174.455.644.689.660;96;92;21.937.330.835.472.000;29.456.148.754.933.700
B0-FF005_201211;B0-FF005;01/11/2012;6.800.365.646.454.430;8.943.878.367.132.210;8.676.574.311.934.180;25.478.205.757.550.700;1.134.409.146.878.910;9.193.311.016.922.410;0;0;4.266.192.262.076.780;13.872.914.282.657.800;13.820.214.473.181.100;46.842.865.825.305.900;35.350.350.421.550.700;2.103.819.005.889.670;5.497.113.522.504.280;32.571.021.891.446.200;9.570.846.932.660.250;13.842.344.133.921.200;7.051.865.954.529.110;17.989.180.807.315.100;12.448.677.513.171.100;Zenith Industrial Gases Center;"Houston, United States";Petrochemical;674392;1980;11.983.217.363.162.600;2.322.909.108.036.360;519.535.435.279.658;11.117.885.728.222.100;3.869.782.055.901.770;8.079.195.695.545.930;2.383.584.775.875.070;4.986.995.807.132.650;832.568.894.008.467;5.242.906.245.502.870;6.499.291.982.173.470;16.765.176.051.840.700;0.0651536935418745;0.2131209743906127;0.0018898791584176;1.004.952.429.591.430;8.406.897.609.445.940;9.509.592.945.593.580;8.310.963.237.996.120;99;95;2.164.609.732.634.550;3.061.115.127.860.280
B0-FF005_201212;B0-FF005;01/12/2012;6.525.847.946.328.820;821.516.520.716.849;8.295.029.025.647.650;25.815.902.219.482.300;1.204.088.865.291.980;9.128.429.140.082.530;0;0;4.395.710.997.212.490;13.298.147.544.195.400;13.191.580.772.252.500;4.659.136.952.912.000;32.101.307.373.758.300;2.050.172.726.555.050;5.552.346.109.009.860;3.302.376.855.121.230;968.536.714.145.742;1.378.681.668.433.320;7.388.492.952.770.450;17.813.246.356.756.500;1.176.318.183.848.350;Zenith Industrial Gases Center;"Houston, United States";Petrochemical;673597;2047;1.058.013.402.395.430;22.783.116.757.462.000;4.963.109.007.721.710;10.396.578.535.948.300;3.744.978.853.716.690;7.740.498.551.640.260;23.063.403.558.084.000;4.955.125.613.868.470;8.403.423.712.625.130;5.288.773.092.911.150;651.289.389.791.321;16.171.900.572.528.000;0.0650253969696637;0.1894875168883401;0.0020134034353568;9.468.225.495.262.930;7.814.818.729.592.540;8.971.791.122.873.190;8.156.582.576.652.140;96;98;21.378.984.694.490.200;3.201.358.160.976.900
B0-FF005_201301;B0-FF005;01/01/2013;6.574.381.302.585.980;9.005.372.114.300.270;8.746.242.256.368.070;2.518.846.321.398.480;11.404.686.656.148.900;9.049.484.199.161.440;0;0;4.277.416.140.955.050;1.327.394.842.176.610;13.807.757.542.863.900;4.580.563.179.091.960;3.482.875.285.424.260;21.666.036.953.763.400;5.739.557.547.845.920;33.643.468.096.392.200;10.348.642.533.750.300;14.089.697.981.593.700;7.203.694.694.963.080;17.485.107.303.798.400;12.256.917.875.215.500;Zenith Industrial Gases Center;"Houston, United States";Petrochemical;698258;1925;11.188.122.373.395.100;23.945.466.277.371.100;510.853.321.631.558;10.858.026.744.107.800;3.832.862.793.985.490;8.080.893.440.254.850;2.375.952.660.227.860;494.022.426.685.105;909.881.687.071.405;4.611.914.582.509.390;6.805.503.963.779.030;1.666.396.840.219.450;0.068793640129783;0.1987886060894256;0.0018826154100128;9.436.860.242.569.540;8.212.587.587.188.190;965.091.977.680.907;7.713.418.841.086.100;90;91;2.044.510.836.420.650;3.029.811.061.252.000
B0-FF005_201302;B0-FF005;01/02/2013;6.352.763.681.454.500;8.682.960.797.817.170;8.396.952.199.385.090;2.511.969.247.793.360;11.435.534.226.220.800;9.007.605.032.295.260;0;0;455.853.853.550.577;12.465.979.621.765.300;13.067.570.330.956.100;4.436.531.930.463.000;3.589.507.796.801.120;1.948.967.406.064.700;5.596.813.597.768.060;3.481.655.929.980.980;9.892.806.848.942.850;141.510.517.600.775;6.936.701.073.503.810;17.271.201.577.596.200;12.176.187.308.524.700;Zenith Industrial Gases Center;"Houston, United States";Petrochemical;690788;1986;11.362.460.981.321.400;23.106.575.897.748.700;49.508.789.611.542.900;10.959.667.399.152.000;36.086.184.068.757.900;7.682.767.509.039.230;2.275.936.080.698.240;4.992.428.887.902.970;8.819.741.877.057.960;4.832.190.703.432.310;6.484.700.889.554.930;16.225.516.226.549.700;0.0671251706937227;0.1958378427061198;0.0019622474507313;9.542.512.232.080.310;8.466.821.253.473.940;9.401.962.675.695.890;8.303.576.079.394.890;99;96;2.270.718.621.776.180;3.180.189.789.088.980
B0-FF005_201303;B0-FF005;01/03/2013;640.362.910.490.155;8.433.235.491.662.570;8.475.275.411.092.120;24.712.368.965.186.900;11.705.763.414.988.400;9.546.205.278.143.990;0;0;4.647.298.163.134.820;1.377.799.160.679.840;13.458.881.810.427.800;4.594.660.381.950.850;3.389.533.906.064.210;2.029.469.493.718.650;5.874.315.330.939.610;33.816.730.981.280.700;8.795.558.070.362.870;13.984.105.029.214.100;7.151.592.587.686.590;18.071.182.267.662.700;12.921.186.223.092.400;Zenith Industrial Gases Center;"Houston, United States";Petrochemical;724688;2030;11.613.138.400.937.500;2.389.515.931.679.710;5.284.601.042.836.100;11.092.814.866.414.200;3.665.850.304.313.970;7.618.650.637.463.190;2.448.715.238.727.860;5.017.366.115.996.130;8.894.833.212.420.150;4.938.196.562.818.940;6.580.061.706.273.260;1.703.912.491.683.810;0.0642789393829336;0.1960062804042702;0.0019020772506825;8.992.865.778.544.650;8.510.548.562.689.220;9.562.300.369.145.650;8.083.927.945.274.180;93;91;2.163.699.710.780.390;30.228.909.510.013.500
B0-FF005_201304;B0-FF005;01/04/2013;603.971.960.718.935;8.404.148.555.948.140;9.209.189.277.812.670;2.648.683.259.549.170;1.178.900.720.949.090;9.013.740.779.024.240;0;0;4.624.813.837.989.750;13.723.840.771.390.900;1.327.356.322.495.070;4.683.600.994.452.070;3.475.053.209.049.180;2.041.481.205.070.510;5.629.298.529.227.370;3.283.039.785.234.870;9.917.291.943.331.780;134.951.105.181.746;7.172.185.931.630.610;1.761.464.193.512.380;12.876.916.758.343.100;Zenith Industrial Gases Center;"Houston, United States";Petrochemical;673101;2085;11.206.051.164.725.300;23.242.516.026.461.600;5.247.609.684.127.580;1.003.599.893.683.460;4.028.921.977.319.130;816.062.268.551.244;23.942.699.886.449.900;5.099.661.229.311.120;8.878.605.889.376.660;4.924.682.057.631.040;665.550.026.584.037;16.233.435.443.260.700;0.0642637833463222;0.1938585561363883;0.0019631227899748;954.546.138.737.901;8.853.776.099.906.860;927.961.983.661.428;8.183.782.813.594.300;91;96;2.252.312.471.011.650;30.355.943.090.821.100
B0-FF005_201305;B0-FF005;01/05/2013;6.349.688.316.478.500;8.726.124.505.959.930;8.656.728.050.708.540;26.875.783.477.114.700;11.365.309.687.993.000;9.407.608.543.118.190;0;0;4.490.573.922.167.320;13.212.344.291.562.200;13.445.009.058.029.200;4.693.027.410.953.040;3.467.886.010.281.280;2.032.695.056.862.440;5.976.995.733.227.700;3.421.968.443.975.510;10.350.191.727.371.900;1.412.850.788.685.780;71.829.049.806.356.900;1.860.971.040.568.680;12.661.636.583.592.700;Zenith Industrial Gases Center;"Houston, United States";Petrochemical;685055;1967;11.475.056.470.818.600;2.413.199.531.166.590;5.109.918.348.378.340;1.101.990.661.666.480;3.758.701.854.623.920;781.272.810.256.504;241.355.990.389.043;510.261.130.489.126;9.013.701.528.659.260;5.001.823.843.669.990;6.439.395.053.449.700;1.630.984.318.749.320;0.0668694813681017;0.2091318902643142;0.0018962273122763;942.424.184.032.471;8.464.154.052.217.560;8.748.251.046.183.490;8.223.582.480.892.090;92;94;22.581.530.312.148.600;3.136.107.934.888.760
B0-FF005_201306;B0-FF005;01/06/2013;6.500.851.741.009.700;9.014.572.002.834.450;9.332.308.925.103.320;25.045.008.507.431.800;1.078.074.703.571.700;8.666.026.761.188.770;0;0;471.446.168.199.914;13.865.563.270.477.100;13.673.902.015.257.900;4.474.748.329.118.300;3.402.405.225.929.550;2.051.412.296.492.780;6.080.141.561.238.910;3.357.475.806.123.470;974.254.829.533.326;1.401.571.884.243.080;7.199.696.686.170.880;1.836.157.424.137.260;12.463.629.307.668.600;Zenith Industrial Gases Center;"Houston, United States";Petrochemical;669133;1975;1.093.128.432.893.690;2.417.784.093.439.400;5.157.255.351.091.730;10.767.634.904.051.700;3.894.295.348.796.330;8.115.028.764.925.870;2.402.498.011.021.870;5.147.417.638.507.520;8.845.628.022.637.690;489.441.490.623.337;6.707.159.004.208.430;1.646.651.072.623.540;0.0690694087448875;0.1951367916294198;0.0020490380842337;9.124.181.080.956.820;845.608.951.905.113;9.301.959.766.836.800;8.301.853.394.103.890;98;94;2.227.864.682.854.180;3.071.723.169.410.200
B0-FF005_201307;B0-FF005;01/07/2013;64.565.330.289.353.100;8.184.868.213.519.370;9.302.642.422.980.390;26.878.775.921.377.000;10.992.468.241.791.100;9.779.063.856.274.910;0;0;4.497.481.500.498.620;13.278.835.332.738.700;13.759.343.864.392.400;4.651.256.003.708.640;32.515.508.591.135;21.713.605.062.522.700;5.997.068.435.930.110;3.495.977.570.492.540;9.888.435.684.558.600;1.389.098.889.156.010;73.601.047.903.790.900;1.861.320.943.198.700;1.170.720.511.093.610;Zenith Industrial Gases Center;"Houston, United States";Petrochemical;693473;2068;11.147.689.660.866.600;23.883.480.143.742.200;4.913.491.976.765.940;10.540.814.638.005.400;3.852.197.637.596.310;8.072.015.242.650.510;2.347.194.320.441.180;504.330.024.079.368;8.883.510.166.832.510;4.758.062.680.983.820;663.952.781.121.777;16.864.150.603.997.800;0.0689407054507863;0.195524612130205;0.001980964683286;953.061.642.602.982;8.664.229.035.813.210;9.220.272.266.588.480;8.375.429.385.458.260;97;96;2.205.734.981.603.600;3.157.315.595.376.440
B0-FF005_201308;B0-FF005;01/08/2013;651.499.553.830.644;8.614.478.150.978.170;8.824.200.881.270.340;2.639.424.911.070.710;11.065.097.697.266.000;951.245.788.795.092;0;0;4.425.838.797.687.070;1.350.403.265.529.860;13.241.725.364.411.100;44.964.508.940.991.800;34.738.376.629.066.100;19.774.484.546.653.700;5.733.537.789.529.910;33.921.822.779.419.300;9.637.204.614.127.700;1.367.787.982.198.300;71.403.151.303.466.300;1.874.815.302.326.860;12.656.283.552.603.700;Zenith Industrial Gases Center;"Houston, United States";Petrochemical;703164;2032;10.522.678.956.383.100;2.269.381.104.072.300;5.332.844.059.838.680;1.150.815.663.512.950;3.854.758.195.045.770;8.307.000.671.493.450;23.335.244.911.446.200;4.910.362.291.602.760;9.089.105.484.374.200;4.921.034.034.039.210;6.370.243.239.763.330;1.689.841.028.391.960;0.0649561882144824;0.1857433305906324;0.0020290839618293;9.637.627.873.408.680;8.717.208.843.201.560;962.962.337.169.722;8.649.067.018.442.550;97;91;2.098.426.528.191.940;31.808.337.255.873.400
B0-FF005_201309;B0-FF005;01/09/2013;6.604.139.111.537.290;8.516.012.367.589.100;8.534.311.891.057.320;251.141.131.986.377;11.345.484.088.407.900;9.139.225.954.031.880;0;0;4.722.092.064.287.330;13.693.309.279.359.900;13.168.501.200.301.000;4.551.929.991.265.350;34.984.749.158.936.900;2.047.578.816.730.780;5.761.833.221.376.930;3.398.388.694.603.780;9.905.256.129.197.270;13.176.795.785.753.500;7.452.569.928.332.640;1.835.189.146.442.560;1.271.831.890.318.450;Zenith Industrial Gases Center;"Houston, United States";Petrochemical;651100;2061;11.505.063.924.901.900;24.595.779.296.596.700;5.143.535.824.143.970;10.901.755.196.114.000;3.699.334.338.908.460;7.969.996.737.440.340;2.372.314.424.413.590;5.033.333.840.783.540;8.910.141.047.743.360;5.171.531.169.316.930;6.662.476.620.933.740;1.718.024.600.475.260;0.0615535393176849;0.2051165728535785;0.0018821432591008;9.740.615.875.430.830;8.722.803.653.741.970;9.123.972.513.375.850;8.724.113.744.293.460;92;92;21.427.125.501.127.100;3.054.456.962.784.780
B0-FF005_201310;B0-FF005;01/10/2013;6.382.518.765.749.380;8.578.550.056.829.030;9.100.040.441.024.620;25.734.175.867.345.900;11.064.956.861.582.800;9.123.621.924.153.450;0;0;43.911.195.278.246.600;12.825.952.332.635.400;13.765.156.625.219.200;4.698.467.228.541.530;34.804.831.506.635.600;2.168.175.331.702.300;5.608.172.382.601.840;3.320.386.408.666.820;10.114.927.561.912.300;1.405.014.910.530.190;7.494.835.418.232.530;17.984.515.185.683.200;12.803.466.728.154.200;Zenith Industrial Gases Center;"Houston, United States";Petrochemical;687001;2022;1.126.419.714.989.160;2.323.727.079.454.990;5.040.972.962.860.580;11.031.142.450.214.400;3.573.636.832.186.520;7.842.925.096.822.290;23.621.144.940.016.800;4.834.338.843.356.070;8.854.843.359.419.220;5.122.842.660.928.970;6.737.933.593.940.160;1.628.398.749.235.310;0.067793999411427;0.1992751348989241;0.0018983507156615;929.671.719.222.098;8.198.005.673.321.090;9.340.625.896.002.820;8.257.045.961.132.330;95;101;2.068.007.920.231.460;2.919.418.921.426.080
B0-FF005_201311;B0-FF005;01/11/2013;6.801.046.773.554.320;8.707.092.163.704.010;9.275.512.040.229.930;25.562.299.287.405.700;11.716.926.654.497.400;9.339.713.512.004.940;0;0;466.015.506.664.005;13.205.166.361.424.500;1.343.020.320.262.980;4.441.296.533.987.340;350.107.872.396.718;21.115.606.000.808.300;5.465.591.815.783.380;34.913.761.088.845.700;10.176.204.390.734.500;1.410.761.077.268.530;7.472.246.631.397.480;18.484.347.830.284.200;12.553.729.500.942.100;Zenith Industrial Gases Center;"Houston, United States";Petrochemical;670382;2047;10.965.804.002.741.400;22.859.209.130.472.400;5.246.802.042.799.800;10.035.165.591.248.000;3.749.969.256.800.010;7.930.191.103.649.700;24.966.072.680.097.800;4.990.942.145.641.680;9.461.490.301.708.150;4.835.491.175.107.530;6.815.842.793.752.220;16.914.062.355.014.800;0.0648050905472508;0.197431623380801;0.0019622179868669;9.841.399.330.648.050;8.200.784.404.277.000;998.454.001.174.442;7.956.137.212.192.790;97;93;2.208.678.024.572.970;3.038.059.943.892.920
B0-FF005_201312;B0-FF005;01/12/2013;6.780.606.410.068.970;8.608.507.133.589.180;8.909.708.484.917.300;2.499.299.220.850.230;11.628.335.118.734.900;9.514.069.955.209.610;0;0;4.578.841.175.699.920;13.746.385.178.096.000;13.008.708.470.142.800;451.540.684.070.486;3.511.582.270.373.230;2.086.321.985.770.390;5.423.732.136.378.750;3.613.089.504.857.590;1.031.316.414.086.880;13.160.535.917.047.900;732.428.301.250.708;19.058.391.265.957.700;12.622.664.489.820.200;Zenith Industrial Gases Center;"Houston, United States";Petrochemical;659833;1893;10.705.317.551.321.400;23.298.445.189.583.600;5.325.208.001.399.710;10.418.588.611.601.400;3.897.021.427.076.750;7.804.490.267.192.620;2.270.272.204.520.580;497.735.032.799.747;9.486.497.639.680.990;5.272.432.957.384.250;6.628.636.558.116.170;1.671.560.535.364.930;0.0655659005264275;0.1865115342878414;0.001934939931528;9.725.704.332.305.710;8.279.625.783.639.080;9.767.908.904.665.290;8.730.233.469.562.460;94;96;22.654.804.476.541.500;31.373.361.908.087.200
B0-FF005_201401;B0-FF005;01/01/2014;6.811.468.052.822.540;8.141.347.099.908.350;8.877.163.439.550.870;256.414.513.326.066;11.938.783.284.650.600;9.399.562.904.413.610;0;0;4.617.113.436.716.530;13.376.496.343.530.700;13.765.215.069.482.900;4.600.576.109.429.710;3.421.509.256.494.190;21.697.878.816.093.500;600.306.347.518.333;3.573.848.315.170.880;9.827.057.698.986.370;14.404.250.035.807.900;7.705.878.453.134.390;17.597.196.453.561.500;12.343.233.695.286.700;Zenith Industrial Gases Center;"Houston, United States";Petrochemical;716345;2072;111.392.399.214.391;22.904.124.845.766.600;5.431.022.672.364.630;11.120.046.753.258.700;38.406.208.712.554.700;7.832.995.995.028.630;2.459.359.006.486.520;4.879.842.804.549.200;8.724.420.195.111.670;5.135.829.970.037.560;6.938.058.813.598.190;16.704.772.672.597.000;0.0660901698953249;0.2037569510837827;0.0019050906814137;9.282.649.171.515.950;8.873.788.207.299.320;9.140.023.284.581.660;8.005.971.127.275.180;93;99;22.416.377.954.485.200;2.971.083.475.429.710
B0-FF005_201402;B0-FF005;01/02/2014;6.373.392.252.073.650;822.057.186.405.459;9.219.204.109.925.100;249.778.350.090.313;11.679.984.417.323.400;9.353.005.110.916.360;0;0;4.673.904.888.226.790;14.148.987.000.877.900;1.404.190.666.752.370;45.992.747.703.517.700;32.447.420.081.775.200;2.075.541.951.958.030;5.808.476.313.552.650;3.471.160.855.422.580;9.616.102.203.379.570;14.222.136.973.165.900;7.663.967.966.981.470;1.867.006.450.916.600;12.215.917.048.100.300;Zenith Industrial Gases Center;"Houston, United States";Petrochemical;661390;1987;11.732.905.333.188.000;23.018.578.231.332.900;5.097.560.112.581.820;10.601.097.205.523.300;37.929.724.626.212.600;813.639.316.969.118;24.594.347.451.758.000;4.851.901.391.506.150;9.251.834.344.582.150;5.256.920.414.076.800;6.688.857.594.901.190;15.962.185.449.891.900;0.0694248119224875;0.2009672730983559;0.0020888736047816;9.154.340.975.959.670;8.679.857.766.839.160;9.905.963.857.010.160;8.587.711.122.600.550;90;90;23.038.046.494.728.500;30.540.615.823.312.800
B0-FF005_201403;B0-FF005;01/03/2014;6.636.259.073.205.710;8.279.635.549.879.940;8.903.437.232.073.660;26.705.653.724.356.600;11.636.744.976.970.300;9.296.204.932.164.240;0;0;4.694.779.727.229.490;13.364.519.963.117.800;13.581.038.355.017.500;4.871.975.160.573.940;3.478.057.060.604.200;2.144.728.015.966.240;5.467.046.036.313.320;34.769.086.731.409.600;10.158.574.722.452.500;13.435.909.161.399.500;7.439.376.124.527.450;18.110.867.793.925.900;12.084.116.941.102.400;Zenith Industrial Gases Center;"Houston, United States";Petrochemical;681789;2147;11.354.191.409.270.800;23.960.070.568.749.800;5.537.049.906.146.950;10.144.937.685.974.900;4.094.855.639.662.180;8.226.679.739.933.190;23.243.832.683.976.000;4.861.405.393.435.440;9.205.859.231.328.340;5.206.080.549.722.360;6.843.398.548.622.360;16.202.319.070.942.000;0.0674596720132944;0.1951382959195503;0.0019623237204044;929.626.330.667.725;8.440.528.630.720.720;8.900.719.745.759.340;8.862.878.520.557.820;94;100;21.588.743.960.534.300;30.599.190.600.576.400
B0-FF005_201404;B0-FF005;01/04/2014;6.140.794.040.226.760;9.119.891.812.813.270;93.551.801.517.374;25.257.657.176.902.500;11.872.580.399.661.900;9.738.609.812.114.320;0;0;4.561.974.257.928.250;13.237.938.121.585.100;13.316.797.704.843.800;446.875.570.576.507;3.573.603.510.195.760;22.084.734.961.682.700;5.839.700.033.197.370;34.116.212.821.972.500;9.974.295.937.753.090;14.109.216.994.008.200;7.635.823.697.557.570;18.373.031.210.886.600;12.246.235.885.035.000;Zenith Industrial Gases Center;"Houston, United States";Petrochemical;717594;2030;11.518.297.316.622.100;22.267.113.836.048.300;5.213.010.977.154.420;11.211.583.866.732.300;37.085.002.080.915.000;7.634.718.484.174.980;2.498.679.573.716.870;5.074.833.391.794.380;9.056.481.700.566.070;5.155.672.355.560.000;6.816.499.456.850.320;15.206.420.013.158.300;0.0662556826105208;0.1983847839130562;0.0019906852669786;959.957.252.263.321;8.515.434.071.301.190;9.763.965.606.378.660;8.418.713.099.260.610;97;101;2.096.962.922.696.200;29.073.598.834.510.500
B0-FF005_201405;B0-FF005;01/05/2014;6.626.793.177.910.130;8.789.931.110.262.650;967.444.719.198.996;26.054.181.538.417.900;11.507.343.137.954.700;929.843.270.175.623;0;0;4.682.054.759.272.800;13.686.328.021.122.500;13.843.621.910.571.300;48.022.531.512.165.800;3.532.579.136.172.050;2.072.322.048.782.310;5.616.605.775.092.470;34.867.167.208.015.200;10.582.010.966.111.600;14.065.051.845.989.800;7.145.096.174.909.450;19.293.472.080.761.000;12.705.959.653.520.600;Zenith Industrial Gases Center;"Houston, United States";Petrochemical;692228;2014;10.589.079.966.550.900;23.206.830.410.168.800;51.208.629.309.315.700;11.197.727.029.690.500;38.316.890.099.043.900;8.331.236.711.954.810;22.630.825.639.918.700;5.405.247.375.044.310;934.985.855.077.078;5.166.358.466.807.620;6.702.242.249.328.020;17.114.693.568.915.300;0.0673383192981193;0.1983073491021053;0.0020280868968049;98.544.148.429.004;8.729.798.873.805.900;938.812.057.700.819;8.471.321.990.987.350;93;92;21.547.162.615.945.500;3.214.359.133.609.110
B0-FF005_201406;B0-FF005;01/06/2014;6.590.896.903.936.040;8.896.216.434.019.610;944.515.570.291.514;263.456.873.902.973;11.222.999.082.614.000;9.690.257.486.055.140;0;0;4.761.465.292.969.290;13.588.935.423.973.200;137.007.600.657.274;43.314.825.866.404.100;3.441.900.577.436.700;2.126.964.837.239.350;5.808.188.951.321.250;3.557.135.817.564.440;994.270.264.292.736;1.447.815.759.699.130;7.424.664.431.375.060;1.835.267.087.033.940;1.217.671.696.492.880;Zenith Industrial Gases Center;"Houston, United States";Petrochemical;706538;1981;11.480.139.545.664.100;2.441.131.166.206.440;5.406.445.114.036.010;11.870.164.765.113.500;38.619.159.163.383.400;8.002.680.700.154.320;2.377.162.676.944.980;516.213.316.103.438;8.990.697.462.620.820;4.977.895.593.198.910;6.602.966.182.350.520;17.371.338.635.982.300;0.0690238348340973;0.2076788119692341;0.0019011704839564;9.513.331.177.840.500;8.411.478.979.043.520;9.575.187.730.427;8.311.122.001.441.020;101;95;2.319.505.103.026.340;32.083.646.667.591.800
B0-FF005_201407;B0-FF005;01/07/2014;6.754.540.992.586.710;9.108.740.394.073.100;9.123.373.862.653.920;2.675.555.313.612.740;11.707.469.674.342.600;9.247.655.416.276.850;0;0;464.301.409.139.531;13.915.446.664.946.600;13.759.120.968.774.300;4.700.044.510.086.060;3.450.477.848.383.690;19.713.062.931.877.900;5.931.813.805.339.730;33.961.505.452.065.300;10.804.556.488.533.400;14.159.055.917.936.900;7.850.388.273.961.930;17.756.057.491.096.300;1.299.016.770.989.450;Zenith Industrial Gases Center;"Houston, United States";Petrochemical;710821;2053;11.045.124.884.216.600;2.335.513.871.412.900;5.370.929.811.205.630;10.787.010.211.594.300;3.769.818.812.741.520;7.965.235.960.100.030;2.462.491.240.228.350;5.291.565.659.013.070;9.149.046.046.962.060;5.300.877.160.069.850;6.761.245.171.363.380;1.778.695.232.585.440;0.0700197421358493;0.2053721957168721;0.0020159558049209;9.743.363.298.017.000;827.260.215.121.796;910.846.961.362.378;8.691.005.393.510.960;97;98;2.125.376.187.595.860;32.745.572.676.293.100
B0-FF005_201408;B0-FF005;01/08/2014;6.544.575.611.830.410;8.769.787.878.998.040;8.978.453.959.383.530;26.384.784.363.370.400;1.244.301.356.984.270;98.131.344.487.678;0;0;4.635.884.748.782.230;134.906.320.762.376;13.272.992.405.875.700;49.015.808.969.927;3.277.084.890.905.350;21.595.426.788.498.700;6.144.833.529.470.670;3.362.624.185.325.150;10.034.107.763.458.000;13.893.743.998.168.700;7.912.819.209.849.640;1.837.073.278.714.060;13.353.691.447.114.200;Zenith Industrial Gases Center;"Houston, United States";Petrochemical;714574;2011;1.103.271.498.750.090;2.316.515.946.251.570;5.378.998.703.968.440;11.884.293.553.340.300;3.815.962.116.126.560;7.942.214.885.997.200;2.476.732.966.410.070;5.051.678.951.526.850;892.226.064.045.084;5.358.771.044.488.450;7.110.383.236.016.080;16.927.259.623.900.300;0.0660989372396745;0.2025916094931634;0.0020524367326092;10.030.634.078.971.400;8.963.433.380.171.050;8.818.653.185.965.120;8.660.656.963.541.040;99;99;2.226.437.873.965.950;3.139.529.385.125.370
B0-FF005_201409;B0-FF005;01/09/2014;6.534.850.372.952.730;8.475.230.004.874.140;89.543.872.595.365;2.724.618.308.975.780;11.876.884.689.322.900;9.731.169.080.387.570;0;0;4.846.531.763.292.970;13.699.829.732.683.000;13.887.668.535.033.400;4.561.426.987.755.160;3.447.570.810.782.250;21.353.432.275.308.000;5.692.542.861.054.130;3.410.128.066.727.950;10.122.595.177.056.300;1.413.599.281.428.600;7.419.065.385.891.140;18.505.269.534.806.600;12.172.598.882.024.700;Zenith Industrial Gases Center;"Houston, United States";Petrochemical;701092;1919;1.180.476.929.713.750;228.052.434.710.424;5.527.277.156.538.370;11.189.830.707.447.800;3.944.546.132.448.980;8.002.058.800.850.690;24.716.969.845.137.800;5.116.771.041.517.710;8.746.937.886.703.990;5.245.266.107.733.050;6.637.098.007.765.040;1.798.416.827.517.710;0.0659164277647885;0.1907835811144455;0.0020950533547433;9.878.956.814.200.010;880.043.044.361.578;9.414.616.283.859.600;8.562.109.799.981.400;96;99;2.166.329.720.139.540;3.092.137.510.052.550
B0-FF005_201410;B0-FF005;01/10/2014;6.744.218.184.704.990;9.039.493.476.215.990;9.033.025.027.044.030;2.670.292.429.391.490;12.005.431.008.303.100;924.598.494.413.789;0;0;4.883.020.766.570.600;13.760.911.406.332.000;13.954.079.949.329.200;458.248.471.902.453;3.440.778.099.203.270;2.113.168.046.774.970;5.790.465.446.431.990;37.406.446.980.374.800;10.308.472.704.602.400;14.353.621.830.318.100;7.572.397.710.092.010;18.477.922.401.385.700;12.869.937.912.512.800;Zenith Industrial Gases Center;"Houston, United States";Petrochemical;697807;2123;11.165.345.263.548.000;24.824.322.283.080.100;54.729.675.235.247.400;11.753.336.715.507.600;36.776.416.013.608.900;8.381.746.941.271.180;2.386.700.137.904.340;5.231.391.058.851.310;931.306.162.900.411;5.001.601.559.472.680;6.961.880.319.688.830;16.655.438.248.883.800;0.0661869065463512;0.1894442008695411;0.0020807736945886;9.639.113.537.767.780;8.419.021.471.029.330;9.676.684.362.914.190;8.583.702.794.852.890;94;94;2.281.734.417.256.190;3.163.388.502.721.510
B0-FF005_201411;B0-FF005;01/11/2014;64.812.933.978.908.600;8.604.485.107.716.150;9.050.577.905.421.280;24.908.792.334.564.600;119.865.295.528.844;9.415.705.745.579.530;0;0;4.776.501.402.196.490;13.760.399.283.104.800;13.155.134.113.686.800;4.608.763.730.964.390;3.489.944.135.901.490;20.059.975.262.276.900;5.911.814.403.910.330;35.661.550.571.977.400;10.228.349.304.999.900;1.373.251.766.496.000;7.625.381.530.564.270;19.024.549.719.551.900;12.546.319.996.409.900;Zenith Industrial Gases Center;"Houston, United States";Petrochemical;716151;2066;10.811.767.821.299.800;23.609.855.421.154.500;5.377.316.566.879.690;11.120.136.566.811.100;39.953.044.163.635.400;8.186.800.250.012.480;2.485.834.807.781.600;5.049.809.163.942.040;9.173.952.424.610.200;4.982.211.764.565.050;7.002.611.035.221.080;16.984.508.672.645.400;0.0652066252654957;0.1996466231782396;0.002148865081247;9.622.215.548.447.780;862.343.052.532.333;9.378.978.822.519.650;8.290.039.478.819.530;94;103;22.353.871.119.875.300;30.139.450.454.495.600
B0-FF005_201412;B0-FF005;01/12/2014;6.621.852.841.712.620;8.984.064.428.682.470;9.279.229.551.153.650;25.178.295.505.524.800;11.899.037.423.380.500;9.540.719.700.292.290;0;0;4.607.628.146.740.300;13.407.382.961.390.100;12.910.594.825.363.600;4.552.559.014.414.000;3.422.516.894.927.910;2.003.714.996.766.900;5.953.527.822.634.560;3.554.592.453.227.020;10.205.723.352.695.400;13.681.951.166.984.000;7.643.548.680.965.210;18.828.989.676.799.900;13.314.862.157.138.400;Zenith Industrial Gases Center;"Houston, United States";Petrochemical;707631;2071;11.535.322.720.761.400;2.387.172.614.540.040;5.425.357.566.330.930;11.072.557.188.239.100;3.873.571.413.338.240;8.050.385.090.825.730;2.419.843.113.463.020;5.159.115.572.971.020;9.264.267.249.006.100;5.035.467.628.631.500;687.657.223.434.117;16.415.741.516.234.000;0.0690414428022848;0.2101627648027839;0.0020344286362594;9.597.885.948.199.500;8.983.061.709.367.870;9.253.468.955.643.100;8.655.931.198.803.430;106;95;219.245.248.437.914;3.130.668.624.032.710
B0-FF005_201501;B0-FF005;01/01/2015;6.404.078.952.348.550;8.529.530.278.231.720;9.182.178.228.594.340;27.564.363.399.003.500;1.185.491.260.857.570;9.865.047.787.325.330;0;0;4.368.326.954.329.470;143.762.870.120.882;14.055.465.542.126.700;4.694.694.198.631.550;337.127.906.598.453;2.034.907.917.433.140;5.633.380.105.986.480;3.433.617.053.021.650;10.338.566.947.053.800;14.015.891.050.921.200;7.617.576.821.668.790;18.811.279.179.883.600;1.315.810.451.749.330;Zenith Industrial Gases Center;"Houston, United States";Petrochemical;687961;1943;11.215.320.696.289.100;2.447.629.299.259.320;5.440.975.115.241.960;1.139.038.416.630.280;38.143.701.062.337.000;8.229.547.433.423.800;2.555.998.409.044.520;522.910.948.788.898;8.625.958.147.432.970;5.145.215.862.401.900;677.296.199.309.998;1.613.242.118.991.860;0.0708341580070318;0.1931637799939434;0.0019977052576126;10.083.150.554.833.800;8.496.443.267.024.120;9.612.650.382.598.580;871.527.993.799.557;95;96;22.367.986.383.167.700;3.215.749.405.210.590
B0-FF005_201502;B0-FF005;01/02/2015;6.791.309.388.287.780;8.483.559.454.347.810;8.738.053.807.070.730;2.700.229.470.567.550;12.138.994.106.016.600;1.030.014.154.087.310;0;0;447.862.493.206.688;1.365.069.835.769.340;13.915.822.560.802.800;472.585.715.161.946;3.492.733.284.659.940;2.215.269.106.718.900;5.763.385.420.089.050;35.340.660.345.318.500;1.026.232.730.295.040;14.342.839.855.959.100;7.731.337.894.449.830;1.804.945.071.728.300;1.161.129.556.966.330;Zenith Industrial Gases Center;"Houston, United States";Petrochemical;692332;2063;11.677.621.200.473.900;2.362.880.127.003.880;5.360.755.367.049.180;11.207.305.872.551.300;3.822.789.850.697.310;8.120.074.333.402.080;2.359.500.873.106.440;4.819.502.803.056.360;9.451.618.343.320.730;5.190.249.426.164.080;6.780.643.754.566.650;1.710.386.917.063.740;0.0688806216864677;0.2140000443196451;0.002087108601999;9.816.768.522.460.730;9.299.204.534.071.840;9.607.837.501.923.160;8.912.932.760.650.940;96;98;22.642.353.271.629.100;3.179.970.490.022.880
B0-FF005_201503;B0-FF005;01/03/2015;6.701.145.900.511.930;8.813.889.894.792.230;9.556.877.695.066.770;2.643.883.662.639.230;11.507.603.136.694.400;9.553.520.116.368.590;0;0;4.613.105.343.364.350;13.426.849.780.848.600;13.442.921.395.777.600;4.664.963.418.772.870;35.061.350.450.039.500;20.866.586.478.806.800;6.025.185.870.383.150;3.454.990.621.393.210;9.973.881.599.931.810;14.073.353.033.364.000;7.721.950.011.959.350;18.039.667.426.991.700;1.271.173.985.937.320;Zenith Industrial Gases Center;"Houston, United States";Petrochemical;693828;2030;11.517.710.709.421.200;245.305.897.458.326;53.226.683.075.303;12.006.870.612.309.600;3.986.251.892.596.410;8.270.187.428.699.930;2.428.361.544.075.350;5.049.142.112.279.360;9.405.639.276.674.150;4.920.067.116.533.520;7.090.496.580.552.100;17.523.237.159.173.600;0.0677758842874639;0.2090448336023034;0.0019916727757328;969.994.159.282.164;8.881.659.836.790.280;9.539.167.423.454.430;8.795.080.105.586.150;96;98;23.982.494.021.105.400;3.209.003.209.382.740
B0-FF005_201504;B0-FF005;01/04/2015;6.868.342.015.957.510;8.998.896.665.307.070;8.661.227.878.251.510;26.320.859.465.915.200;12.213.427.992.098.500;9.239.838.454.592.000;0;0;447.690.510.905.563;1.423.975.059.264.390;13.332.046.719.369.200;4.752.546.248.699.500;3.596.551.184.484.190;21.878.045.564.213.300;5.700.385.491.181.110;3.643.332.944.454.320;10.047.267.686.720.400;1.350.951.175.589.240;7.401.600.570.489.570;18.109.579.526.094.600;12.997.126.116.959.800;Zenith Industrial Gases Center;"Houston, United States";Petrochemical;725358;2062;11.203.843.229.573.100;23.750.769.488.788.300;531.408.127.677.777;1.073.409.307.319.740;3.780.465.963.282.020;8.179.364.211.969.770;2.438.285.286.869.840;4.963.746.577.393.510;9.496.833.106.495.320;5.064.070.136.666.380;6.622.817.656.762.900;176.089.194.986.708;0.0687278943514477;0.2005498369998832;0.0019692226912043;9.631.303.172.848.870;856.600.675.688.289;9.508.597.643.243.690;86.663.777.214.649;95;90;23.381.701.648.831.300;3.052.071.862.025.560
B0-FF005_201505;B0-FF005;01/05/2015;633.947.397.654.057;9.089.571.182.837.550;909.054.395.194.495;26.699.988.319.772.500;12.041.939.286.336.800;9.859.691.527.093.530;0;0;4.459.398.121.687.840;14.526.075.240.711.600;13.757.374.183.992.500;47.441.219.975.106.900;34.724.342.936.679.400;21.597.228.751.912.000;5.798.472.741.527.700;3.493.341.884.544.060;9.861.769.684.631.450;1.438.405.873.775.000;7.104.939.017.027.330;1.922.694.166.768.600;1.345.597.907.865.810;Zenith Industrial Gases Center;"Houston, United States";Petrochemical;695292;2110;11.415.847.733.672.200;24.157.667.347.610.900;5.245.932.764.363.700;11.018.293.654.198.500;38.654.899.924.810.000;7.720.942.903.112.080;2.481.034.001.052.650;4.849.882.228.578.550;9.043.044.161.630.480;4.902.422.789.038.330;6.799.412.636.676.850;17.107.606.223.861.000;0.0709773123633849;0.20226090313511;0.0019960901637037;9.424.001.883.398.050;854.007.717.766.738;100.0;875.157.299.027.953;95;92;23.376.153.419.795.700;3.053.428.967.110.190
B0-FF005_201506;B0-FF005;01/06/2015;6.666.018.704.140.490;8.550.635.715.392.290;8.927.674.707.953.110;26.607.013.228.543.900;12.062.795.321.311.900;9.793.933.666.126.920;0;0;4.668.963.666.913.750;13.936.594.938.777.300;131.382.784.406.996;4.391.303.281.729.730;3.533.610.006.334.400;20.883.209.298.461.100;5.652.396.465.934.100;3.315.139.881.013.660;10.072.637.805.088.100;14.882.243.108.704.400;7.841.965.547.324.000;1.943.964.393.552.900;1.245.742.527.624.660;Zenith Industrial Gases Center;"Houston, United States";Petrochemical;728338;2135;12.080.131.987.143.100;24.007.642.686.774.400;5.264.482.865.251.960;11.144.787.139.560.100;3.931.006.618.446.290;7.879.138.207.202.560;24.175.745.963.386.600;5.318.097.339.517.250;9.010.184.700.462.500;5.196.855.911.132.140;6.983.464.071.548.890;1.763.152.647.816.030;0.0695120490661596;0.208476686575668;0.0020427421041502;984.873.063.315.038;9.011.109.110.957.850;9.006.632.114.298.280;8.826.522.494.335.180;92;96;2.290.748.558.886.330;3.159.762.392.176.380
B0-FF005_201507;B0-FF005;01/07/2015;6.662.548.564.782.830;8.855.556.276.440.490;9.758.571.622.037.340;2.477.135.287.815.250;1.152.044.534.573.610;10.018.718.229.243.700;0;0;4.746.617.367.839.850;133.004.784.645.185;14.101.675.296.015.600;4.639.077.421.050.180;3.515.125.648.226.060;2.091.758.507.891.210;5.976.809.628.109.500;3.499.088.720.009.550;10.388.634.124.517.900;14.069.886.424.431.100;7.644.151.950.227.110;1.833.142.644.202.380;12.623.646.474.752.000;Zenith Industrial Gases Center;"Houston, United States";Petrochemical;688349;1999;12.187.248.688.033.600;2.435.780.275.123.450;5.012.688.915.798.450;11.148.824.201.300.000;40.411.072.350.985.000;780.032.919.136.635;25.043.968.568.156.700;51.432.159.563.878.700;8.685.804.629.902.170;50.925.343.337.109.500;6.848.695.040.168.710;1.636.189.302.000.200;0.0667885042479445;0.2044564666161374;0.0020334024550043;9.902.800.158.592.920;861.457.831.308.553;100.0;8.616.815.542.557.180;97;97;2.256.916.541.671.030;3.206.445.779.616.670
B0-FF005_201508;B0-FF005;01/08/2015;659.125.513.202.797;9.049.603.265.922.770;9.194.509.460.306.100;27.065.092.243.649.300;12.270.211.560.776.500;94.807.233.107.226;0;0;4.524.614.942.215.430;14.109.484.964.967.000;1.402.535.258.056.940;443.596.691.399.196;3.427.736.923.775.300;2.235.425.205.318.550;5.744.009.482.554.250;3.508.422.430.507.030;10.327.398.961.362.200;14.312.060.461.584.400;7.326.335.605.735.860;1.875.405.079.144.610;1.165.791.741.691.040;Zenith Industrial Gases Center;"Houston, United States";Petrochemical;693383;2041;11.023.996.335.122.000;2.472.991.663.159.020;52.066.711.052.377;11.763.479.580.667.600;3.977.724.385.066.190;8.159.481.628.514.610;25.199.182.390.281.700;4.898.689.010.339.890;9.234.614.554.635.160;5.000.767.850.414.460;7.069.965.725.420.300;16.803.200.983.563.900;0.064101144907946;0.1949084152167877;0.0020210857314637;988.664.639.343.208;8.387.843.043.065.740;9.160.817.286.169.670;8.550.149.492.047.540;103;97;2.250.483.089.207.890;2.930.329.374.024.690
B0-FF005_201509;B0-FF005;01/09/2015;7.234.622.948.566.900;8.520.625.268.265.180;9.290.966.737.563.460;250.744.104.698.418;11.947.373.342.864.200;946.470.626.697.554;0;0;4.727.794.052.398.460;14.281.225.547.136.400;13.185.312.225.574.800;49.357.541.694.504.400;3.464.363.649.154.440;21.780.328.237.997.200;5.743.577.135.168.870;35.538.645.162.025.800;10.209.787.931.977.600;15.107.385.792.727.700;7.491.434.248.642.100;19.585.275.963.045.400;12.397.496.020.759.500;Zenith Industrial Gases Center;"Houston, United States";Petrochemical;742154;2126;11.476.270.976.694.400;2.415.512.926.238.700;5.386.241.612.301.470;11.216.650.619.557.700;3.982.424.276.589.190;8.260.699.705.754.780;23.948.419.445.939.200;5.082.971.527.009.870;927.438.299.300.958;5.036.245.912.826.610;6.800.833.860.335.390;17.330.672.953.481.300;0.0690259500493782;0.2017657762498499;0.0020857215412567;10.085.074.031.385.100;8.657.879.329.610.910;9.912.412.243.133.880;8.442.154.157.395.450;99;99;22.391.836.206.019.100;31.616.755.422.257.700
B0-FF005_201510;B0-FF005;01/10/2015;671.285.166.107.183;8.821.040.373.003.440;8.644.889.159.211.190;276.974.943.145.786;1.204.131.454.246.440;9.518.900.265.620.680;0;0;4.292.835.392.916.040;1.400.851.273.859.650;131.238.050.541.872;4.519.118.041.264.620;3.430.216.994.547.060;2.158.244.943.082.590;5.939.090.404.131.780;36.582.456.662.420.000;9.959.866.187.143.360;13.967.976.135.292.700;79.785.366.064.564.600;19.007.378.497.873.300;12.922.938.268.395.900;Zenith Industrial Gases Center;"Houston, United States";Petrochemical;708383;2093;116.330.834.247.386;2.438.742.187.353.900;5.441.970.294.553.380;10.923.237.922.193.400;3.962.126.445.094.860;776.073.830.828.226;2.472.634.185.876.720;5.094.248.998.584.930;9.434.768.686.355.490;4.993.089.032.338.680;6.960.033.753.093.300;17.398.699.304.920.900;0.0701497351759881;0.1998401186955496;0.0020051208250431;9.935.219.746.500.510;8.519.848.260.956.040;960.090.881.561.785;8.459.880.415.842.720;93;103;224.374.381.947.618;3.090.946.059.279.610
B0-FF005_201511;B0-FF005;01/11/2015;62.378.100.859.523.200;8.921.339.278.315.180;8.853.859.887.008.560;2.609.284.592.452.360;1.181.754.622.974.890;9.304.586.794.114.010;0;0;4.500.504.554.375.950;139.804.335.869.999;1.365.939.664.257.530;49.870.589.898.666.900;3.700.368.097.065.010;2.251.886.579.821.520;60.148.318.173.242;3.621.848.296.533.200;1.023.963.858.306.150;1.459.014.847.598.060;7.540.256.608.837.580;1.866.447.006.008.400;12.286.103.485.003.100;Zenith Industrial Gases Center;"Houston, United States";Petrochemical;700703;2106;12.018.839.739.604.100;2.467.509.563.011.920;559.632.970.108.314;1.076.600.717.352.450;40.069.079.881.161.000;8.035.156.488.823.680;2.506.514.292.891.400;5.052.244.971.879.500;9.063.435.878.542.600;5.351.780.693.912.760;697.904.125.844.292;1.667.514.815.082.780;0.0655960523319064;0.1987099358222597;0.0020249341830076;9.467.564.732.190.000;8.901.695.979.361.130;9.423.004.050.479.950;8.647.463.673.774.630;100;97;23.162.563.302.553.800;32.306.522.272.033.000
B0-FF005_201512;B0-FF005;01/12/2015;6.531.466.368.184.080;8.547.177.882.631.320;9.734.997.803.329.580;27.539.760.923.747.200;11.722.685.860.682.500;976.089.906.409.215;0;0;4.703.550.515.840.990;13.062.281.513.086.600;14.298.007.832.589.800;4.911.206.714.788.920;3.504.149.653.408.000;21.776.637.574.057.200;6.117.500.019.098.620;3.917.065.048.235.910;10.531.889.893.483.700;14.468.072.000.320.600;7.900.960.038.150.140;1.930.118.226.223.060;13.041.437.429.451.900;Zenith Industrial Gases Center;"Houston, United States";Petrochemical;683462;2085;1.175.467.060.401.690;2.330.201.412.202.120;5.484.227.546.363.340;1.087.689.990.742.840;4.106.105.393.484.470;8.064.753.829.144.930;25.486.673.309.404.400;5.078.536.614.887.590;9.582.231.608.515.450;5.441.607.019.801.920;7.054.538.640.332.960;16.801.234.226.547.100;0.069659629738773;0.1998687731781591;0.0019623260473264;968.577.358.847.708;8.833.828.937.509.930;9.569.573.736.352.970;8.639.676.313.600.000;97;99;22.322.671.800.386.500;3.053.703.857.284.750
B0-FF005_201601;B0-FF005;01/01/2016;6.719.507.355.144.240;8.646.427.566.167.960;9.060.391.561.616.820;25.963.679.240.183.100;11.926.181.849.333.200;9.805.558.307.304.140;0;0;468.641.055.392.506;13.975.264.636.870.300;13.486.558.151.567.300;4.795.862.261.861.560;3.543.815.313.882.980;2.200.805.589.696.780;5.914.821.397.250.750;35.595.275.285.820.400;10.135.225.866.065.200;1.426.732.063.490.600;8.182.001.992.720.070;1.774.109.473.934.730;1.267.740.919.280.140;Zenith Industrial Gases Center;"Houston, United States";Petrochemical;728561;2032;11.704.873.507.876.800;24.333.829.835.144.500;5.525.683.591.768.830;11.189.746.138.358.600;37.593.484.835.171.900;8.692.643.918.215.160;2.472.002.510.670.110;5.216.253.372.764.970;911.821.716.641.606;525.714.132.498.103;7.150.460.191.804.350;17.071.628.567.935.100;0.0672657991755287;0.1965811989442978;0.0021059809777995;9.719.350.754.211.040;900.526.780.843.906;9.970.974.247.659.980;8.660.421.330.886.660;99;99;2.304.806.785.440.430;31.250.339.805.815.300
B0-FF005_201602;B0-FF005;01/02/2016;6.694.207.369.000.910;8.947.463.855.890.060;9.412.559.310.692.570;27.225.669.289.223.500;11.404.974.707.098.800;9.605.974.278.551.380;0;0;4.939.396.701.744.390;13.290.247.842.621.700;1.338.650.738.327.590;4.630.361.787.407.390;347.526.309.003.721;2.195.470.993.518.200;5.954.599.495.520.980;3.468.571.498.749.290;11.040.932.552.962.000;14.676.651.507.801.200;7.781.488.708.266.950;19.214.266.054.785.200;13.022.821.150.762.800;Zenith Industrial Gases Center;"Houston, United States";Petrochemical;716907;2110;1.166.677.514.070.040;24.928.763.157.906.500;5.407.836.019.904.310;11.192.629.984.310.900;4.153.434.520.847.880;8.304.425.256.186.850;2.466.253.816.227.150;5.064.111.388.249.530;897.836.173.706.035;5.244.401.026.055.410;6.878.828.810.354.990;16.786.273.905.419.800;0.0716378209921003;0.2112497412566575;0.001975964154737;976.030.132.181.028;8.437.587.115.167.000;9.635.829.926.143.150;8.552.198.460.028.510;99;96;21.333.506.230.581.500;3.154.267.395.765.800
B0-FF005_201603;B0-FF005;01/03/2016;6.998.372.574.279.820;8.711.248.009.808.530;98.797.109.998.311;2.608.807.988.215.530;11.922.029.112.214.000;9.807.251.707.733.300;0;0;4.851.018.315.809.010;14.413.460.495.885.700;14.455.720.747.317.600;46.212.824.988.092.300;3.607.587.914.672.380;2.168.150.071.972.960;5.929.225.065.696.940;3.527.014.480.805.430;10.648.993.552.141.600;15.504.977.530.861.300;7.795.013.153.479.660;18.932.244.901.416.100;1.263.118.555.942.890;Zenith Industrial Gases Center;"Houston, United States";Petrochemical;728027;1928;1.157.872.288.518.790;24.734.838.201.557.700;5.441.467.598.711.660;11.268.075.574.079.300;3.745.372.225.508.210;8.666.340.555.835.550;2.504.884.411.873.610;5.200.882.910.855.730;9.617.050.261.948.860;5.434.295.416.856.440;6.918.168.911.753.900;1.705.543.122.799.210;0.0700272667120803;0.2126986178668531;0.0020996930990739;9.587.994.520.241.460;8.591.042.122.172.160;9.538.667.315.001.890;8.884.883.512.806.040;98;101;2.168.240.202.133.290;3.131.588.908.944.890
B0-FF005_201604;B0-FF005;01/04/2016;6.851.543.363.380.550;8.478.967.759.886.630;984.725.408.223.622;2.768.666.207.485.340;12.403.211.810.389.500;994.946.309.107.426;0;0;4.806.438.213.563.630;13.831.768.930.712.900;13.704.845.965.011.200;485.466.948.504.871;3.402.628.552.945.810;22.281.035.976.651.200;5.839.114.583.434.090;35.901.230.461.804.200;1.048.232.711.379.240;13.805.205.014.958.800;7.365.291.592.152.320;18.996.216.199.123.300;12.881.053.787.263.900;Zenith Industrial Gases Center;"Houston, United States";Petrochemical;720505;2021;12.017.587.219.455.200;25.388.608.474.923.300;5.363.539.872.046.330;10.922.322.165.994.800;3.902.079.462.810.250;8.376.875.010.107.570;2.524.297.707.724.120;551.602.933.147.001;950.775.896.432.492;521.081.897.932.818;7.082.854.878.742.600;17.380.730.748.070.900;0.0692338250758841;0.2156019489754982;0.0020034976686119;1.006.455.094.310.960;9.046.881.355.801.140;100.0;8.210.266.306.154.390;103;96;2.155.103.863.913.620;31.237.432.699.664.900
B0-FF005_201605;B0-FF005;01/05/2016;6.460.388.867.953.020;9.219.476.231.569.880;9.813.167.985.787.390;262.600.037.849.562;11.848.529.019.804.000;1.006.751.265.498.990;0;0;4.647.658.441.792.630;13.393.966.361.405.400;1.341.028.179.847.580;49.814.653.760.356.400;3.449.491.353.241.860;21.965.211.457.527.300;5.918.384.138.269.650;35.399.321.713.556.600;9.946.943.047.430.130;14.311.219.901.763.700;8.129.543.105.336.030;1.887.177.898.378.170;13.136.149.047.994.300;Zenith Industrial Gases Center;"Houston, United States";Petrochemical;683839;2080;11.659.250.129.490.100;24.438.449.090.822.000;5.485.083.542.325.370;11.411.676.348.450.100;3.857.006.222.071.740;8.132.360.793.730.480;24.939.790.352.063.600;5.549.463.189.536.870;9.080.741.177.040.090;5.183.867.941.245.540;6.911.059.324.641.240;17.402.912.176.147.700;0.0712189778622664;0.2080060083515167;0.0019808718629892;10.085.517.377.953.400;9.307.911.083.131.880;9.829.581.856.869.230;8.694.180.978.539.840;105;95;227.066.596.776.679;3.253.126.174.960.250
B0-FF005_201606;B0-FF005;01/06/2016;6.828.671.361.229.640;9.085.228.866.129.670;9.040.699.880.127.730;26.644.270.807.370.500;11.801.434.461.065.500;942.211.607.638.138;0;0;4.738.413.299.118.440;1.361.152.612.810.670;13.535.515.262.823.800;4.750.232.951.221.780;3.679.203.703.131.060;21.161.936.537.049.800;6.068.852.206.740.720;3.736.762.320.376.500;10.616.041.718.996.100;14.076.505.726.740.500;7.733.937.485.693.190;1.873.133.061.785.090;12.748.501.720.376.900;Zenith Industrial Gases Center;"Houston, United States";Petrochemical;715808;2057;11.408.231.987.236.400;24.899.674.248.732.600;5.574.997.012.451.260;11.693.905.804.190.700;3.857.181.977.867.810;8.576.713.040.110.450;2.616.359.106.685.590;5.059.483.491.101.380;9.052.306.520.908.710;5.064.940.897.369.240;6.758.729.554.721.640;1.799.288.352.192.730;0.0674241716791091;0.2102847978492398;0.001952202767525;9.505.796.975.205.200;8.700.194.677.924.110;100.0;8.721.548.993.870.420;99;97;22.272.709.363.156.400;31.125.691.604.796.600
B0-FF005_201607;B0-FF005;01/07/2016;6.916.671.094.166.950;9.017.631.952.387.850;9.297.992.364.826.720;266.242.315.844.692;1.204.989.079.818.620;10.039.481.238.899.800;0;0;4.630.798.160.676.570;13.927.340.417.541.300;13.862.859.223.228.300;4.920.413.678.913.820;35.336.467.826.835.500;20.418.951.059.999.900;5.802.836.131.501.960;3.794.996.016.290.550;9.939.837.058.286.780;13.628.592.226.281.700;7.957.808.770.888.140;1.931.680.263.680.550;1.280.648.151.415.760;Zenith Industrial Gases Center;"Houston, United States";Petrochemical;728524;2064;11.410.261.634.198.200;2.584.302.585.104.240;53.194.119.475.024.300;10.897.158.955.414.900;3.782.815.479.753.940;8.662.893.242.594.010;2.513.019.064.113.070;5.362.098.203.208.970;98.327.405.158.611;518.970.118.708.064;7.442.687.151.317.780;1.721.144.788.635.460;0.0695445907643406;0.2147634877132224;0.0020520336023666;1.017.228.396.960.370;8.795.887.785.960.970;9.959.039.705.345.170;9.153.751.668.843.620;101;98;2.272.655.486.673.640;3.187.923.954.965.050
B0-FF005_201608;B0-FF005;01/08/2016;6.769.716.416.222.180;9.339.740.392.659.540;9.431.939.681.526.190;27.620.670.263.507.300;12.147.437.110.601.700;1.015.460.670.209.310;0;0;4.990.458.312.987.180;13.765.354.344.425.800;1.487.876.446.102.810;4.646.077.655.691.380;3.560.765.116.892.990;2.231.887.442.490.520;6.011.060.116.169.610;3.372.573.760.305.740;1.060.009.975.123.990;14.519.494.555.526.700;7.652.522.018.678.020;1.880.529.579.750.190;12.162.590.326.180.900;Zenith Industrial Gases Center;"Houston, United States";Petrochemical;706230;2140;11.829.010.837.877.900;2.536.640.548.416.060;5.738.321.152.671.020;11.089.595.362.176.600;38.826.815.103.319.100;8.583.548.902.915.740;2.491.536.264.566.340;5.208.208.684.985.040;1.008.120.839.807.590;5.474.317.747.345.790;7.039.697.708.762.900;17.561.524.854.173.200;0.0699204895699208;0.198241921333081;0.0020737885544979;9.894.036.144.922.830;8.760.231.974.120.540;9.740.662.586.496.450;846.556.445.842.818;95;98;22.130.164.179.532.600;341.751.177.836.033
B0-FF005_201609;B0-FF005;01/09/2016;7.080.108.597.000.180;8.824.704.785.897.760;955.557.657.095.942;26.955.074.476.596.300;1.179.116.531.842.880;9.509.671.531.079.240;0;0;4.710.924.501.252.960;14.925.684.019.578.800;13.940.248.469.289.200;4.594.830.141.284.180;3.572.922.814.547.050;2.258.008.577.054.800;6.357.585.852.272.010;34.487.677.474.695.500;10.498.120.600.979.300;1.463.484.026.294.870;80.235.174.000.833;18.872.894.631.755.300;12.983.972.501.961.100;Zenith Industrial Gases Center;"Houston, United States";Petrochemical;709901;2015;1.211.651.482.505.960;23.947.012.766.605.400;5.185.657.861.822.610;11.225.043.343.538.200;3.792.929.185.643.650;8.254.521.306.815.410;24.717.344.112.243.600;5.228.888.047.677.910;920.237.994.967.126;5.292.004.738.124.540;7.409.515.625.941.790;16.020.277.286.296.400;0.0727526454775314;0.1977162683847313;0.0020823949864947;10.326.908.998.279.000;8.895.075.569.105.570;9.925.353.815.730.760;9.000.429.467.610.860;103;96;2.301.393.195.106.880;3.229.273.535.258.190
B0-FF005_201610;B0-FF005;01/10/2016;6.903.480.764.296.250;9.089.457.450.843.630;940.046.024.372.498;2.700.225.419.271.020;12.191.916.937.075.200;966.639.531.467.102;0;0;5.020.822.657.178.300;14.283.140.143.425.500;14.103.238.670.688.800;4.697.415.223.354.180;3.586.346.212.350.980;22.126.274.383.997.000;6.221.803.074.736.220;34.753.587.992.787;10.074.297.947.161.300;14.295.789.854.835.800;7.704.054.635.091.990;18.743.066.064.632.200;13.183.102.839.562.300;Zenith Industrial Gases Center;"Houston, United States";Petrochemical;724858;2085;12.279.024.436.998.100;2.638.347.387.642.040;5.538.157.900.767.300;1.155.078.433.577.750;4.008.110.125.660.100;8.086.025.974.601.010;2.583.938.159.460.910;5.212.782.798.117.780;9.331.500.123.604.100;5.311.420.967.652.810;6.770.429.691.707.950;18.023.405.704.056.400;0.0714037688943645;0.201795794788002;0.0019927345804655;9.724.805.904.141.820;8.742.777.261.878.260;954.452.588.229.382;8.900.249.769.731.570;101;96;24.150.825.398.937.600;31.417.429.632.238.300
B0-FF005_201611;B0-FF005;01/11/2016;6.397.378.541.403.940;9.141.381.323.775.550;9.425.708.951.036.830;2.671.259.881.244.180;1.206.113.309.036.520;9.795.585.242.197.780;0;0;4.674.276.246.514.020;14.185.188.742.688.900;14.347.335.681.827.100;47.707.162.860.879.400;3.598.257.984.874.060;22.720.701.306.821.800;6.014.225.573.451.920;34.456.769.469.001.600;10.535.237.021.803.700;1.451.758.075.932.550;7.867.866.186.735.460;1.915.018.726.214.610;13.018.938.850.680.700;Zenith Industrial Gases Center;"Houston, United States";Petrochemical;727789;2026;12.612.917.975.440.700;2.476.391.822.232.140;5.280.526.805.127.010;10.908.427.195.463.700;4.059.576.194.396.750;827.677.161.873.753;25.349.898.158.976.400;5.590.332.707.422.900;936.652.159.719.484;546.901.627.112.585;682.584.227.198.957;17.496.153.317.589.800;0.0679500397850019;0.199952233241244;0.0020713246412196;10.415.970.315.339.100;9.228.986.087.901.230;100.0;881.424.191.449.783;101;102;2.286.253.691.088.410;33.295.279.297.284.800
B0-FF005_201612;B0-FF005;01/12/2016;67.086.317.690.115;8.793.457.416.454.600;929.552.161.030.432;2.624.153.186.713.810;11.419.879.582.400.700;9.776.119.754.544.230;0;0;4.455.766.772.089.300;14.789.068.830.883.700;13.862.618.112.231.600;4.386.514.566.683.730;3.611.312.737.976.530;2.207.293.766.393.650;5.904.826.754.877.500;37.825.748.599.274.500;1.070.932.550.365.330;14.424.734.548.892.300;7.940.862.802.260.080;1.992.714.642.561.360;1.255.406.151.898.160;Zenith Industrial Gases Center;"Houston, United States";Petrochemical;703834;2106;11.231.982.103.663.600;24.952.947.354.209.400;5.731.969.969.091.020;11.383.625.984.826.200;38.183.490.641.994.400;858.854.854.042.629;2.639.607.524.515.050;4.833.044.746.062.390;9.520.282.390.862.100;5.405.712.687.461.380;7.141.739.160.579.620;17.503.631.722.638.300;0.070069699269103;0.2057702307252785;0.0021537573207452;100.115.847.335.504;9.629.058.685.492.100;100.0;8.868.221.799.063.840;97;102;2.224.096.414.417.330;3.183.147.259.613.360
B0-FF005_201701;B0-FF005;01/01/2017;6.753.103.563.396.760;8.645.655.873.398.960;9.951.566.526.263.320;26.115.157.613.226.200;12.139.684.612.200.100;9.598.856.688.937.300;0;0;4.736.138.466.498.470;14.772.396.463.199.600;1.422.380.896.951.930;48.274.144.261.123.200;3.694.966.911.343.550;21.740.748.341.929.400;5.910.373.556.055.950;3.541.033.918.841.420;1.030.879.438.242.550;14.679.372.517.296.300;7.484.238.014.673.140;18.933.621.621.768.600;13.563.385.277.816.100;Zenith Industrial Gases Center;"Houston, United States";Petrochemical;729115;2101;11.654.650.587.207.300;2.413.139.325.214.500;5.675.383.114.298.490;11.475.891.123.234.300;39.523.850.543.290.000;8.320.593.701.120.680;24.516.856.856.831.200;5.286.901.296.512.620;941.235.512.398.112;5.406.700.503.358.500;6.728.182.343.924.670;17.472.323.497.456.000;0.0710846928552673;0.2066473840232441;0.0021481814120564;10.191.672.882.578.400;9.284.000.455.437.150;9.595.468.367.338.320;8.366.128.393.175.390;101;94;22.432.037.305.141.000;3.248.380.391.815.360
B0-FF005_201702;B0-FF005;01/02/2017;698.930.138.421.626;9.026.791.583.893.400;9.876.740.086.876.280;26.560.043.886.612.800;11.726.996.246.583.200;10.514.834.930.687.200;0;0;4.681.680.645.871.950;13.771.349.855.622.400;13.999.268.398.823.000;4.953.624.136.300.820;35.927.890.074.474.500;2.031.141.750.219.410;5.828.728.367.374.150;38.215.080.511.212.100;9.747.402.717.924.550;14.249.278.168.958.500;7.939.885.095.994.480;19.354.714.331.418.500;13.251.563.900.860.900;Zenith Industrial Gases Center;"Houston, United States";Petrochemical;742766;2096;11.492.012.812.671.000;2.463.860.451.398.650;5.671.634.609.342.140;10.885.065.033.667.000;3.963.443.989.484.100;8.412.154.305.509.480;24.721.389.256.182.100;5.192.630.322.364.960;9.508.351.676.065.220;533.698.902.172.575;7.258.871.761.826.620;17.713.449.760.199.500;0.0721654718693164;0.2038702758492143;0.0022288435907963;9.505.109.531.654.630;9.218.983.568.989.640;9.623.881.169.313.760;842.476.327.039.296;106;99;21.993.482.672.954.100;3.215.744.568.906.180
B0-FF005_201703;B0-FF005;01/03/2017;670.431.418.657.484;8.969.369.067.418.880;9.382.401.348.248.200;26.052.087.862.766.600;12.093.927.607.144.700;9.854.085.245.190.790;0;0;4.768.867.088.840.040;14.358.935.953.625.800;13.639.861.121.382.300;4.903.340.058.117.110;3.918.169.271.502.350;21.224.346.610.152.500;5.924.846.086.701.820;36.479.653.827.474.400;10.620.631.427.842.900;14.635.766.275.847.900;7.684.596.803.718.780;1.830.852.765.245.940;12.740.810.747.097.500;Zenith Industrial Gases Center;"Houston, United States";Petrochemical;742295;2241;1.206.101.758.788.300;2.458.089.978.045.930;5.618.250.133.190.670;11.002.227.276.928.600;401.982.769.025.674;826.714.878.507.191;2.503.394.126.677.280;5.192.596.214.234.340;9.091.981.438.446.450;5.593.767.669.134.460;6.934.855.905.762.620;17.117.268.558.757.400;0.0699553177789113;0.2094532213051157;0.0021700184918324;10.072.631.966.610.800;916.269.755.346.528;938.794.102.382.706;8.952.522.191.120.310;98;98;2.208.017.221.561.830;3.226.314.290.181.590
B0-FF005_201704;B0-FF005;01/04/2017;6.931.337.055.318.900;9.140.940.590.341.490;95.437.975.333.587;2.668.458.470.483.160;11.822.869.594.174.800;9.746.358.507.955.740;0;0;4.737.008.149.087.400;14.022.255.599.677.500;1.424.956.887.328.130;522.290.501.489.723;36.244.579.965.044.200;22.013.874.706.313.900;6.162.486.777.710.100;3.603.706.105.422.970;1.071.149.975.944.360;15.176.285.081.203.400;7.786.801.946.618.730;20.010.465.961.174.300;13.168.824.857.902.200;Zenith Industrial Gases Center;"Houston, United States";Petrochemical;742482;2180;12.356.161.449.998.000;257.102.107.200.132;571.813.137.845.742;11.542.095.825.764.600;3.943.642.612.331.450;8.453.612.141.215.200;24.463.570.425.263.200;5.236.224.262.869.490;924.957.426.319.154;5.089.996.084.491.680;7.270.858.711.096.940;18.165.952.164.526.500;0.0686280009861233;0.2124153190964251;0.002237585896574;10.392.347.461.614.800;8.746.164.495.515.530;100.0;8.836.730.769.841.430;103;108;2.287.786.538.590.070;3.401.327.222.968.640
B0-FF005_201705;B0-FF005;01/05/2017;6.706.018.375.139.300;8.904.449.188.679.520;8.935.796.297.575.050;2.855.386.465.594.660;11.497.743.632.153.300;9.546.620.355.161.840;0;0;4.506.847.580.385.560;1.435.520.768.880.140;1.351.420.972.969.220;5.062.555.488.112.950;3.648.711.118.593.470;2.306.113.812.527.290;5.911.773.015.210.960;3.580.489.548.285.130;1.029.125.787.020.350;15.256.926.670.177.200;8.200.933.539.478.680;18.782.320.072.532.900;13.492.553.449.827.600;Zenith Industrial Gases Center;"Houston, United States";Petrochemical;723796;1994;12.078.442.946.116.100;2.553.209.143.472.660;5.677.394.199.560.590;11.522.101.597.600.400;3.992.184.857.036.220;831.259.317.090.325;25.996.968.968.919.300;536.184.716.030.774;9.248.217.267.268.200;538.064.583.946.595;7.237.720.409.705.650;17.878.606.649.006.300;0.0702460906014486;0.2164560137643007;0.0020257945336926;10.060.548.229.793.600;9.287.881.171.653.820;100.0;8.915.449.659.132.030;99;97;224.809.194.893.278;3.382.065.952.585.880
B0-FF005_201706;B0-FF005;01/06/2017;673.493.053.421.982;9.046.374.315.107.620;10.078.206.783.364.500;2.809.981.487.087.450;12.060.421.493.685.800;982.113.187.151.921;0;0;4.786.696.009.066.970;14.134.814.880.399.700;14.829.620.417.924.400;4.824.778.413.297.290;3.599.246.358.801.080;22.519.435.225.033.700;6.411.549.326.988.290;3.501.387.580.280.450;1.071.066.338.197.590;14.275.267.267.977.800;8.214.096.952.095.730;1.854.134.007.771.140;13.444.132.360.358.300;Zenith Industrial Gases Center;"Houston, United States";Petrochemical;710892;2225;12.777.432.601.100.900;2.584.371.669.995.500;549.531.630.215.243;11.095.227.505.247.400;4.061.683.116.765.190;8.514.695.657.102.400;2.711.206.210.889.380;532.276.570.699.038;9.238.380.324.507.740;5.374.665.724.493.580;7.011.199.869.491.920;17.459.835.135.516.400;0.0748976640929289;0.2036137056349782;0.0021373005871323;9.963.388.589.854.630;9.036.644.330.309.830;9.971.161.219.342.610;864.544.732.979.898;103;94;2.277.326.556.071.230;3.300.078.783.378.490
B0-FF005_201707;B0-FF005;01/07/2017;699.695.835.565.387;9.201.375.274.034.210;9.199.731.518.928.110;26.951.439.535.342.300;12.181.389.039.342.400;9.683.088.969.829.550;0;0;4.713.472.509.968.870;14.506.924.743.268.500;1.404.382.199.952.280;4.713.475.937.727.690;3.783.234.109.413.180;2.176.600.079.178.290;5.803.611.349.562.010;3.583.215.059.114.390;10.692.252.123.863.200;148.052.364.219.686;7.626.809.846.031.620;1.956.451.138.453.710;13.124.138.352.446.500;Zenith Industrial Gases Center;"Houston, United States";Petrochemical;696129;2016;1.200.371.670.255.170;2.471.322.803.768.730;5.362.881.078.927.990;11.310.752.804.163.300;40.314.239.846.122.100;8.427.793.814.230.930;2.527.985.932.817.920;5.284.332.514.452.560;10.010.476.414.144.900;5.266.456.231.470.360;725.679.523.855.916;1.785.052.213.971.190;0.0691922759715305;0.198519779623927;0.0020537173688656;956.992.942.656.026;8.564.680.338.778.570;9.834.618.910.594.600;8.936.086.449.532.380;100;96;22.170.300.746.771.200;3.289.902.055.894.270
B0-FF005_201708;B0-FF005;01/08/2017;7.014.157.372.443.940;884.116.767.294.058;9.525.646.807.347.950;2.749.479.662.625.030;12.774.007.625.217.800;10.388.762.027.369.300;0;0;5.009.970.048.057.610;14.452.070.888.525.900;13.892.839.093.269.700;51.237.465.496.800.300;3.608.938.149.555.250;2.354.033.702.639.200;5.866.832.026.306.840;3.596.677.213.805.990;997.060.289.200.899;14.470.635.218.548.200;8.179.420.419.669.650;18.907.700.737.145.900;128.266.863.798.059;Zenith Industrial Gases Center;"Houston, United States";Petrochemical;756038;2135;1.199.134.085.208.900;24.162.796.773.583.900;534.851.958.758.751;11.453.779.128.284.200;3.813.609.097.936.990;8.672.677.005.895.540;25.869.232.675.763.400;538.100.373.714.351;9.089.186.395.913.090;546.798.352.904.506;6.927.944.287.593.250;1.820.543.609.352.940;0.0698593365725908;0.2099246635890903;0.0021218604367946;10.173.579.015.390.100;8.196.159.052.594.900;9.481.277.953.245.590;8.715.499.549.102.000;102;106;228.246.343.117.227;3.358.902.417.400.780
B0-FF005_201709;B0-FF005;01/09/2017;7.034.800.045.753.740;8.714.165.908.995.760;9.543.778.748.830.340;26.865.139.723.566.300;11.824.078.697.124.900;10.437.250.197.140.300;0;0;47.171.134.541.746.000;14.322.710.210.060.700;14.344.370.978.020.600;4.559.168.178.508.460;3.793.549.560.585.410;22.276.169.787.099.500;5.911.347.369.317.340;39.123.453.444.093.900;1.077.875.465.249.690;15.375.588.722.480.400;8.198.720.771.552.370;2.041.856.689.985.710;13.591.222.908.237.400;Zenith Industrial Gases Center;"Houston, United States";Petrochemical;750255;2177;12.473.412.674.933.200;2.459.217.593.714.240;5.591.346.407.347.360;11.362.895.578.328.200;4.166.493.883.152.180;8.403.556.654.052.100;2.526.289.570.332.920;5.016.475.967.731.000;10.040.844.200.957.800;5.161.882.718.485.810;721.012.127.562.839;17.896.917.165.358.800;0.073577571811237;0.2065903374487123;0.0019999798165629;10.386.050.103.031.700;9.395.835.878.250.640;100.0;8.949.431.538.781.110;101;98;21.513.445.719.966.000;3.446.275.738.473.060
B0-FF005_201710;B0-FF005;01/10/2017;690.544.761.499.655;9.314.263.654.514.720;9.455.925.196.437.110;2.710.333.937.100.840;1.200.432.092.670.900;9.883.938.816.418.560;0;0;5.051.458.632.748.390;13.798.901.073.481.100;1.412.811.424.220.250;4.841.777.499.585.170;37.322.508.152.073.600;21.702.004.225.510.800;6.297.723.791.132.010;3.722.011.333.131.980;11.163.971.195.014.700;14.486.877.437.268;7.518.489.470.914.200;19.834.197.625.008.200;13.621.531.920.785.500;Zenith Industrial Gases Center;"Houston, United States";Petrochemical;679681;2167;1.208.333.126.521.150;2.463.642.429.933.570;5.787.341.071.864.980;11.420.524.741.687.300;4.265.408.254.646.430;8.728.817.874.589.430;2.601.248.404.729.180;5.405.164.332.372.610;9.694.399.047.694.300;5.272.158.612.738.740;6.871.579.748.234.960;18.492.262.664.484.000;0.0694740575045244;0.2086082255174104;0.0020035270975414;10.294.754.619.598.400;8.800.718.980.321.520;100.0;8.860.599.734.387.980;102;107;2.230.769.693.652.420;32.361.605.267.479.300
B0-FF005_201711;B0-FF005;01/11/2017;6.751.657.115.421.210;9.236.245.305.165.340;9.687.241.544.137.820;272.476.823.472.062;12.618.484.780.768.400;9.962.765.328.128.430;0;0;4.780.270.498.137.680;1.422.983.137.265.050;14.184.284.953.416.000;4.888.010.704.117.780;3.786.965.285.016.320;2.278.853.192.993.180;6.208.121.310.242.030;35.504.807.797.936.200;1.065.800.785.303.500;146.663.626.872.517;8.056.146.276.552.390;1.918.737.200.623.550;1.377.448.964.260.670;Zenith Industrial Gases Center;"Houston, United States";Petrochemical;745501;2171;11.634.531.727.293.900;24.535.506.644.281.200;5.448.707.211.413.860;11.584.330.234.724.700;4.208.243.910.816.820;8.306.082.972.941.610;242.557.980.570.514;55.632.054.798.166.500;936.605.549.675.216;5.364.187.204.743.100;7.351.735.885.716.530;1.823.507.895.738.260;0.0688254120388868;0.2118914816715429;0.0021774074906644;1.013.244.033.116.740;9.403.518.207.326.670;100.0;9.254.350.233.641.280;106;107;2.344.957.530.676.940;3.252.387.169.471.340
B0-FF005_201712;B0-FF005;01/12/2017;697.673.069.828.798;9.203.180.752.325.190;9.583.322.575.932.660;28.065.268.710.236.700;12.411.441.558.599.600;10.051.311.773.771.700;0;0;4.873.649.484.025.880;14.323.464.685.034.500;13.449.680.581.386.200;47.694.942.388.354.300;35.058.956.681.288.700;2.277.845.845.195.040;5.871.833.884.779.630;3.510.134.163.859.760;10.612.742.568.981.900;1.459.277.679.734.450;7.837.897.850.784.230;1.869.189.517.809.830;13.576.188.143.392.600;Zenith Industrial Gases Center;"Houston, United States";Petrochemical;728410;2198;11.646.151.235.688.600;24.624.245.720.587;5.397.356.465.417.810;11.586.619.856.934.800;39.854.146.848.523.800;8.785.660.799.140.960;2.380.047.453.047.610;5.610.876.992.724.490;9.422.834.808.260.000;5.255.908.265.239.360;7.539.540.387.046.360;17.584.310.958.865.300;0.0702169188275982;0.2065566538369758;0.0020759905713493;10.279.705.148.837.900;9.253.934.212.354.990;9.689.047.799.521.320;8.654.409.255.020.380;105;100;2.310.844.487.205.130;3.307.080.239.048.740
B0-FF005_201801;B0-FF005;01/01/2018;7.233.043.546.674.400;9.485.449.244.862.340;9.690.024.227.588.210;2.693.547.558.062.030;13.067.149.486.141.000;1.018.840.622.330.520;0;0;465.897.900.179.119;1.455.552.200.818.100;14.262.335.005.515.600;5.108.321.414.504.240;3.654.469.902.357.750;21.950.569.871.678.800;6.344.584.150.328.380;361.960.331.045.424;1.060.299.688.786.730;14.080.202.342.869.800;8.210.833.595.351.660;1.924.320.906.278.420;1.276.928.445.435.510;Zenith Industrial Gases Center;"Houston, United States";Petrochemical;758606;2121;1.267.040.769.969.750;2.609.890.168.593;5.348.381.715.496.320;11.861.161.350.130.000;4.201.329.298.329.250;8.092.194.804.809.810;25.359.151.909.882.800;5.260.605.126.714.330;9.830.906.096.124.360;5.241.667.610.330.840;7.210.165.318.669.820;18.683.834.019.602.300;0.0666168738467518;0.2113126328015046;0.0021032381649115;9.390.598.458.102.720;8.664.878.360.580.460;100.0;8.964.820.356.683.590;102;101;24.042.319.502.135.500;3.536.907.077.274.090
B0-FF005_201802;B0-FF005;01/02/2018;7.168.311.875.394.210;8.491.081.476.542.830;9.592.870.721.539.390;28.692.310.779.784.700;12.076.045.927.115.900;1.041.644.743.121.370;0;0;4.936.742.458.569.790;14.551.087.443.023.700;1.401.498.606.143.140;5.063.171.678.586.390;3.465.833.586.031.040;22.978.169.334.754.700;60.164.591.957.321.400;3.863.688.710.577.190;10.966.859.035.023.500;1.462.891.269.456.850;7.721.304.781.248.110;1.842.837.367.477.480;13.222.082.075.820.700;Zenith Industrial Gases Center;"Houston, United States";Petrochemical;735236;2208;11.769.213.250.145.200;2.544.165.989.487.660;5.496.655.506.124.250;12.146.065.886.216.800;4.062.140.549.441.200;8.343.885.515.945.240;24.667.451.754.771.300;5.280.514.965.671.920;946.515.102.291.348;5.361.898.989.978.120;7.253.473.784.420.890;17.503.807.294.632.700;0.0692483093388777;0.2083029896459889;0.0020839002669385;998.374.588.228.604;8.693.039.345.243.980;9.613.083.797.068.640;8.463.302.650.434.870;102;103;22.619.579.469.658.600;3.351.132.623.312.900
B0-FF005_201803;B0-FF005;01/03/2018;6.864.674.746.558.550;9.105.128.438.376.100;923.864.728.052.396;28.589.422.012.882.700;12.834.345.515.681.500;10.099.823.831.781.800;0;0;4.725.518.636.592.350;13.794.198.716.735.200;14.591.235.368.084.500;4.733.099.852.242.940;35.807.318.116.804.000;20.818.099.547.487.100;631.952.089.315.133;3.840.674.951.595.990;10.953.894.184.076.300;15.160.329.637.425.700;7.641.542.363.597.710;19.241.137.487.210.500;13.558.653.975.242.200;Zenith Industrial Gases Center;"Houston, United States";Petrochemical;713417;2117;1.145.367.100.301.640;24.968.289.098.276.800;5.532.354.941.040.240;11.812.975.857.544.600;3.879.322.804.059.760;8.112.322.028.379.860;26.565.666.053.918.200;5.532.205.298.487.830;9.358.866.993.915.960;564.781.802.219.387;7.206.400.726.176.430;1.830.561.344.969.760;0.0704866868499305;0.2131959710467777;0.0020787033878876;10.678.308.968.626.800;9.100.658.589.981.860;100.0;8.565.542.676.392.290;102;107;2.417.678.826.874.030;3.288.913.185.202.910
B0-FF005_201804;B0-FF005;01/04/2018;6.933.994.834.375.740;8.814.302.999.832.790;972.716.761.709.731;2.786.129.574.462.000;12.457.414.003.107.700;953.717.207.732.778;0;0;5.022.483.644.009.510;14.476.653.802.926.900;1.492.034.935.040.600;4.979.907.575.227.050;35.864.122.944.777.400;22.878.536.945.968.200;6.318.669.830.833.590;3.702.117.622.064.850;10.639.678.661.492.200;15.228.528.527.753.300;8.246.812.785.607.970;1.865.237.051.077.530;13.338.726.907.928.300;Zenith Industrial Gases Center;"Houston, United States";Petrochemical;731441;2268;11.800.113.356.623.900;2.564.756.472.941.880;568.520.539.790.708;11.673.249.653.984.300;4.257.072.140.020.540;8.527.354.518.405.410;2.470.915.007.711.770;5.602.563.551.444.970;9.426.936.275.796.070;5.422.335.328.887.050;714.567.147.836.231;17.220.641.498.807.500;0.0692341464683033;0.2016986595642727;0.0021354543476267;10.400.723.337.789.400;9.224.673.448.119.110;100.0;8.977.175.297.425.420;103;102;23.210.706.947.343.900;32.033.899.029.053.500
B0-FF005_201805;B0-FF005;01/05/2018;7.236.554.236.847.770;9.087.860.899.464.640;9.504.145.791.890.400;27.159.256.620.084.900;1.213.601.580.607.040;9.914.179.684.944.980;0;0;4.724.561.137.187.460;15.048.754.835.191.100;14.933.602.270.890.600;4.852.402.818.946.200;3.959.068.751.377.380;22.825.959.995.166.800;6.410.005.847.977.690;3.693.440.301.775.190;10.662.399.092.224.000;15.259.685.904.524.300;824.818.868.166.493;1.928.131.270.935.900;1.347.679.402.340.280;Zenith Industrial Gases Center;"Houston, United States";Petrochemical;671740;2107;12.590.269.608.323.000;24.852.453.641.894.800;5.567.293.955.532.610;11.622.474.513.182.300;3.958.198.933.087.830;8.539.194.511.896.110;255.204.661.044.993;5.224.992.615.139.460;9.525.069.007.021.110;5.222.388.615.956.950;7.177.387.267.164.150;1.770.496.204.910.330;0.0754962324507937;0.2066458502525931;0.0021565038217351;9.751.144.832.186.840;9.844.756.928.817.190;100.0;9.088.262.411.132.570;104;103;2.299.982.159.505.210;322.181.898.336.674
B0-FF005_201806;B0-FF005;01/06/2018;7.012.276.922.371.040;952.364.868.535.541;9.109.238.080.604.110;2.949.517.215.978.890;11.974.779.722.559.900;1.013.206.480.970.760;0;0;49.032.550.223.751.700;14.346.376.953.453.500;1.441.814.027.713.810;4.912.721.248.366.940;3.750.102.336.627.420;2.271.545.627.153.910;5.746.576.962.105.910;3.650.812.511.253.100;11.187.986.182.989.200;15.229.990.055.470.100;7.722.841.778.688.520;19.246.231.292.964.900;13.225.815.700.217.200;Zenith Industrial Gases Center;"Houston, United States";Petrochemical;732146;2141;1.190.271.317.116.190;24.553.425.398.801.500;5.939.123.887.728.610;11.743.564.202.518.900;4.070.992.980.111.430;8.765.595.823.316.870;24.509.366.851.102.400;5.467.342.061.999.520;9.157.274.851.819.440;5.478.938.414.748.860;7.010.276.820.731.280;18.139.110.935.808.100;0.0770530126393647;0.2129625615166704;0.0020132942435665;10.006.188.663.861.100;9.272.986.953.021.400;100.0;8.731.738.929.430.950;108;104;23.309.406.735.990.200;3.405.013.919.587.300
B0-FF005_201807;B0-FF005;01/07/2018;6.713.117.009.995.360;8.937.674.775.354.010;9.262.875.216.510.770;29.553.627.339.749.000;1.231.225.405.480.000;10.106.262.362.192.500;0;0;47.427.418.028.525.500;14.593.846.501.086.600;1.508.514.759.850.800;5.032.932.508.830.190;3.731.674.597.880.620;2.258.330.955.290.040;6.361.558.633.517.300;3.585.367.291.058.370;10.865.620.399.637.800;1.508.089.772.919.670;7.936.484.668.837.390;19.409.636.648.272.000;12.688.875.718.966.200;Zenith Industrial Gases Center;"Houston, United States";Petrochemical;726250;2001;12.346.472.676.157.300;2.541.280.450.648.920;5.567.107.875.333.260;11.784.502.414.620.700;4.139.545.297.145.700;8.493.865.080.343.260;246.653.861.253.359;5.466.022.890.390.880;9.304.573.707.684.290;548.356.356.343.837;7.488.450.544.430.460;18.732.814.425.945.900;0.0722643251883868;0.2102680622499803;0.0020803247433038;10.321.582.963.726.700;8.653.968.815.851.160;9.888.511.233.239.750;8.838.376.671.243.920;104;102;23.452.903.288.976.600;3.310.686.844.396.160
B0-FF005_201808;B0-FF005;01/08/2018;694.062.539.156.387;928.482.650.464.446;9.875.342.574.297.830;2.861.307.311.586.590;1.231.222.411.192.950;1.038.075.012.756.630;0;0;49.828.527.393.693.400;14.211.083.318.711.900;14.905.555.353.343.100;4.936.040.632.838.830;36.530.810.161.145.900;2.182.538.101.452.300;605.524.730.200.589;3.679.395.894.138.620;1.114.550.953.544.620;14.756.571.722.047.200;7.901.135.703.416.110;20.548.705.096.377.600;13.188.023.530.426.300;Zenith Industrial Gases Center;"Houston, United States";Petrochemical;713672;2068;11.848.962.109.264.200;2.534.675.839.149.980;5.600.888.579.541.260;11.490.485.294.959.100;3.916.948.429.390.150;8.364.479.979.213.350;24.752.225.346.619.000;490.623.788.091.626;8.933.783.172.919.480;5.481.350.780.216.000;7.147.765.451.977.890;1.812.239.845.594.170;0.0700962331028033;0.2086247392463145;0.0020583943113915;9.956.479.088.796.790;8.991.240.225.339.030;100.0;902.598.889.771.736;100;106;233.550.329.656.782;34.348.713.744.163.600
B0-FF005_201809;B0-FF005;01/09/2018;7.099.424.836.904.700;9.249.505.461.793.620;9.771.504.346.213.860;2.807.338.566.903.050;1.186.554.641.096.750;10.110.945.777.312.800;0;0;4.801.711.971.877.600;14.999.306.966.785.800;14.490.654.119.150.400;4.853.308.001.235.630;3.745.879.786.564.550;23.165.067.444.897.100;6.033.855.587.455.650;3.605.751.758.631.940;1.105.945.618.781.880;15.338.207.863.710.900;7.992.914.488.327.120;1.942.393.720.947.840;1.372.150.747.286.880;Zenith Industrial Gases Center;"Houston, United States";Petrochemical;722515;2004;12.172.133.313.412.000;254.653.174.917.101;5.759.777.396.703.390;1.200.404.191.069.320;4.317.694.976.334.140;8.671.876.541.037.070;2.751.687.950.817.530;5.588.166.894.119.200;9.644.608.816.452.860;5.614.006.171.390.810;7.029.178.246.161.570;17.680.957.840.692.400;0.0712988904561844;0.2115405327244817;0.0021695629746336;10.581.229.556.695.300;9.428.154.349.817.860;9.966.595.474.016.980;925.177.714.747.316;107;105;2.241.072.289.797.430;32.342.423.457.313.400
B0-FF005_201810;B0-FF005;01/10/2018;7.120.779.794.805.080;9.544.515.398.237.920;9.411.532.722.066.820;27.787.179.911.120.300;12.368.115.356.621.700;9.782.445.214.359.900;0;0;490.385.609.838.711;14.926.339.265.772.000;14.393.128.982.557.900;5.024.572.069.152.350;375.324.519.907.338;2.293.682.320.680.780;6.089.242.434.846.190;376.518.032.627.425;11.185.160.784.773.500;1.534.494.874.700.950;8.324.907.003.202.500;1.967.017.750.989.940;14.024.344.446.328.800;Zenith Industrial Gases Center;"Houston, United States";Petrochemical;734788;2145;12.785.304.787.055.400;2.576.592.325.535.550;5.763.440.911.869;11.132.700.576.880.900;4.162.297.571.592.360;8.685.672.358.711.590;2.628.520.119.988.710;5.495.223.533.068.290;9.527.058.574.531.860;5.846.477.316.000.680;7.060.856.706.133.190;17.725.180.149.905.500;0.0737278651258493;0.2065817757088806;0.0021149281623278;10.496.258.634.350.400;9.097.113.739.494.500;9.966.134.587.714.010;9.199.601.998.033.740;103;101;2.354.138.496.996.220;33.347.135.129.647.100
B0-FF005_201811;B0-FF005;01/11/2018;722.267.121.620.201;8.971.029.583.167.410;9.469.186.671.149.590;27.632.480.597.440.100;1.227.180.044.518.260;1.039.100.037.504.960;0;0;5.096.411.190.334.820;14.161.936.710.164.900;15.057.100.146.501.600;4.930.997.797.209.840;34.543.352.379.484.300;22.680.356.978.209.900;5.927.409.448.692.220;3.563.530.054.595.770;10.499.210.467.545.100;14.911.996.362.242.500;7.737.700.730.100.460;2.032.655.844.066.610;1.384.797.315.717.670;Zenith Industrial Gases Center;"Houston, United States";Petrochemical;799951;2159;11.986.082.163.261.000;25.607.693.799.784.300;5.762.791.815.994.130;12.206.718.267.012.900;40.476.817.975.454.900;8.885.031.348.227.560;2.664.573.341.781.860;5.892.194.573.737.420;10.045.138.531.944.500;5.759.854.201.617.180;7.672.593.015.971.430;17.519.756.751.001.400;0.0701560229985499;0.2196620926092042;0.0020978875699672;1.050.878.085.178.590;921.445.492.753.021;100.0;9.180.422.201.797.220;105;99;2.255.561.594.699.850;3.329.740.154.408.380
B0-FF005_201812;B0-FF005;01/12/2018;704.531.605.441.239;9.710.119.901.655.230;984.535.332.484.852;28.061.693.642.696.300;1.228.848.980.563.380;10.269.408.916.770.300;0;0;5.047.667.559.634.040;14.311.625.416.209.400;14.260.790.966.694.000;4.721.755.471.012.120;3.756.923.126.814.380;2.370.102.028.361.830;5.873.267.209.010.160;35.353.341.251.545.400;10.965.192.345.838.700;15.080.144.581.474.100;7.933.507.441.085.970;19.278.532.023.987.500;13.530.511.650.666.900;Zenith Industrial Gases Center;"Houston, United States";Petrochemical;700565;2082;1.180.627.103.971.270;25.172.148.068.642.200;5.561.826.432.810.870;10.846.506.747.456.100;3.966.102.279.686.420;87.833.684.336.132;2.629.176.832.094.790;5.558.462.674.147.580;9.798.693.672.404.930;5.441.899.889.981.670;7.036.787.985.014.690;1.736.423.761.537.990;0.0700482648039416;0.2187840133235325;0.0021566506468986;9.981.180.730.817.410;9.349.678.408.591.260;100.0;9.239.363.909.702.010;106;103;2.329.934.918.432.570;3.350.323.119.672.920
B0-FF005_201901;B0-FF005;01/01/2019;724.263.011.034.094;9.466.403.992.324.480;9.758.492.230.329.980;288.516.044.524.303;13.086.735.331.576.500;10.900.667.641.349.200;0;0;5.094.621.050.811.090;13.378.734.050.548.200;14.554.123.695.455.900;47.203.325.992.989.900;3.905.834.681.745.070;22.359.315.452.796.200;6.281.179.813.926.450;370.254.471.394.664;11.431.760.722.565.200;14.445.932.112.942.200;8.228.307.724.396.540;19.013.055.800.138.500;12.568.435.653.442.200;Zenith Industrial Gases Center;"Houston, United States";Petrochemical;747949;2090;11.642.732.788.751.400;2.429.995.922.736.250;5.564.158.985.690.940;12.107.717.769.679.600;3.950.866.642.250.320;8.924.835.531.099.810;2.550.989.354.569.760;5.251.158.528.092.680;10.010.391.987.735.800;5.623.704.011.905.020;7.434.231.879.248.550;1.803.966.412.509.490;0.0696488437033231;0.2217323373742183;0.002127357852744;10.333.096.232.732.300;9.364.803.845.087.690;100.0;8.665.393.384.311.960;103;102;24.560.069.583.333.600;3.521.115.468.936.820
B0-FF005_201902;B0-FF005;01/02/2019;7.098.792.662.917.260;8.901.635.010.498.120;956.990.608.830.284;2.580.844.502.278.300;12.788.951.542.232.400;9.961.796.545.889.700;0;0;4.873.251.132.605.430;14.397.147.416.012.700;13.785.938.079.212.000;4.702.175.460.934.040;3.943.766.031.238.000;2.208.247.138.421.290;6.344.650.221.168.220;4.017.176.938.210.800;10.724.466.861.563.300;1.520.364.494.463.490;8.136.960.205.822.550;19.847.491.922.236.200;13.642.373.311.274.400;Zenith Industrial Gases Center;"Houston, United States";Petrochemical;717847;2078;1.219.139.201.230.500;2.660.375.364.779.600;5.792.105.469.915.990;112.911.103.420.712;4.208.358.249.545.250;8.720.266.443.145.840;2.606.702.402.045.440;5.450.746.560.096.840;975.947.855.677.368;5.467.207.459.034.180;7.135.551.608.688.880;17.816.248.512.190.600;0.0680538565335727;0.2173772441517193;0.002159867849387;10.815.917.621.813.600;943.696.730.633.158;100.0;9.254.407.501.314.260;102;101;21.852.986.833.424.600;3.389.945.200.589.780
B0-FF005_201903;B0-FF005;01/03/2019;7.150.739.538.589.910;963.823.447.680.916;10.176.906.373.981.900;2.824.878.557.159.610;11.961.185.338.896.200;978.175.392.896.746;0;0;5.049.256.040.768.930;14.389.493.198.031.100;13.583.109.638.870.200;4.770.420.373.763.070;3.511.493.743.896.820;2.285.259.876.206.510;61.637.870.996.271.800;369.427.932.128.817;1.102.818.744.562.950;14.852.221.077.538.500;8.542.749.085.939.850;195.614.336.523.596;12.762.594.141.647.600;Zenith Industrial Gases Center;"Houston, United States";Petrochemical;688572;2209;12.450.993.056.701.200;2.603.373.365.947.160;5.421.294.062.967.470;11.492.582.077.523.700;4.350.040.198.711.760;8.617.035.161.372.680;25.507.269.275.519.800;5.663.184.644.743.320;938.265.031.852.173;5.410.329.856.161.120;754.453.490.327.928;18.671.899.067.385.300;0.075061936689533;0.2190287344336115;0.0022594906552195;10.607.323.220.931.200;9.369.917.951.095;100.0;904.898.595.361.329;100;97;2.424.337.164.574.740;3.344.840.422.415.190
B0-FF005_201904;B0-FF005;01/04/2019;6.872.288.344.453.430;9.854.910.204.812.360;10.116.199.950.405.300;2.785.903.029.848.410;12.652.899.904.446.500;10.151.426.700.410.200;0;0;4.953.709.181.419.120;14.049.694.754.368.300;14.671.872.730.967.600;5.049.746.012.093.070;3.922.129.230.479.670;2.284.927.032.980.500;6.231.076.311.499.980;3.789.678.664.453.240;10.541.534.575.482.600;16.260.296.250.555.000;8.562.870.473.283.370;20.269.466.568.830.100;13.605.205.914.942.200;Zenith Industrial Gases Center;"Houston, United States";Petrochemical;715580;2179;12.416.092.849.155.500;2.480.482.093.212.710;5.557.552.170.229.210;11.648.129.720.569.900;4.069.021.236.130.630;9.114.022.139.835.540;2.589.225.688.981.830;566.430.614.492.031;9.551.616.722.139.440;5.428.337.235.896.150;7.293.244.160.554.570;1.809.049.885.219.360;0.0699432876586636;0.2168183980192945;0.002061994050595;10.901.580.827.220.000;9.140.355.918.369.420;100.0;8.989.092.166.138.370;108;102;23.559.149.641.723.000;3.334.522.935.284.810
B0-FF005_201905;B0-FF005;01/05/2019;6.999.479.775.322.880;8.890.276.910.738.260;956.413.244.418.158;2.831.916.944.211.200;12.659.600.421.162.100;9.824.634.618.293.760;0;0;4.931.806.071.748.520;1.478.214.065.718.940;14.985.324.655.942.500;501.136.930.857.355;36.239.222.396.595.200;2.315.152.665.051.820;641.098.586.400.414;3.559.390.593.693.140;1.105.187.916.372.100;1.564.424.650.477.530;7.938.433.494.227.040;20.133.259.752.425.100;13.209.694.165.731.200;Zenith Industrial Gases Center;"Houston, United States";Petrochemical;740656;2122;12.476.434.320.604.500;26.210.837.194.470.300;5.727.924.075.110.080;12.045.168.758.338.800;424.193.457.375.917;9.040.081.464.157.460;25.602.663.856.680.700;5.036.444.002.722.960;958.560.230.257.034;542.569.672.746.637;7.471.420.860.665.350;16.783.983.377.710.900;0.0728925541013719;0.2234428985762056;0.0021365249382011;1.051.703.924.138.500;9.102.206.018.558.100;100.0;9.129.201.097.650.400;102;104;24.220.364.576.978.700;33.518.182.607.244.700
B0-FF005_201906;B0-FF005;01/06/2019;7.035.260.047.915.700;9.297.695.920.264.270;9.868.436.590.682.230;28.231.688.316.743.100;12.542.984.037.428.300;9.811.228.372.023.300;0;0;5.010.986.068.489.290;15.160.861.656.031.700;14.728.749.791.756.300;4.999.672.363.019.600;3.902.640.941.357.530;22.404.531.519.474.200;6.141.835.150.048.430;39.357.965.665.177.100;11.207.388.781.826.300;14.940.413.008.353.300;7.951.292.251.920.230;19.133.117.479.511.500;13.380.048.809.887.800;Zenith Industrial Gases Center;"Houston, United States";Petrochemical;768905;2040;1.266.474.555.919.800;26.197.798.569.916.500;54.880.217.112.599;11.869.062.521.849.900;4.093.612.361.185.450;8.460.204.461.213.420;26.311.015.965.504.600;5.544.930.009.911.330;9.940.448.533.629.660;5.203.489.865.836.900;720.338.464.460.993;1.835.794.893.539.450;0.0745015939312878;0.2166702002447401;0.0022076052093892;1.041.348.932.054.520;9.458.412.451.217.330;100.0;9.364.377.342.894.710;100;101;2.310.863.910.040.550;35.363.452.288.993.100
B0-FF005_201907;B0-FF005;01/07/2019;700.296.282.207.715;9.447.079.052.857.590;9.965.629.583.118.810;28.537.352.750.150.200;1.210.576.881.855.570;10.308.394.242.743.700;0;0;5.182.821.844.968.890;14.539.792.702.730.300;14.479.238.551.761.900;5.132.437.011.942.310;3.839.927.409.385.120;22.342.431.548.941.900;6.309.742.349.402.530;38.117.082.869.509.900;10.520.087.689.562.300;14.783.434.594.912.400;8.056.085.841.131.650;19.836.581.776.481.100;14.093.241.080.839.100;Zenith Industrial Gases Center;"Houston, United States";Petrochemical;735838;2288;12.487.001.292.128.800;24.519.716.341.865.800;5.742.108.462.508.180;12.413.886.643.360.700;4.149.679.856.080.720;8.540.203.135.097.550;25.748.131.136.845.100;5.560.253.619.238.100;9.354.400.348.649.480;5.812.832.709.291.040;7.575.457.589.667.110;18.477.967.840.662.100;0.0702041378108263;0.2255226876736669;0.0022299763305359;10.855.814.401.194.800;9.449.611.939.806.150;100.0;9.292.590.057.147.170;106;109;2.283.007.822.346.690;3.410.801.488.945.680
B0-FF005_201908;B0-FF005;01/08/2019;7.230.738.378.957.010;9.671.610.401.728.420;9.772.858.420.159.300;28.337.993.706.558.400;12.518.915.380.952.000;1.035.168.132.175.690;0;0;5.021.048.984.483.870;1.410.362.334.766.190;14.145.644.744.235.000;4.977.245.185.748.870;4.116.333.652.750.910;2.268.360.710.990.170;6.089.851.360.727.830;3.688.825.795.500.220;11.157.487.139.027.200;15.902.947.102.268.500;8.007.275.088.965.860;2.000.207.066.114.150;13.386.604.940.014.200;Zenith Industrial Gases Center;"Houston, United States";Petrochemical;767800;2162;12.635.157.766.426.500;23.798.301.692.647.700;5.809.869.274.218.510;11.834.487.668.402.900;4.247.481.967.865.630;8.720.889.107.496.780;2.522.912.563.722.850;550.467.197.911.614;997.790.091.843.254;5.555.284.948.290.450;7.001.606.692.590.230;1.818.560.151.229.570;0.0736919734334958;0.2129236413320752;0.0019504975239871;10.225.945.946.075.800;8.979.579.369.054.820;100.0;8.841.513.137.499.750;100;107;2.382.536.565.819.410;3.424.757.994.784.150
B0-FF005_201909;B0-FF005;01/09/2019;6.974.140.113.650.800;920.947.009.689.888;9.635.613.449.261.810;2.772.895.663.584.040;12.341.313.888.777.000;9.915.161.686.772.090;0;0;4.794.811.558.203.480;14.827.470.262.199.700;13.912.386.808.986.600;5.030.257.067.779.290;37.457.660.134.148.700;23.006.691.747.134.400;6.317.783.482.371.110;3.639.100.361.661.890;10.968.488.062.190.400;14.608.976.976.937.800;8.033.953.612.842.140;2.037.230.538.669.840;13.157.212.653.278.900;Zenith Industrial Gases Center;"Houston, United States";Petrochemical;749584;2137;12.418.532.710.758.000;2.645.699.644.239.640;56.037.586.721.068.300;11.967.374.166.837.200;4.143.607.201.877.100;8.471.496.734.172.540;26.454.307.341.996.300;55.559.033.674.957.500;9.462.062.197.137.090;5.660.728.826.454.470;7.605.704.900.338.250;17.602.342.882.760.600;0.0756549919060555;0.2158317584251475;0.0021413487997208;10.907.843.965.797.300;9.578.823.701.145.840;100.0;905.710.844.542.314;105;105;2.371.001.629.475.240;33.075.426.370.715.300
B0-FF005_201910;B0-FF005;01/10/2019;698.742.806.582.005;9.348.327.135.467.530;9.367.473.620.045.370;28.611.219.527.735.900;1.262.594.251.274.040;9.944.782.733.613.540;0;0;5.003.745.975.048.190;15.096.771.526.232.000;14.790.160.081.780.500;5.080.972.014.601.590;3.833.830.211.946.880;23.084.034.887.551.300;6.254.539.722.629.420;3.722.713.463.495.930;1.133.980.077.145.520;15.414.983.892.908.800;8.433.487.366.069.050;20.427.591.427.229.300;13.096.178.729.416.800;Zenith Industrial Gases Center;"Houston, United States";Petrochemical;736724;2071;117.446.748.059.127;2.437.861.010.558.480;5.304.651.918.418.100;1.181.937.582.612.610;4.323.548.742.890.540;8.830.215.266.415.540;2.675.348.480.528.710;5.491.441.869.561.650;9.804.404.270.971.930;5.653.041.152.673.810;7.299.091.585.912.350;18.175.603.446.059.500;0.0718482745836515;0.2081651115777741;0.0021400544093133;10.034.866.750.482.100;9.602.097.257.473.390;100.0;9.619.651.770.276.650;102;100;22.677.194.546.834.300;3.542.675.258.796.970
B0-FF005_201911;B0-FF005;01/11/2019;7.027.703.523.455.230;8.944.710.192.763.040;998.585.994.734.586;2.794.081.551.942.430;12.187.869.641.498.100;1.070.111.363.023.480;0;0;5.019.190.725.275.410;15.917.542.365.266.800;14.546.087.252.637.400;4.846.897.691.580.660;3.686.460.103.969.480;2.351.846.864.039;6.319.067.692.603.710;371.004.872.719.593;11.088.802.821.205.900;1.576.120.383.050.690;855.936.962.006.058;20.080.969.763.537.600;14.051.952.744.628.700;Zenith Industrial Gases Center;"Houston, United States";Petrochemical;720516;2236;12.267.973.617.607.000;2.491.569.377.472.310;5.537.693.491.103.640;11.626.536.762.814.500;4.218.066.361.297.070;8.456.900.505.465.800;26.795.246.464.853.800;5.647.753.105.614.280;973.879.512.087.032;5.496.530.166.270.120;7.378.110.832.322.270;17.860.307.288.152.600;0.0760141463602064;0.202749371096996;0.0021258938997066;9.925.096.661.921.280;9.527.947.328.471.740;100.0;942.737.754.537.243;105;106;23.170.088.798.954.700;3.401.880.143.191.750
B0-FF005_201912;B0-FF005;01/12/2019;6.953.650.227.100.140;9.549.327.466.370.410;957.820.236.375.823;27.819.797.237.220.700;12.526.907.432.518.300;10.727.590.880.383.300;0;0;5.166.382.306.536.310;146.012.082.230.354;14.829.130.361.037.400;5.085.754.190.693.570;3.434.685.433.894.260;21.690.524.082.552.800;6.363.880.983.362.560;3.825.456.072.297.640;11.038.809.382.924.400;14.667.872.911.076.500;8.753.758.763.576.730;202.227.228.236.741;14.021.270.899.403.000;Zenith Industrial Gases Center;"Houston, United States";Petrochemical;774608;2207;12.380.742.120.102.700;2.653.554.556.889.510;5.614.173.760.297.200;12.280.747.277.054.500;4.208.304.171.701.750;8.913.223.987.434.910;26.408.933.165.895.900;5.349.270.433.750.810;9.735.899.227.711.050;5.740.166.331.134.230;749.441.583.531.107;1.875.174.765.557.550;0.0749644312045192;0.2128699594616284;0.0020526675931629;1.069.128.259.666.770;9.329.302.195.775.870;100.0;961.759.606.019.104;104;102;23.091.647.124.457.200;33.886.077.340.708.200
B0-FF005_202001;B0-FF005;01/01/2020;6.827.102.200.016.500;9.487.417.675.348.310;9.988.560.360.777.520;2.862.503.951.933.400;11.935.966.954.636.400;10.634.886.424.650.000;0;0;5.063.274.342.620.820;1.503.452.013.568.050;14.164.792.651.133.900;5.000.969.046.412.660;3.704.154.615.432.920;22.606.235.342.877.900;6.385.374.725.131.320;3.673.499.724.115.820;1.118.494.282.557.200;14.771.249.769.771.800;8.468.723.504.966.440;19.518.482.892.418.400;1.455.899.410.968.780;Zenith Industrial Gases Center;"Houston, United States";Petrochemical;772821;2188;12.011.120.590.298.400;2.626.983.407.740.440;58.841.797.288.996.400;12.169.475.706.100.100;4.118.390.851.877.900;9.143.373.799.338.520;2.652.907.960.021.870;5.394.585.912.821.830;10.448.023.924.296.700;5.652.374.813.704.730;7.451.042.625.918.760;1.790.787.099.597.740;0.0729161867220684;0.2115333881853169;0.0021679065324458;10.610.194.090.973.800;8.843.963.234.423.060;9.951.693.546.200.400;8.988.254.566.505.600;100;102;24.904.066.627.791.900;3.511.071.894.143.800
B0-FF005_202002;B0-FF005;01/02/2020;7.004.648.754.119.050;9.555.072.103.201.600;954.066.796.950.702;29.985.605.335.551.000;12.513.867.423.876.100;965.634.556.204.276;0;0;5.275.734.588.082.660;15.176.686.270.170.900;1.481.647.100.914.190;4.738.108.315.776.770;3.788.788.079.772.840;2.184.824.544.825.250;6.231.456.998.150.810;3.794.807.205.484.220;11.453.804.326.710.500;1.493.545.399.661.100;8.710.965.318.708.070;19.012.834.762.496.500;13.303.857.649.422.900;Zenith Industrial Gases Center;"Houston, United States";Petrochemical;759333;2049;11.940.149.295.835.500;26.258.483.815.033.400;5.877.060.806.731.630;11.610.651.340.003.700;4.129.520.494.580.760;8.911.220.164.696.550;2.496.268.396.781.340;5.478.408.258.402.670;9.739.052.921.734.250;5.844.201.936.799.760;7.487.913.174.784.850;18.203.048.815.370.900;0.0747634265185071;0.2185170292156127;0.0020980893421281;10.676.240.412.626.200;9.641.298.845.500.650;100.0;930.701.314.645.204;111;106;2.373.076.471.040.960;32.962.987.198.132.200
B0-FF005_202003;B0-FF005;01/03/2020;6.953.109.198.595.240;9.437.251.512.742.250;9.707.131.929.385.410;288.656.523.373.809;12.443.711.187.497.800;11.178.228.345.559.800;0;0;5.006.442.551.811.890;1.462.323.762.880.810;15.019.857.986.713.900;5.020.962.158.436.250;3.827.929.058.499.820;24.815.515.368.563.500;6.261.347.875.189.280;3.864.392.508.002.100;11.393.861.189.042.800;15.371.146.936.491.500;7.795.836.258.645.260;2.042.031.758.418.260;12.837.919.403.162.300;Zenith Industrial Gases Center;"Houston, United States";Petrochemical;794920;2119;13.122.529.161.428.900;25.991.752.144.222.900;5.873.949.993.279.030;12.158.202.844.951.300;4.323.491.089.076.760;8.268.972.285.005.000;25.852.674.183.641.100;5.582.244.174.482.890;9.835.168.401.663.250;5.489.927.922.907.130;7.420.756.274.083.240;1.809.360.876.510.950;0.078012773109732;0.2260900729752551;0.0022572352290266;11.030.387.491.989.500;9.548.820.711.997.740;100.0;9.184.812.334.852.080;106;106;2.295.473.555.924.300;3.439.237.926.409.620
B0-FF005_202004;B0-FF005;01/04/2020;6.913.869.354.585.350;9.970.241.187.039.950;10.136.566.173.910.900;28.227.790.590.952.300;1.264.190.758.817.840;10.837.952.123.433.400;0;0;5.063.798.422.231.000;13.891.319.219.663.200;14.658.800.060.358.200;495.908.068.504.759;40.656.739.391.824.200;22.881.883.483.796.100;6.113.655.575.602.460;3.684.777.636.464.080;10.148.650.969.719.600;1.601.755.961.564.530;8.228.206.559.728.930;1.987.361.566.967.870;14.054.910.126.258.400;Zenith Industrial Gases Center;"Houston, United States";Petrochemical;769521;2209;12.034.527.041.114.500;2.553.514.487.451.090;5.751.969.574.779.710;12.229.251.127.114.400;403.782.026.652.452;8.776.309.854.573.800;2.741.586.707.984.440;53.160.231.739.354;10.050.813.266.204.400;5.346.400.831.406.080;7.269.009.025.053.940;17.152.297.638.379.400;0.0739138469534547;0.212564237750692;0.002033925674762;105.188.160.706.858;9.720.836.128.654.690;100.0;9.373.432.019.866.870;108;103;2.401.228.202.891.960;363.151.472.133.752
B0-FF005_202005;B0-FF005;01/05/2020;7.194.212.973.440.060;9.195.814.614.995.450;10.020.418.614.819.800;2.809.865.248.744.230;12.618.303.180.078.700;1.054.692.478.437.850;0;0;4.963.914.565.656.680;15.041.187.045.462.300;15.510.751.539.508.400;51.935.817.105.905.900;3.751.886.398.434.800;23.332.776.275.478.200;6.269.676.685.088.260;3.890.389.027.228.250;11.000.861.822.642.400;15.609.667.754.323.400;8.622.103.350.856.520;2.152.990.446.676.020;13.073.093.335.280.000;Zenith Industrial Gases Center;"Houston, United States";Petrochemical;717152;2149;124.008.038.274.016;2.557.597.458.156.090;5.952.193.880.321.810;11.717.433.434.976.500;407.018.265.984.036;916.267.466.223.471;268.540.391.453.806;557.714.242.547.419;95.140.544.350.924;5.749.043.820.645.040;734.458.928.837.785;1.833.102.677.296.040;0.0740865737727308;0.2269041665915199;0.0021949238439887;1.027.208.751.843.300;9.430.447.452.200.020;100.0;9.757.283.606.498.040;104;104;24.509.690.128.730.900;3.320.381.589.388.400
B0-FF005_202006;B0-FF005;01/06/2020;7.035.155.852.632.650;9.450.580.515.750.880;10.058.279.631.072.600;29.326.131.024.762.000;12.709.588.762.516.000;1.035.573.760.030.010;0;0;5.007.567.655.888.000;15.557.643.943.354.800;15.101.582.353.362.400;5.033.994.450.299.490;3.877.919.727.247.770;22.176.309.139.948.200;6.405.869.842.862.490;37.902.867.750.779.800;11.100.664.185.391.900;15.112.912.418.981.200;856.693.322.320.207;1.972.793.107.734.140;13.263.592.768.400.400;Zenith Industrial Gases Center;"Houston, United States";Petrochemical;725133;2070;12.518.037.134.396.700;2.540.605.426.891.750;5.519.528.535.924.720;11.921.675.624.429.800;4.302.199.025.361.730;8.793.422.053.839.850;26.560.194.661.970.600;5.728.822.355.209.800;10.097.813.225.502.000;5.595.054.930.878.770;7.185.459.938.789.820;17.978.279.503.228.300;0.0734857945032138;0.2227947665996917;0.0021907800348549;1.030.514.186.035.890;955.689.484.303.216;100.0;937.639.720.619.141;107;104;2.385.161.610.493.770;3.241.906.026.420.410
B0-FF005_202007;B0-FF005;01/07/2020;720.884.362.672.563;8.671.862.837.111.590;9.485.616.609.367.680;2.877.671.786.551.630;12.286.488.882.585.200;9.726.052.317.968.540;0;0;5.159.283.817.773.200;15.067.759.062.790.500;15.582.326.934.474.700;5.102.920.162.530.760;4.013.613.467.950.620;22.387.022.088.019.800;6.216.140.264.521.190;38.319.498.626.014.600;11.037.525.338.971.300;1.536.664.916.331.520;8.223.004.108.496.490;19.923.745.898.090.500;13.331.474.136.717.600;Zenith Industrial Gases Center;"Houston, United States";Petrochemical;743013;2156;12.084.343.143.972.100;2.609.942.096.104.040;562.702.244.045.066;11.841.398.724.966.900;4.397.987.975.510.170;8.956.593.336.800.090;2.712.777.628.739.680;572.724.882.203.715;1.035.230.495.470.070;558.091.076.585.058;7.473.774.257.771.640;1.801.629.746.420.870;0.071658416468485;0.2085902832967717;0.0021051416430168;10.346.762.511.317.800;9.511.005.132.650.030;100.0;9.034.447.034.048.060;99;103;24.062.720.752.572.400;3.424.121.886.269.050
B0-FF005_202008;B0-FF005;01/08/2020;7.118.290.017.867.810;9.394.411.118.796.590;9.952.964.057.195.130;295.884.890.226.271;12.540.313.931.623.100;10.309.106.312.225.100;0;0;4.997.845.707.164.440;14.637.561.966.080.300;14.266.585.916.546.500;5.102.400.383.489.310;367.857.590.190.315;234.502.195.293.182;6.679.085.215.653.340;39.344.677.410.575.400;11.102.295.306.164.900;15.604.706.263.002.400;8.068.145.143.568.030;19.280.563.863.188.100;13.787.977.945.378.000;Zenith Industrial Gases Center;"Houston, United States";Petrochemical;746911;2127;11.826.007.521.192.900;2.584.391.978.374.160;5.928.935.234.677.890;11.988.119.133.945.500;4.199.762.611.595.220;8.826.219.787.323.900;2.575.569.195.539.650;54.740.222.973.897.500;10.248.790.899.729;5.845.566.048.382.930;7.653.935.833.442.610;1.874.421.510.609.330;0.0770111598975442;0.2114722135583895;0.0023512458365822;987.506.261.192;9.373.109.939.551.160;9.351.090.322.395.630;9.526.997.069.625.210;102;102;25.035.105.870.165.700;33.976.870.313.532.500
B0-FF005_202009;B0-FF005;01/09/2020;7.333.915.015.379.260;9.343.897.280.266.480;9.679.061.244.223.120;29.321.440.733.803.900;12.756.861.434.086.200;1.043.128.566.424.430;0;0;4.923.319.214.274.750;15.230.867.700.875.000;14.820.874.206.398.500;5.149.936.526.269.600;3.771.177.080.026.360;24.351.353.962.848.100;6.333.364.753.413.120;3.847.998.153.723.010;11.298.781.395.885.700;14.951.194.021.305.000;8.163.845.328.419.470;20.437.519.734.405.700;13.114.975.310.432.000;Zenith Industrial Gases Center;"Houston, United States";Petrochemical;771311;2127;11.921.895.427.862.300;25.247.114.614.726.200;5.845.078.129.590.570;13.017.101.313.698.400;4.069.097.704.703.390;8.868.346.094.523.320;27.331.429.773.123.300;5.639.122.004.349.130;9.687.384.563.147.710;5.711.288.996.136.280;7.315.515.830.452.820;18.265.984.665.213.800;0.0717135025077183;0.2259605133709301;0.0021954354904626;10.444.494.695.192.600;957.010.906.684.948;100.0;9.413.876.928.045.030;108;107;23.481.745.112.250.400;3.248.110.511.933.100
B0-FF005_202010;B0-FF005;01/10/2020;7.368.861.582.210.720;9.327.624.751.107.950;10.308.797.788.750.400;2.732.837.805.731.010;1.235.382.655.646.210;1.033.852.963.669.360;0;0;5.176.657.351.158.710;14.886.405.629.031.700;15.159.152.696.999.700;4.781.728.457.253.550;3.773.979.771.917.590;2.369.652.984.103.070;636.678.995.447.689;3.978.450.646.268.300;10.805.314.823.231.200;15.764.839.482.528.200;8.138.419.599.525.870;20.416.993.886.347.100;13.407.189.200.928.200;Zenith Industrial Gases Center;"Houston, United States";Petrochemical;765695;2282;12.785.554.137.925.800;26.234.152.400.871.500;5.912.841.113.595.180;12.305.944.415.079.400;4.197.382.976.184.130;8.910.926.962.484.870;2.728.131.732.353.000;5.870.845.522.738.730;10.064.681.315.124.800;5.408.879.959.908.140;7.528.551.482.040.870;1.937.984.580.934.390;0.0723308765665531;0.2105129513808762;0.0022118578407825;10.568.088.691.961.000;951.226.105.545.596;100.0;9.184.008.868.418.140;104;107;2.461.946.746.365.840;339.426.423.500.253
B0-FF005_202011;B0-FF005;01/11/2020;7.496.521.753.586.100;9.510.590.204.007.960;10.215.894.046.210.300;282.574.473.638.648;12.777.973.977.306.400;1.049.873.500.223.340;0;0;5.216.545.056.869.000;1.486.498.384.801.670;1.394.580.365.702.470;4.995.315.944.859.680;3.998.651.050.940.910;240.008.036.807.938;6.413.124.517.461.410;3.913.348.487.926.540;11.603.414.168.319.900;15.424.009.089.442.300;8.531.924.241.476.070;19.661.697.846.462.700;13.340.713.901.173.100;Zenith Industrial Gases Center;"Houston, United States";Petrochemical;763667;2276;12.981.971.931.746.900;2.609.268.652.513.000;5.634.308.008.124.830;12.870.643.312.621.700;4.216.204.536.637.290;860.379.009.802.188;27.070.928.806.671.800;6.130.189.341.984.510;99.396.560.937.518;5.622.023.856.229.910;761.632.103.135.341;189.018.895.705.088;0.0712522734757207;0.2291827820801795;0.0021734694288086;10.582.330.115.372.500;917.628.107.041.976;100.0;9.748.896.708.213.470;110;107;22.340.989.292.877.000;3.360.777.796.575.650
B0-FF005_202012;B0-FF005;01/12/2020;7.315.692.791.063.430;9.387.156.500.251.800;10.194.510.773.427.200;29.342.015.062.956.900;13.273.215.803.674.600;9.838.368.819.562.890;0;0;494.552.307.884.759;14.907.787.998.194.900;1.496.786.082.983.710;5.173.073.654.664.090;3.732.250.174.768.220;22.966.182.073.872.600;6.392.055.753.844.100;382.888.504.881.998;1.095.356.008.380.980;15.104.670.673.305.400;8.230.221.359.477.410;1.927.102.513.516.080;13.259.924.560.356.500;Zenith Industrial Gases Center;"Houston, United States";Petrochemical;759952;2234;12.964.249.447.996.400;2.493.978.080.969.170;5.860.548.278.115.180;12.612.123.565.166.600;4.281.586.354.485.190;8.701.131.485.548.720;2.636.659.675.303.590;5.876.857.295.745.560;1.025.808.681.888.730;5.507.132.805.521.910;7.285.813.323.496.770;18.630.241.988.172.200;0.0749462440488296;0.2289379220985595;0.0021702675306997;1.009.838.616.844.390;9.431.367.827.934.660;100.0;8.598.807.832.525.120;105;109;2.470.031.255.153.220;34.052.031.557.491.300
B0-FF005_202101;B0-FF005;01/01/2021;7.137.244.622.279.990;9.371.997.625.911.530;984.680.441.564.542;29.382.491.338.720.500;1.326.907.865.633.680;10.648.517.994.696.100;0;0;5.257.351.358.521.090;14.997.443.178.567.800;14.548.301.611.813.600;5.093.100.294.550.810;36.716.053.947.828.500;2.239.580.536.485.260;6.258.297.537.703.570;39.279.472.729.238.200;110.609.584.461.772;1.572.926.764.378.220;8.332.721.533.328.790;1.935.397.504.966.070;1.446.593.035.923.740;Zenith Industrial Gases Center;"Houston, United States";Petrochemical;737220;2192;1.236.049.115.887.020;26.858.145.388.715.500;5.682.687.450.462.450;11.798.108.628.368.300;435.898.461.715.434;8.817.229.596.779.990;27.179.147.503.193.100;5.983.615.608.571.820;9.804.434.745.918.890;5.696.241.980.433.260;7.191.388.218.705.150;1.810.459.719.684.480;0.0746952020615339;0.2293456345507701;0.0020850422040764;1.070.691.705.508.050;9.194.856.165.815.760;100.0;9.211.645.002.847.460;104;107;2.345.605.089.090.970;3.107.425.386.941.760
B0-FF005_202102;B0-FF005;01/02/2021;7.143.208.951.253.730;9.299.934.174.743.210;9.885.401.163.799.220;2.802.688.228.833.630;12.954.212.263.026.300;1.060.289.901.222.240;0;0;5.141.351.727.749.500;1.476.615.985.571.440;1.483.043.500.338.620;5.227.940.561.524.760;3.776.664.456.037.580;23.754.533.247.417.900;6.437.912.610.328.190;39.245.543.574.278.400;11.362.601.945.869.500;1.514.106.112.446.940;833.256.011.128.113;2.071.247.704.693.790;14.133.977.468.840.800;Zenith Industrial Gases Center;"Houston, United States";Petrochemical;780834;2219;13.100.045.661.626.900;2.652.497.588.853.060;6.085.807.905.802.440;11.699.354.075.155.300;4.216.678.834.683.900;8.855.931.812.665.390;2.736.595.710.725.280;5.454.574.793.296.070;9.709.923.061.286.590;5.790.014.036.981.160;7.439.538.439.041.290;1.876.254.302.562.960;0.072263105598099;0.2247531825489759;0.0022445617177055;11.002.159.099.295.700;9.244.791.027.900.870;100.0;9.355.728.402.774.610;110;104;23.428.002.342.492.200;3.395.153.815.483.670
B0-FF005_202103;B0-FF005;01/03/2021;728.673.221.055.159;957.562.210.739.864;9.765.336.460.689.610;2.812.374.597.253.080;1.274.470.700.588.540;10.203.605.180.762.300;0;0;496.063.332.860.086;14.770.969.196.993.500;14.755.550.420.739.600;51.354.734.387.369.800;3.840.600.508.562.510;2.288.138.062.443.600;6.362.370.672.915.440;3.809.710.432.226.240;11.670.551.787.130.200;1.543.449.960.785.540;8.103.200.644.636.720;19.269.686.524.050.400;14.238.418.127.322.600;Zenith Industrial Gases Center;"Houston, United States";Petrochemical;764878;2258;12.861.283.099.168.900;2.569.667.342.502.980;5.669.001.051.676.650;12.164.692.045.021.500;4.555.159.117.661.630;8.720.131.925.922.180;26.312.510.254.796.000;5.732.815.489.960.820;10.135.563.170.921.100;5.550.647.120.118.590;7.125.790.841.095.520;18.325.452.816.446.500;0.0782348446099823;0.2174608785512355;0.0022446826767015;10.258.916.466.389.300;9.782.618.985.836.660;100.0;9.401.011.430.106.960;110;106;2.568.281.228.117.660;3.438.366.257.809.020
B0-FF005_202104;B0-FF005;01/04/2021;7.181.895.966.976.110;9.648.339.318.617.070;9.682.105.194.529.210;28.994.506.960.054.000;12.480.811.200.741.700;1.075.366.657.389.850;0;0;4.986.689.800.458.820;15.449.726.318.225.300;1.580.032.732.959.690;5.098.402.577.815.570;3.934.280.534.344.260;23.825.218.045.655.300;6.543.774.917.731.520;3.573.877.399.969.780;10.890.407.409.258.600;1.614.303.437.385.010;81.213.460.830.245.000;20.130.530.936.003.000;14.680.831.224.819;Zenith Industrial Gases Center;"Houston, United States";Petrochemical;756404;2248;12.740.961.713.644.000;2.724.355.587.874.700;5.918.176.036.128.130;11.969.445.040.867.800;4.266.404.364.911.050;8.861.917.321.134.830;2.749.115.606.743.210;559.174.229.106.257;10.036.028.148.062.200;5.560.718.804.484.850;7.941.084.297.142.760;18.033.442.737.291.800;0.0790136956139896;0.2194662609806834;0.0022540719202284;10.660.055.610.098.500;921.279.032.221.483;100.0;9.720.309.632.647.660;103;98;2.295.281.894.456.540;34.554.423.357.109.900
B0-FF005_202105;B0-FF005;01/05/2021;7.049.257.399.081.340;958.145.533.644.374;1.023.383.407.031.260;29.366.955.315.107.100;1.295.406.291.930.300;11.097.662.409.834.800;0;0;5.154.826.142.191.160;15.287.760.033.881.000;1.444.998.646.203.270;5.018.449.406.773.310;3.655.430.133.584.410;2.293.884.926.340.110;6.528.755.675.371.240;3.966.226.773.909.610;11.953.415.172.658.200;15.846.021.673.932.400;8.428.275.124.757.870;21.398.289.655.577.600;1.452.390.994.716.470;Zenith Industrial Gases Center;"Houston, United States";Petrochemical;755726;2233;1.285.877.900.085.880;25.284.047.672.919.200;5.885.931.874.335.310;12.331.346.682.908.400;4.364.039.726.946.830;91.672.683.940.166;26.520.940.958.865.100;5.679.242.098.734.290;9.856.909.706.040.120;5.810.588.340.537.090;7.545.672.619.488.100;1.905.163.558.811.580;0.0703072747509289;0.2123437720244537;0.0022175534134381;10.234.877.698.162.400;9.855.372.276.562.930;100.0;9.544.702.214.052.370;106;106;2.495.077.600.087.590;35.221.129.790.678.700
B0-FF005_202106;B0-FF005;01/06/2021;7.083.674.358.820.390;9.696.486.557.426.580;10.515.685.348.343.200;29.346.664.551.120.100;12.681.656.253.630.500;10.403.489.856.536.600;0;0;48.816.791.852.603;15.096.324.446.717.900;1.426.252.639.900.510;5.227.913.797.536.040;3.809.461.937.307.990;2.427.753.000.892.140;6.221.098.901.899.360;3.831.739.006.565.850;1.125.880.126.876.490;14.959.564.339.894.200;8.458.392.990.145.680;1.960.613.649.668.150;14.072.074.270.548.800;Zenith Industrial Gases Center;"Houston, United States";Petrochemical;803716;2284;12.443.000.202.803.700;2.730.541.780.771.180;6.230.444.793.025.500;1.227.624.423.386.280;4.190.752.581.068.660;8.963.884.108.095.160;25.845.606.383.855.400;5.802.711.261.833.950;10.084.589.139.052.500;5.565.187.882.966.130;7.625.448.357.706.090;182.585.693.682.834;0.0740179789392834;0.2211698552254223;0.0023182403002571;10.287.186.017.201.900;9.798.834.168.387.450;100.0;9.924.224.542.368.330;104;104;2.488.636.339.422.000;3.462.798.726.664.050
B0-FF005_202107;B0-FF005;01/07/2021;7.458.323.629.232.640;9.937.874.513.966.140;10.136.684.485.722.500;297.723.821.181.302;1.209.052.333.458.590;10.600.559.322.054.000;0;0;4.740.933.002.742.650;14.734.858.619.511.700;1.438.850.137.040.560;5.147.329.309.133.290;3.881.061.638.459.350;23.404.845.379.895.900;6.574.304.884.144.560;39.793.965.621.441.800;11.357.132.089.162.500;14.894.179.386.070.800;820.650.795.874.168;2.074.671.527.831.470;1.401.446.046.195.840;Zenith Industrial Gases Center;"Houston, United States";Petrochemical;755495;2317;12.849.172.214.581.500;2.722.286.239.619.660;5.897.784.838.248.670;11.938.208.664.144.100;4.466.697.363.462.290;9.136.922.818.104.390;2.728.617.018.884.940;5.770.717.284.579.460;9.925.859.494.989.750;5.758.307.054.690.970;749.256.935.949.095;1.814.575.372.948.550;0.0715337754521239;0.208019851212733;0.0022269272936703;10.422.778.870.448.900;944.250.780.846.792;100.0;9.005.112.808.258.070;110;114;23.041.355.122.445.200;3.506.919.712.582.260
B0-FF005_202108;B0-FF005;01/08/2021;7.029.423.587.567.610;9.830.723.274.802.730;1.051.810.281.439.630;2.959.731.594.953.860;1.249.925.582.254.770;10.276.046.684.245.800;0;0;5.043.769.083.708.820;15.395.065.646.084.400;15.002.159.635.903.200;51.100.536.897.965.100;3.870.355.143.128.880;2.337.901.670.683.300;6.126.714.797.911.300;374.621.171.603.326;1.180.399.498.024.120;15.754.128.400.961.900;8.806.970.093.239.350;19.811.315.399.919.800;13.923.542.872.981.900;Zenith Industrial Gases Center;"Houston, United States";Petrochemical;766685;2179;12.002.389.641.959.300;2.565.843.398.343.230;6.021.427.087.944.330;1.203.820.809.704.210;4.244.199.845.973.550;896.136.726.182.034;27.017.967.153.524.400;5.573.986.579.052.110;9.898.712.732.163.750;5.735.257.005.245.270;7.893.202.301.206.590;1.823.410.555.682.170;0.071196968425518;0.2174967068041521;0.0021974848802592;10.082.152.312.415.300;9.626.417.896.440.720;100.0;915.439.585.059.674;106;109;2.435.888.674.620.860;3.486.959.503.418.760
B0-FF005_202109;B0-FF005;01/09/2021;7.273.887.250.006.010;9.635.008.706.457.730;10.580.711.965.970.300;2.945.447.658.133.020;12.083.165.897.378.600;1.056.187.237.699.050;0;0;4.807.678.766.356.520;1.463.688.089.156.290;14.969.235.929.271.400;5.004.192.088.384.500;4.048.493.568.721.810;2.268.455.544.499.060;6.425.572.222.284.610;386.002.934.347.463;11.783.212.987.094.600;1.550.872.555.959.960;8.650.339.413.326.580;20.220.809.921.319.000;1.389.024.704.524.120;Zenith Industrial Gases Center;"Houston, United States";Petrochemical;763513;2134;1.303.669.689.170.350;2.704.541.749.952.200;5.841.604.932.547.860;12.055.824.873.347.400;4.131.260.701.067.440;8.827.803.880.562.240;26.889.907.968.492.400;5.684.663.073.602.620;1.016.765.702.567.790;5.518.897.257.338.430;7.337.396.714.577.270;1.855.811.648.755.450;0.0739448773862355;0.2264277011465234;0.0021137310255357;10.868.896.051.256.500;9.626.253.223.258.280;100.0;9.549.150.923.350.040;109;101;25.837.311.315.178.100;3.470.121.044.804.920
B0-FF005_202110;B0-FF005;01/10/2021;740.609.819.395.543;9.745.069.024.059.700;1.016.452.577.468.570;285.345.609.403.115;12.919.380.859.488.100;10.522.886.029.113.700;0;0;504.255.241.804.112;14.700.633.832.042.300;15.051.149.499.897.000;5.018.763.278.352.250;3.736.223.712.582.270;22.937.131.305.042.900;6.172.412.603.257.500;3.716.033.134.834.530;11.767.291.215.888.800;1.606.057.391.450.740;8.366.154.183.080.170;1.973.644.818.164.260;13.171.372.642.462.400;Zenith Industrial Gases Center;"Houston, United States";Petrochemical;766477;2299;12.623.199.561.364.200;27.253.013.564.095.700;5.776.042.202.038.740;12.135.500.423.787.600;4.363.940.564.705.370;8.623.839.795.591.660;2.711.135.419.166.930;56.636.970.575.103.100;9.968.706.336.061.410;5.908.802.270.491.690;769.857.051.540.302;1.773.532.182.888.390;0.0739394386096257;0.2175319362181857;0.0022013836139044;1.037.918.763.280.830;9.315.050.249.717.860;100.0;9.491.658.144.789.950;105;104;2.327.721.044.096.650;3.511.856.809.700.310
B0-FF005_202111;B0-FF005;01/11/2021;7.227.254.903.752.610;9.458.480.247.227.090;10.378.474.693.478.700;2.679.699.903.466.440;13.101.761.365.189.100;10.982.958.733.494.800;0;0;4.872.969.363.385.970;1.458.707.125.951.800;15.499.874.995.083.700;5.096.414.785.024.310;41.053.539.612.091.700;23.222.533.585.125.800;63.925.567.418.030.800;40.235.077.211.795.800;10.420.754.497.448.500;15.636.851.463.144.200;8.520.877.694.280.260;21.105.969.635.405.100;14.348.375.098.779.100;Zenith Industrial Gases Center;"Houston, United States";Petrochemical;780000;2345;13.203.987.951.755.000;2.705.183.956.566.450;5.680.272.351.910.220;12.311.207.397.285.600;4.405.434.178.712.710;891.980.714.788.147;2.754.486.573.468.130;5.632.687.005.862.130;9.878.794.303.218.340;5.712.717.638.640.140;7.241.223.427.840.580;1.878.265.726.448.420;0.073272768772936;0.2262889280029747;0.0021362948613083;11.323.788.860.033.400;9.335.288.927.436.660;100.0;9.437.131.867.854.670;109;110;2.431.958.779.059.420;3.465.301.853.376.840
B0-FF005_202112;B0-FF005;01/12/2021;7.280.474.140.968.060;9.074.872.252.331.450;10.390.578.667.269.300;2.909.123.816.465.810;1.278.158.445.021.130;10.504.306.675.780.900;0;0;5.033.741.476.809.460;15.148.241.670.640.600;14.698.718.444.703.200;5.151.716.018.632.090;3.972.568.606.011.430;23.092.963.029.844.600;61.779.158.005.538.300;3.879.789.160.649.790;11.443.715.910.855.500;1.640.718.496.363.190;8.271.405.910.248.600;2.046.698.269.328.150;1.449.892.769.381.050;Zenith Industrial Gases Center;"Houston, United States";Petrochemical;754821;2298;12.897.383.429.991.000;2.705.756.411.601.020;5.761.670.434.993.720;11.931.012.240.286.400;4.271.458.612.341.640;9.001.672.617.629.480;25.925.239.591.333.000;5.738.854.441.160.300;10.315.082.435.991.400;5.480.299.861.793.000;7.763.832.678.246.390;1.800.931.810.450.330;0.0733278653768704;0.22286766461051;0.002220648334001;11.156.271.021.017.900;982.528.366.625.602;100.0;9.299.442.475.567.420;106;105;24.142.693.888.101.000;3.667.076.682.352.880
B0-FF005_202201;B0-FF005;01/01/2022;730.561.159.421.143;9.705.704.021.368.080;1.001.447.954.376.130;28.271.141.538.936.700;12.985.267.263.400.700;10.605.239.682.758.000;0;0;5.039.237.100.236.230;14.816.245.774.123.000;15.182.491.862.500.600;5.315.238.146.114.250;3.998.666.212.162.700;2.475.041.316.625.000;6.218.302.032.824.580;3.917.062.144.663.040;11.464.008.350.841.000;14.929.635.393.211.400;8.645.157.934.141.010;19.062.360.806.845.100;1.390.366.942.941.740;Zenith Industrial Gases Center;"Houston, United States";Petrochemical;737267;2467;12.668.910.743.302.000;27.353.271.886.056.600;5.876.190.172.963.430;12.022.763.044.956.800;44.524.962.443.281.000;9.006.370.174.314.290;2.608.177.232.924.450;5.549.730.727.884.850;976.985.662.356.354;5.684.944.112.199.780;7.504.830.702.706.240;1.856.788.908.167.180;0.0761254982942061;0.2408819406216013;0.0022216616884781;10.470.628.675.872.300;10.308.985.108.059.900;100.0;9.658.266.290.702.510;108;109;2.279.915.995.526.940;33.233.424.628.238.200
B0-FF005_202202;B0-FF005;01/02/2022;7.531.012.305.992.400;10.082.578.234.038.400;9.609.371.825.636.640;2.835.560.858.665.620;1.268.483.425.982.700;10.272.697.699.169.400;0;0;4.956.131.844.435.100;14.539.237.331.721.800;14.567.641.873.139.900;508.540.986.874.489;4.067.879.306.711.500;2.361.401.336.703.270;6.845.915.224.250.850;39.751.591.658.188.200;11.112.393.957.253.000;15.702.774.811.728.100;828.036.714.041.301;19.820.141.026.741.300;13.892.085.452.539.200;Zenith Industrial Gases Center;"Houston, United States";Petrochemical;795000;2226;12.636.372.402.051.000;26.153.754.963.754.000;6.116.528.329.481.420;12.231.237.494.724.200;4.272.826.154.729.590;8.945.374.038.192.700;27.338.102.603.949.500;567.846.011.363.266;10.375.850.623.389.600;5.641.106.665.636.700;7.980.479.491.512.320;1.829.896.909.447.680;0.0754130117966187;0.2263418207468795;0.002217987827916;1.074.989.978.001.190;9.408.791.862.238.020;100.0;955.770.984.971.334;108;102;2.496.726.200.866.300;356.024.382.641.951
B0-FF005_202203;B0-FF005;01/03/2022;6.739.061.551.244.930;9.860.715.373.669.300;10.101.388.077.951.200;277.018.745.376.731;12.581.765.243.895.700;10.189.549.972.517.200;0;0;520.853.525.323.701;15.467.284.434.501.300;15.000.784.506.378.300;5.568.439.244.545.150;3.600.896.599.071.900;2.288.052.592.009.340;652.802.245.039.312;3.809.150.168.208.380;11.244.214.425.126.300;15.677.801.515.750.500;8.347.820.170.646.020;1.966.732.062.367.550;14.385.976.640.570.000;Zenith Industrial Gases Center;"Houston, United States";Petrochemical;796915;2375;12.021.546.793.966.700;2.727.154.337.738.130;5.732.521.639.891.230;12.266.302.155.812.600;4.234.747.859.790.420;8.776.428.583.747.060;2.760.857.872.143.340;5.955.811.358.805.770;10.693.688.965.458.700;5.890.756.922.590.960;733.217.733.161.977;18.653.752.296.225.200;0.0751015725811066;0.2270221467218853;0.0022707950240644;1.060.786.993.964.080;10.038.132.164.133.900;100.0;962.542.171.409.766;106;111;2.539.902.121.058.810;35.715.602.759.271
B0-FF005_202204;B0-FF005;01/04/2022;7.354.587.324.790.070;10.094.481.264.475.000;9.889.537.840.869.560;29.131.210.988.079.800;13.713.474.709.876.400;10.587.319.879.153.300;0;0;4.984.243.864.377.990;14.698.655.329.779.400;14.891.330.473.258.000;51.388.072.049.421;40.288.902.068.110.600;2.380.664.334.377.690;67.816.105.982.093.200;395.439.898.863.038;11.645.586.071.765.900;15.972.296.286.368.400;88.340.256.363.075;2.057.615.644.240.050;14.092.613.946.175.700;Zenith Industrial Gases Center;"Houston, United States";Petrochemical;753543;2331;12.568.741.207.014.300;27.269.940.526.544.200;5.925.646.017.657.650;11.900.924.255.198.900;4.336.688.397.775.330;8.930.134.877.877.410;25.970.629.467.069.400;5.733.704.431.797.910;1.062.718.786.944.420;5.552.457.123.704.780;6.984.501.090.618.400;19.894.795.953.487.600;0.0716754562807842;0.2355624800011899;0.0023124681845259;10.796.714.255.856.600;9.499.578.094.311.360;100.0;958.049.257.821.892;114;110;2.591.523.097.511.180;3.587.208.692.230.090
B0-FF005_202205;B0-FF005;01/05/2022;765.641.953.012.373;9.803.157.562.986.130;10.177.760.825.226.000;2.885.499.445.231.200;1.263.227.797.729.730;10.570.287.189.793.900;0;0;5.165.858.348.226.890;1.548.013.093.569.270;15.774.655.037.944.800;5.212.656.200.974.940;395.285.796.238.741;23.498.263.490.673.200;6.495.079.998.000.210;3.905.137.001.085.480;12.080.622.598.973.400;15.892.135.088.538.000;8.140.005.909.208.500;2.070.662.332.982.050;13.711.828.106.817.900;Zenith Industrial Gases Center;"Houston, United States";Petrochemical;764029;2276;12.941.278.742.274.100;27.023.896.519.076.000;57.794.157.433.204;1.177.147.135.478.380;4.312.259.208.353.630;90.390.474.817.812;27.092.791.796.428.000;571.937.211.326.368;998.981.081.556.117;5.883.295.607.634.930;775.648.201.414.388;1.923.276.783.042.890;0.0787141194706067;0.2271518819078699;0.0022304698170596;107.496.761.861.917;990.168.078.544.566;100.0;9.020.657.522.451.610;106;113;2.326.096.067.997.480;3.542.702.029.464.530
B0-FF005_202206;B0-FF005;01/06/2022;7.493.301.360.416.950;9.682.908.663.663.190;10.000.272.714.758.400;28.324.039.447.453.100;13.075.941.187.297.800;10.519.348.536.134.200;0;0;5.074.956.129.259.410;1.539.182.476.531.540;14.860.995.081.288.300;5.150.548.373.441.160;3.692.257.861.122.890;2.341.989.028.509.380;6.607.268.129.829.530;38.808.730.327.425.900;11.681.427.077.937.900;16.307.380.308.428.800;8.633.281.908.833.080;2.181.577.378.417.900;1.452.290.042.434.120;Zenith Industrial Gases Center;"Houston, United States";Petrochemical;780941;2261;12.628.795.858.494.700;2.617.849.012.953.040;5.963.804.442.579.470;12.218.350.382.727.300;4.159.588.533.492.680;9.283.997.743.280.440;26.721.389.640.727.900;5.432.180.942.472.980;1.047.003.202.065.340;5.930.998.427.142.380;7.350.813.213.088.590;1.848.849.748.893.480;0.0736593339397597;0.2198932342011187;0.0020905240610079;10.658.823.021.063.300;9.598.094.562.015.990;100.0;959.595.078.119.284;107;109;23.663.720.220.002.200;3.518.581.822.287.850
B0-FF005_202207;B0-FF005;01/07/2022;7.233.756.577.791.740;9.756.239.803.107.540;1.035.957.291.365.230;288.026.503.095.912;13.122.995.705.796.100;1.040.984.997.677.340;0;0;5.300.197.789.512.160;1.536.772.498.495.230;15.542.027.996.439.600;4.944.535.718.219.280;4.001.286.056.503.220;2.471.580.151.455.510;66.262.673.062.224;38.900.688.806.387.000;10.933.855.114.831.800;15.985.037.251.571.500;8.602.009.014.115.490;21.284.960.850.099;13.964.540.352.524.700;Zenith Industrial Gases Center;"Houston, United States";Petrochemical;767656;2226;12.444.554.886.174.400;2.717.334.044.640.180;5.905.544.633.637.780;12.541.149.337.729.900;4.358.845.744.483.310;8.964.335.906.315.700;26.513.104.397.545.700;5.922.284.131.582.700;1.021.067.133.281.460;5.943.282.128.891.090;7.729.067.457.909.200;186.059.301.912.332;0.0746321420390363;0.2190747428353917;0.0023170439276762;1.126.138.930.453.110;9.629.554.968.345.600;100.0;9.465.419.727.678.740;104;107;252.300.032.947.884;3.621.280.618.616.110
B0-FF005_202208;B0-FF005;01/08/2022;7.388.204.861.194.710;9.530.760.922.390.730;9.883.944.654.427.690;2.904.303.889.394.490;12.935.655.863.554.500;10.562.701.119.137.500;0;0;5.162.813.767.230.100;15.162.032.371.945.200;1.520.466.891.302.740;5.273.871.387.591.580;3.974.343.161.022.090;24.625.532.910.904.000;6.765.055.597.217.080;3.969.984.182.449.250;11.347.916.158.545.700;15.441.551.497.572.600;868.864.206.226.587;19.900.870.182.091.400;141.538.041.003.502;Zenith Industrial Gases Center;"Houston, United States";Petrochemical;759977;2347;13.125.585.421.094.800;2.683.224.491.045.480;6.433.130.717.041.500;12.106.045.279.505.800;4.402.132.734.810.120;923.870.258.272.583;2.745.284.174.371.440;5.654.956.183.276.920;10.187.796.031.430.300;6.052.621.462.243.960;763.995.323.479.386;1.920.248.813.197.780;0.0720071716018807;0.2237490114988938;0.0023877298523402;10.655.920.489.451.200;9.568.245.974.045.720;100.0;9.402.670.581.592.820;106;111;26.483.266.992.235.600;3.615.631.614.451.420
B0-FF005_202209;B0-FF005;01/09/2022;741.291.749.129.045;10.134.132.850.333.000;10.182.775.697.526.400;28.913.067.127.099.400;13.632.979.107.777.400;11.078.285.680.725.800;0;0;5.354.790.633.060.670;1.523.782.659.478.500;15.296.036.354.132.000;5.011.970.421.319.390;3.912.474.712.047.990;2.333.608.619.324.190;6.483.078.255.964.790;3.759.521.585.522.520;11.865.219.976.147.200;16.277.173.318.685.600;8.813.832.349.110.450;20.680.991.928.819.200;1.400.147.703.453.420;Zenith Industrial Gases Center;"Houston, United States";Petrochemical;789929;2309;13.403.740.407.442.600;2.698.703.695.244.120;5.945.728.602.410.110;12.693.185.534.688.600;410.615.727.327.646;9.504.959.883.738.070;2.790.991.834.291.590;5.788.273.374.175.210;10.360.056.701.260.300;5.913.412.393.309.250;8.246.169.585.106.060;1.865.432.304.994.050;0.078370335826013;0.2279508206380327;0.0021860583386469;11.208.973.907.292.300;9.852.025.261.071.420;100.0;966.394.155.639.847;110;112;24.453.967.269.649.900;35.195.246.686.366.900
B0-FF005_202210;B0-FF005;01/10/2022;7.649.733.549.309.860;9.480.440.933.625.520;10.592.977.233.179.500;294.308.533.077.666;1.349.249.965.554.800;10.855.221.212.981.400;0;0;5.060.702.032.128.340;14.818.258.959.862.400;15.315.600.218.464.700;5.241.762.774.810.620;3.998.425.460.260.590;23.624.807.520.339.000;6.658.524.373.058.060;40.555.732.010.463.100;12.095.643.321.844.700;15.396.773.039.691.600;8.838.868.718.813.250;2.096.136.728.368.070;14.311.659.730.982.200;Zenith Industrial Gases Center;"Houston, United States";Petrochemical;777273;2373;12.990.979.389.589.400;25.945.536.252.702.800;5.643.876.244.716.650;12.472.008.686.961.100;4.431.884.847.785.740;8.955.873.470.165.460;2.712.020.411.744.490;591.242.865.025.907;10.110.773.072.940.800;5.862.594.755.425.010;7.551.448.802.331.240;195.849.238.050.528;0.0768125764959701;0.2268018288625655;0.0023395896015415;10.412.032.471.860.000;9.974.812.147.561.790;100.0;9.670.920.612.886.890;110;110;2.361.339.165.425.250;3.568.749.443.712.930
B0-FF005_202211;B0-FF005;01/11/2022;7.721.698.333.453.190;9.631.696.739.868.210;10.107.060.863.484.400;29.103.741.897.680.200;13.464.989.915.178.600;10.470.720.774.010.000;0;0;5.061.695.107.267.330;1.585.659.551.942.300;15.069.780.135.024.400;5.209.711.394.885.000;4.041.738.556.817.850;2.450.893.576.003.160;6.484.887.076.879.760;3.832.641.556.689.330;1.197.185.851.008.370;15.756.027.470.323.300;8.641.233.590.880.040;2.121.391.927.546.670;1.390.790.527.288.010;Zenith Industrial Gases Center;"Houston, United States";Petrochemical;756331;2337;12.353.616.381.306.400;26.185.556.832.936.800;6.073.630.281.753;12.605.147.699.069.200;4.416.202.808.550.070;9.006.969.719.767.800;28.431.081.970.545.600;5.579.679.667.926.110;9.596.458.674.590.690;5.480.351.847.007.420;7.696.348.715.971.210;1.890.169.948.048.620;0.077656803486306;0.2300037446248349;0.0022404927875585;10.418.033.424.600.500;9.606.406.498.120.320;100.0;100.0;109;112;24.958.618.652.422.800;3.522.791.090.120.460
B0-FF005_202212;B0-FF005;01/12/2022;731.884.886.216.539;9.927.361.057.627.970;9.963.963.047.113.910;29.428.151.133.117.900;13.134.219.190.069.800;10.755.037.634.933.900;0;0;5.219.475.569.812.820;15.464.123.629.484.300;1.584.832.596.380.270;5.182.852.515.039.670;3.788.651.987.544.450;2.350.431.213.230.740;6.339.937.434.268.550;4.113.182.402.292.110;1.173.109.070.462.440;15.988.463.740.842.700;8.610.552.410.675.480;206.810.764.224.366;1.360.312.391.400.300;Zenith Industrial Gases Center;"Houston, United States";Petrochemical;775212;2126;13.141.052.096.653.500;2.704.091.928.932.490;5.959.156.381.233.030;1.217.042.309.657.920;43.506.923.527.368.700;9.294.101.690.568.650;2.770.638.003.182.960;5.540.671.004.008.780;998.785.498.431.722;5.887.269.372.842.980;7.602.646.580.649.080;19.946.736.562.212.800;0.07379942940971;0.2244462711516038;0.0022194639017594;10.797.618.266.782.500;9.486.548.890.024.520;100.0;97.850.992.057.414;114;108;25.044.583.238.327.500;3.516.912.828.143.630
B0-FF005_202301;B0-FF005;01/01/2023;7.392.204.629.989.640;960.590.007.427.773;10.502.449.913.140.000;2.970.876.175.097.700;12.846.132.828.915.300;1.095.253.856.253.250;0;0;5.153.291.965.584.680;14.987.262.912.917.600;14.891.971.398.142.300;514.558.135.311.336;38.831.765.809.685.800;244.856.506.171.942;6.185.194.595.012.120;3.924.296.242.933.880;11.289.784.510.168.700;15.492.667.341.048.500;865.098.491.549.714;2.033.732.102.152.780;14.138.337.603.315.800;Zenith Industrial Gases Center;"Houston, United States";Petrochemical;806725;2274;1.337.037.502.067.360;26.313.615.705.195.900;5.441.626.441.579.180;12.637.038.390.851.800;4.409.329.359.849.750;9.418.827.207.997.530;2.776.519.130.600.960;59.923.963.613.721.000;10.306.893.269.131.500;595.538.998.647.924;7.865.942.301.581.420;1.860.774.341.205.340;0.0750574414178596;0.2243643354163207;0.002392573799633;1.069.604.577.637.820;990.939.918.983.916;100.0;9.698.503.190.335.900;109;108;240.204.776.665.282;343.924.127.233.804
B0-FF005_202302;B0-FF005;01/02/2023;7.605.670.740.228.390;9.934.671.062.669.100;1.036.419.612.307.350;31.118.681.226.508.000;14.084.271.240.716.800;10.412.336.284.910.000;0;0;5.114.534.984.689.790;1.547.041.370.912.440;15.693.231.963.503.500;50.284.719.376.617;3.945.416.038.871.750;2.397.369.858.801.740;6.272.336.212.580.090;39.877.813.370.186.400;11.437.927.580.600.600;16.125.388.959.310.800;8.407.686.172.299.760;2.054.136.447.785.720;15.185.034.520.326.500;Zenith Industrial Gases Center;"Houston, United States";Petrochemical;768737;2284;1.270.343.905.706.040;27.099.744.079.327.000;601.209.212.914.703;12.920.665.705.523.100;4.301.111.074.007.820;9.079.890.585.437.200;27.644.876.355.362.900;5.431.991.099.268.230;10.580.667.269.067.600;5.222.106.780.922.450;7.846.866.237.752.380;20.938.571.344.197.800;0.0775516849079663;0.2310091730638942;0.0022568680615935;10.619.165.877.376.000;10.028.281.139.949.700;100.0;9.300.692.245.409.470;108;111;2.396.306.758.496.470;361.409.949.123.235
B0-FF005_202303;B0-FF005;01/03/2023;7.545.670.931.742.900;983.095.952.966.371;9.795.069.240.111.410;3.037.052.873.343.010;13.038.274.115.947.800;1.070.422.355.682.180;0;0;5.034.698.855.195.130;1.585.118.401.548.990;16.057.429.081.778.100;531.888.323.181.891;4.029.647.589.992.090;2.510.640.571.084.500;6.889.116.912.647.250;4.010.449.064.802.200;1.128.666.335.130.030;1.492.952.109.610.950;8.553.888.709.659.990;2.090.584.648.348.090;15.346.718.587.512.200;Zenith Industrial Gases Center;"Houston, United States";Petrochemical;803815;2313;12.571.853.314.197.800;2.709.224.857.507.200;6.189.459.908.364.800;12.402.892.572.146.400;4.209.432.569.493.800;8.924.076.846.281.520;263.556.071.367.762;5.629.112.640.964.290;9.884.735.760.439.030;5.886.907.099.474.440;7.847.982.069.975.990;1.984.274.234.434.880;0.0761382460215762;0.2260461681584217;0.0022755670189664;1.072.073.647.013.000;9.475.813.100.648.470;100.0;9.829.562.149.956.270;112;117;2.414.717.830.263.590;34.324.409.002.164.200
B0-FF005_202304;B0-FF005;01/04/2023;7.030.050.090.159.090;9.864.177.037.759.200;1.048.984.147.268.300;2.902.610.361.707.560;12.548.004.113.176.100;11.383.247.983.678.300;0;0;5.137.937.741.707.930;16.489.848.080.666.200;15.777.877.763.757.400;518.634.137.852.644;3.831.761.947.056.970;2.492.156.522.938.280;6.293.126.295.856.990;4.004.027.915.940.230;11.672.484.875.239.500;16.415.097.568.395.700;8.691.497.688.528.180;2.120.972.432.019.680;1.438.981.174.630.310;Zenith Industrial Gases Center;"Houston, United States";Petrochemical;796226;2431;12.936.514.244.155.100;27.756.191.781.668.700;5.900.336.927.942.720;12.108.590.669.666.100;4.320.278.427.013.330;9.102.522.723.366.080;2.663.902.752.902.820;5.496.988.434.473.260;10.614.071.306.375.700;5.693.826.396.639.850;7.633.349.815.560.840;1.867.724.832.556.770;0.0710382739985601;0.2379123047560851;0.0021924098488608;1.124.849.878.539.600;9.526.169.889.388.180;100.0;9.940.349.343.716.510;106;108;244.785.314.780.546;3.502.472.032.142.540
B0-FF005_202305;B0-FF005;01/05/2023;7.637.501.300.660.560;10.238.710.243.956.500;10.223.467.796.421.300;29.859.770.305.728.100;12.646.975.663.182.000;11.547.556.854.798.200;0;0;512.487.625.508.204;15.942.366.528.841.600;15.422.636.577.779.700;5.395.630.259.012.570;3.840.066.836.229.200;24.100.504.064.027.800;6.181.325.265.864.710;4.023.288.985.778.220;11.710.912.533.021.600;1.502.447.757.391.310;8.266.210.735.820.430;2.033.117.714.798.330;14.472.718.166.576.800;Zenith Industrial Gases Center;"Houston, United States";Petrochemical;723145;2439;12.656.014.934.894.300;2.950.924.267.369.620;5.981.010.653.971.340;11.624.003.800.336.000;4.180.080.557.716.760;9.185.569.731.788.010;2.640.646.956.999.670;5.587.721.085.488.850;9.497.787.027.303.520;5.725.425.001.821.240;804.846.895.716.181;18.613.849.798.808.000;0.0776475226265951;0.2196801594944662;0.0023258790241545;10.762.651.152.422.800;9.903.919.644.857.640;100.0;9.575.060.022.644.780;105;115;250.077.366.325.262;34.695.724.850.047.200
B0-FF005_202306;B0-FF005;01/06/2023;741.210.284.333.777;9.964.290.010.493.930;105.546.426.132.966;29.133.278.758.328.400;134.559.123.018.197;10.758.703.550.341.800;0;0;5.107.871.835.072.690;16.335.051.448.436.400;1.543.004.679.742.630;5.366.656.603.968.280;4.096.157.142.306.790;2.406.262.202.517.950;6.776.127.308.470.380;395.711.860.350.302;11.498.690.601.994.100;15.773.813.119.504.900;8.449.460.181.891.230;2.119.650.342.314.200;13.821.979.187.918.900;Zenith Industrial Gases Center;"Houston, United States";Petrochemical;763171;2368;1.341.247.368.542.660;28.486.294.506.482.600;591.253.163.370.239;11.873.705.486.374.500;41.437.660.324.595.000;9.557.161.723.954.350;28.284.758.501.721;5.846.909.000.422.550;10.464.977.458.651.400;5.930.287.301.542.560;8.154.545.711.946.300;1.842.365.672.046.510;0.0744998197380338;0.2305976865348495;0.0023120192242037;10.545.084.369.991.900;10.085.135.388.910.700;100.0;9.836.729.600.538.180;106;103;25.429.209.704.356.600;3.772.009.046.690.490
B0-FF005_202307;B0-FF005;01/07/2023;749.033.340.448.222;10.391.085.881.865.700;9.929.366.879.602.340;2.889.977.387.448.640;13.388.796.706.576.400;10.948.987.463.128.000;0;0;5.127.633.160.072.820;1.553.572.013.666.070;1.555.420.177.895.570;5.547.595.699.314.980;3.853.897.670.741.500;244.549.213.643.424;6.764.820.425.480.710;4.229.957.348.802.740;1.207.111.556.562.900;16.269.921.542.750.700;8.076.264.672.055.690;2.119.280.307.676.400;14.770.278.927.252.400;Zenith Industrial Gases Center;"Houston, United States";Petrochemical;765794;2249;13.681.802.180.993.600;2.816.015.535.196.330;5.718.437.415.326.230;12.546.197.447.338.400;4.396.610.904.572.320;9.638.842.370.848.590;2.897.598.759.463.050;5.825.991.395.713.920;9.970.774.900.858.350;5.743.292.008.661.280;730.487.427.699.786;1.817.727.330.174.080;0.0827993296211544;0.2254420986249989;0.0022422371862067;10.909.209.348.754.800;9.884.899.573.594.710;100.0;942.501.827.411.531;115;108;23.743.713.130.019.700;3.415.230.989.835.010
B0-FF005_202308;B0-FF005;01/08/2023;7.486.626.625.985.880;10.135.846.126.025.500;10.617.978.569.759.900;30.861.423.903.135.500;12.710.054.200.253.600;1.121.303.479.449.150;0;0;5.100.624.159.669.750;1.506.893.419.225.190;15.657.018.391.851.500;5.272.456.122.585.320;3.746.628.223.831.850;2.383.413.963.142.610;6.520.046.390.859.630;4.103.184.892.114.340;1.167.847.969.650.610;15.757.969.484.529.700;8.381.935.468.475.910;21.082.813.836.542.200;14.036.891.004.126.900;Zenith Industrial Gases Center;"Houston, United States";Petrochemical;757965;2336;12.958.657.672.606.300;27.022.416.206.776.200;6.011.636.713.734.900;12.756.409.252.117.600;4.229.874.168.922.510;8.983.003.755.749.690;28.851.982.773.214.300;597.318.265.755.123;10.920.682.691.473.200;5.962.494.751.476.590;7.896.503.160.156.640;19.040.334.428.920.600;0.073239463978621;0.2324349927888408;0.0022593878820585;10.408.384.299.992.800;1.003.442.658.597.780;100.0;9.473.657.441.376.750;109;111;2.438.607.604.830.020;3.550.679.676.655.060
B0-FF005_202309;B0-FF005;01/09/2023;7.549.315.499.467.380;10.111.391.116.661.300;10.377.409.004.707.000;30.224.145.730.064.400;13.141.902.768.629.000;10.846.196.325.721.000;0;0;51.176.521.858.435;16.043.314.241.887.200;14.490.080.312.485.100;5.329.774.237.911.760;4.132.008.629.477.790;24.899.619.316.787.000;6.776.969.415.228.580;4.173.067.545.953.210;11.994.616.569.427.100;15.794.589.484.052.400;8.780.480.913.032.660;2.006.814.907.476.940;14.744.399.731.600.200;Zenith Industrial Gases Center;"Houston, United States";Petrochemical;791746;2389;13.110.291.322.594.700;2.801.737.729.576.460;6.031.567.550.328.500;1.246.923.440.013.360;4.448.692.492.096.610;8.797.952.876.766.080;27.573.969.548.538.400;5.709.206.413.185.360;9.877.385.199.319.720;570.847.505.703.868;744.035.369.206.279;1.822.725.379.382.860;0.0754458464480314;0.231491977720172;0.0021656050440211;10.963.011.063.609.400;9.932.391.989.257.350;100.0;9.962.972.884.658.340;120;116;2.460.150.506.983.270;3.466.907.880.755.720
B0-FF005_202310;B0-FF005;01/10/2023;7.401.608.828.708.560;1.003.822.166.606.290;10.405.182.368.389.900;2.983.042.589.838.000;1.327.749.725.079.750;10.836.431.168.866.000;0;0;5.283.980.459.062.790;1.502.255.720.915.770;15.873.861.926.279.900;5.445.958.986.048.100;39.540.067.440.436.500;2.432.833.425.601.240;6.526.505.793.137.750;3.879.080.715.901.550;1.135.645.480.728.520;15.715.201.040.265.800;897.737.497.725.962;2.091.431.527.982.340;13.989.957.846.570.200;Zenith Industrial Gases Center;"Houston, United States";Petrochemical;788551;2363;13.585.253.210.641.000;27.676.418.304.376.900;6.008.061.265.662.850;13.229.978.836.840.600;4.383.730.932.515.230;915.376.495.178.414;26.732.495.046.994.300;5.686.614.671.839.710;9.956.143.908.081.800;5.608.556.873.361.700;77.313.970.517.665;18.849.709.576.554.700;0.079631317764067;0.2303816684949556;0.002317110863285;11.146.936.784.673.800;9.564.509.626.930.400;100.0;985.270.440.899.236;105;104;2.525.196.945.443.010;3.548.108.863.386.270
B0-FF005_202311;B0-FF005;01/11/2023;672.942.078.443.122;936.282.735.294.212;10.098.379.401.276.200;30.267.898.437.260.400;13.055.631.524.447.700;1.119.654.951.889.660;0;0;5.598.317.313.252.950;15.945.986.950.167.900;15.951.677.449.726.900;51.616.931.940.612.800;394.730.673.345.537;24.152.768.430.888.100;6.581.184.670.238.140;3.995.831.542.134.270;1.165.108.054.938.040;15.923.779.914.369.800;8.548.759.367.410.600;2.185.713.505.822.350;13.984.913.778.379.300;Zenith Industrial Gases Center;"Houston, United States";Petrochemical;784252;2219;12.673.022.812.922.000;26.874.381.125.326.100;6.038.745.377.570.360;12.908.649.717.956.000;4.531.265.008.518.250;9.617.174.786.359.010;26.894.884.683.140.300;5.650.725.928.399.860;9.988.226.583.190.440;6.155.922.188.632.190;7.888.774.352.616.680;19.661.227.349.604.100;0.0742773055540404;0.2284972609555226;0.0023105465142662;10.532.674.983.591.900;974.885.865.925.941;100.0;910.578.477.851.446;115;113;2.427.606.576.322.540;3.573.181.269.269.230
B0-FF005_202312;B0-FF005;01/12/2023;7.630.385.248.537.710;9.945.522.868.285.020;10.397.127.899.183.800;297.502.758.149.704;13.576.588.202.153.900;11.100.738.588.841.200;0;0;53.166.048.504.494.100;15.844.191.476.746.200;16.259.667.771.360.200;5.267.220.956.143.780;3.777.620.022.343.100;2.505.885.170.305.140;6.724.029.871.575.980;4.043.520.989.784.300;1.130.691.061.294.580;15.233.112.892.892.800;8.697.569.462.715.710;2.084.372.437.650.820;1.436.569.935.837.930;Zenith Industrial Gases Center;"Houston, United States";Petrochemical;783548;2326;127.831.764.800.855;28.521.798.807.806.000;5.990.721.927.473.390;12.931.820.442.548.400;44.856.109.849.400.400;9.612.784.434.911.610;2.790.085.058.636.730;5.966.225.229.887.080;10.561.790.037.185.000;6.122.222.493.648.490;7.933.284.831.145.630;18.728.839.161.802.300;0.0766013666339907;0.2204510755175036;0.0022538207454577;10.559.658.828.118.900;10.130.639.177.246.400;100.0;9.439.073.792.127.400;112;113;2.364.944.647.255.210;3.622.556.224.568.290
B0-FF005_202401;B0-FF005;01/01/2024;7.676.926.900.055.950;94.173.956.260.387;9.866.374.176.601.770;2.989.621.091.886.050;13.469.576.201.641.300;10.696.005.687.010.600;0;0;5.561.347.339.811.490;14.537.677.788.332;1.527.806.292.735.870;52.290.519.951.882.000;378.012.074.293.108;24.445.149.139.730.200;6.529.280.738.601.460;3.878.034.535.306.150;11.185.987.107.447.500;16.097.331.365.815.300;8.759.541.142.183.890;2.091.898.197.988.680;14.782.863.007.499.400;Zenith Industrial Gases Center;"Houston, United States";Petrochemical;805904;2451;12.633.802.343.657.600;2.616.216.040.290.720;614.192.292.547.048;125.171.896.993.805;4.249.739.641.789.770;898.773.758.783.467;2.840.556.744.538.550;5.977.491.532.354.710;1.058.882.666.431.690;5.874.020.015.701.960;7.722.745.008.190.150;19.091.256.598.208.300;0.0777038019774326;0.2302299807779647;0.002210523154257;11.363.412.116.014.900;9.931.467.820.005.720;100.0;9.395.349.731.638.350;109;111;25.200.913.397.297.800;35.114.756.706.176.600
B0-FF005_202402;B0-FF005;01/02/2024;7.818.790.556.159.850;10.152.314.280.280.400;10.427.775.759.191.600;28.515.687.217.341.600;13.175.576.991.990.500;10.736.820.548.268.600;0;0;5.282.160.016.313.740;1.514.870.220.897.890;15.629.288.154.245.400;5.452.194.322.454.500;4.050.388.767.742.360;2.378.737.958.155.150;7.126.846.387.814.210;4.041.450.546.170.960;11.416.988.165.374.300;16.853.326.306.721.400;8.177.329.177.172.340;203.175.529.301.302;14.192.434.188.556.400;Zenith Industrial Gases Center;"Houston, United States";Petrochemical;821173;2281;13.026.342.835.168.400;2.660.023.865.419.740;6.166.351.712.878.540;1.281.493.473.853.210;4.239.398.899.864.900;9.259.992.201.400.850;28.024.597.885.087.200;578.588.193.401.288;10.339.132.931.445.000;5.741.758.799.058.080;7.978.884.746.736.880;1.877.754.964.506.950;0.0793820584757936;0.2292998124838533;0.0022461360310473;11.019.653.441.749.500;9.954.156.595.544.640;100.0;9.661.614.960.748.150;107;116;2.461.025.064.956.850;3.459.220.484.274.970
B0-FF005_202403;B0-FF005;01/03/2024;7.646.079.087.629.800;9.377.103.695.375.530;1.045.846.709.581.470;28.952.579.950.140.100;13.488.736.473.005.300;1.080.903.151.823.550;0;0;532.738.169.131.062;1.540.953.440.235.100;1.535.862.786.056.120;5.450.280.171.143.700;40.434.404.380.995.600;2.389.503.632.582.420;6.672.327.691.763.190;395.536.875.537.645;12.010.257.770.252.300;15.263.094.981.274.100;879.539.116.729.531;2.138.258.373.743.080;14.104.085.324.716.800;Zenith Industrial Gases Center;"Houston, United States";Petrochemical;777014;2410;13.007.346.896.545.100;28.566.103.717.878.200;5.861.739.229.119.010;12.615.366.590.463.500;43.617.058.628.339.000;9.165.109.521.731.240;28.131.020.369.356.000;5.693.885.597.772.730;10.317.753.925.874.200;5.736.055.231.237.420;7.935.244.007.213.990;2.034.860.699.405.670;0.0802879281795421;0.2229248867565008;0.0022500465714258;11.034.748.601.899.400;9.331.030.166.448.620;100.0;9.923.531.237.938.960;111;111;24.753.429.621.476.800;3.556.835.248.604.850
B0-FF005_202404;B0-FF005;01/04/2024;7.448.536.876.313.850;964.048.012.160.926;10.752.615.609.543.100;3.140.566.084.919.980;13.081.883.501.003.300;10.552.567.542.115.100;0;0;5.189.630.157.966.910;15.761.688.775.891.300;1.610.892.025.210.600;505.546.474.657.711;4.111.555.385.112.590;2.426.394.967.467.350;623.817.671.398.274;3.847.131.792.028.240;1.183.846.674.522.260;15.689.312.698.799.800;8.561.882.239.725.500;2.101.953.866.318.760;1.494.989.675.792.940;Zenith Industrial Gases Center;"Houston, United States";Petrochemical;769028;2377;1.360.556.724.223.330;2.661.237.394.414.140;6.194.562.989.030.830;12.463.198.408.956.900;4.350.121.943.025.260;9.201.460.227.189.160;28.067.400.246.359.300;5.701.096.495.248.480;10.669.198.011.003.300;579.937.711.938.063;7.325.626.535.175.740;19.219.190.349.593.300;0.0744003635941051;0.2280135404759137;0.0023104138192166;10.846.071.703.159.500;9.438.106.244.098.950;100.0;100.0;112;114;26.541.697.502.580.100;3.820.858.755.451.860
B0-FF005_202405;B0-FF005;01/05/2024;7.612.911.008.965.920;9.877.377.039.617.020;10.276.865.076.785.800;3.011.018.213.755.200;13.526.486.944.726.800;11.126.071.677.761.200;0;0;5.231.934.601.101.650;15.655.546.326.988.800;16.320.137.486.206.500;4.938.348.741.238.790;39.296.670.380.296.700;2.490.958.965.766.380;647.053.817.685.551;4.000.005.533.131.090;12.010.635.009.227.800;16.441.804.855.397.300;8.849.818.226.165.840;20.996.055.436.992.800;14.506.169.352.268.800;Zenith Industrial Gases Center;"Houston, United States";Petrochemical;804510;2298;13.447.532.870.873.000;2.637.052.600.713.040;5.938.134.929.288.620;1.299.615.396.515.790;4.183.836.823.392.200;9.343.844.979.101.790;28.829.852.392.272.900;5.704.262.788.063.640;10.524.364.856.325.400;5.904.545.561.146.070;7.964.437.261.491.570;1.929.011.178.285.420;0.0801212254516511;0.2326496357053722;0.0023469315720435;1.134.562.062.205.850;10.367.384.470.287.000;100.0;9.440.409.887.846.480;115;112;26.730.327.753.968.300;33.653.301.877.623.200
B0-FF005_202406;B0-FF005;01/06/2024;7.557.147.806.856.230;996.721.557.407.062;10.766.855.311.652.500;3.181.133.938.878.690;13.359.460.352.010.400;1.104.569.804.706.910;0;0;5.322.662.780.781.230;15.403.723.004.712.500;1.572.234.068.304.170;5.360.156.431.404.750;4.201.435.448.307.080;2.376.526.026.735.800;6.500.643.959.644.350;3.904.656.148.350.680;1.153.442.122.514.530;1.536.767.095.983.900;861.358.274.188.698;21.170.203.633.725.500;151.205.685.539.944;Zenith Industrial Gases Center;"Houston, United States";Petrochemical;798399;2426;13.460.622.843.735.100;2.759.094.538.881.090;6.040.233.924.137.530;12.894.823.182.614.800;4.538.033.970.614.220;9.166.690.231.895.310;28.429.042.733.863.000;5.828.856.548.844.600;1.057.728.010.246.220;6.179.202.516.321.330;7.734.820.002.373.010;18.153.686.986.909.300;0.0774169351011386;0.222915109040592;0.0023083090141538;10.753.636.870.276.400;9.939.828.792.342.740;100.0;100.0;113;108;25.999.209.940.192.300;3.555.977.872.496.490
B0-FF005_202407;B0-FF005;01/07/2024;724.274.016.590.214;10.569.124.924.465.300;10.493.283.078.710.200;30.583.318.538.279.900;13.240.933.903.600.300;11.095.120.845.645.500;0;0;542.698.580.499.854;15.604.649.823.589.900;15.205.366.019.926.100;5.473.538.425.019.780;3.967.985.516.544.920;2.406.809.458.109.140;6.459.243.482.800.660;4.197.658.217.570.760;12.073.563.954.252.400;16.034.155.561.793.100;8.464.385.320.286.580;2.160.261.803.233.480;14.660.733.805.063.600;Zenith Industrial Gases Center;"Houston, United States";Petrochemical;792383;2334;13.381.787.429.686.600;27.696.022.866.236.800;6.140.171.319.409.500;12.804.321.735.938.600;4.554.667.314.199.880;916.845.352.503.386;2.810.334.232.694.190;5.724.372.222.522.940;1.021.567.169.517.080;6.232.377.733.085.270;7.493.523.061.865.220;19.712.073.674.718.200;0.0839570174386227;0.2427939569114834;0.0023314965565312;11.737.328.061.856.300;10.104.048.862.247.200;100.0;983.333.605.231.257;114;118;2.617.185.364.761.790;36.006.927.331.948.900
B0-FF005_202408;B0-FF005;01/08/2024;7.444.595.366.924.650;9.413.416.172.895.600;10.465.179.882.535.000;2.918.408.354.641.420;13.758.493.264.380.300;1.084.934.432.224.280;0;0;5.266.894.774.745.580;15.783.176.508.890.000;1.578.753.110.767.170;52.869.873.012.199.900;4.029.843.115.266.430;2.411.806.984.369.780;6.965.773.963.929.770;3.989.892.647.113.820;11.274.217.270.717.700;15.610.872.287.275.700;848.143.954.887.142;2.091.000.375.783.560;1.488.248.047.726.360;Zenith Industrial Gases Center;"Houston, United States";Petrochemical;822740;2406;13.169.776.230.340.100;28.358.644.244.193.200;6.034.901.700.589.190;12.018.593.316.136.100;4.589.041.637.843.430;9.142.976.611.804.230;27.817.619.570.742.600;5.793.840.120.614.430;10.593.495.021.795.600;5.930.357.666.726.050;778.294.825.380.538;2.027.414.181.206.150;0.0775007618164612;0.229200914072494;0.0023509326032454;11.502.567.670.873.400;1.026.217.988.896.730;100.0;9.946.499.399.195.610;112;111;2.467.947.879.775.500;3.638.168.649.551.790
B0-FF005_202409;B0-FF005;01/09/2024;7.846.276.515.829.240;10.495.268.688.705.600;10.883.726.202.417.500;2.974.610.137.031.240;13.025.942.788.688.100;10.453.964.066.038.700;0;0;5.205.337.275.666.970;15.366.292.542.334.500;16.229.315.817.535.800;5.493.976.437.002.110;417.616.968.140.294;24.811.847.973.354.000;683.044.717.140.787;3.771.884.070.101.570;11.594.214.033.932.500;1.717.558.709.722.960;8.562.227.719.415.400;21.357.452.369.260.200;15.196.149.246.108.300;Zenith Industrial Gases Center;"Houston, United States";Petrochemical;825158;2277;12.713.497.385.327.500;28.899.565.610.215.900;6.221.638.237.701.580;12.868.473.805.501.200;4.534.336.568.444.880;9.241.556.572.920.980;2.728.149.263.675.350;5.941.504.913.125.110;10.253.191.785.980.600;580.396.008.707.134;7.759.181.730.989.610;19.823.037.092.078.000;0.0761592745379486;0.225613565850995;0.0022324351795944;11.074.491.893.337.700;1.030.947.491.108.700;100.0;9.849.687.392.133.710;112;111;24.725.677.517.595.500;3.571.347.125.906.620
B0-FF005_202410;B0-FF005;01/10/2024;7.477.280.176.770.020;9.990.422.830.732.170;10.388.612.477.707.700;3.038.954.885.617.590;13.370.519.553.794.300;1.075.138.432.892.860;0;0;5.266.126.701.024.040;15.485.781.039.952.400;16.080.900.906.299.600;5.204.821.209.243.520;4.194.226.174.761.700;2.337.722.891.174.090;7.264.836.104.749.480;3.973.773.513.090.910;1.128.157.750.262.230;15.885.326.032.796.100;8.638.643.551.219.950;2.088.250.762.827.050;1.468.891.506.584.210;Zenith Industrial Gases Center;"Houston, United States";Petrochemical;811817;2571;13.226.675.655.098.100;2.650.120.752.152.310;6.061.448.279.030.640;12.799.438.031.157.900;4.403.493.708.859.150;9.535.593.138.659.190;28.708.525.922.511.100;57.585.991.634.354.400;10.342.593.823.182.200;5.576.931.034.366.510;7.649.009.107.164.020;19.233.867.400.115.800;0.078213361356418;0.2304143470957983;0.0022422770512429;11.507.764.690.407.900;10.319.843.117.331.100;100.0;100.0;108;113;2.614.399.272.040.110;3.869.081.908.177.920
B0-FF005_202411;B0-FF005;01/11/2024;7.957.025.104.575.200;9.950.997.402.954.100;10.040.291.950.052.600;29.121.885.924.512.300;1.370.159.810.517.440;10.988.710.929.419.000;0;0;5.446.089.373.517.460;15.213.496.642.052.000;16.335.007.318.916.100;5.189.436.433.563.980;39.754.200.915.535.500;23.965.585.844.628.200;6.843.022.630.351.560;3.948.010.198.883.470;11.677.227.942.384.500;16.058.352.454.865.000;849.977.889.813.741;21.275.073.207.445.300;1.466.540.897.987.100;Zenith Industrial Gases Center;"Houston, United States";Petrochemical;822868;2393;134.910.930.414.664;26.161.391.906.852.300;609.554.352.867.856;12.418.471.079.185.400;4.478.187.453.793.580;940.492.718.810.482;2.826.732.535.360.170;5.594.197.540.036.950;1.121.606.026.684.640;6.330.702.864.057.680;7.715.890.200.924.160;18.761.913.559.902.900;0.0846173334257878;0.2392978912951469;0.002354641168373;10.740.541.172.520.000;10.513.003.922.309.500;100.0;981.575.510.009.534;117;111;25.653.479.262.428.600;375.406.725.623.699
B0-FF005_202412;B0-FF005;01/12/2024;7.346.543.124.164.400;1.038.908.294.054.950;11.063.479.338.391.900;30.189.510.879.186.600;13.942.726.015.083.000;10.724.686.221.236.800;0;0;5.392.662.191.278.500;15.990.224.807.293.100;15.411.096.460.625.500;5.544.005.181.585.890;3.955.557.724.092.240;235.696.906.681.904;6.531.382.945.829.160;4.204.435.186.257.410;12.061.652.866.440.300;1.616.474.461.008.540;8.668.732.529.381.010;2.092.651.414.451.430;13.501.846.327.508.500;Zenith Industrial Gases Center;"Houston, United States";Petrochemical;768011;2343;1.345.519.853.516.250;2.738.798.977.950.890;5.822.282.734.957.210;1.339.809.985.895.240;4.297.363.149.219.000;9.380.749.222.945.300;28.257.292.838.135.900;629.745.217.954.363;10.179.487.195.659.200;5.936.530.555.984.710;7.913.586.470.810.150;18.768.734.153.584.100;0.0787628577884498;0.2288255130752841;0.0022840004048691;10.920.374.746.971.200;1.039.374.719.173.530;100.0;9.643.846.547.737.700;105;118;25.561.253.152.964.600;3.770.504.727.316.340
B0-FF005_202501;B0-FF005;01/01/2025;7.915.495.318.781.570;10.163.266.084.787.600;10.855.547.020.029.900;3.143.551.705.772.870;1.304.103.153.096.010;11.287.164.362.798.400;0;0;5.454.027.595.328.060;1.533.832.969.434.230;15.963.668.834.766.100;5.407.525.643.998.480;3.959.515.008.841.860;25.894.001.309.415.900;6.905.273.233.781.160;3.940.584.819.886.860;12.220.273.663.698.200;16.093.709.515.116.400;864.297.395.452.892;2.192.401.110.218.370;14.868.826.428.154.600;Zenith Industrial Gases Center;"Houston, United States";Petrochemical;801603;2467;1.292.520.776.200.900;28.872.314.404.523.200;5.975.220.165.764.830;1.292.968.321.127.130;4.438.728.055.804.420;9.611.049.972.540.530;26.434.499.337.123.000;5.705.832.605.079.120;10.668.713.631.606.200;6.092.155.570.636.450;7.729.758.200.998.480;200.810.517.283.784;0.0765101519430441;0.2357338738081035;0.0022982816273985;10.670.905.839.444.500;10.581.491.442.359.200;100.0;967.415.123.829.581;111;111;25.688.479.979.131.400;3.582.536.128.695.530
B0-FF005_202502;B0-FF005;01/02/2025;7.520.378.433.541.330;10.207.117.725.033.800;1.057.996.801.490.550;30.740.181.063.984.700;13.359.248.991.650.300;11.104.092.210.776.400;0;0;5.257.057.859.005.700;15.706.839.408.176.000;15.979.102.326.938.100;5.406.995.835.055.500;41.195.737.033.509.200;2.554.203.499.053.260;6.688.168.943.584.960;40.376.185.219.095.000;12.741.260.005.097.600;16.050.499.600.698.100;8.581.864.824.683.440;2.184.137.594.268.890;15.008.556.548.690.200;Zenith Industrial Gases Center;"Houston, United States";Petrochemical;829009;2311;13.194.433.835.084.600;2.771.653.171.883.520;6.065.714.364.202.650;1.286.627.098.956.440;444.963.106.738.502;9.826.613.884.441.130;27.346.519.729.263.300;6.205.395.112.822.890;10.105.492.483.975.000;6.294.298.474.055.880;8.108.084.545.820.240;19.067.373.797.807;0.0782160205841328;0.2372966957870643;0.0023601913220399;11.146.990.641.104.000;9.755.192.484.656.120;100.0;99.858.598.501.925;117;112;2.571.353.823.102.920;37.932.994.951.736.900
B0-FF005_202503;B0-FF005;01/03/2025;7.704.066.461.925.080;9.679.794.774.836.560;10.130.854.703.724.900;2.878.351.763.619.180;13.134.979.926.262.000;108.769.606.723.009;0;0;4.993.239.728.427.090;16.121.549.334.159.400;15.564.112.554.250.000;5.429.687.104.984.830;4.280.889.470.049.720;2.395.709.154.938.660;6.844.912.652.499.450;4.175.940.465.754.810;11.832.691.244.594.700;15.997.300.041.603.200;8.600.999.348.836.110;21.050.974.920.924.400;1.471.641.819.411.780;Zenith Industrial Gases Center;"Houston, United States";Petrochemical;792742;2403;13.431.601.488.658.500;263.202.220.930.342;6.333.268.548.502.450;13.666.523.639.450.700;4.431.792.115.619.090;9.665.488.772.009.270;2.935.599.568.932.910;6.029.884.697.500.570;10.687.883.543.788.900;5.645.748.987.509.170;7.830.061.066.686.820;1.940.714.579.463.840;0.0814510032183323;0.2236862151960728;0.0024483468154496;11.748.587.973.143.400;9.772.406.622.080.540;100.0;100.0;111;112;26.340.007.915.648.700;35.139.131.631.809.500
B0-FF005_202504;B0-FF005;01/04/2025;7.879.481.740.464.780;9.709.852.475.622.280;10.188.778.482.937.000;31.220.502.593.258.800;13.784.466.261.530.600;10.305.924.897.770.100;0;0;5.351.872.986.403.040;1.645.531.327.720.250;1.565.083.317.021.870;555.441.530.834.812;3.730.707.460.857.650;2.413.340.575.834.640;7.328.692.798.030.730;4.233.908.842.259.290;11.707.135.883.828.900;1.630.788.502.336.730;8.484.153.672.192.000;2.139.291.475.104.340;1.387.483.109.324.130;Zenith Industrial Gases Center;"Houston, United States";Petrochemical;823374;2324;13.558.426.068.429.200;2.730.773.718.542.060;601.692.060.442.438;13.183.094.644.545.100;4.442.405.319.170.320;931.247.446.733.758;2.953.228.214.730.820;617.414.065.796.327;10.792.514.326.005.700;5.959.591.072.198.410;8.496.529.606.000.280;20.330.572.062.375.100;0.0768864944505955;0.2380846494488091;0.0022482880195365;1.136.435.478.355.310;10.031.056.598.251.800;100.0;100.0;110;112;2.598.141.705.606.440;3.657.473.839.727.820
B0-FF005_202505;B0-FF005;01/05/2025;7.625.852.531.640.520;10.003.767.649.606.700;10.529.316.067.165.800;3.188.023.677.056.770;1.394.349.076.422.850;10.489.245.311.579.300;0;0;526.981.703.871.942;1.645.191.480.635.800;15.390.704.258.971.200;5.459.995.652.312.190;41.909.615.138.380.300;2.301.715.683.206.890;6.650.412.835.926.240;3.861.299.137.834.740;11.605.170.001.886.400;1.657.330.254.987.540;833.349.910.043.547;21.408.906.009.002.100;13.871.133.884.630.100;Zenith Industrial Gases Center;"Houston, United States";Petrochemical;780247;2451;13.571.985.175.264.700;2.674.925.179.407.650;6.139.790.869.974.440;12.755.329.864.407.400;4.543.415.325.397.180;9.676.713.895.646.530;3.042.452.330.678.300;5.855.601.022.798.450;1.116.489.730.152.530;5.804.440.971.779.540;7.885.888.036.835.200;1.925.316.178.851.620;0.077462664518541;0.2347971175778352;0.0023715880731337;1.134.492.100.007.810;10.329.475.713.245.100;100.0;100.0;112;111;25.286.428.245.696.700;379.937.479.932.694
B0-FF005_202506;B0-FF005;01/06/2025;7.555.946.769.652.280;10.284.060.741.920.200;11.110.716.829.711.100;3.093.547.234.192.440;13.637.718.354.753.700;11.631.400.114.330.300;0;0;561.225.474.845.866;15.703.561.155.304.900;15.827.415.560.768.300;53.110.852.315.742.400;38.038.675.282.072.600;2.346.874.276.437.520;65.512.178.945.473.400;40.662.422.312.951.700;1.190.147.239.726.760;16.527.569.940.687.800;8.620.392.854.572.200;20.950.334.837.568.600;16.047.423.674.576.700;Zenith Industrial Gases Center;"Houston, United States";Petrochemical;795515;2401;1.374.750.271.338.600;2.822.824.701.160.660;6.100.520.937.321.790;1.242.088.965.040.090;4.354.170.275.139.110;9.316.944.500.536.230;2.819.053.510.269.020;5.915.221.310.702.800;103.169.859.979.847;5.881.313.050.302.900;8.252.953.138.985.980;1.895.713.442.492.080;0.0769568634852939;0.2242551828697107;0.0025197670158764;10.577.569.083.719.700;9.998.707.396.808.920;100.0;100.0;114;114;2.483.897.772.760.450;348.680.996.793.823
B0-FF005_202507;B0-FF005;01/07/2025;7.530.987.358.164.280;9.958.866.812.769.330;10.801.343.106.136.600;30.399.647.328.081.800;14.226.823.605.151.700;1.115.174.962.883.190;0;0;5.290.737.373.773.860;15.557.764.854.641.700;1.579.840.100.716.100;5.523.824.934.313.240;4.138.576.453.622.660;2.385.972.191.222.020;7.016.227.837.340.460;4.022.715.889.146.280;11.872.352.123.176.900;15.928.467.003.816.900;8.915.658.680.536.490;21.678.190.614.639.500;1.532.748.514.597.380;Zenith Industrial Gases Center;"Houston, United States";Petrochemical;797453;2378;13.473.496.602.425.400;2.812.943.128.854.490;639.324.622.558.341;12.571.029.287.750.800;4.581.129.536.819.150;9.608.845.578.449.960;2.802.931.158.041.980;5.971.345.751.488.240;1.061.744.171.986.290;605.461.903.583.613;7.856.294.516.371.510;19.117.947.549.339.400;0.0790477039385217;0.2384682482284487;0.0022558368358967;11.540.108.354.359.800;10.170.508.539.157.400;100.0;994.040.089.895.494;109;114;2.553.856.027.978.500;3.687.176.161.414.960
B0-FF005_202508;B0-FF005;01/08/2025;7.656.394.768.537.210;9.971.208.833.303.430;10.289.406.976.555.400;289.349.152.382.638;13.413.132.087.385.200;10.247.862.861.183.300;0;0;5.214.710.227.420.510;16.226.847.891.380.000;16.088.382.736.907.000;527.674.136.083.721;4.185.380.042.837.090;2.569.481.222.216.250;6.482.889.255.819.960;4.177.621.384.107.090;11.638.929.333.540.300;15.623.200.494.985.500;8.880.359.895.983.310;21.830.012.188.388.300;1.466.696.984.253.640;Zenith Industrial Gases Center;"Houston, United States";Petrochemical;857972;2427;1.331.203.247.908.440;2.804.346.299.762.970;6.719.892.661.115.130;13.070.526.429.044.400;4.710.803.856.510.990;973.077.271.310.157;27.392.931.088.897.700;5.747.233.802.315.370;10.559.177.777.987.300;5.961.152.613.843.560;8.012.046.822.159.290;20.338.469.150.754.600;0.0806949512607615;0.2235554015110294;0.0022804493155559;11.814.984.006.533.000;10.316.568.073.276.000;100.0;9.913.724.329.086.960;107;117;2.614.018.027.394.020;3.640.924.011.879.500
B0-FF005_202509;B0-FF005;01/09/2025;768.236.876.491.302;10.306.432.596.264.300;11.057.184.234.999.700;3.095.161.723.051.950;13.873.587.218.791.700;11.221.055.730.968.500;0;0;5.257.387.458.738.960;15.840.198.789.977.700;15.867.423.857.586.200;52.968.046.925.577.300;4.029.541.099.466.830;2.466.956.376.241.350;6.793.253.194.479.420;4.022.512.316.884.440;11.690.958.370.069.600;16.435.003.540.325.300;8.612.376.544.361.970;2.173.534.564.286.140;141.643.925.155.971;Zenith Industrial Gases Center;"Houston, United States";Petrochemical;814214;2495;13.254.044.681.713.200;2.867.847.831.628.740;5.958.357.152.236.530;12.739.690.582.427.500;4.615.430.255.887.730;875.383.521.398.943;28.927.658.098.934.000;5.927.703.937.908.750;10.470.860.838.283.400;6.247.603.707.767.510;7.600.594.510.589.200;1.985.365.144.702.390;0.0807964184943248;0.2290642927986906;0.0021850774456323;11.373.804.039.428.600;10.391.400.722.264.600;100.0;9.491.671.428.976.510;112;121;2.595.383.564.004.760;369.909.806.508.819
B0-FF005_202510;B0-FF005;01/10/2025;7.842.356.613.679.220;10.158.989.958.137.500;10.579.898.985.562.400;3.040.131.487.183.030;14.182.871.706.709.800;11.353.098.487.431.700;0;0;5.284.808.215.252.830;16.961.892.610.645.800;15.481.865.265.681.100;5.427.104.750.086.360;4.065.926.105.312.700;23.676.069.095.458.000;660.375.609.415.181;38.832.764.880.281.500;112.895.125.241.318;16.661.844.805.348.800;863.218.408.010.573;2.273.029.222.983.250;15.085.301.284.989.600;Zenith Industrial Gases Center;"Houston, United States";Petrochemical;814522;2435;1.248.179.386.346.650;27.873.133.314.518.100;6.370.771.387.361.930;12.402.555.830.956.800;462.571.935.311.367;955.192.454.334.196;27.091.939.804.151.800;6.230.203.099.214.650;1.095.618.825.729.630;6.105.698.285.440.600;7.633.701.803.251.170;19.140.136.784.443.600;0.0786326580199038;0.2445182811557968;0.0023147211922276;11.347.409.682.704.700;9.927.493.537.851.000;100.0;9.683.359.899.157.150;114;118;2.535.179.505.679.150;3.640.727.475.067.430
B0-FF005_202511;B0-FF005;01/11/2025;7.508.336.907.990.460;9.734.308.457.209.680;10.280.576.212.417.600;3.207.429.783.321.380;12.957.159.816.763.900;1.086.630.480.247.300;0;0;5.328.673.833.659.510;1.604.249.800.823.020;16.554.091.296.282.000;5.571.935.722.033.960;4.169.328.033.712.920;25.336.766.451.342.900;6.452.154.260.911.570;40.898.170.342.891.900;1.237.522.344.584.910;1.738.384.778.381.020;9.169.345.826.607.280;21.219.501.310.957.800;15.060.056.384.017.000;Zenith Industrial Gases Center;"Houston, United States";Petrochemical;795761;2481;13.011.638.716.244.900;2.713.305.309.470.290;6.392.626.698.747.300;1.293.452.104.540.270;4.638.073.170.950.070;9.728.088.538.125.540;27.465.392.893.462.800;5.967.705.357.007.690;10.354.159.978.700.500;5.646.285.578.080.930;79.427.786.193.033;1.926.250.101.024.660;0.0804208601450839;0.2426435105123096;0.0022819704032191;10.917.215.425.424.400;10.139.195.674.352.800;100.0;100.0;120;117;25.801.589.238.434.400;3.932.943.010.271.630
B0-FF005_202512;B0-FF005;01/12/2025;7.924.267.415.334.430;10.471.269.243.233.100;11.336.628.516.686.800;31.069.140.470.824.300;13.699.990.793.408.000;11.235.642.657.634.700;0;0;5.188.882.827.833.360;16.525.953.078.490.700;16.457.258.255.530.900;5.342.961.665.889.920;4.093.390.276.298.940;2.434.768.903.186.530;6.925.914.765.179.020;4.157.185.275.327.560;11.797.853.777.570.800;16.336.516.713.865.600;8.797.732.172.820.730;2.119.147.013.313.750;1.492.155.022.393.120;Zenith Industrial Gases Center;"Houston, United States";Petrochemical;764868;2389;14.097.029.250.090.500;2.859.375.037.222.310;6.009.398.885.125.800;12.584.817.970.002.500;4.469.697.904.804.480;9.316.368.575.943.510;2.908.165.156.604.360;582.147.420.578.892;10.825.313.526.442.400;5.979.739.330.837.680;805.134.710.371.934;20.077.723.164.630.000;0.0802305229450896;0.2467135865470925;0.0024318855184129;11.045.083.222.234.900;10.838.017.045.423.100;100.0;100.0;117;110;2.720.047.985.554.870;3.715.640.444.114.070
B0-FF005_202601;B0-FF005;01/01/2026;8.062.694.396.418.990;1.017.432.186.844.720;1.044.321.657.030.360;3.133.188.103.947.690;1.328.158.098.929.970;1.102.444.438.259.960;0;0;5.323.791.697.583.190;15.912.086.253.920.100;15.988.377.974.343.000;5.541.280.691.042.340;3.950.024.405.523.360;2.384.654.364.181.220;70.699.103.036.658.900;4.040.650.147.408.600;12.094.779.045.249.900;16.296.824.382.989.500;9.067.342.869.625.060;21.341.250.535.602.100;1.491.231.419.662.780;Zenith Industrial Gases Center;"Houston, United States";Petrochemical;833679;2407;13.591.971.344.348.600;28.034.528.955.968.200;5.936.717.687.561.680;12.353.098.100.917.900;4.383.106.981.743.920;9.309.772.855.852.510;2.934.008.248.466.390;5.602.875.051.710.730;1.077.558.642.383.440;5.897.688.018.707.470;8.100.484.449.541.660;20.633.670.542.691.000;0.0796317117953633;0.2415842650833829;0.0022912908402855;1.112.123.994.370.850;10.531.978.509.953.000;100.0;100.0;107;110;2.558.340.979.364.920;3.729.938.121.865.340
B0-FF005_202602;B0-FF005;01/02/2026;7.601.541.653.800.140;1.037.622.014.809.610;10.373.563.126.614.800;3.164.505.733.754.440;13.722.219.769.374.200;11.381.165.566.344.600;0;0;5.271.129.415.411.490;1.602.580.400.783.600;1.571.723.045.170.810;5.313.159.059.667.470;40.900.003.198.151.400;2.533.923.641.717.320;7.109.874.836.703.900;40.334.599.298.159.600;12.327.045.871.945.500;17.118.580.372.042.200;8.611.990.770.838.860;21.798.270.094.200.800;1.515.746.311.980.990;Zenith Industrial Gases Center;"Houston, United States";Petrochemical;813580;2384;13.640.730.721.242.500;2.808.499.935.691.400;6.183.286.948.904.190;12.717.662.170.729.800;4.472.847.722.201.220;9.335.290.326.642.090;2.823.782.463.769.400;596.112.008.529.966;10.448.500.848.942.500;5.859.017.204.384.670;7.785.028.676.737.700;19.719.645.646.847.200;0.0756187927534697;0.2414130173174329;0.0024293536002676;11.767.716.557.817.700;10.090.676.959.974.600;100.0;985.682.806.796.532;110;116;24.399.846.669.493.500;36.276.916.277.907.000
B0-FF005_202603;B0-FF005;01/03/2026;7.614.129.194.468.280;1.006.708.013.339.240;10.542.982.787.189.700;3.088.481.301.101.580;1.391.924.288.214.640;11.267.088.262.650.800;0;0;5.678.760.065.143.860;16.489.626.510.317;16.847.105.200.213.800;551.654.138.129.278;4.273.711.541.837.550;2.355.061.345.866.690;6.559.752.959.701.090;402.250.146.546.609;12.005.333.512.851.200;1.617.614.584.725.650;915.471.516.452.028;2.224.513.009.397.460;15.234.372.331.446.600;Zenith Industrial Gases Center;"Houston, United States";Petrochemical;836737;2414;1.410.101.749.057.800;29.620.540.620.570.600;6.162.011.748.087.950;12.645.471.716.959.400;4.721.200.075.112.920;10.067.682.673.783.300;3.072.976.230.313.670;6.094.238.537.968.390;10.592.592.330.565.200;5.820.734.860.407.230;7.983.349.575.742.780;19.211.492.155.774.200;0.0767663900709575;0.2424907266993873;0.0023100620113632;11.338.518.793.909.300;10.691.763.299.895.400;100.0;9.757.227.562.950.660;117;112;25.516.975.670.361;3.726.266.852.719.920
B0-FF005_202604;B0-FF005;01/04/2026;7.719.805.715.635.080;961.055.565.201.893;10.540.219.313.967.400;29.391.380.825.950.400;140.368.099.362.839;10.708.637.641.450.200;0;0;5.540.814.545.530.730;1.574.607.688.915.400;16.599.202.844.359.800;5.593.576.179.396.920;4.241.707.444.828.150;24.651.928.874.838.600;6.588.595.931.607.850;40.654.017.094.874.200;10.928.600.580.076.300;16.810.906.376.027.500;8.964.098.305.261.420;2.122.909.192.275.540;14.593.832.748.208.500;Zenith Industrial Gases Center;"Houston, United States";Petrochemical;848307;2429;14.049.733.948.443.800;27.407.308.762.499.700;5.976.564.004.778.630;13.141.533.011.627.300;4.669.251.839.914.000;9.627.001.924.262.870;28.245.420.796.461.600;6.516.111.277.192.810;113.155.174.574.516;5.898.254.823.924.090;7.865.226.181.098.520;1.932.207.601.897.640;0.0827523069880091;0.2423661982357704;0.0023982328612715;11.304.882.783.757.100;1.048.484.742.976.900;100.0;100.0;115;119;26.572.535.719.596.000;3.586.004.691.581.350
B0-FF005_202605;B0-FF005;01/05/2026;7.568.041.900.774.760;10.459.617.232.006.200;1.053.731.244.716.010;3.115.414.743.688.770;13.447.745.404.445.100;11.460.290.260.160.700;0;0;5.338.360.518.473.640;16.044.629.622.525.000;1.603.907.862.631.010;564.058.996.520.697;409.895.767.041.936;2.567.541.792.112.450;666.578.661.197.046;3.906.228.973.627.930;1.215.079.981.711.720;16.397.413.669.724.500;8.622.990.500.259.370;2.101.590.121.647.060;14.439.898.731.953.600;Zenith Industrial Gases Center;"Houston, United States";Petrochemical;829484;2371;12.888.580.035.516.600;276.899.828.697.468;608.009.395.725.009;12.596.978.362.740.500;469.825.859.296.822;952.475.522.780.788;306.011.036.517.956;6.130.324.345.985.030;10.932.072.325.511.800;6.066.473.081.986.130;8.355.963.805.437.880;20.536.277.742.599.000;0.0800554583401574;0.216665673488336;0.0022054798518768;11.121.853.228.286.800;10.297.613.088.876.900;100.0;100.0;115;114;26.024.530.957.118.200;3.431.690.494.597.570
B0-FF005_202606;B0-FF005;01/06/2026;8.145.374.698.686.000;1.012.531.499.168.790;10.819.545.123.684.200;3.094.900.423.847.450;1.346.108.487.820.030;1.123.018.402.716.090;0;0;5.427.365.567.549.250;1.594.626.438.652.370;16.025.328.600.601.500;5.566.187.762.508.490;4.255.788.812.859.370;2.647.858.288.566.520;6.988.916.883.445.050;407.686.164.038.894;11.589.019.421.159.200;16.314.488.390.982.500;8.549.005.466.858.640;21.522.323.481.289.800;1.498.608.171.637.670;Zenith Industrial Gases Center;"Houston, United States";Petrochemical;831811;2413;13.565.877.973.743.100;28.467.263.707.272.900;6.456.696.858.473.710;12.666.009.397.288.900;4.475.922.670.529.550;10.006.946.929.727.900;2.809.896.291.920.380;6.242.340.539.361.850;11.097.491.013.528.900;5.940.658.773.827.200;8.087.760.594.254.720;201.670.225.895.154;0.084148612490812;0.2361012922613302;0.0023448582561883;1.164.309.393.450.000;10.013.105.585.660.500;100.0;9.422.316.374.204.940;122;120;25.997.879.895.420.000;3.599.611.906.002.040
B0-FF005_202607;B0-FF005;01/07/2026;7.555.671.057.225.400;10.428.112.996.797.300;10.482.133.754.141.300;29.766.361.963.279.800;13.164.236.308.308.500;1.124.728.792.181.480;0;0;5.315.007.616.337.450;16.376.788.254.754.100;15.679.422.740.950.000;53.264.397.165.345.500;4.173.841.048.742.690;25.760.733.207.944.200;6.828.821.884.856.460;3.958.199.868.699.230;12.292.539.995.180.400;16.851.552.376.955.600;9.089.331.854.241.740;2.289.835.736.638.740;14.482.781.935.171.200;Zenith Industrial Gases Center;"Houston, United States";Petrochemical;842263;2448;1.349.181.001.068.370;2.830.671.714.869.720;6.316.348.668.305.810;1.328.684.622.742.060;4.466.976.566.666.740;984.967.554.526.878;29.192.980.265.356.100;5.898.540.475.674.770;10.831.974.415.782.400;6.140.845.653.729.040;8.144.857.146.986.470;19.826.965.029.391.600;0.0774726282388478;0.2308253895134014;0.0024714144891038;11.420.925.873.017.000;10.553.928.790.430.600;100.0;9.770.454.315.257.840;116;115;2.675.700.447.954.380;3.685.679.452.526.970
B0-FF005_202608;B0-FF005;01/08/2026;7.672.111.485.490.140;9.668.510.855.879.210;11.026.714.409.197.400;3.122.990.321.394.980;13.510.790.468.973.200;1.137.122.782.490.300;0;0;5.133.671.373.807.910;15.895.159.869.933.700;15.882.022.628.729.200;5.420.287.126.109.700;4.111.830.474.886.870;24.999.290.508.719.800;6.901.975.754.492.070;40.838.281.634.777.700;11.736.089.456.331.000;1.672.852.757.604.160;946.251.736.859.358;2.094.403.093.968.560;1.469.364.124.190.530;Zenith Industrial Gases Center;"Houston, United States";Petrochemical;838063;2502;14.855.083.037.857.300;2.926.234.875.911.630;6.100.408.638.116.060;13.400.573.303.115.500;4.632.868.074.772.740;9.304.542.965.075.010;28.364.324.508.374.000;5.684.901.461.707.010;1.015.344.192.667.320;5.933.611.658.710.370;807.707.437.534.438;2.047.537.061.792.580;0.0789838683574251;0.2306381155168919;0.0024943304172257;11.025.930.401.889.100;9.963.938.914.614.080;100.0;100.0;117;112;2.592.088.062.150.730;3.699.071.577.732.190
B0-FF005_202609;B0-FF005;01/09/2026;7.392.130.815.317.170;10.387.653.404.238.800;10.798.399.093.187.500;30.766.317.289.245.300;13.873.881.107.450.900;1.149.806.462.905.190;0;0;5.561.554.497.594.080;15.575.390.558.824.800;15.433.103.285.344.100;5.451.684.884.046.970;4.219.683.962.087.220;2.498.958.778.409.770;7.087.075.068.844.130;4.096.459.385.421.800;1.261.958.461.000.500;16.544.634.720.627.600;9.124.258.238.220.960;22.268.692.974.649.600;15.102.604.076.343.000;Zenith Industrial Gases Center;"Houston, United States";Petrochemical;828741;2393;13.704.118.811.917.000;29.197.987.882.983.500;6.482.094.096.396.120;1.281.739.526.179.700;44.722.445.446.494.400;927.701.703.777.592;27.708.891.599.687.100;6.096.552.348.051.960;10.907.356.463.403.000;6.294.556.416.799.840;8.066.141.857.287.750;1.967.671.269.394.640;0.0843897141276982;0.2350571740252583;0.0022645334774696;11.191.902.377.797.800;9.987.991.756.843.210;100.0;98.683.185.850.594;120;115;2.630.939.007.022.150;3.818.564.543.637.470
B0-FF005_202610;B0-FF005;01/10/2026;8.058.141.768.168.640;10.196.199.841.939.600;11.169.995.814.497.300;3.117.883.833.885.010;1.395.954.804.633.890;1.069.495.234.399.690;0;0;5.661.292.254.197.860;1.718.038.152.399.010;15.427.288.445.084.500;5.728.514.453.118.430;4.196.650.997.585.430;2.467.393.399.484.450;6.544.173.328.913.480;3.741.833.367.278.630;12.468.275.715.211.800;17.256.562.382.939.800;8.797.285.412.101.540;2.127.854.290.374.970;14.928.937.637.627.700;Zenith Industrial Gases Center;"Houston, United States";Petrochemical;824228;2480;13.539.524.877.590.700;291.633.653.088.741;612.633.035.223.466;13.165.076.014.592.800;4.684.407.825.428.060;9.509.323.352.841.950;2.873.059.320.470.980;6.380.476.429.861.720;1.117.208.093.701.690;5.856.153.039.686.680;8.134.131.515.220.410;1.873.208.537.858.130;0.0810475886120558;0.2314066573093194;0.0023468161295209;11.632.028.383.598.400;10.366.817.045.712.500;100.0;9.715.919.852.463.670;116;112;2.592.229.315.373.900;3.581.119.237.503.930
B0-FF005_202611;B0-FF005;01/11/2026;7.278.036.856.572.780;1.048.455.766.402.700;10.671.236.683.997.900;30.299.403.156.902.600;1.435.767.582.684.190;1.153.157.186.587.490;0;0;5.227.447.762.855.470;16.442.213.271.872.600;1.669.013.527.421.750;5.485.595.019.693.970;4.281.196.442.869.810;24.451.001.634.736.500;6.583.343.327.691.670;4.059.341.261.550.580;12.143.245.579.298.300;16.658.947.673.767.000;8.883.621.717.337.740;22.174.686.783.115.200;14.886.132.342.543.800;Zenith Industrial Gases Center;"Houston, United States";Petrochemical;792226;2449;13.290.781.191.605.700;2.848.250.266.848.940;6.190.294.798.050.730;12.542.789.069.069.800;4.642.909.890.336.080;9.423.197.162.571.310;28.029.460.370.166.200;5.952.147.190.819.540;1.086.266.590.164.550;6.082.236.142.575.680;7.814.846.485.826.210;19.707.936.408.032.200;0.0811705206927347;0.2375757495134931;0.00229444822449;11.696.335.458.735.100;10.737.172.056.852.100;100.0;100.0;117;114;2.657.507.071.055.350;3.574.222.169.755.500
B0-FF005_202612;B0-FF005;01/12/2026;7.818.410.176.994.840;10.583.310.553.411.000;10.469.146.047.881.000;3.089.391.252.761.270;13.265.547.201.865.400;11.245.376.169.567.000;0;0;5.577.096.260.243.430;16.689.569.231.543.300;15.246.662.423.404.000;5.376.157.156.465.870;39.761.549.630.917.000;2.520.534.397.960.560;7.118.116.961.828.860;4.177.057.195.376.970;12.219.314.557.491.500;16.474.114.002.055.000;9.146.108.737.355.550;21.978.036.370.644.500;15.504.590.903.249.100;Zenith Industrial Gases Center;"Houston, United States";Petrochemical;832316;2308;13.070.324.233.603.700;27.434.524.700.775.900;6.160.933.977.758.970;13.706.278.715.672.300;475.875.712.055.118;9.746.645.904.768.290;2.954.832.755.624.870;6.165.647.430.711.230;11.087.592.220.745.600;5.895.372.567.946.970;8.389.652.901.039.770;2.000.147.797.358.120;0.080887633622249;0.2459829476363948;0.0023862308398331;11.158.967.579.986.000;10.251.545.858.206.200;100.0;996.003.051.466.205;113;116;2.631.907.625.927.900;365.420.094.744.656
