record_id,facility_id,year_month,production_volume_tons,capacity_utilization_pct,yield_rate_pct,downtime_hours,quality_defect_rate_pct,batch_success_rate_pct,safety_incidents,environmental_violations,energy_consumption_mwh,water_usage_cubic_meters,waste_generated_tons,revenue,cost_of_goods_sold,raw_material_costs,labor_costs,energy_costs,maintenance_costs,depreciation,operating_expenses,interest_expense,tax_expense,facility_name,location,facility_type,capacity_tons_per_year,employees,gross_profit,gross_margin_pct,ebitda,ebitda_margin_pct,ebit,ebit_margin_pct,net_income,net_margin_pct,production_efficiency_score,cost_per_ton,revenue_per_ton,profit_per_ton,energy_per_ton_mwh,water_per_ton_m3,waste_per_ton_produced,availability_pct,performance_pct,quality_pct,oee_pct,safety_score,environmental_score,revenue_per_employee,production_per_employee
B0-FF001_201001,B0-FF001,2010-01-01,40274.03693006209,74.9411688224052,85.9852176445466,4.684740766640877,0.875245675216904,88.4991601792911,0,0,1192.885545771735,516.1980882557962,8.29983022215438,955751.39,30732.97463549462,20212.228202819144,4029.66623115469,1748.8149148317384,887.8762077354031,564.4878953153188,8297.311276347556,136.65778743592995,2117.176789383493,Aurora Petrochemicals Complex,"Shanghai, China",Industrial Gases,807455,2835,633807.54,21.131964259382187,573218.27,5.742825003541132,1910.2434414699271,4.488973569035841,550342.99,0.0,78.76622615844563,686.4637847423161,880.9797568398321,215.69890969919825,0.0256375882201869,0.0115087659584501,0.0001823419267688,88.90233406896157,76.45877659709626,98.17,89.99,88,93,13098.445692170655,13.816533874102406
B0-FF001_201002,B0-FF001,2010-02-01,41330.17001230079,77.54084031113275,86.06965380694118,4.517773176700634,0.860406893874651,90.8769146321256,0,0,1179.071296650777,527.3350564676181,7.9025329687723636,885628.02,31613.11632267955,20919.90554796464,4186.524244335917,1766.5541335296916,900.754924048957,582.7759711880236,8231.557056714422,141.77394370467704,2035.186016920894,Aurora Petrochemicals Complex,"Shanghai, China",Industrial Gases,792380,2989,403341.92,21.46677939748862,262049.65,5.274678673765294,2041.672717376072,4.225907742235706,715325.95,0.0,82.53072836489194,647.9258667941444,893.6393826056917,224.90356274432628,0.0266957480543769,0.012315353991235,0.0001854015540364,90.29646480428724,71.62162217062406,82.27,87.83,90,92,13085.402850507786,12.953136117741469
B0-FF001_201003,B0-FF001,2010-03-01,39254.966871374025,75.98366063636762,84.7435760579413,4.3829905403899385,0.8912337614251604,85.33539771093754,0,0,1170.6067847805043,518.6903826865625,8.238351479776588,531569.71,29549.85498093683,19903.35592785364,4121.853052549373,1693.839712975412,936.0224054624384,576.7160725937607,8059.1897515282,133.8107826484908,2023.3464231453256,Aurora Petrochemicals Complex,"Shanghai, China",Industrial Gases,798332,2707,46004.47,22.55109649794277,200858.89,5.76507127287668,1918.2342215251408,4.2545959394755775,686732.07,0.0,82.67298784124586,675.2210837619559,895.9279546624799,235.3184742834304,0.0268137778282968,0.0108250336877557,0.0001905797812054,95.423526241481,76.73659125414484,61.8,92.16,92,89,12969.002734707225,12.82347335824485
B0-FF001_201004,B0-FF001,2010-04-01,42620.62116542256,73.23715594377416,83.9971828235038,4.569743107739564,0.956122597755704,89.41132006587152,0,0,1209.344368838916,517.9606373398128,8.180261254067565,790355.19,31234.55680234925,19035.811722838847,4171.264549119882,1811.1825985756184,863.3673073607048,591.9584514022648,8761.894334220508,138.99497283167483,2017.318939094321,Aurora Petrochemicals Complex,"Shanghai, China",Industrial Gases,800577,2893,36280.56,22.63494521978221,444435.37,5.609844946324777,1994.358169884111,4.485766663914457,280965.55,0.0,82.19796949695865,696.4909702090895,897.5479456447491,230.34981697027385,0.0268791662437814,0.0110679445272382,0.000189131204552,87.0889916289381,71.67102913602322,87.51,77.9,90,89,12671.111446785751,12.420559377886974
B0-FF001_201005,B0-FF001,2010-05-01,42245.36074129602,76.3374833961205,86.31330276176176,4.2685552694501325,0.9666423899794796,89.71002344521528,0,0,1185.0462318271063,540.5271757752089,8.290129429607093,223402.66,32085.26673411099,19757.292473887217,4222.422739422585,1785.4815496129029,886.7026500782607,553.5850729652035,8676.02462950293,139.1860428854234,1948.5711587528235,Aurora Petrochemicals Complex,"Shanghai, China",Industrial Gases,808493,2924,225090.28,22.536548026935385,767926.02,6.00102923287561,2078.469980839363,4.241168247601714,562687.34,0.0,77.7443341863969,651.3824827197734,860.9006943053225,218.44201382975547,0.0271400544095218,0.0114331396097295,0.0001773363001513,92.2442546648557,73.20373620351992,90.42,93.67,86,92,12268.05289840255,12.66986386998816
B0-FF001_201006,B0-FF001,2010-06-01,40323.58136373096,74.74038226461843,83.93638474526905,4.513425993820741,0.8637343142648026,94.80495810721456,0,0,1192.402380031243,536.8930168143544,8.42529040995292,739803.69,31819.13075970908,20299.09127969483,4272.73207438024,1758.9903371066046,878.056840988355,559.2181287228592,8127.489781599964,139.48099434014264,1980.6203225729048,Aurora Petrochemicals Complex,"Shanghai, China",Industrial Gases,766839,2825,771833.68,23.864538769528327,958904.79,5.387513800633558,1968.5413337937573,4.395575289454997,340808.76,0.0,82.72045871856767,713.3706834223655,893.5731332923239,227.12772592049595,0.0256253355058302,0.0115104708156206,0.0001817752214123,89.22883301885514,72.95857452628886,63.94,80.37,96,89,12759.03937712172,13.08720750005244
B0-FF001_201007,B0-FF001,2010-07-01,45233.62243000838,74.59377923448947,87.97016384609792,4.747161772381756,0.9167552733700866,92.04789277761918,0,0,1151.7926072771363,538.6405509710572,8.468496179010362,459392.95,32020.87574120419,20919.859432933445,3986.808945198467,1800.797266409758,865.6832767811688,570.3212910971832,8225.249245753292,137.462135841245,1968.708495277086,Aurora Petrochemicals Complex,"Shanghai, China",Industrial Gases,844014,2803,698307.42,21.91915230255365,750943.68,5.652896977889868,1889.1601454838,4.240440932918277,827520.0,0.0,82.07865067332222,635.2839103925891,945.215485651164,239.57630844744887,0.0274478056166664,0.0115489732488732,0.0001855790850073,91.43917181019212,70.99636619088868,89.98,50.82,93,88,12568.057407850078,13.207945533471184
B0-FF001_201008,B0-FF001,2010-08-01,42127.147526023175,69.46838552534444,79.28412226691965,4.532672656120966,0.8925475660961654,88.87830474347908,0,0,1193.991394747748,540.3904861664004,8.022686059928393,751464.23,32051.800084097456,22000.194282841087,4091.733962878266,1785.0624873464385,899.1172791211104,612.6521723965473,8563.592149547154,140.16569289680993,2070.558285255037,Aurora Petrochemicals Complex,"Shanghai, China",Industrial Gases,819236,2782,445043.43,23.319433322607992,943962.23,5.672937681792304,1924.0515636857224,4.441930290715509,402010.46,0.0,81.92190412382095,645.8258537606665,937.7731834858038,226.03848714855627,0.0276206426811923,0.0123046225048067,0.000178873802338,88.0879498571074,71.88728580405751,80.58,60.41,95,86,13249.650060595362,13.217246135857527
B0-FF001_201009,B0-FF001,2010-09-01,42087.17562148811,76.24889712488657,82.86885697518228,4.653198757946552,0.8948599035274922,83.17716879614451,0,0,1240.493871352407,532.2013735606678,8.382093398903718,796908.0,30799.633575663964,20634.6552826566,4244.595116522305,1717.455417456606,872.8819048308152,567.1777072365753,8712.455710052616,135.38623559095933,2061.016273297269,Aurora Petrochemicals Complex,"Shanghai, China",Industrial Gases,804113,2885,779406.98,23.06206347560165,587491.0,5.442901800197763,1963.6685470387977,4.284176562029638,938135.89,0.0,78.38769412523385,717.7590502596548,869.1108169446928,223.0527764462741,0.0258786024575526,0.0123943653158056,0.0001744203291676,90.73842103510565,76.92928765738507,79.16,96.22,91,95,12697.969279331077,13.494356701271798
B0-FF001_201010,B0-FF001,2010-10-01,41775.99609821988,77.47125920449815,86.38713698301454,4.489222696381979,0.9558779046029356,90.53158720021004,0,0,1226.6095268068502,550.6476803654031,8.042319098747573,194911.55,30478.37377326826,20242.711668312382,4036.973654050964,1740.848800327644,901.8607456538514,593.5913971194889,8363.338284052763,136.71475987468102,2152.025691256043,Aurora Petrochemicals Complex,"Shanghai, China",Industrial Gases,817723,2997,619593.78,23.059788851051,151847.96,5.236160573908856,1960.527064874045,4.473517140968198,410091.55,0.0,82.73081611990101,716.3286746423441,945.9051838802072,221.83580433779665,0.0263228102943096,0.011941704611912,0.0001937170971001,92.8264268367942,74.47672540293132,70.71,65.01,94,93,13425.55737934668,12.89848950479962
B0-FF001_201011,B0-FF001,2010-11-01,41669.79569482484,73.72958669347268,82.98017996985104,4.479159225044007,0.8625220034601563,92.51620104308395,0,0,1131.882016459164,562.4861826325632,8.164653379074327,75515.41,30429.98637580333,21797.340362556217,4156.476821224813,1836.317663327489,896.1087312880347,591.9083314811254,8529.851985567271,136.47234605693438,1995.799252060193,Aurora Petrochemicals Complex,"Shanghai, China",Industrial Gases,789022,2924,185467.54,21.33960835495981,394048.81,5.480497082183666,1932.8243792134488,4.3956731773825215,405066.65,0.0,87.61694399938499,676.4555014204841,883.3151638601985,229.32075464002136,0.0256557769633779,0.0118384516113297,0.0001862148861663,90.50231168177358,74.93678721655778,87.39,84.22,91,92,13309.325291740714,13.155291208295584
B0-FF001_201012,B0-FF001,2010-12-01,41119.69552534317,76.93761779808679,83.80682489372212,4.536662058158283,0.892414088827111,91.72562821091796,0,0,1199.448532700157,524.8439146520799,8.22749006458669,925970.66,29139.057286812866,20539.381640896587,4119.464460933469,1897.5383537689816,937.2503399511668,596.2734850827347,8910.794875281,144.65330208549787,1953.147964716316,Aurora Petrochemicals Complex,"Shanghai, China",Industrial Gases,848522,2986,372373.19,21.86902965303748,960888.86,5.340826360145481,2003.9433511467423,4.3255228110444826,471283.97,0.0,82.7286392618122,688.7359421391684,938.428303342282,228.32647012316045,0.0266583087020856,0.012135928586526,0.0001878578410344,91.49859826083112,78.91807171077808,62.68,71.82,89,93,13073.61114930277,13.655463178006272
B0-FF001_201101,B0-FF001,2011-01-01,42855.46906813557,76.73155358096457,86.20560007039488,4.453731091383542,0.9093455581348028,91.5801852179332,0,0,1272.671466971535,508.2275787974053,8.062435824240358,819219.54,30671.22080621084,20974.1002298051,4153.291640086898,1729.0285650465844,931.1337807227176,595.4718311774024,8256.649256510746,145.32435087139834,2049.379065110974,Aurora Petrochemicals Complex,"Shanghai, China",Industrial Gases,792628,2943,493477.85,23.23439766090532,403896.26,5.792109713182107,2036.5812822312648,4.337091328801717,866783.76,0.0,83.54874078013773,702.966461876889,867.9249210147717,225.2587673196448,0.0278443612858043,0.0120585844955468,0.0001866061718588,92.77185984783624,79.98161963609478,98.01,78.17,88,87,12715.475244392668,13.02843437697356
B0-FF001_201102,B0-FF001,2011-02-01,41981.05274578222,71.66405120764854,81.45421927195918,4.474965794282488,0.9411865093851004,93.36756937898794,0,0,1229.7857589283003,556.8196179001338,8.301675376124972,272981.51,31876.546875892684,20270.83995715671,4373.164888580685,1784.139394471184,900.033573890699,571.3649971620661,8212.345288032551,130.05864522900154,2087.3706308067385,Aurora Petrochemicals Complex,"Shanghai, China",Industrial Gases,886380,2842,729803.61,23.87184737296593,652134.56,5.716144067494135,2002.492476533945,4.645178362125157,885868.8,0.0,83.94704802384094,684.6996106916118,924.9800627687044,226.206726097715,0.0252240602461951,0.0121678780290558,0.0001768740256535,90.23123331246232,74.1216246298821,93.46,88.58,95,93,12778.401903684042,12.952827183440776
B0-FF001_201103,B0-FF001,2011-03-01,41322.22072312105,74.15264356040731,85.36093469802576,4.527163422071736,0.9042139964905176,93.1169924619233,0,0,1144.5082166193006,564.1530211406262,8.236979099266188,559449.97,31747.19877143401,21692.857094710085,4147.153461029996,1737.7770116208412,856.9428030644606,539.6754001726833,8461.035022263019,142.66419728112467,2116.2526265717734,Aurora Petrochemicals Complex,"Shanghai, China",Industrial Gases,787632,3027,663333.08,22.307147423857657,300649.78,5.732604168116218,1923.6683407005169,4.420017243135312,427928.86,0.0,83.60528565889587,660.2838739252076,921.3384276436716,222.01649911543964,0.025522790824128,0.011407663425071,0.0001748301174563,89.53732620340567,77.76103323413854,80.39,83.14,95,91,12396.157723734292,13.316277075116872
B0-FF001_201104,B0-FF001,2011-04-01,42084.90730566178,79.42249063805272,82.53672951142353,4.977576575223482,0.9623313834840046,90.60453094231286,0,0,1207.1604151116203,538.9087701363779,8.580197116955373,355433.03,32673.359383306368,20973.644695511062,4146.854174837701,1846.057766702497,856.2902748423601,595.6916176340526,8438.049484830013,133.69890615193418,1982.4270084263244,Aurora Petrochemicals Complex,"Shanghai, China",Industrial Gases,851681,3024,67710.18,24.14435040302949,988252.87,5.941552644784899,2041.469866229677,4.394212460700454,292786.47,0.0,82.63556004347711,717.0251116131792,939.68741404254,231.893644960856,0.0271341400473692,0.0120983005770689,0.0001871725612358,87.10870469070515,77.88864032744704,73.77,72.1,95,90,13431.62219643628,12.91810676159573
B0-FF001_201105,B0-FF001,2011-05-01,41400.84536425964,75.99828976416548,87.37552599781584,4.603840567425625,0.8828899153934536,90.44409865340344,0,0,1236.249040539371,559.8343078005908,8.116479944351525,77139.18,30442.691141103507,22087.0067329156,4323.128584051537,1855.3734500917983,904.572562613502,613.6919967525698,8440.800487432449,145.4951801194136,2082.993937302688,Aurora Petrochemicals Complex,"Shanghai, China",Industrial Gases,810867,3103,758320.82,22.37263814211009,476096.49,5.578545242703584,2069.892802609919,4.423656801941699,747127.91,0.0,84.03288036722036,718.8296679615206,906.0328246720908,217.13219791983207,0.0256932953321957,0.0119785050095659,0.0001847206859711,93.59061895976018,75.13382824274389,60.62,53.66,92,94,12388.624492334027,13.02844239076489
B0-FF001_201106,B0-FF001,2011-06-01,40353.91925987577,75.84576038976085,87.36637220023448,4.636821806732994,0.9076710958380664,97.1640542350228,0,0,1266.3243820128937,531.872067944291,8.232490940720973,620437.68,32356.28710532281,20577.64907381869,4217.601051996673,1900.65845934416,921.24322905089,614.0535932902374,8658.310938937853,143.88883514974694,2097.62723010317,Aurora Petrochemicals Complex,"Shanghai, China",Industrial Gases,829125,2971,908125.65,22.82771256787596,47816.41,5.688725635260413,2028.4699813868133,4.276020815628495,465756.19,0.0,82.59579072959941,673.7259445150785,937.9468104418193,228.8801961116717,0.0257482029025389,0.0121771381921817,0.0001906336459767,91.27057386147442,74.01330254107013,97.29,82.06,89,96,12758.378422052558,14.17166875392376
B0-FF001_201107,B0-FF001,2011-07-01,42058.89070452369,77.91647386401932,81.44755730952873,4.4332084924864725,0.9590687469190944,91.88573712623732,0,0,1213.305116374016,572.048397064778,8.74103916436641,83668.52,30436.05579091564,19486.66451333449,4140.770525481111,1734.2276212079394,974.1523896102276,580.4803239977437,8293.383219409268,133.7724960355426,2081.169572826909,Aurora Petrochemicals Complex,"Shanghai, China",Industrial Gases,813405,3105,289851.28,23.048056606990368,384196.27,5.885478311525006,1996.690130161792,4.537744054346323,31486.65,0.0,82.98650320944017,671.8425121766817,914.5561758259844,234.4362696505296,0.0253296440910092,0.0122560782802039,0.0001876215846137,91.16648869754955,74.12183355204866,85.08,87.57,92,91,13296.384070711574,13.311971547818674
B0-FF001_201108,B0-FF001,2011-08-01,40440.14538886853,77.01687280379534,93.51243276148745,4.68204218002594,0.8763331674067075,91.6244598026116,0,0,1290.7844076303295,533.9212119003944,7.9229443973370195,46318.25,31339.895450876404,19896.966122468224,4192.765645741282,1790.4952965215696,908.3287255672636,596.9063300340488,8231.2424519246,136.76318016953255,2103.606067223849,Aurora Petrochemicals Complex,"Shanghai, China",Industrial Gases,815327,3035,779561.81,24.37658198108188,645203.92,5.948185536053674,2034.921626584354,4.475668864542853,20468.95,0.0,85.09795496557192,687.0177828986084,915.957266628862,222.7545712433516,0.0259935642741104,0.0116402996022926,0.0001900384759998,94.56021660968564,75.50348108917198,74.33,57.72,90,95,13386.604930251257,12.38412973853104
B0-FF001_201109,B0-FF001,2011-09-01,41713.37192728579,73.8134528641192,86.07867225083282,4.530167483890702,0.9233428910953456,90.35778368217704,0,0,1231.5127570447262,534.0121075973072,8.364826553681054,355949.72,32017.24375742273,20654.32306172361,4177.536519328897,1902.9249329205568,890.193126892934,627.6411501938253,8769.149712905764,147.81874135376984,2063.83624519707,Aurora Petrochemicals Complex,"Shanghai, China",Industrial Gases,827959,2919,226637.65,22.72209023104476,663757.95,5.882540278285132,2026.639669157852,4.6343635874406885,112797.25,0.0,82.59202895387688,678.4223915015929,944.911726479062,234.14539583231937,0.0268155454715839,0.0118660929614604,0.0001956473888132,88.74517057705002,73.15537800985616,93.71,83.73,93,92,13345.252193551323,13.825807867672635
B0-FF001_201110,B0-FF001,2011-10-01,45305.87577259112,72.1480075289538,86.12010818274645,4.562402006321674,0.9710400494639342,84.58017161646052,0,0,1272.48430220298,570.8572828799283,8.61133186927954,939405.39,31051.08121551845,20769.912947316163,4045.034828170972,1867.9667033146056,867.7820571488468,629.4493717163509,8999.899046180097,139.10533661306792,2127.093857653621,Aurora Petrochemicals Complex,"Shanghai, China",Industrial Gases,831469,3043,132179.35,23.325703945821303,353208.26,5.665421975288404,2058.892826042232,4.488330818930528,293815.77,0.0,82.98289260349588,681.6996028149712,894.0172873199499,231.89953406579696,0.0260325425738199,0.0118360046962136,0.0001932454080742,93.68681133378234,73.69143048765918,87.26,81.4,97,96,12558.865579370186,13.504693365832434
B0-FF001_201111,B0-FF001,2011-11-01,43783.843928873735,77.29737759400678,86.45344816777036,4.971084286816536,0.9452111172419408,96.92999732653522,0,0,1193.3713366330248,546.5896713112862,8.472478606315537,717422.74,32254.259056537405,22083.10841067084,4180.52606914985,1925.1783692586928,866.0973883704638,614.0206172092248,8937.494393235114,140.05567777165865,2097.3653660651057,Aurora Petrochemicals Complex,"Shanghai, China",Industrial Gases,860486,3012,495284.79,22.590925513481608,199053.73,5.543051834871025,2006.022521781841,4.292040858176958,634416.96,0.0,84.94662682753714,693.4061337070154,941.0775899753504,234.4402579632977,0.027518005602336,0.0123367827249567,0.0001917759768303,100.64108393083131,76.81397878567279,92.35,84.92,92,92,13779.153309022187,13.830871056202527
B0-FF001_201112,B0-FF001,2011-12-01,42998.81748941475,78.71131797315952,84.09750665928149,4.425959932843035,0.9630350199451028,91.2771139266253,0,0,1276.5581155204604,522.4006571068987,8.185579661895789,38261.05,29198.77205823912,21359.25093314716,4210.27934877695,1770.2666347702714,904.301710663421,580.8313972819032,8916.318925306621,148.74414823613773,2068.4925630949974,Aurora Petrochemicals Complex,"Shanghai, China",Industrial Gases,842399,2853,388743.24,23.937101769562315,180997.26,5.791192216812136,2031.9417437601785,4.2609603936431375,591734.89,0.0,82.25175773603897,693.1019754413794,956.0509060460377,227.9643685633956,0.0251622855318076,0.0117173020422846,0.0001900937017598,98.24389270338835,73.2454063179752,69.34,53.15,88,96,13791.50260878606,13.270012167438782
B0-FF001_201201,B0-FF001,2012-01-01,41701.372654479965,80.31947058201578,88.02108019962367,4.7996872219627935,0.9151545937976,91.86901892650094,0,0,1224.6944688440262,533.7200381742379,8.325866415389568,495869.53,33597.4269614578,21012.195958350363,4238.079635655665,1834.3933186202853,915.011072055582,566.7999802354078,8642.864900467077,132.44251205231106,2068.258251993774,Aurora Petrochemicals Complex,"Shanghai, China",Industrial Gases,849286,3028,759348.67,22.919308926305646,585888.0,5.778056583219669,2038.7367303552296,4.574273965120717,689922.41,0.0,85.56488426961195,701.3147148964365,922.3171006852882,233.64856400648185,0.0273666256927257,0.0123570474818733,0.0001981905254017,89.56845577143763,75.21747630091207,79.34,70.83,92,94,12977.504911954276,13.087590910008604
B0-FF001_201202,B0-FF001,2012-02-01,43904.95673213695,77.91424379882692,87.38689786089802,4.761141704496353,0.9528450670132744,90.78999940921116,0,0,1170.2960090214845,568.3490280619625,8.907009734782216,916949.59,29838.72338557885,21856.052317119786,4516.150833938297,1875.5859093284955,853.3036443984143,629.2662587835292,8555.3219967394,140.49340956182226,2146.199515476593,Aurora Petrochemicals Complex,"Shanghai, China",Industrial Gases,811346,2979,87259.19,23.704194170019857,116493.49,5.8192192574606985,1970.6695749332373,4.4700811674826335,692497.44,0.0,78.86070154086269,715.995084243399,958.1368999575265,241.9032231825734,0.026868347656359,0.0124014600759642,0.0001873013783094,89.14175785625065,79.82960807144008,73.57,59.21,92,92,13417.95623246246,14.166514561279516
B0-FF001_201203,B0-FF001,2012-03-01,43071.5211144292,76.89986082621895,94.26449484611403,4.7969507323286855,0.9391286624762062,90.6673069613729,0,0,1224.2948962636087,571.5749921978571,8.435590186474418,233304.98,32710.608413406942,20782.27622076345,4136.035191368776,1809.241308041823,900.7300228413312,619.04182663839,8298.80878149241,141.95799906473323,2282.2998400217666,Aurora Petrochemicals Complex,"Shanghai, China",Industrial Gases,849212,3034,516290.06,22.97688437249331,841377.57,5.842069267535634,2062.072012436972,4.277951637380088,637835.57,0.0,82.19173269896824,708.148577569121,956.9679238239452,237.1058934872128,0.0273821970171099,0.0119967740116092,0.0001820779110579,91.31316887373347,75.08192251705493,89.82,69.83,90,94,12829.384263903712,12.957938674718177
B0-FF001_201204,B0-FF001,2012-04-01,43174.7041358121,73.79472747642401,89.84873838922971,4.476969787379517,0.9519250400144866,87.8299886315118,0,0,1285.223081346142,543.8039188230398,8.686356340465263,303301.15,32498.11950640272,21057.284115677256,4150.925354318566,1867.234163622428,945.6099764010852,629.9860338091186,8133.593863736773,136.52135724370154,2197.1545744021014,Aurora Petrochemicals Complex,"Shanghai, China",Industrial Gases,800831,3097,324976.84,22.966673190615754,36252.45,5.584115288969612,2099.1259497335177,4.730378919165194,334920.44,0.0,80.71352911112884,668.4498572389309,896.024494047896,233.2268675025026,0.0269608409170235,0.0124167835466945,0.0001785339551939,96.32260419490363,78.12081764396815,98.21,59.42,97,92,13261.69662506728,13.422378029459331
B0-FF001_201205,B0-FF001,2012-05-01,41354.11733368205,75.97890170754148,90.3134465108438,4.779518984796115,0.9561564192773526,89.03706192107805,0,0,1239.7871800823389,556.8967264791339,8.63732876769051,794893.72,31611.016729819443,20999.37952261544,4104.345153688841,1738.1715083392644,882.266356306107,587.0029946118132,8915.707618229028,142.20826616018692,2138.278605804452,Aurora Petrochemicals Complex,"Shanghai, China",Industrial Gases,838605,3023,429223.42,21.964598474236283,982329.68,5.38702626714351,2052.9251284760617,4.804549859135947,950313.25,0.0,89.81827125443279,686.079565446338,946.6488108435892,237.67249310557133,0.0264832330844896,0.0119596592422895,0.000185867940395,93.04241263321988,77.88433595139139,97.93,54.91,88,93,12879.2261269522,13.40744793456799
B0-FF001_201206,B0-FF001,2012-06-01,42941.46528577172,76.46242583738436,89.49363108123597,4.818621570813487,0.9340153881952584,89.44112155828657,0,0,1234.6800167100153,536.014035409786,8.796005894702018,279086.24,30344.49084222011,22089.8916591302,4403.615856980096,1714.3103836938024,901.522866251707,589.8869162626493,9012.346344009064,141.80490361949654,2033.2194785766856,Aurora Petrochemicals Complex,"Shanghai, China",Industrial Gases,864429,2884,494998.56,22.8526443410586,100341.1,5.998381078749844,2147.632331694341,4.341473299288387,751361.87,0.0,83.05529337941572,712.1153590188818,906.8595866481796,237.2311932518677,0.0275304305484016,0.0119759948892932,0.0001967318423636,89.37343896958112,79.82550427847514,65.59,96.67,92,90,13211.818689013384,12.886995639932172
B0-FF001_201207,B0-FF001,2012-07-01,43125.93641273159,79.9818518430356,85.62981336217813,4.766158917702633,0.8938631132269991,95.3422744786212,0,0,1222.893960745439,545.5814182613698,8.830947034627176,871254.14,30301.56176793966,21312.344223688604,4213.276729131773,1857.40067651593,948.2749979241032,611.1377580861014,8862.268908024935,143.7874509424975,2163.179416740485,Aurora Petrochemicals Complex,"Shanghai, China",Industrial Gases,840300,3040,725016.83,23.65215009864469,849613.3,5.983784797279833,2012.762641687974,4.517503216243739,231587.85,0.0,79.44322710903627,710.4347460254787,929.723239793315,241.3398767777853,0.0268701800519547,0.0119291363982048,0.0001890174796343,96.09502619661929,78.15571845126253,97.65,52.41,94,94,13078.046388056173,13.79961199023243
B0-FF001_201208,B0-FF001,2012-08-01,44280.19385370157,71.84583202945744,86.26068410322004,4.670519246893573,0.964873407004607,92.6949227558837,0,0,1221.2202757168366,551.5751025262006,8.624199205294882,466777.02,31718.95246630447,21783.390467367404,4259.349596270829,1770.8843420213195,918.3994138219748,583.9656611722431,8623.057902732378,146.1515186836893,2065.6083351419743,Aurora Petrochemicals Complex,"Shanghai, China",Industrial Gases,853587,2928,292554.08,24.059701593200003,449806.5,5.6541102039118165,2036.5040881236453,4.568708001057668,384106.42,0.0,90.27810553892044,678.039256172272,970.1359292659542,232.08177336268875,0.0274565198654568,0.0129423595871042,0.0001936166090372,94.20734248774488,80.6211823047972,81.36,87.5,95,89,13123.544380397676,13.46539030816252
B0-FF001_201209,B0-FF001,2012-09-01,41971.02790685517,77.66326283056078,88.45678220209149,4.772631530197833,0.9274539773151584,90.10454667769508,0,0,1254.9923940405033,578.1158544861337,8.68473814084353,921231.51,31885.55483228005,22023.94457405857,4300.7573253778655,1765.6182188337866,937.0991693803618,617.0236368527634,8531.84952325905,145.40425432054622,2152.86445517257,Aurora Petrochemicals Complex,"Shanghai, China",Industrial Gases,840460,2889,418094.27,24.02012883381051,543219.87,6.1287749015168,2120.4722168491494,4.625216454782859,38309.19,0.0,85.38849645037223,711.1616929904596,948.4083998927874,240.3043068058836,0.0279572513370977,0.0124131230673815,0.0001926547719893,93.93644385110812,69.28613680339232,69.71,99.3,97,96,13173.63673410535,13.213876616395956
B0-FF001_201210,B0-FF001,2012-10-01,42293.27604972737,76.17955673767828,84.76833065470525,4.468801980856116,0.9414600711112748,95.8362107712832,0,0,1259.3824625610907,538.4387460103181,8.648705669756247,461968.45,33646.0153657296,22402.64776470496,4152.499538867414,1855.483007106267,951.351860802021,619.2600928992391,8656.2079148051,148.58158321082263,2081.888223149666,Aurora Petrochemicals Complex,"Shanghai, China",Industrial Gases,838879,2931,675155.04,23.104971017928023,839012.97,5.973727896789688,2107.956081602031,4.414323511746025,807248.21,0.0,82.52018077463869,677.3799734895009,940.1939743338116,241.1573441105928,0.0277936626640253,0.0123276433880958,0.0001904731522832,94.8448719243864,75.15329857222824,62.99,79.54,95,95,13209.651263230444,13.586886804531916
B0-FF001_201211,B0-FF001,2012-11-01,41966.37665996588,72.08137750737534,81.50011401673345,4.596405851255523,0.9462905660741836,93.88858886586192,0,0,1223.7014987613554,539.044757601232,8.6512504323561,370600.22,31221.43349475068,20814.582855313336,4148.0484857072,1729.949017984137,909.7371822574132,617.6356191132072,8691.49659502498,142.43761031140917,2151.055261961356,Aurora Petrochemicals Complex,"Shanghai, China",Industrial Gases,835250,2838,119772.12,24.303444649658715,183695.87,5.846152190972009,2052.7096413634663,4.591640868086785,836080.93,0.0,84.43387819544019,717.899899173271,977.3152265917888,238.3525466292715,0.0271138080358502,0.01237669803068,0.0001864264080364,91.96938722125026,74.76812497243692,91.65,87.36,92,94,13581.07128399024,14.161510060526178
B0-FF001_201212,B0-FF001,2012-12-01,44214.07850262148,72.03518096554242,89.47815222896061,4.917717337509637,0.9052508551883448,94.62455577328818,0,0,1250.4488919774549,541.6742254663849,8.624270776930185,23273.78,32064.476340544395,22176.037305199286,4182.647176309375,1894.391621350868,915.8608295892504,609.5323080648641,8676.488335572762,143.2579491536478,2144.684773762692,Aurora Petrochemicals Complex,"Shanghai, China",Industrial Gases,885903,3094,434883.66,24.69713529483377,601918.26,5.943494725990708,2018.1117390145469,4.481792812425841,687778.77,0.0,87.14988268682875,715.1201922847222,988.0341458639688,229.49650479934635,0.0272466597694527,0.0117585717964253,0.0001854196019581,97.20845014082109,76.25992429720459,96.57,75.03,92,94,12863.679037209497,13.304036351669875
B0-FF001_201301,B0-FF001,2013-01-01,44605.10672393088,75.79235237929697,86.43875716564297,4.562473957242829,0.9119887423839488,94.70343079822348,0,0,1312.0397778646488,526.5631436168985,8.786944139904863,495215.85,32988.10963214062,21308.37106089437,4300.246088914635,1770.565866469717,913.6091912069098,607.8938214932579,9021.670117126008,140.11740554603327,2112.869522446276,Aurora Petrochemicals Complex,"Shanghai, China",Industrial Gases,873978,2944,121433.03,23.60193880649621,723750.49,5.953004299258722,2034.495929734986,4.608923453925563,44206.44,0.0,87.05795363733377,714.485130439273,942.2112146193332,227.168761434838,0.0263654190643765,0.0123468736739872,0.0001951363580903,90.65590895115167,75.48450014855179,64.57,50.36,90,95,13186.229673511629,14.088305868418242
B0-FF001_201302,B0-FF001,2013-02-01,43344.91599152522,78.51683989463572,90.26778505726509,4.555655152180103,1.0007084487141178,88.78355050689272,0,0,1220.9663455753955,569.0383002354113,8.616332726887075,606658.25,32722.001304276007,20862.054663160896,4273.38301153074,1810.9874124396808,917.3150579026686,614.9343794268696,8525.522131170794,142.89684934718753,2118.6933576465703,Aurora Petrochemicals Complex,"Shanghai, China",Industrial Gases,887876,3057,734945.3,24.12382579542784,519460.85,6.047742314247479,2097.0734220979525,4.347975243561924,347739.89,0.0,82.33683925006464,704.105443906631,916.8098018543436,235.69859827449645,0.0283769739899424,0.0122430294190996,0.0001894537420576,94.99368646031704,75.91651558148436,75.47,80.78,95,95,14268.298058931525,13.82484893974546
B0-FF001_201303,B0-FF001,2013-03-01,45921.93305549296,78.8766022647832,85.25064136322673,4.6967563159922925,0.8985055108047086,94.93004667931868,0,0,1215.9097380876487,561.1036533198937,8.397457803621727,830821.39,33510.06958263448,21613.779987209786,4235.802135801857,1752.5336101119667,951.5880037703272,595.361919450863,9176.775989195496,147.62328506178156,2101.7442266183966,Aurora Petrochemicals Complex,"Shanghai, China",Industrial Gases,833828,3186,975601.74,23.30544919427185,489666.82,5.811717764595072,2093.250239971515,4.557130386957451,173689.61,0.0,83.56743425805888,702.6641166475433,936.7122475016756,236.14894091328995,0.0277783765153714,0.0124907503397175,0.000198330377709,91.7333604409584,78.5428154621677,64.27,61.54,94,90,13828.535771073464,13.375251539604026
B0-FF001_201304,B0-FF001,2013-04-01,44179.0875441876,78.21896258670513,88.80830223378511,4.5136441634960205,0.907787049763688,86.29125634883833,0,0,1193.9329400397503,515.1816873518934,8.973760171756105,838130.85,32640.654498020784,21754.49098493021,4273.433872451088,1749.148615592699,888.6346228967975,602.8513607243583,8570.160077862194,143.602598342025,2210.427059760638,Aurora Petrochemicals Complex,"Shanghai, China",Industrial Gases,838333,3111,581319.66,24.438950281947104,433733.93,5.833833183729968,2085.250748879709,4.533186612040201,756990.48,0.0,85.73293396811212,703.1390180839238,916.075759561317,241.12547326894176,0.0275800987501615,0.0118572371829805,0.0001964941570037,90.76052504704153,80.13872603427828,91.67,54.1,94,96,13915.073482159612,13.719338737148355
B0-FF001_201305,B0-FF001,2013-05-01,42322.908622710485,78.46385290999876,92.45720452656988,5.059433167039367,0.9434170630267004,96.1033742598378,0,0,1310.0141632083478,542.16689030234,8.94515298726173,618193.53,32447.5431473346,23245.70828966129,4280.103043619802,1833.436349755912,967.4351399303218,623.3534978600928,9049.391385486324,144.7935691068755,2180.10274870372,Aurora Petrochemicals Complex,"Shanghai, China",Industrial Gases,903056,2961,111095.11,24.299840737304244,69815.95,5.817561957322366,2122.2888297324107,4.7629181201189,547767.99,0.0,84.39711687939867,705.6242285773576,980.1198361945728,237.892394649606,0.0266703531831106,0.0124059831086649,0.000197991443048,92.67788271073351,74.7368735196674,89.43,76.46,94,96,13386.994832803814,13.466973196614449
B0-FF001_201306,B0-FF001,2013-06-01,43995.8165612353,72.34804223209369,86.13340868630164,4.758773287100199,0.9389664523457673,94.17783685056033,0,0,1292.7213391728294,552.4079214365391,8.51747678697193,417286.75,32539.83440587148,22400.013641154488,4360.014812819009,1917.8559756423049,905.265877128522,612.8132338177342,8433.719492545102,144.8982280633814,2154.956701893949,Aurora Petrochemicals Complex,"Shanghai, China",Industrial Gases,851407,3028,831784.65,22.6164776632316,98127.89,5.9192646618932745,2012.5588305959484,4.591686944737938,543768.56,0.0,82.4241010663091,656.7569031965138,915.6854749626416,237.7252588425518,0.0274940575011261,0.0123997217998739,0.0001877023283675,94.3373672360155,78.8692361304863,91.92,55.56,97,94,13945.493881874854,13.32529812451508
B0-FF001_201307,B0-FF001,2013-07-01,42186.1402532446,79.34507891927686,95.12110462459783,4.770805654558467,0.969851850407109,92.50157921758236,0,0,1258.892074530997,555.4880439354137,8.921625383851055,91094.87,31598.65867293883,22340.66658212303,4468.74450511148,1820.5444697006108,980.784277308072,605.74417147626,8759.049584326665,144.29468861010773,2199.193349020773,Aurora Petrochemicals Complex,"Shanghai, China",Industrial Gases,863526,3069,829257.3,22.58781931180874,538809.67,5.837054013826039,2085.961510521365,4.636297381339014,975167.62,0.0,85.27078164534097,702.5820323869264,950.6575357052302,231.44005147187565,0.0274250253273097,0.0123217789630878,0.0002019132214353,94.27445619698948,73.53568799370439,67.59,94.85,101,92,13442.272606066275,13.806114141940268
B0-FF001_201308,B0-FF001,2013-08-01,44057.21233237392,78.86190967853308,83.84475604032585,4.51999649280851,0.996339546566267,98.8404384038114,0,0,1210.0508568154455,548.8440076612304,8.477275017729154,23588.21,33224.66588516947,21118.874086534845,4627.290575032548,1883.911519899891,964.2816337933378,620.7898702000192,9066.810777107996,141.07738632712838,2262.081572634685,Aurora Petrochemicals Complex,"Shanghai, China",Industrial Gases,861286,3160,121215.56,23.95295746792508,671116.31,5.831453612893091,2111.386558408483,4.809563284918714,635961.92,0.0,83.48205771736741,759.9464102401756,975.3863445716622,250.5686187657176,0.0279899201235915,0.0125018118237862,0.0001972691424397,94.24641551018966,74.34972352800773,71.94,62.4,92,97,13436.382120457733,13.96759521987376
B0-FF001_201309,B0-FF001,2013-09-01,42387.94909492472,77.13817266518821,92.986244697894,4.810989303030963,0.911897767262534,94.90654012804248,0,0,1272.4121201431285,548.6250515037297,8.742499517143862,973894.46,32775.79419668811,22547.37338999248,4396.945895728595,1984.514964114372,891.2027716415639,608.5966749865756,8474.441214224194,140.6146579269848,2105.1847605334574,Aurora Petrochemicals Complex,"Shanghai, China",Industrial Gases,863090,3074,913253.53,23.050972301108377,960684.42,5.777401880342575,2153.245344596411,4.482987183550554,271140.62,0.0,84.91829797690684,730.5374174031376,999.875957355582,239.90445179264043,0.0282152798075211,0.01160334512169,0.0001904511848782,95.2817035664543,75.77172430646353,97.69,63.69,90,92,13642.571923024454,13.75474939451018
B0-FF001_201310,B0-FF001,2013-10-01,44434.1166999716,78.60496184974629,91.24653298163872,4.906573953267092,0.9435392883490116,92.5781406967538,0,0,1226.8817001067016,557.0382492705387,8.894724410421722,754046.96,32422.383715883465,20600.4710935535,4346.697678845651,1808.8510454893835,963.9244600287471,607.6979272537667,8508.612957184137,144.95551916286306,2256.43651031566,Aurora Petrochemicals Complex,"Shanghai, China",Industrial Gases,876150,3078,574714.93,25.047448298089943,574392.72,6.1240751361936265,2076.6741035597315,4.724912811406008,329066.29,0.0,88.5921571857071,714.4479042822172,942.9801379426076,239.8456784809344,0.0272271522499991,0.0133059276378393,0.0001874323458509,97.73067356007311,79.55991823696922,68.0,56.91,96,94,13703.75340302067,13.510206380123243
B0-FF001_201311,B0-FF001,2013-11-01,44184.78921115233,80.35877483835284,87.79391445133757,4.954779020282866,0.94933474632412,95.67797846417255,0,0,1249.109740131845,556.150364470509,8.730158175389885,110569.39,31797.685445492058,21294.189207494488,4253.104542125416,1873.0653157811853,894.6341119576533,589.2300044264995,8713.297715144761,139.79314226041998,2097.6201927392576,Aurora Petrochemicals Complex,"Shanghai, China",Industrial Gases,827916,2984,419884.79,24.601964846349933,214664.83,6.301713400232811,2149.381389043551,4.75733247488543,468650.86,0.0,91.79709123790497,725.477904566376,989.7476254118452,232.458703852736,0.0269926082479442,0.0125210511894423,0.0001943026273556,93.2338590231856,84.11074535924449,71.95,89.99,96,96,13679.00748584146,12.952020801138705
B0-FF001_201312,B0-FF001,2013-12-01,45272.85213288787,81.72467244718625,94.21258299640476,4.83616763949314,0.9769191293816244,92.08606199631296,0,0,1237.4932295076144,579.8115665695824,9.05136198797411,204811.18,33117.60726924993,21117.320901219937,4520.909375091154,1817.5034870532847,918.8581354300076,616.1097475857706,9087.364789309426,150.46369133735598,2178.8656227461324,Aurora Petrochemicals Complex,"Shanghai, China",Industrial Gases,882086,2910,340715.29,23.444910420121808,427804.82,6.089849406087823,2114.1977461590427,4.660046941819876,158756.01,0.0,83.42729306506551,741.8429302025986,963.1071823819497,246.3217287371676,0.0275415376484495,0.0121083665621662,0.0001960221638814,95.15201815595694,78.98210140978387,85.45,65.13,97,93,12561.393592971195,13.599874463404662
B0-FF001_201401,B0-FF001,2014-01-01,43680.270080607,80.11844036193843,89.75883867351968,4.581348495707411,0.9354491485579032,98.40455957130096,0,0,1296.0156419276425,560.4821066952861,8.630843976337523,629522.7,32493.19249689189,20808.052999501404,4437.583427506527,1893.682806935628,972.0119955244132,622.2086402915821,8659.608524211611,151.33823400749577,2271.46524527983,Aurora Petrochemicals Complex,"Shanghai, China",Industrial Gases,869241,3075,501019.76,23.54081756580717,949486.05,5.880249601006383,2013.2432953728944,5.112186777037556,925459.18,0.0,86.16077082256851,717.5101016822698,939.7695695179912,245.4095466493029,0.0264212921838145,0.0117502166923206,0.0002032984474106,92.94804187963632,80.40762491581756,84.68,54.61,101,94,12846.3793989139,14.328314591699144
B0-FF001_201402,B0-FF001,2014-02-01,44909.87618771893,77.62948831734806,89.87297516566686,4.641732774143688,1.0012629195536296,93.26552732154634,0,0,1225.5934853684646,549.0951539621091,8.721172395184945,660812.64,31413.925017710226,22755.720391020302,4458.335847393479,1852.146257977872,915.632806443272,614.89104379602,9053.84716637041,149.23307562476725,2254.1625958753907,Aurora Petrochemicals Complex,"Shanghai, China",Industrial Gases,851854,2803,104340.83,23.888196226261247,499446.37,6.287763959963023,2261.9057505754768,4.542556102330752,609454.47,0.0,84.86901118868205,707.6804938807267,943.4032333688832,239.8838839926517,0.0274668992279682,0.012230990196946,0.0001885537014393,97.69056007292912,81.90883245094517,92.06,76.8,98,97,13421.12915964038,13.955673374339945
B0-FF001_201403,B0-FF001,2014-03-01,42942.39811113146,77.95942366875396,86.83934697149493,4.74092416880372,0.9688995627585684,99.37469978394114,0,0,1316.2505242801242,558.74261649151,8.382490584231919,472528.74,32494.08161671814,23385.556202468422,4437.566664591008,1866.8418098282991,916.20897268841,623.4466965918261,9213.034138089744,147.52684505656805,2131.9714417227974,Aurora Petrochemicals Complex,"Shanghai, China",Industrial Gases,879408,3073,453644.68,23.783528098192267,323865.27,5.920442018439901,2170.3224326122904,4.587569553078255,114690.04,0.0,88.3736392427986,727.9260803692626,948.630607277806,235.27817523219355,0.0292431983625071,0.0117653866753446,0.000197305228204,99.18935297791624,70.83782820809562,98.03,67.54,97,95,14113.51051848138,13.82135532997175
B0-FF001_201404,B0-FF001,2014-04-01,43980.86921447756,76.82128831601014,95.8180221297181,4.815473658477981,1.0289471738591598,100.52439564030662,0,0,1222.0418102816277,567.2351366911743,8.90756853868921,807609.73,33894.84679388644,22885.337011913394,4507.926271430328,1845.881108001124,921.4153251507572,618.1738746988223,8951.565053790231,145.54251402338386,2101.97391863298,Aurora Petrochemicals Complex,"Shanghai, China",Industrial Gases,884258,3045,622522.27,24.030760909564084,831879.33,5.937259749364701,2032.2022051814777,4.629113648737899,480581.01,0.0,89.78085784716241,706.3233113114285,925.8921384615408,238.926673212146,0.027209596156461,0.0122936192266893,0.0001959143256798,94.16915290787924,75.9894498517741,80.25,87.45,98,98,13864.254708219798,13.620888962877514
B0-FF001_201405,B0-FF001,2014-05-01,44396.62515129065,78.95083094955118,91.12062864752924,4.684364845369188,0.9653083246908334,96.23160025531688,0,0,1266.5386334676166,544.1454449828499,8.915373553808912,762673.93,34581.204133220286,22010.35352260216,4491.805588767277,1998.922265228279,921.591198461853,627.0026504041289,8535.026606634525,148.05016419205006,2309.3657140890464,Aurora Petrochemicals Complex,"Shanghai, China",Industrial Gases,851292,3003,698208.31,25.58017158846876,934057.46,5.847762866049472,2208.4366511923754,4.419779784036876,93141.23,0.0,92.03400094760806,687.2873545776256,968.9398669407744,240.0417957045969,0.0269173724679181,0.012014693524825,0.0001978919592319,97.45117490675256,82.13416800750149,63.07,93.58,92,101,13736.03512231625,14.004580399833788
B0-FF001_201406,B0-FF001,2014-06-01,44918.43981592245,82.61696372800182,88.6605844208037,4.927358690397559,0.9645467306402083,101.29061859124884,0,0,1277.7951932780509,574.5988116225426,8.894884530592343,340589.67,33200.6079170938,20955.63291080281,4552.663918056507,1940.7909325953856,962.6278773355288,598.7243542204612,8602.498471124825,138.45736307324734,2226.317792304602,Aurora Petrochemicals Complex,"Shanghai, China",Industrial Gases,833571,2930,807911.98,24.687899454395914,323133.45,5.994420119242517,1965.7514652164648,4.7847051544381936,479877.88,0.0,80.98706338957541,745.1846071812621,943.4699607052514,231.3558319609781,0.0275081777564092,0.012292753047118,0.0002014657885448,94.6478350440175,82.38784149585038,98.46,81.28,97,100,13249.943307384712,13.771730807402722
B0-FF001_201407,B0-FF001,2014-07-01,43452.85384833736,82.57382033936534,95.13889859531405,4.832573387484475,0.9290550032460596,96.61606609564016,0,0,1248.1455490795545,569.7134865551405,8.710175773910212,319025.8,33711.414529649315,21883.301457805057,4403.190825712627,1827.919405714532,971.4974842251896,638.3236815005517,8816.881117156463,152.49642576784387,2191.9246792819376,Aurora Petrochemicals Complex,"Shanghai, China",Industrial Gases,890200,2942,615316.25,23.96577094601793,399936.51,6.046312339379647,2129.4729694165885,4.748700393138054,79227.7,0.0,90.87306572099725,694.2114903128787,943.8706452306512,236.27214345504927,0.0269151308543284,0.0123541923961966,0.0002014815793158,100.14720518332054,79.50564316008911,80.53,79.0,90,94,12785.309722737802,13.303096923638988
B0-FF001_201408,B0-FF001,2014-08-01,43018.69945978689,82.87199452268625,83.60954472261922,4.778181360234457,0.9857212561762644,96.69227725558856,0,0,1281.9660545725712,539.471469912292,8.63919145249203,980247.17,33591.21538567103,22246.2508043673,4444.60666919381,1837.181174904813,920.6975471235728,625.189010187704,8705.397314658023,142.592656881105,2168.01680528136,Aurora Petrochemicals Complex,"Shanghai, China",Industrial Gases,853696,3016,162659.18,24.51900900858441,527630.79,6.026920427063783,2138.3507867575363,4.743641624090363,113629.94,0.0,92.27164921282866,709.3108022942325,986.5493043208184,245.7816286574205,0.0262252348238588,0.0124135475341021,0.0001960061068568,96.48524190280396,80.0717565924741,98.03,64.87,98,97,13340.013325543669,13.773342955987385
B0-FF001_201409,B0-FF001,2014-09-01,45078.70567624458,82.09814157679284,92.7478813363786,5.038768504271597,0.9811414821401993,98.11546010586608,0,0,1296.9912886443951,555.556946457253,9.008034641512827,157792.11,34108.61198268373,22586.749211088947,4549.536881631303,1883.8494360110924,939.7467896276167,616.9456256151641,8966.162088143863,139.29084111736773,2292.4681659223083,Aurora Petrochemicals Complex,"Shanghai, China",Industrial Gases,873217,3062,685741.13,24.19738466749285,419975.18,5.879070240991791,2083.934628051022,4.670724664847922,535815.41,0.0,85.88254719554747,730.0948682608453,1003.2682153761316,241.97542834361872,0.028195616686095,0.012674919303184,0.0001959697012161,96.03022883251562,78.09321329545011,66.36,93.13,101,99,13177.002523915504,13.19999902199729
B0-FF001_201410,B0-FF001,2014-10-01,43971.19503843365,78.61268808914717,90.89028473280936,4.945748460351335,0.9793868254114132,96.63644570155462,0,0,1274.921185261355,562.4724834092002,9.310185741545874,594498.63,30957.13288785248,22273.70057104001,4563.554141155116,1935.7714662912736,927.9460930198456,651.0154913395791,8577.36994153787,153.25438960963234,2134.411834892988,Aurora Petrochemicals Complex,"Shanghai, China",Industrial Gases,863961,3164,111085.99,25.32385772713912,27511.64,6.07425138837436,2203.8325865994766,4.569036783211015,746790.68,0.0,86.23767141471035,757.5407403825193,918.9537998813964,245.3841797200045,0.0269035870327128,0.0129363187461402,0.0002012356240969,102.35037136584896,82.9483120265593,77.85,76.67,99,97,14436.934237892878,12.898433212428944
B0-FF001_201411,B0-FF001,2014-11-01,47101.363262816725,80.92844841201861,89.27664409418914,4.964095573138133,1.0092391385633,96.20890739814593,0,0,1312.2525619964258,581.6826524873724,8.895181086361166,128082.14,33885.23965870772,22641.23286038712,4365.549839843346,1865.4518244859144,903.449150377293,618.803997215487,9167.961058141262,146.75306786373437,2239.539225524873,Aurora Petrochemicals Complex,"Shanghai, China",Industrial Gases,903431,3143,792345.44,23.29644363480121,431129.98,6.370763465426026,2138.925471678744,4.953005156400134,47367.4,0.0,87.0682456282433,741.5105224034365,997.5116811834664,247.24653869724943,0.0288427772900948,0.0125915682860327,0.000195298010548,91.37995968172078,81.18285817763326,72.87,83.47,97,97,13714.609653010551,13.59369597814533
B0-FF001_201412,B0-FF001,2014-12-01,44574.13209576905,80.91659682936918,89.50649240566686,4.804833567879766,0.9666892761398156,96.01541427345084,0,0,1211.022104517472,548.4750941961728,9.000437422145826,543458.98,34072.51966651636,22904.57851081515,4456.637617575922,1835.6911592991487,983.3642709335152,628.1739130451076,8530.71328649573,141.6414387558239,2313.502798288715,Aurora Petrochemicals Complex,"Shanghai, China",Industrial Gases,910877,2877,317909.26,25.148750927132376,220800.64,6.192391120405905,2131.020863468625,4.784415258501989,786014.22,0.0,90.99224434072065,733.9170093030589,991.696672712654,244.31359948707524,0.027595460950878,0.0132210906198923,0.0001987640795761,95.56172111991586,82.81684304743595,90.19,79.8,97,94,14620.786457481943,13.63784238346726
B0-FF001_201501,B0-FF001,2015-01-01,44635.42907016514,81.57853768755247,94.99969176373511,4.913250318655976,0.9549791739566234,96.75461067752084,0,0,1338.1137290256547,587.6266081963902,9.015348296670558,248282.15,34041.71959272613,21439.59200895519,4436.753355522179,2045.082687278952,989.13978540384,615.7954059828118,8778.538881908375,145.20475084851486,2273.1860923491854,Aurora Petrochemicals Complex,"Shanghai, China",Industrial Gases,918775,3171,647046.86,24.022871252940885,419342.51,5.922972222893914,2013.549995636359,4.928929669289069,430940.42,0.0,90.04149880353692,761.8515628156086,981.404147288152,234.75381789677783,0.0277860288649392,0.0123714375366263,0.0001966930122496,100.28731077439562,73.78010519906493,61.4,60.79,94,99,13259.70428529494,13.307512130298576
B0-FF001_201502,B0-FF001,2015-02-01,45500.913256155145,83.55967355722144,91.64690126990207,4.697549092300055,0.9544830887979056,99.15509916718544,0,0,1289.408127438612,574.6726615318757,9.38713672321563,445274.97,32413.60246811332,21263.333592054663,4364.935662979584,1839.198729582292,961.8726136944408,626.4224738284228,8661.845985770095,150.83836364879463,2319.3523377145343,Aurora Petrochemicals Complex,"Shanghai, China",Industrial Gases,887032,2882,508021.14,24.92433559372888,15471.45,6.279003327455066,2223.2617150928245,4.733133822309227,844932.53,0.0,86.53441168252549,740.8618279546959,898.2799498065162,244.09476987463765,0.0292075267116749,0.0126802284829341,0.0002073858753214,96.06895171743064,82.36526049574292,68.74,92.28,98,97,12794.423565603283,13.759224060988274
B0-FF001_201503,B0-FF001,2015-03-01,44708.61192214295,82.05150500861598,96.27954968971792,5.179810454244378,1.0128586483852673,94.7412115190673,0,0,1298.9626213178033,604.1894856846268,9.650593769702324,263429.37,34811.35907286223,22563.84326687921,4622.241601233772,1998.787734590525,952.5993537003114,616.8032326329616,8756.585602237476,144.50409107876848,2129.1159703053377,Aurora Petrochemicals Complex,"Shanghai, China",Industrial Gases,885307,3031,88390.18,24.92237260527892,555433.05,6.166195615848116,2230.8679709919784,4.832267484062393,87535.21,0.0,92.80664384546009,740.1687000032123,981.2961942289264,254.79092958438432,0.0273749329543448,0.0134290125150238,0.0001957460321749,93.414304837736,81.63068597915162,87.74,77.48,96,99,13288.817283944902,14.221102614774164
B0-FF001_201504,B0-FF001,2015-04-01,43442.81907558383,81.82941921477537,90.9052490205504,4.58777276705901,0.9814336955806024,96.73793743750392,0,0,1354.1110519346846,591.7285608120216,9.068968404491,234258.16,33562.31264778633,22383.49484415956,4421.5105823858485,1942.491759459661,990.279213484362,612.2011816361654,8749.710072275715,147.97216847881256,2182.9603699746253,Aurora Petrochemicals Complex,"Shanghai, China",Industrial Gases,836507,3035,966477.32,25.32567858368055,134507.09,5.895097621602714,2180.954688717801,4.839634100282704,91564.82,0.0,95.37469589863896,748.0839674957888,970.3921341240236,240.28932207156825,0.0264381692406784,0.0128553098357491,0.0002092162843755,94.71038286097924,75.50725478847588,63.46,70.2,97,95,13908.04150985108,13.995839462162875
B0-FF001_201505,B0-FF001,2015-05-01,42681.197979675504,79.73985859295512,90.8291192432075,4.799989388525424,0.9489529281465892,99.33733851107893,0,0,1292.4181177586315,590.066597504418,8.790076471745236,709184.33,32751.76137986437,22036.52406088532,4601.505415807648,1902.1634575532137,983.4025654345212,610.1365426683378,8882.116751396541,153.03844929139115,2172.99243177565,Aurora Petrochemicals Complex,"Shanghai, China",Industrial Gases,907685,3073,546722.35,25.69653191911169,456659.72,6.129701670099796,2188.237426820992,4.754075988125645,480767.04,0.0,85.28221533322719,741.7838153819877,957.3091405308056,250.3994438213552,0.0293413418691164,0.0120048582436169,0.0002060717013831,96.00336919773989,79.94774265171323,99.6,97.76,98,101,13608.012989300065,14.61099439942551
B0-FF001_201506,B0-FF001,2015-06-01,45481.47410885775,80.58335844190388,91.81993654664656,4.8551783313985615,0.972953397450516,97.2195520630196,0,0,1290.5839950473649,563.7220811546731,9.103678433632444,682265.95,34143.22887430284,22957.696228835925,4591.486584512808,1929.333938683486,972.9772627503644,623.0994583319851,9179.750940753418,152.50025773600316,2124.775989063324,Aurora Petrochemicals Complex,"Shanghai, China",Industrial Gases,892056,3265,464976.97,24.078918272530164,52393.64,5.834890216484596,2159.3386592833576,4.732180186874236,368527.89,0.0,86.7337501590698,741.0612909582379,993.0799566586554,241.4224556091361,0.0285724345040937,0.0127391004736379,0.000194411437614,98.15000301005638,79.66315871980441,80.45,69.8,94,99,14030.977977914145,13.483103614490696
B0-FF001_201507,B0-FF001,2015-07-01,45653.58016786099,82.15049533385785,90.02410860311491,4.809312148395713,0.977100307904116,94.64751397501236,0,0,1243.3055284235722,564.6704391952683,9.349457390075203,855081.71,34027.40659514958,22182.64179291278,4405.896829760272,1945.0529914357728,963.8454536476848,599.552772243456,9287.01451883796,155.17666546559406,2281.789374809733,Aurora Petrochemicals Complex,"Shanghai, China",Industrial Gases,854231,3080,872521.33,25.70664849563791,665144.63,6.546730707841609,2280.253093542006,4.605569930168736,29805.45,0.0,84.2895370868771,726.2843479601441,965.438235511274,258.9440488535388,0.02838873363046,0.0126155965138222,0.0001946539787348,100.06029753792644,79.26598917008737,65.62,94.73,94,95,13742.472101283682,13.842393635487497
B0-FF001_201508,B0-FF001,2015-08-01,44410.03448638064,80.35109268817523,91.19577989469062,5.1113915641444745,1.010454497444159,96.58090307471264,0,0,1177.2963918180333,580.038649094962,9.121987785620831,217110.11,34030.56387572633,22164.01036911831,4515.752316252462,1901.50685912438,998.9969673625892,635.0538767241056,9290.700800604232,154.20172289900975,2160.1420673003017,Aurora Petrochemicals Complex,"Shanghai, China",Industrial Gases,864657,3187,474533.63,24.386982314797407,673148.27,6.069085929905928,2093.926318631706,4.62125049672515,581294.68,0.0,85.43839618660978,697.7676520748392,964.1009194510316,244.17993829852983,0.0290932159305858,0.0130660427985793,0.0001986240070311,96.23954900059564,81.38682084027485,91.06,85.89,100,101,13519.916175183387,14.507658760170132
B0-FF001_201509,B0-FF001,2015-09-01,44142.62902496188,78.3617950318616,92.55976840625203,4.909488484725213,0.9519137162491657,94.4886850841574,0,0,1273.7001286922257,556.2234883203082,8.862725978084416,596477.03,34399.41995764952,21675.27806104784,4604.703230299357,1805.133850050648,1034.3248451256716,656.2004591452322,8879.12419374337,151.2445806146107,2143.958793076618,Aurora Petrochemicals Complex,"Shanghai, China",Industrial Gases,886975,3131,295877.5,24.247890652638148,816014.05,5.925549441860331,2103.7273569969634,4.540474124898169,87947.32,0.0,85.92607099083858,756.4339453329223,994.6521947923494,251.87163279087463,0.0291015659092699,0.0134976779569813,0.0001979797028063,93.41936423270636,81.32290922205912,85.28,86.76,99,101,13636.800720646315,14.522376979556338
B0-FF001_201510,B0-FF001,2015-10-01,43485.85187362036,80.1769931783453,93.85998339644756,4.867566172332726,0.9324958126594936,99.92186410816834,0,0,1241.3833061177727,562.0724245849943,9.296228682888689,752616.53,33170.02845243043,22646.858116734147,4353.368191708075,1927.0552175699584,968.9985620456462,625.26331629798,8815.492439508507,150.03177678155694,2237.122881857607,Aurora Petrochemicals Complex,"Shanghai, China",Industrial Gases,874090,3054,436828.08,24.28211339834084,666518.46,6.14950391595967,2266.336639020703,4.699402776160816,779258.01,0.0,86.75328679047446,738.9319643456213,1047.1390931478873,245.34938651661065,0.0283899497785794,0.0121323183647006,0.0001959832837153,99.44384892471636,86.65422787471395,98.96,79.12,94,98,14499.726156872375,14.272904950794528
B0-FF001_201511,B0-FF001,2015-11-01,45491.99753984731,84.04504008572326,90.89339628696564,4.933859184435102,0.9708107634781498,96.54592688363914,0,0,1290.856836477638,575.3777137013823,9.02926361792449,108844.16,34904.933899875134,23318.72782646979,4589.741877163487,1850.4112064974088,956.0328575080498,627.9349631318066,8874.896509889093,151.44303694359743,2136.3086378461817,Aurora Petrochemicals Complex,"Shanghai, China",Industrial Gases,932682,3269,212910.79,24.60923292666249,508503.46,6.276340452386809,2236.591103634337,4.74920701954977,690020.11,0.0,90.78625188856402,767.5247784240499,973.8054846174638,237.9162473420712,0.0286679926833307,0.0127662748575371,0.0001982260692588,101.5094394002858,81.27445677533267,60.69,90.79,101,101,14390.159484119356,13.813440862138902
B0-FF001_201512,B0-FF001,2015-12-01,46686.16840359317,85.43650039969539,95.36640848471824,4.817323765631933,0.963674662875594,96.3626433294251,0,0,1318.0871060624088,587.6563601549017,9.139563941937569,582108.97,33621.68609121915,23001.057660248563,4221.662371071014,1924.846957479289,976.0501336652884,648.8377009581246,8790.012289019664,145.3046565464747,2285.776701467324,Aurora Petrochemicals Complex,"Shanghai, China",Industrial Gases,837920,3286,326624.13,25.84031650411749,549858.11,6.076243455573063,2010.860950621553,4.649866697823312,524328.36,0.0,88.47110138251966,696.4253565755575,979.8116412711092,255.35487385919384,0.0283997120713713,0.0134411045007056,0.0002043675642327,102.02402659252368,79.11182338475976,67.03,80.53,94,100,13903.703698176378,14.600340343607916
B0-FF001_201601,B0-FF001,2016-01-01,45901.507976957895,83.73826646404132,91.02547168633154,5.098799852911684,1.0315202656579672,97.46839128892827,0,0,1343.2991495795854,630.289866856784,8.827899203442215,665301.06,34670.97222625776,21983.525226861075,4635.878846533964,1954.820719980629,968.1996059528402,643.1287052896845,9179.510447362436,149.46810625654226,2130.710649112552,Aurora Petrochemicals Complex,"Shanghai, China",Industrial Gases,894572,3313,909956.52,24.00061679725904,682358.0,6.171657119848805,2196.9001107555227,4.669455357874951,557242.87,0.0,91.51709444871231,748.6270577270576,993.875148778784,251.8154746908453,0.0286242543822652,0.0123623611621916,0.000206427994816,100.5901411050956,75.94680596590167,61.41,65.49,93,102,13998.09314906646,14.622887594977117
B0-FF001_201602,B0-FF001,2016-02-01,45038.96768218553,79.41357179579566,94.1105770100222,4.944995593016971,0.9658215957528714,104.20545862039349,0,0,1358.3039734995557,573.8171068384956,9.026011340126445,981509.85,33203.09653809433,22002.61304250731,4369.360223439072,1934.058070126602,958.4043627999082,649.4414709072064,9218.88707195932,146.27828027922405,2259.357643677956,Aurora Petrochemicals Complex,"Shanghai, China",Industrial Gases,879744,3073,609448.56,24.657461890848463,415686.35,6.013776950581774,2105.82767341248,5.06037716917242,819714.46,0.0,90.52948363957688,766.0801644894528,994.8762557987062,257.67646263676045,0.0271813335976473,0.0120692617194875,0.0002017202262062,99.11812585880922,73.0397118245435,83.57,65.19,95,96,14326.735926213592,13.645557434154174
B0-FF001_201603,B0-FF001,2016-03-01,43766.48917833848,77.3259560333511,96.91887121344652,5.0202817969946,0.9170253101442272,94.94220359425876,0,0,1331.136190170018,578.5287083382916,8.590090272255809,231037.34,33521.1607483265,22594.857453127715,4485.652022508027,1854.1140230743224,981.924344804721,640.630315807764,8982.378501652445,152.78141074094302,2161.8836237179203,Aurora Petrochemicals Complex,"Shanghai, China",Industrial Gases,884821,3174,911303.15,24.73588237155093,179426.97,6.123659758893607,2173.3103988881253,4.862063632573964,115050.87,0.0,86.69365937215858,743.0166562023098,981.1766234136036,251.4932339937708,0.0290182826840598,0.0131571141967296,0.0001973491791048,91.99811298955156,83.0811629349371,84.65,77.16,101,95,14528.23754861802,13.95162256826414
B0-FF001_201604,B0-FF001,2016-04-01,44029.73944173213,79.85618337378997,92.8315572900766,4.96003460677376,0.9938018811556344,96.68402450053073,0,0,1274.7422379686325,571.4749735328717,9.296380521468285,327184.93,33922.48637471667,23202.24033520046,4249.581572464416,1902.3458518172697,938.7810915318888,680.2220279845295,9304.827378218171,150.4816389806291,2310.7958425192564,Aurora Petrochemicals Complex,"Shanghai, China",Industrial Gases,923037,3281,702217.94,24.613711521705035,929639.87,6.008948438182882,2211.073672039244,4.764514597351501,811619.44,0.0,93.89224169916768,765.5450396859926,1046.8570702931556,252.02846060147533,0.0286201924375229,0.0128582172219416,0.0001945121019771,94.81802766912668,82.61242102559795,84.72,61.54,103,97,14961.23111456091,13.690816500406608
B0-FF001_201605,B0-FF001,2016-05-01,46551.58086430623,82.5130855737272,96.949651761918,4.801622863390703,1.0623634658546124,97.5419679568696,0,0,1277.9997964372328,600.7434356211531,8.929521684858303,251703.03,33133.214264733026,22630.4230583109,4562.379952937421,1983.100029151988,1031.2267248248436,629.239493021414,9432.811055239456,159.95344408201058,2271.6698994532044,Aurora Petrochemicals Complex,"Shanghai, China",Industrial Gases,879478,3014,927126.41,24.65774228566844,47293.23,5.942779977282385,2115.304750246404,4.9255342946013325,575673.77,0.0,90.44702156378273,717.3522964763329,971.8380656962892,240.15251963789115,0.0290984294131775,0.0124730015430455,0.0001965981151295,98.12647021429972,77.39347399229729,70.0,57.64,103,97,13577.054864994594,13.969155957889011
B0-FF001_201606,B0-FF001,2016-06-01,43773.51346005745,81.67168415639892,88.48376981799278,4.883805785064993,0.9671204937851334,99.8619159705695,0,0,1295.3336332756935,592.5809744172578,9.077948328556625,620396.19,33264.53577383965,22709.01589232026,4405.6837444577895,1920.796933692281,996.8800440331364,613.7454665476896,9120.55354705958,143.0981968555199,2278.708495495533,Aurora Petrochemicals Complex,"Shanghai, China",Industrial Gases,869054,3281,189028.75,25.20053397099248,30421.45,6.011115651576449,2127.1849901286537,4.663281021613759,154319.79,0.0,88.6653315715957,721.0295859332042,934.578229894902,260.65935833522826,0.0300862859782054,0.0131167732042663,0.0001962616436489,101.00791364541284,83.89760960832415,69.15,93.45,103,95,14568.891598925184,14.01401342263284
B0-FF001_201607,B0-FF001,2016-07-01,43808.00517689677,79.15228175618579,91.39469408431074,4.799500271228228,1.0489913572346985,99.75975455350874,0,0,1307.2342006975562,588.992831610868,9.05446272245236,279083.56,32554.652381222368,23395.78143636839,4285.538016435124,1880.6306054571785,1035.0586160474822,642.0823047436795,9192.57124392462,154.29579574322844,2161.320746523649,Aurora Petrochemicals Complex,"Shanghai, China",Industrial Gases,858969,3145,886756.71,24.84548240347943,840420.57,6.469418535898474,2239.549437452287,4.661834405238284,49258.42,0.0,87.55842968796206,719.16071588607,1045.7917189356504,249.0942806003069,0.0284848333927811,0.0131035704839913,0.0002046258729562,102.23423606800696,79.85464920971434,94.66,85.29,99,100,14228.352903741452,14.209588910371217
B0-FF001_201608,B0-FF001,2016-08-01,46468.25803693665,80.31322001284487,94.45679880398198,4.872925897959922,1.084675816300039,95.73691833729252,0,0,1289.6184872942802,603.9890472285192,9.217193699761312,940514.45,33263.997737485064,22151.43978325586,4484.265688079492,1934.542205532212,952.9537826734175,638.162474523341,8854.625109696672,155.02574797008714,2333.318510284966,Aurora Petrochemicals Complex,"Shanghai, China",Industrial Gases,878596,3119,890093.36,25.87871933079153,412516.19,5.956592477169863,2255.138592514484,4.802221209175564,439867.57,0.0,89.11963447550144,772.576888999174,1039.8937677713984,260.2525985955792,0.0271248620612619,0.0128428034624849,0.0001899427996315,96.76278130391884,75.89596467836408,65.97,62.08,98,97,14313.817477999224,13.749960477607
B0-FF001_201609,B0-FF001,2016-09-01,43961.47036967756,78.92524522283189,93.4855850190975,4.905393784967273,0.9870120621168592,100.09693024715726,0,0,1310.4239299584383,595.2713138240575,9.238448508467783,958355.43,33696.650930616175,22467.56801894553,4473.652954628336,1944.7268152128288,972.1085319250524,622.0826519260248,9124.902416666711,148.86560615452976,2093.1387971629647,Aurora Petrochemicals Complex,"Shanghai, China",Industrial Gases,861005,3204,597182.48,23.145341993849566,696617.67,6.306536609743402,2249.499867094124,4.75633530345221,545028.18,0.0,92.69825652066616,768.1819894533261,984.5009990189842,257.9709047528996,0.0270711166043897,0.0133872804645214,0.0002014960044788,99.54234736189056,79.55693263089128,73.77,86.22,102,102,14451.072372498498,14.354548957322526
B0-FF001_201610,B0-FF001,2016-10-01,44228.13520141567,83.86732907161642,91.25085012996426,5.164787206928142,0.9972348590727764,98.52557663790934,0,0,1339.955980353656,575.3361527387112,9.408178939567364,168255.3,34923.01021419109,21771.962245259256,4536.09513147853,1901.5094008836625,1005.328429337592,663.3146938147502,9232.529057720983,152.71983270677637,2322.487906321502,Aurora Petrochemicals Complex,"Shanghai, China",Industrial Gases,930041,3203,352721.19,25.47917341024544,151513.64,6.403741988976769,2147.705067657741,4.788229122897844,112106.67,0.0,92.40825063029344,775.4344062161898,1003.0538742303164,252.2737094787423,0.0286809816740925,0.0130087969316322,0.0001953776299869,98.40621688347952,78.81159770086073,74.65,89.38,101,105,14020.73816277347,14.62683624062823
B0-FF001_201611,B0-FF001,2016-11-01,47082.91214282256,79.12800429749687,91.50986715549108,5.153692244990026,0.998212251483752,94.97145000394616,0,0,1280.0581884995104,541.4235947207096,9.120100840295652,600815.49,34168.0755575828,23632.44818591766,4561.79581842742,1966.1470193080263,1012.0288784410816,642.83193434179,9778.02185050733,146.38156652446014,2213.422984510026,Aurora Petrochemicals Complex,"Shanghai, China",Industrial Gases,917480,3324,171019.63,24.26591789936796,624126.72,6.092945308497844,2219.511293967311,5.019307068967006,145012.47,0.0,89.25176019356809,771.0438046554672,1032.820987245889,250.49949505933736,0.0304476633934145,0.0129922559633771,0.0002102439432812,98.1151207769894,87.827485448357,99.14,90.89,104,104,14895.880383696334,13.172993248204945
B0-FF001_201612,B0-FF001,2016-12-01,46584.95345551217,83.51878563622424,95.74302187958844,5.043908311730148,1.009667567214369,102.72659381492257,0,0,1357.7808756231743,598.7233469958754,9.362453187420847,158498.53,33754.860913220575,21763.66556331365,4569.985722347103,1966.901267717204,1003.4323910476164,645.4946390337902,9408.770588203368,163.78331547793942,2334.8677193003923,Aurora Petrochemicals Complex,"Shanghai, China",Industrial Gases,928441,3195,511858.99,23.32801427684157,740260.51,5.765245389844708,2233.75793108808,4.779343701570514,747182.09,0.0,88.8573853925209,761.8275105818625,1023.492597557003,245.27876254458133,0.0286496289880031,0.0130795597442532,0.0001940920786246,100.1670570380775,78.65366389102802,87.47,68.56,96,98,14020.409167661182,14.707070709874884
B0-FF001_201701,B0-FF001,2017-01-01,45894.27319354071,79.92220420423249,99.20115878048249,5.111538986296329,0.9933238128355156,94.4235766209024,0,0,1329.0702222488433,602.8199865665654,9.455108439913822,217675.93,34456.865282426785,22719.13482754143,4932.494049570282,1960.521813048128,965.0101821582192,646.346827298231,9209.2873289766,143.42284276200994,2310.8076995580195,Aurora Petrochemicals Complex,"Shanghai, China",Industrial Gases,894689,3208,543611.89,24.26294213536613,333957.29,6.464722675973367,2230.195695903104,4.577839049631801,738003.24,0.0,89.17798972865432,772.128427390476,1023.2442577423456,254.3011423210148,0.0300284008049277,0.013230350134123,0.000190605566648,98.54329834013892,82.18004886016773,80.22,62.07,97,108,14101.384401137806,15.274344406930098
B0-FF001_201702,B0-FF001,2017-02-01,44147.77914759484,84.00767589417518,95.29284111715413,4.884459404400306,0.99058744740671,99.11688676054034,0,0,1222.754932553814,605.4138534286253,9.583333069786732,218230.71,36613.58047791252,23324.174784408697,4728.016638057217,2031.9088661669484,903.3279127200796,653.2025662439634,8840.31795472684,147.30120994678686,2216.5990021329653,Aurora Petrochemicals Complex,"Shanghai, China",Industrial Gases,895729,3278,78578.07,25.10751487798405,157080.72,6.411585017305495,2234.5553716428776,4.596004604977546,968562.9,0.0,93.09871943338308,723.4769163702554,1004.3378544648272,239.37281621130683,0.0298162154221042,0.0131224330726332,0.0001949402623622,95.7214225955342,83.3412864843135,67.78,74.82,103,99,14638.077966192042,14.57807837610944
B0-FF001_201703,B0-FF001,2017-03-01,45982.20290993066,77.9454509671599,96.693257429402,5.105304681136128,1.0182970082170912,99.86626414793368,0,0,1353.2493849652055,574.3401795110307,9.619273967274736,439461.86,34459.70959492985,22763.40873895077,4566.187520487516,2042.198770609813,1016.3450493031404,665.398449756004,9285.39549967242,156.97711344193348,2231.169806387549,Aurora Petrochemicals Complex,"Shanghai, China",Industrial Gases,921166,3204,531897.53,23.951175029317323,784599.53,6.350138611975716,2164.1196935004045,4.766637875955014,256341.09,0.0,94.84730766839212,780.8037488798207,1006.5716500976348,257.1621980946538,0.0294976876176729,0.0129475539616183,0.0002086505754666,102.9160384536094,80.12788820515564,69.97,74.94,103,99,14046.312298590252,14.375316783124244
B0-FF001_201704,B0-FF001,2017-04-01,47449.07359216785,79.61417181249222,91.9560685093169,4.957080865688729,0.9967921356078216,94.13976724571096,0,0,1308.2704057154394,623.1401178833927,9.46524036897313,953682.15,34538.47097650304,22883.81093863272,4781.612034056352,1954.0642962315203,944.3006169655785,610.1721255865224,9654.732716754914,149.46394495661812,2337.3186736790944,Aurora Petrochemicals Complex,"Shanghai, China",Industrial Gases,908380,3183,576631.92,26.37458722122677,987698.31,6.2068970194468,2270.8023364506007,4.671604255389761,701759.24,0.0,92.06223509629368,743.9552480084992,964.4933940255132,257.1264359503341,0.0313879224765235,0.0131168138150529,0.0001924862820715,101.38763467119428,84.71707724471585,92.86,80.2,98,99,14246.349612076956,13.9504613128433
B0-FF001_201705,B0-FF001,2017-05-01,44179.98906197634,83.11925526089303,94.46834118878404,4.975887667234302,1.010890975617669,94.98761634446672,0,0,1330.4611986158695,602.073914493906,9.591856551722117,335157.54,35511.974539134404,22718.97162244967,4550.364804440652,1960.966205304656,1011.1567635210032,659.6303942968598,9294.38716001302,147.62754948086408,2336.2434079128907,Aurora Petrochemicals Complex,"Shanghai, China",Industrial Gases,884084,3138,865972.27,25.146460707754272,450801.0,6.105292829369119,2324.841655999657,4.997350536940527,899201.55,0.0,88.57602463754101,771.3675793077156,978.4812260194878,239.83338090073647,0.0287486202118361,0.0135343405958831,0.0002027135140365,101.33414976182571,83.7712953987339,67.56,57.8,101,99,15070.96831962078,13.809479193068466
B0-FF001_201706,B0-FF001,2017-06-01,44684.00664342322,83.5092893256735,93.31340529039724,4.610087863678686,1.0682038795027136,96.43652862042376,0,0,1288.3406656880709,566.6656349530961,9.081839930453391,361833.66,34315.78395422824,22711.81367365887,4395.049309432531,1937.788983820608,1032.3645624776927,673.9975623170159,9394.88397921699,156.51287679420915,2438.8556869880595,Aurora Petrochemicals Complex,"Shanghai, China",Industrial Gases,924217,3293,689051.22,24.39765898943686,934231.3,6.142572375643314,2149.7383638395813,4.741575490603228,155638.86,0.0,92.47313575792514,798.0099667314942,1033.745049016821,257.2184753691687,0.0276519995162338,0.0131384466536661,0.0002037300203235,101.13396241703757,81.89187031379932,76.44,69.5,101,95,14309.393100238953,14.850274108176851
B0-FF001_201707,B0-FF001,2017-07-01,46759.68284083295,77.52844797214382,93.93633292375792,5.3167875152977,1.0062692400292952,100.73467511492872,0,0,1355.6214264110845,603.7547107471639,9.474115423225044,34566.54,33928.11563899421,22687.61773754092,4481.396512823248,1874.1704620456023,1027.606402007502,649.1539380183523,9611.92352594895,160.86274874916725,2303.340426001921,Aurora Petrochemicals Complex,"Shanghai, China",Industrial Gases,873905,3216,646094.04,23.769728297297725,871419.75,6.289211640872843,2175.9661604343933,4.763585327084664,665518.6,0.0,96.79233395180856,787.2088989710944,1030.6587542977722,257.829825783423,0.0289874214186284,0.0123979793160073,0.0002021238740194,97.46283900389987,83.27334818470702,90.22,71.9,101,96,14399.86982188773,14.4115894881769
B0-FF001_201708,B0-FF001,2017-08-01,46986.94318185943,82.94186420915551,95.5271459258258,4.964391465979388,1.002598975995608,101.42922909254216,0,0,1353.1710916408526,626.5120855588851,9.199766751747536,137693.32,36287.8966244746,22758.37105537632,4527.798727935489,1962.7545754039284,989.3891249719624,671.0110802933806,9075.137486595717,160.93270778298665,2247.145604059513,Aurora Petrochemicals Complex,"Shanghai, China",Industrial Gases,876311,3290,917812.84,25.43733288882058,809709.83,6.6803897296852295,2304.4409420428046,4.88692834237474,680500.78,0.0,94.04725266637593,768.5833647176432,1002.1401534304392,252.43740452816428,0.0290097330963193,0.0130013376042238,0.0002009475857557,101.30367715637465,81.38053066655718,69.55,72.18,99,105,14001.630700943131,14.645972336635577
B0-FF001_201709,B0-FF001,2017-09-01,44974.74216760511,85.02445620503359,94.6021090280794,5.0153338375483205,1.014952724010412,95.98196351107164,0,0,1313.0862156550627,607.2491119398705,9.540203210984313,362041.65,33429.2209741489,24155.01767992735,4556.225398733615,1939.8276217310545,1041.855789695056,662.444925341115,9373.937720069309,149.53612937839267,2360.7787499672745,Aurora Petrochemicals Complex,"Shanghai, China",Industrial Gases,991217,3328,563929.38,25.88052507969405,385993.17,6.254096311323229,2200.8108128686126,4.80402321763168,526821.61,0.0,91.20153697245772,753.7585118243319,1020.6878136433834,253.92393068394165,0.0293206257508593,0.0137395677989936,0.000205358788316,107.30058630702663,83.9697963858134,82.18,79.22,101,94,14406.13607733058,14.300163613968866
B0-FF001_201710,B0-FF001,2017-10-01,48386.01188517883,80.95152466705157,94.61517244262376,5.26556920898989,1.0265362222632333,99.61924901714964,0,0,1327.868676756059,584.7858150842425,9.133249791766172,162196.32,33590.0099589398,23727.34533291257,4726.823576312195,2033.869832640986,994.3755884375616,646.5886176265924,9250.711104090906,158.93275449441603,2182.0300145374,Aurora Petrochemicals Complex,"Shanghai, China",Industrial Gases,898986,3160,697970.64,25.000003533421424,951974.61,6.368174199926,2202.171588846459,4.8125078624909,744055.01,0.0,93.94298149860757,766.0074023803361,1008.5067417676688,245.27651613227204,0.0290616039958745,0.013258330605611,0.0002069740893064,101.23493245390324,80.8890661037266,69.78,66.82,97,95,14481.85926343909,13.6859964416016
B0-FF001_201711,B0-FF001,2017-11-01,45101.37403857077,84.66406638518413,100.77350961729024,5.137860789309677,1.0023810874401753,100.10120871633772,0,0,1312.6951862439478,602.0571908933426,9.889518923576045,935446.36,34238.99200645348,21837.524392166066,4551.931838532725,1929.362383016433,950.8219422017754,669.9835696903957,9396.224575711589,158.08236829855204,2274.0047092481805,Aurora Petrochemicals Complex,"Shanghai, China",Industrial Gases,912248,3406,563919.53,26.0096082774754,813326.42,6.46949901675448,2192.8848508588003,4.621435229186598,420996.89,0.0,87.6100449490216,766.1991679080675,988.5351978526046,277.5013287543967,0.0279602293131352,0.0126921603768247,0.0002107429434245,100.46842197054438,85.41457916146739,74.14,92.83,97,105,13884.619681978877,14.685054415866915
B0-FF001_201712,B0-FF001,2017-12-01,47549.02835241231,83.07607209665376,94.92680740292116,4.9349086790833,1.0311132857926506,91.20514003324875,0,0,1323.3580697663049,604.388731485207,8.970810256534131,496958.16,35192.81322471825,24050.45149419428,4385.864104359531,1920.523921448716,1019.1494272929364,659.9405278498729,10165.923508460912,159.57161009380457,2371.650533678194,Aurora Petrochemicals Complex,"Shanghai, China",Industrial Gases,894323,3306,64487.81,25.299488398586327,108735.85,6.368022163061687,2187.8032915210947,4.945750414407691,733092.35,0.0,91.68702167613692,778.1857065888337,1012.1267607191244,259.12850997866786,0.029060862282229,0.0134142873293282,0.0002101266738687,97.76150837885407,86.15152757522026,99.63,88.92,100,103,14458.393762969225,14.621259299286
B0-FF001_201801,B0-FF001,2018-01-01,46871.67013941838,85.01898688491109,103.90572660670824,5.09719528539938,0.995787736107702,94.40929100410364,0,0,1362.685566232094,576.423421428969,10.06020368664558,104967.81,35226.821272496294,24724.256245087818,4874.694386246766,2032.071306900929,1022.6853031237551,671.7982572651737,9279.748288932067,156.102055266828,2356.377325852452,Aurora Petrochemicals Complex,"Shanghai, China",Industrial Gases,912918,3164,935461.88,24.70121057861766,618791.65,6.009697134342623,2257.8740968917623,4.671714445323391,819234.76,0.0,94.51382769328052,779.0737664567239,1027.9934482938547,246.00909627112105,0.0301783993563765,0.0127690918564212,0.0002126438234067,103.01967980214695,86.89840867003839,91.28,66.84,98,98,13766.9971831387,14.887056471675686
B0-FF001_201802,B0-FF001,2018-02-01,47870.71993082279,84.98417227018957,95.93776517169668,5.412449917765456,1.01645638001733,101.28738014646191,0,0,1360.769954223411,590.0492222906083,9.181892884677692,341355.85,34269.669568067715,23285.546562301395,4591.036615154872,1987.2544499589733,978.8890976248274,641.9143095356342,9128.47863476641,158.8780486602728,2331.226647340381,Aurora Petrochemicals Complex,"Shanghai, China",Industrial Gases,942796,3363,50601.64,26.160507435415816,900600.88,6.326231277112276,2321.7836446185343,4.999749006068859,991719.63,0.0,88.92441177990047,770.2664137071625,973.5950042191968,247.3378755206864,0.029866232186692,0.012160379890406,0.000217278864599,103.77232338560044,78.98476996522089,95.57,81.14,101,99,15228.730628371231,14.345918782931724
B0-FF001_201803,B0-FF001,2018-03-01,46665.74621633346,86.7530403194938,95.70616646407878,5.066542038917035,0.9817280434566128,98.83640248442016,0,0,1291.0561800480482,602.813944890211,8.869264034879944,491425.93,36863.00109613692,22980.029047947457,4578.554797982522,1969.449441136348,990.2485252263166,666.5838083868753,9511.847865590378,153.32610318752424,2307.172608199198,Aurora Petrochemicals Complex,"Shanghai, China",Industrial Gases,954799,3118,339360.47,25.62077493778612,828911.21,6.34218578407237,2179.1378175746,5.018108712834296,583412.58,0.0,92.3424082141083,755.2279120557637,989.9251370864486,263.0622769210075,0.0288122029683371,0.0127718492873888,0.0002128912730056,98.61033598130255,83.45931640735363,74.04,72.8,107,100,14421.276939181294,14.454946879532594
B0-FF001_201804,B0-FF001,2018-04-01,47363.9883526806,87.03704027074004,96.47757611404388,5.088503673688491,0.9764561581801026,101.20367590066434,0,0,1322.2632161941185,598.5808352240907,8.989805923662068,25756.6,36820.00974542554,23339.156392632183,4706.143041354211,1938.2071328986829,1027.7874125413327,669.7552828436808,9155.403675781174,150.39476612730277,2273.7797254104416,Aurora Petrochemicals Complex,"Shanghai, China",Industrial Gases,918949,3287,992326.98,26.543429412699787,611094.67,6.164125700897364,2243.1236586018526,4.679523901844248,475310.55,0.0,91.71793985361984,757.391836305421,1049.819501231682,262.2107803886445,0.0292048809839554,0.0134865365919247,0.0002119821698519,102.50395144882349,83.28101306861049,60.1,97.91,102,101,14360.494217533282,13.777828417428248
B0-FF001_201805,B0-FF001,2018-05-01,45118.301712798944,82.67554643729915,98.96892796293378,5.159629708588847,1.0519956169431617,104.75064708030574,0,0,1301.2060565158488,639.638323661272,9.012619729164523,189019.15,35787.403676950686,23868.00244821354,4494.024686908868,1970.014726890677,978.6565446238234,617.8377585743773,9429.2648532873,152.17112239820867,2432.800501300408,Aurora Petrochemicals Complex,"Shanghai, China",Industrial Gases,937832,3278,407176.09,25.66715372300918,295240.95,6.392834590569741,2373.942157691027,4.7782036718376295,450901.44,0.0,91.65563311011265,803.7500845153845,1043.9777289774224,250.27166726980056,0.0296381457510827,0.0129868082018721,0.0002019348674062,101.17740480824244,87.07935298317447,71.32,77.3,105,103,14037.366138174972,14.4846089301341
B0-FF001_201806,B0-FF001,2018-06-01,46507.18483079492,85.91895578170853,94.85711404070848,4.981683301594587,1.0229845089166774,99.14902141961387,0,0,1326.5226427085345,621.8507446766478,9.824198700359796,678076.56,33099.63393500894,22855.910474142154,4635.967627276602,1886.908607534541,977.5174114882408,653.8778353493459,9277.184779748595,155.74681058095337,2233.9345943847056,Aurora Petrochemicals Complex,"Shanghai, China",Industrial Gases,909215,3293,429890.11,25.952948963566044,767205.13,6.309196304105308,2256.626102592516,4.823207259869488,67349.56,0.0,95.84964672208322,761.9845042098731,1057.0808432970136,258.4892465819124,0.0287096284019553,0.0133832893223129,0.0002121597068207,101.4902837613473,84.18606026303263,88.15,99.63,103,101,14093.849999392842,15.128259975762106
B0-FF001_201807,B0-FF001,2018-07-01,47511.26511801636,82.7187431175159,97.24965735614435,4.900610779352574,0.9647843088519996,104.52062355958093,0,0,1352.93429428893,663.6785557711889,9.681679784495428,946983.59,33234.78617752827,24070.915473390152,4786.402191675462,2034.453535125784,980.5926227662184,665.6214271429961,9210.840552600688,158.99329960755276,2402.060151341982,Aurora Petrochemicals Complex,"Shanghai, China",Industrial Gases,908005,3393,657351.19,26.01874877893013,175617.78,6.4394328835435415,2205.599794660476,5.018201812542961,321755.38,0.0,90.47939658752765,783.6683763888282,1037.9781896856657,272.2389489014979,0.0297536980336448,0.0130656030629394,0.0002121716571079,101.45922535144445,84.30296704385546,79.89,62.55,103,102,14324.467284188264,14.709071276539747
B0-FF001_201808,B0-FF001,2018-08-01,45427.16979545922,81.27380608759162,98.78799682064376,5.229386717701202,0.9865659870939182,95.78707493074477,0,0,1391.7538415576005,603.0637388603881,9.228950572770293,408581.62,34921.30607201803,22392.9337968703,4479.419957308777,1921.365229039497,1081.175352424019,676.2438813172126,9258.55894110627,161.27016295387796,2296.266879367601,Aurora Petrochemicals Complex,"Shanghai, China",Industrial Gases,953972,3294,884347.63,26.19473602618737,144510.69,6.479060142210778,2268.501934024692,4.984159275064317,301896.97,0.0,96.5922786108786,775.2101638294213,1017.27891456983,255.165891859944,0.0284500819626005,0.013580617830951,0.0002013045271173,100.83224734955796,85.894808375936,69.75,95.23,99,106,14235.521615501484,14.343862778611816
B0-FF001_201809,B0-FF001,2018-09-01,44263.20288502522,84.25223299671589,95.8766860861743,5.168438729510818,0.991850399362407,103.70632944384003,0,0,1351.4493817949035,607.6178157784838,9.503088028988554,572730.01,36477.429332248335,23279.608654231248,4541.938593789795,2038.4766958800403,999.0468610240112,685.0670804792486,9267.326989712708,152.24559143641903,2348.96879721663,Aurora Petrochemicals Complex,"Shanghai, China",Industrial Gases,876960,3244,96541.49,25.871967635512043,386883.01,6.241106595353877,2334.9548934744,4.95763006163679,971779.34,0.0,93.06363552944202,776.0216750528199,1081.9775432346266,255.3417396230866,0.0294519869537059,0.0137703206087726,0.0002055066751875,102.96570560268206,86.85925358864012,84.76,71.41,108,106,14742.950201189957,14.519621850571156
B0-FF001_201810,B0-FF001,2018-10-01,45984.54829482368,81.90125929209903,101.35227550790556,5.349655917436006,1.0090191029435316,102.62212939169258,0,0,1363.8815861977,606.8773731676525,9.315767896445752,323143.44,34758.315881909104,23571.84247000952,4672.6880668093145,1984.725702312888,979.2873249816708,671.0109140328346,9461.136468264524,164.84470955733337,2269.158364610508,Aurora Petrochemicals Complex,"Shanghai, China",Industrial Gases,943757,3286,203520.68,26.156555475628057,438112.38,6.402496936757669,2211.678601197432,5.011961400496616,370800.69,0.0,96.1622215066136,731.1728750039493,1019.4421337431228,249.2285105782552,0.029277271404626,0.0134209955193364,0.0002142715856158,105.95009328983735,82.07656366082583,82.39,71.16,102,100,14321.223264783506,14.52831312580816
B0-FF001_201811,B0-FF001,2018-11-01,46337.19558697957,83.91027406285703,97.0146435397936,5.148318035868179,1.0010018066163842,102.84147217212896,0,0,1280.5739563056918,610.8806361542391,8.916222941856503,647137.29,35861.375511894024,24180.37094328392,4736.013668464736,2050.273728554989,1000.871802762616,651.5017994815788,10224.609394546944,160.529414944948,2261.9815461436565,Aurora Petrochemicals Complex,"Shanghai, China",Industrial Gases,879221,3252,515175.23,25.80121760230105,235987.71,6.391421950658612,2261.876436827857,4.61122937260447,24277.03,0.0,88.29387014540235,810.1104294573328,997.8447713688364,252.477981527434,0.0290647482235943,0.0133639679246978,0.0002194148607592,98.66605282547586,83.726645782031,79.41,98.75,102,105,14320.816495391116,14.504153205806691
B0-FF001_201812,B0-FF001,2018-12-01,46338.18342763163,84.34194048751516,97.9020339204447,5.249646664689645,1.09174690865212,93.71417355518145,0,0,1335.9969022521782,624.8330474124413,9.83340999841631,675470.43,36514.07956967864,23350.362299199565,4891.5338702665385,2108.3419757861643,1015.3483231674352,685.7925157210826,9483.397318018193,163.46454085587447,2335.9003945037407,Aurora Petrochemicals Complex,"Shanghai, China",Industrial Gases,911616,3191,456874.82,25.85963709594358,955735.84,6.385006703876409,2228.9676511048715,4.816638326416042,819558.17,0.0,96.44563756606549,771.8763808730166,1031.0805795188185,249.71619485124603,0.030075515941579,0.0134471249593711,0.0002264216402195,105.80239292527644,85.40556158956085,92.25,54.99,100,107,14192.058941871586,14.423392472852836
B0-FF001_201901,B0-FF001,2019-01-01,44409.79596552077,86.26688959888939,98.0386748280674,5.078022420965441,1.0042107776648823,106.17472191542062,0,0,1431.2613456113224,597.459044993354,9.82827570427559,278004.37,34875.92369553857,23854.99037315041,4692.0171047423,2029.0903974298533,995.9802275073384,631.3999298039042,9899.92639749986,154.76593701993517,2370.462332457588,Aurora Petrochemicals Complex,"Shanghai, China",Industrial Gases,949283,3336,773020.65,26.72365534182741,394886.34,6.479364759837286,2279.389683638387,5.234898844096225,128885.96,0.0,92.17717295912652,729.7488922622476,972.1794931235842,250.3902987253959,0.0291539686673336,0.0142682093709959,0.0002132475252628,105.00924887118364,83.0874650621117,80.27,72.03,100,105,15398.042035049686,15.113673078443837
B0-FF001_201902,B0-FF001,2019-02-01,49601.05110962077,85.3489655620461,99.18881755869494,5.188212166876825,1.0507846157844367,99.27643348312785,0,0,1357.39657450268,642.1689269022761,9.439221303381254,717993.99,36677.46498064431,24132.77932743146,4569.529580017677,2038.4863378268024,1073.102174275681,627.7553184268968,9440.84011181448,162.6855252812403,2344.747837611282,Aurora Petrochemicals Complex,"Shanghai, China",Industrial Gases,953428,3449,719933.92,26.25072374330156,950272.43,6.506248005154689,2413.345640159833,4.979766673733317,308814.14,0.0,91.40288770495718,761.3725747589218,1015.36126682778,256.57435261120446,0.029587358283806,0.0136922464647484,0.0002069724943659,104.98383286986804,87.00605644283038,84.95,81.05,106,98,14835.023529966576,14.482139282803162
B0-FF001_201903,B0-FF001,2019-03-01,48955.56311996022,83.59244864258385,93.62144458507365,5.172708747637595,1.0076043972923692,104.80553565387174,0,0,1419.3680961839575,631.0597028575988,9.662866684466252,482222.87,35741.23817699059,24043.8062627284,4571.931571497104,2070.7322102825533,981.2200145738104,676.1869171487897,9189.946467092575,166.65893474298352,2409.635534249214,Aurora Petrochemicals Complex,"Shanghai, China",Industrial Gases,888418,3313,473592.21,25.389886943448115,321059.48,6.276570980384269,2324.773191306464,5.10087792276724,926964.88,0.0,95.74431042098374,795.0387081329844,1049.5995627975026,248.67896848500664,0.0291072649474782,0.0133189702397175,0.0002000997884375,103.51873500789128,88.50255913628267,84.99,68.61,106,110,15095.78808854697,15.131906047044907
B0-FF001_201904,B0-FF001,2019-04-01,45133.62684491401,88.40842177127979,98.82457638715628,5.171090678204699,1.026509638934459,100.63823593859658,0,0,1337.2293981198532,597.4951485542782,9.586448741366205,330317.38,34753.57330798468,22606.972911583885,4852.740922344847,2013.1933527013468,982.8885656359668,660.145357138562,9673.682548080842,157.71466601042297,2372.005092538919,Aurora Petrochemicals Complex,"Shanghai, China",Industrial Gases,934221,3190,216477.41,24.58928422000353,794304.1,6.583363684247151,2260.547422777031,5.0542470217439694,701515.99,0.0,96.7975127591438,759.0476963313405,1057.6604785073664,272.3336881626568,0.0300847329560291,0.0132400210439752,0.0002238508167457,103.22398979936337,85.59982587146835,65.42,82.83,103,104,15161.64308639248,14.575446791388185
B0-FF001_201905,B0-FF001,2019-05-01,46630.82473995807,84.36456251480855,94.55312378941169,5.083344132060006,1.015400252722517,102.44218722425212,0,0,1362.0224183080954,620.7652892920232,9.61869028903306,307500.04,34199.668449565164,24152.20147067138,4844.21431384853,2074.702772104569,1011.7464504299644,626.4738826721945,9234.206930697002,153.62176879785702,2405.834310732432,Aurora Petrochemicals Complex,"Shanghai, China",Industrial Gases,924123,3490,387950.52,27.25116353184262,256510.2,6.566977681475378,2245.6209195233646,5.056413021056683,931725.97,0.0,91.88748177440488,732.9735300186724,1101.2587612626232,262.9273663935331,0.0289248183983075,0.0133933662887643,0.0002062354694959,103.09007153458836,87.16009344055685,95.12,75.34,104,107,13905.599794313588,14.426497595887447
B0-FF001_201906,B0-FF001,2019-06-01,45893.70550649308,87.7836669455606,95.7186396766214,4.995365302952953,1.0562877801753745,99.769164557669,0,0,1393.4489768675094,609.2242040119506,9.525554945939174,327828.89,36166.61226361969,23694.5655844558,4742.879186600015,1936.405511519799,966.747156991187,663.6033955971757,9358.275360530291,160.72989250079357,2378.0793759592766,Aurora Petrochemicals Complex,"Shanghai, China",Industrial Gases,913564,3342,566549.99,27.58971512570958,70655.8,6.175998301980498,2405.5375858954108,4.917881673577243,163461.73,0.0,95.1984203757678,795.7566416623149,1062.0156204103296,258.18521438520816,0.0294049768369392,0.0133094146457955,0.0002202578611252,103.82550883571808,88.56758715253778,63.75,95.42,99,106,15526.53176702582,14.382869383755692
B0-FF001_201907,B0-FF001,2019-07-01,48066.99089195822,81.79160642210165,96.3712895145793,5.24378442049589,0.9864508801635092,102.63137399506772,0,0,1356.153439438537,631.1322587198744,9.491339312057637,645667.22,33919.68196610179,22313.43711388739,4823.681846131759,2184.4397884421296,1032.8990909382312,701.437463874343,9875.614290643509,155.68081331181548,2456.7427126915827,Aurora Petrochemicals Complex,"Shanghai, China",Industrial Gases,922911,3283,641644.12,25.884070114597947,111198.44,6.356466792363341,2344.577412193096,5.150755381688321,13210.66,0.0,97.9758222672492,805.3367171775006,1042.458856064562,262.84333774530984,0.0304249104014297,0.0134961835578601,0.0002079951935771,95.86038854933771,87.14934213715085,96.67,67.2,106,102,14630.44032491107,15.374809930591946
B0-FF001_201908,B0-FF001,2019-08-01,45985.46275334149,82.87102197634884,103.4339047902226,5.185385740956514,1.080578630397346,97.8776434614977,0,0,1344.8205328518472,588.6870363041246,9.689124217850985,456025.17,34587.72670483973,23115.03318064989,4641.74866494261,1960.1875198162952,932.1201435250556,667.0175914144669,9438.646205894116,156.76846225944868,2297.768204084699,Aurora Petrochemicals Complex,"Shanghai, China",Industrial Gases,960257,3576,310604.87,27.134109908567872,292735.42,6.501608665825276,2262.7644878731385,5.01244020738545,213185.99,0.0,93.66501090443992,810.4915005603032,1072.365488464999,251.63654691658763,0.0298253845325087,0.0138017852532683,0.0002148062358825,106.46522480322068,86.39799427384393,89.84,95.4,109,103,14832.026445839756,14.359644869388491
B0-FF001_201909,B0-FF001,2019-09-01,45724.68701495391,86.34793891965805,96.10288316726754,5.205262037832484,1.0934695855721144,107.74693163115704,0,0,1464.6288412916197,623.3434283397229,9.334370590012526,359967.46,37078.25746476974,23761.74516337531,4762.954821280679,2000.074170269903,1008.8415270103528,677.2222555177223,9270.365370140693,159.7370893214028,2480.0511328887424,Aurora Petrochemicals Complex,"Shanghai, China",Industrial Gases,878494,3183,449698.79,27.138246301184747,389772.27,6.112586220141595,2387.404730004884,4.908513948555393,857826.59,0.0,92.66540178156836,761.5850989020614,1016.020251118352,275.2459412443986,0.0310696437751437,0.0137558348055922,0.0001970322585142,105.35786067236664,86.85908390608817,71.61,52.92,108,106,14525.555892712411,14.834025693571888
B0-FF001_201910,B0-FF001,2019-10-01,48546.92532950959,85.76797099647773,102.05403890654078,5.282412344314478,1.0676722106760228,105.59095006192926,0,0,1354.11876130527,635.302974912358,9.739104923215274,83338.92,34259.37313016027,22615.075507006462,4794.832889889585,1992.166139034638,1043.654452435706,637.2627756893459,10042.774394971364,161.86216419707506,2382.3695595949166,Aurora Petrochemicals Complex,"Shanghai, China",Industrial Gases,987126,3436,173954.07,26.16296415834058,928413.39,6.717903401204631,2271.42699411724,4.738096743661535,900718.91,0.0,99.25076071417608,783.5463386528594,1013.3282095661978,249.89675258395985,0.0313362987532917,0.0137212889203551,0.0002090215369938,101.91618797994708,87.34083722968177,93.33,83.11,101,101,14637.103028371224,14.538426667640746
B0-FF001_201911,B0-FF001,2019-11-01,49870.863090339255,84.42079049169017,94.77755430324906,5.039462938207724,1.039550920136794,97.533277429205,0,0,1416.9664276306785,618.8955723645902,10.228878884116604,225602.06,32320.12685933133,24820.98948947481,4827.824408188353,2078.545110034749,993.601979361259,670.2329122981636,9649.717986047404,157.75505990219003,2254.368621816959,Aurora Petrochemicals Complex,"Shanghai, China",Industrial Gases,1018931,3429,672189.28,27.163078308297408,961087.7,6.385328689247827,2380.505797510379,5.171735284792259,635078.17,0.0,94.09515133818914,788.8934934233421,1064.1249993712786,272.0589364119549,0.0295127745706567,0.0137031100582253,0.0002241428507591,103.25785876628974,86.22169949083997,82.6,68.65,100,102,15170.626059388223,15.051762069866378
B0-FF001_201912,B0-FF001,2019-12-01,47850.35579566514,91.38135030135832,96.75892008119776,5.2210769334077805,0.9849168329071202,106.89135406199824,0,0,1410.1392654973272,660.9801509077413,9.815817992909356,328058.42,36199.59254950912,23266.739014368435,4807.403751875155,2028.475952550764,1023.45647257732,653.7782053372529,9693.939494533122,163.00931512533964,2262.900598300928,Aurora Petrochemicals Complex,"Shanghai, China",Industrial Gases,922439,3366,629746.0,27.529750661116907,529457.15,6.341779986229751,2282.891952142852,5.06955635798015,537347.45,0.0,96.02869956390686,765.1989117898014,1030.1500048635237,249.73259647790184,0.0289985383707057,0.0137284697869829,0.000206361262872,109.55389229438867,85.99983438132001,64.71,78.23,108,104,15323.503380128484,14.717049866199575
B0-FF001_202001,B0-FF001,2020-01-01,46872.880469492346,88.8036545877575,96.1589042006227,5.315779665641288,1.04112615163561,106.14243416622712,0,0,1350.0659048086954,630.5400431771624,9.326703263758052,446168.63,37306.70571458838,23122.58645321314,4540.991460096101,1972.039391703782,991.54467192548,688.8566203520085,10065.678069488637,163.0381916016431,2366.8165060819097,Aurora Petrochemicals Complex,"Shanghai, China",Industrial Gases,952694,3265,97428.82,26.534085796308933,276963.2,6.390509350137062,2288.251616081516,5.164641241759898,610542.99,0.0,97.22685403149902,769.0502581249868,1114.3340564749092,258.6859649464445,0.0307493239360655,0.013654142307512,0.0002284182147783,104.7683405480127,84.59064559812118,87.12,64.82,104,101,14662.181629585592,15.29214968882255
B0-FF001_202002,B0-FF001,2020-02-01,45227.99122915166,85.37911043983004,101.76648189703644,5.23036205430833,1.117422400130703,98.11864335696256,0,0,1456.401806715293,601.3726121013779,9.075666450444416,427425.69,34301.85138569474,23432.088900583545,4778.920879147586,2094.974704545564,1022.6475119535924,673.9784615970104,9461.933578629969,152.21902666518602,2254.3050944410006,Aurora Petrochemicals Complex,"Shanghai, China",Industrial Gases,933790,3365,439938.39,24.801861392377504,230779.55,6.860487803945865,2294.6679297675505,4.972648007868951,825722.92,0.0,91.77880383756457,797.4157348588396,1080.1806359025768,261.09638199138664,0.0284140300558903,0.0137468032343562,0.0002252637615066,103.41076728017896,85.56026721987433,90.4,80.92,103,108,14621.431071250723,15.06862043277486
B0-FF001_202003,B0-FF001,2020-03-01,47719.76842463172,90.13799261676051,100.1485351749673,5.469736423968547,1.0536687483299052,103.12834569084622,0,0,1397.7671189071264,606.812000742908,9.69486544455489,799101.82,37542.27057866551,24009.84043321729,4902.082145340997,2093.5614403955647,1017.4346295791472,716.8942364249612,9474.590037981015,160.07322289451034,2493.540645909976,Aurora Petrochemicals Complex,"Shanghai, China",Industrial Gases,985756,3362,822315.26,26.0797380463186,185082.62,6.310201852299084,2355.353348491941,5.192612083393955,276609.27,0.0,102.79910991305384,814.7814531707536,1021.8429000160868,270.45072948444164,0.0294242852142832,0.0124357157331946,0.0002122274545738,109.18632944918107,89.73065185569597,74.74,78.87,107,104,14703.074119203318,15.408962064209607
B0-FF001_202004,B0-FF001,2020-04-01,47087.23945689832,89.13693232379487,97.28954523911132,5.582057961396759,0.9997251101558338,100.80203168760208,0,0,1271.1948975747596,583.6072986296386,9.588829468100078,539197.86,36240.138469590136,23779.74580300679,4827.212754907652,2022.6883074915283,1052.5456958074412,687.0844155449089,9557.963835291896,162.38028121050516,2378.430675637056,Aurora Petrochemicals Complex,"Shanghai, China",Industrial Gases,903111,3456,846095.06,26.991822869057923,462906.22,6.539513409574737,2178.031166398732,5.306825363349786,845939.01,0.0,95.01151485112923,782.1866890223877,1057.5598275525867,263.07900938056633,0.0300308350874489,0.013611922048624,0.000215330408536,105.9770226774328,86.33333157028609,95.4,65.39,112,110,15292.67213537853,14.079860781251552
B0-FF001_202005,B0-FF001,2020-05-01,48769.09401878605,85.45039020820323,96.25368892450268,5.2063695128447245,1.0253020271959532,105.48215573588622,0,0,1493.339012844826,592.1501306465781,9.537898846742694,559836.47,37248.61090634087,23790.67820343395,4817.060083384489,2091.807822628988,986.629959141009,663.2414453872175,9952.995434619035,157.38080634195194,2271.792977611128,Aurora Petrochemicals Complex,"Shanghai, China",Industrial Gases,921793,3340,321709.01,26.261824614520595,673335.04,6.748780808758404,2301.7504225953944,5.110358104576759,710870.06,0.0,94.32773186259271,791.3011919990003,1085.395967603327,265.38836322125053,0.0305407186550594,0.012842274429953,0.0002172018263586,104.71421936898038,87.72463969393112,95.95,77.13,108,106,14389.216927139069,15.555796041817665
B0-FF001_202006,B0-FF001,2020-06-01,45896.38051565046,88.75898705311843,103.7099640525134,5.094808934587926,1.050059376708487,103.35005172996026,0,0,1335.3194406777225,616.1061904396158,10.133554158718836,80783.89,34956.05266316692,24166.34548753628,4911.332844172937,2030.9639061800544,1050.039651458474,648.6862750935669,9291.742200814844,158.08397312290725,2440.1563349420853,Aurora Petrochemicals Complex,"Shanghai, China",Industrial Gases,970216,3253,752536.59,26.480138600865835,986358.26,6.308466786352265,2329.350434600289,5.281095654324705,931077.08,0.0,90.20552794005428,826.7255061604232,1086.8823553809725,265.8730052387198,0.0316896898831104,0.0137582918418927,0.0002097095395288,106.40522589294002,84.27192744455056,96.63,98.01,108,101,14429.692796218806,14.785640253439732
B0-FF001_202007,B0-FF001,2020-07-01,46985.84511803167,87.76097131503573,99.54052201898904,5.460238611122483,1.0652152617849928,102.13162362154036,0,0,1311.3515041790365,610.2820656751356,9.497399459410577,950659.65,34586.13530164953,23482.86071303199,4966.0803046115625,2128.1500037106166,1081.610279241386,677.6268936491809,9765.297541097118,165.97058878549316,2294.606831878782,Aurora Petrochemicals Complex,"Shanghai, China",Industrial Gases,972607,3508,651775.2,27.473502358331167,28125.58,6.732701585592389,2357.411456823925,4.919336116956729,751770.83,0.0,96.73370337559372,802.563757979221,950.8289563793114,267.004547466257,0.0327688769600023,0.0128238035047895,0.0002130086015728,98.66365842994584,84.2031934156035,83.42,97.75,108,107,14584.560435702871,14.72894601736794
B0-FF001_202008,B0-FF001,2020-08-01,48458.99417650198,84.28904111218809,95.54626958745884,5.2441274891338425,1.0264641366287977,105.55442709776491,0,0,1397.924576639498,635.3569385547028,9.544174804047476,133400.82,37438.48301130484,23833.95850233469,4817.156880143766,2135.567129304693,1026.9327652604643,708.7393942695883,9864.501690952748,162.76714398135087,2356.58480740556,Aurora Petrochemicals Complex,"Shanghai, China",Industrial Gases,965285,3337,238459.67,26.32942222160471,22623.38,6.580574542882984,2460.56857943861,5.0541504291594,262342.37,0.0,98.88143405563144,817.738221436464,1061.6895981407067,266.7875986650709,0.0307258718763229,0.0132554699398666,0.0002201648961929,100.94805019186197,83.82886761864906,97.89,52.95,108,107,15083.020162221716,14.513552809697629
B0-FF001_202009,B0-FF001,2020-09-01,48160.75788380219,86.58948491352656,100.29335009634896,5.219953822833512,1.0742239791242183,103.3033098283253,0,0,1363.2819616505706,609.5500054344877,9.869301106439089,660708.6,37295.470149845394,24069.12011050909,4795.674025403179,2096.1720819393863,1051.531074111911,679.1347440159749,9965.010665026137,157.51778488983413,2457.5411605628924,Aurora Petrochemicals Complex,"Shanghai, China",Industrial Gases,921071,3436,203530.03,25.400898358655176,856782.12,6.587720680590667,2214.066278130883,4.778687891816361,872653.99,0.0,96.8193276883958,777.3231238386289,1091.9621751258398,271.60520606247536,0.0316122140964803,0.0139957712818791,0.0002195351151562,107.33270736487418,85.48374399981597,77.87,79.8,109,105,14972.63080427601,14.51231320147009
B0-FF001_202010,B0-FF001,2020-10-01,47381.92906243286,86.80341801800867,101.21919337246042,5.221485831358811,1.0420774700044544,107.15064981928484,0,0,1450.7144908474536,615.265450274572,9.727250634917104,93124.69,35189.1090791189,24254.753052435728,4821.053005971515,2236.8268953114866,1040.7986616347655,703.3869839518773,9962.420390724288,155.36340246466057,2296.992520044685,Aurora Petrochemicals Complex,"Shanghai, China",Industrial Gases,960042,3516,185663.54,26.53429505642915,461598.58,6.339978137303671,2257.239410468063,4.8595493946803465,890483.46,0.0,98.24257050083048,783.5467380619197,1066.9872062961444,265.79067188210934,0.0309424817305744,0.0133041116861716,0.0002209037988612,100.7123773515029,85.66062403094392,64.4,68.7,110,108,15695.296207994092,14.68124874591292
B0-FF001_202011,B0-FF001,2020-11-01,49956.98989054166,89.58457499291755,92.68242789871697,5.265435537965974,1.0792450916519842,103.01386489634648,0,0,1393.3552045872675,628.0551321916757,9.369911491370306,716320.33,35201.45730592338,24897.89856133734,4896.470500926003,2031.808175165124,1056.3656046798644,675.4070042802925,9800.16426429051,162.2456653185319,2442.131195207872,Aurora Petrochemicals Complex,"Shanghai, China",Industrial Gases,962666,3435,746960.08,27.01175777510377,342599.9,6.590465323802698,2412.7913743293566,5.131349857795429,31860.06,0.0,96.90645859195348,774.6836618821395,1100.9588140703167,256.7732077686506,0.0318749040068313,0.013628706362543,0.0002074256449449,105.87112943093004,84.44270292588483,90.61,59.28,109,106,14535.837834944226,14.803296967861671
B0-FF001_202012,B0-FF001,2020-12-01,49311.78526070151,90.38949667317084,99.84149706284757,5.140382828136954,1.094890461552634,106.95486605892047,0,0,1368.628126125706,635.894759349552,9.859827124180171,128327.91,36433.71603009143,24003.990104989512,4936.769205506339,2100.141226583283,1007.2905332459926,657.816971894723,9716.75891774776,161.4810018352684,2469.6478051133217,Aurora Petrochemicals Complex,"Shanghai, China",Industrial Gases,969906,3545,481220.25,26.115920811608035,233548.04,6.766345373448507,2331.1396874622897,4.8353268868242285,736857.85,0.0,95.81407693235596,803.0816329141504,1022.4778648180028,278.39508529520384,0.0309055623784526,0.0130299963610501,0.0002145606380886,106.68197027057523,84.12334093480916,77.02,77.82,104,107,15185.224146441911,15.529154371655364
B0-FF001_202101,B0-FF001,2021-01-01,48188.68780098797,84.34175709500792,102.80837805300652,5.152266421612068,1.1202223742677102,106.63914525001474,0,0,1391.5719431853684,622.7472804075691,9.575889986497025,878983.77,36917.37046806424,22992.56114151394,4719.596036071838,2098.9006273917835,1025.669559338936,685.3806349915283,9399.152268882284,159.8209760997859,2429.176289360515,Aurora Petrochemicals Complex,"Shanghai, China",Industrial Gases,929008,3572,851681.87,27.66252894522794,328375.36,6.313500454868455,2252.7740745533624,5.153061256186775,522510.21,0.0,96.71304535280083,768.7760678939502,1071.438802739926,259.0640835574956,0.030952375065748,0.0133891142446939,0.0002013794399563,109.6868374904086,86.53821823241434,62.7,80.84,112,109,15154.982785344266,15.318094046106
B0-FF001_202102,B0-FF001,2021-02-01,47974.53835694616,87.3255433206192,100.64481090214493,5.193444538763568,1.064468832919154,106.15271027087582,0,0,1337.588245878639,650.7838172176492,10.123452625492352,600347.36,36798.015130036125,24044.066667734805,4949.44870748416,2023.7228704305844,1084.5033908732037,697.3424620317752,9978.150026972777,161.1869510881352,2317.5677269011344,Aurora Petrochemicals Complex,"Shanghai, China",Industrial Gases,982803,3263,802181.7,25.97878988001877,865572.94,6.633124279314691,2417.881958324263,4.983262791905306,284365.78,0.0,96.90772374634108,787.4180107978628,1052.1159310659966,269.3803428466288,0.0314052627260876,0.0135486353602365,0.0002098922786081,104.96290155593223,90.8780646151548,68.93,57.88,107,101,14916.3312948488,15.402459859574709
B0-FF001_202103,B0-FF001,2021-03-01,51078.02324513701,83.85435547942889,91.84027671747776,5.115917252190636,1.1011422413006018,99.46129852276395,0,0,1403.178177322586,616.5569596664168,9.814470285001278,171394.96,36843.851101974666,25493.83275030507,4808.04945109574,1995.750385825164,997.4679319550256,649.3405863660417,9834.49624404224,160.74552936099184,2425.3046300058954,Aurora Petrochemicals Complex,"Shanghai, China",Industrial Gases,943079,3295,889330.58,24.658197973595712,884628.63,6.797287218954403,2274.551578876192,5.1982373503635,462930.12,0.0,98.23131274870828,768.1473244416078,1088.8368238860844,266.6229560517441,0.0318191451163215,0.0138964473363826,0.0002084363611727,111.24559171579656,84.74888804394621,67.84,96.91,100,111,14620.47272758421,14.93661292520547
B0-FF001_202104,B0-FF001,2021-04-01,48935.07042089308,87.32361087649149,102.819306837875,5.075250148716735,1.0895256421956805,107.78809589912429,0,0,1335.2414998397137,622.6295684442169,9.409083722462167,452614.94,35965.22662341784,24427.68051140636,5258.840097482049,2113.423660689417,1099.8610735934112,683.6297623598349,9952.546371879787,161.3603957677675,2620.9889550868656,Aurora Petrochemicals Complex,"Shanghai, China",Industrial Gases,939893,3356,747530.99,26.82231838667265,436969.3,6.839828668613594,2337.5432014501057,5.136369737865568,801378.15,0.0,92.05649401908998,825.7675738682232,1044.6017211324984,265.500837956158,0.0321838017724894,0.0137897326128081,0.0002142358309129,108.73159966925436,85.86376194422584,75.19,80.07,112,104,15782.56383753502,15.412844624239169
B0-FF001_202105,B0-FF001,2021-05-01,46639.47087614608,80.71637970100588,98.14991608847652,5.38425007624519,1.0814935906890804,105.17428921805528,0,0,1441.6707625035826,602.6797122963667,9.899932028311522,163990.31,35437.312434941385,25142.29977282292,4713.795668241835,2072.8883464274045,1107.6037150167638,702.5577991784154,9665.78199407971,160.44551141670004,2339.1253460566304,Aurora Petrochemicals Complex,"Shanghai, China",Industrial Gases,998226,3520,523315.66,27.32514913475421,942220.24,6.346876296997016,2382.5381325332787,5.287023762750239,504017.2,0.0,95.78225596194022,794.8690988033641,1088.968007926794,264.61346991789185,0.0306860949215618,0.0141872547132687,0.0002117911806663,110.43163849366942,89.19649435568309,65.95,99.21,100,106,14951.434448585458,15.55849181176878
B0-FF001_202106,B0-FF001,2021-06-01,47341.49305147783,88.65434978979029,102.39138358403164,5.384826421076996,1.105273371093431,112.0276399171873,0,0,1363.04995002088,611.2586935827563,10.137161864869718,728836.27,35343.53466771249,23359.144877482777,4768.034576875126,2075.1635019585183,1034.4899347535911,689.4216969221034,10080.7570369513,164.6973210101834,2470.44091868496,Aurora Petrochemicals Complex,"Shanghai, China",Industrial Gases,891107,3254,176079.7,26.211893404058355,47341.46,6.487939954359799,2392.773810892897,5.03425654480874,25407.8,0.0,103.4656038613178,782.1253636790124,1090.873350979643,254.69022847287047,0.0320795193249653,0.0140032288456299,0.0002178688206031,107.44733683625134,89.01259645781926,83.79,68.65,105,107,15507.865167149102,15.16546469196701
B0-FF001_202107,B0-FF001,2021-07-01,49813.02885031983,89.36215569969964,100.13327148701164,5.069344219628276,1.053788236000364,111.12553591498636,0,0,1412.175132218709,644.0853079903553,9.654826631020104,600442.2,37055.03777556116,23538.180410707908,4993.346681724882,2060.765371478244,1042.9168986174818,665.9720522024475,10008.212582730534,161.9062025408552,2483.338451811929,Aurora Petrochemicals Complex,"Shanghai, China",Industrial Gases,947039,3355,76528.79,27.066569665258832,264298.45,6.63066834311492,2312.015447304496,5.229777005856331,884500.23,0.0,102.05128797734407,832.2190127752788,1050.15708501094,271.45668124814165,0.0310829442812257,0.014485680682434,0.0002000504128975,109.79938580995264,87.03183299128173,94.62,60.48,103,105,14720.570515946009,15.295613340944689
B0-FF001_202108,B0-FF001,2021-08-01,49601.37854962801,87.16084707242553,105.44527318449428,5.267792456756692,1.06125682752461,104.22563038598535,0,0,1424.1024575691474,629.6444460377486,9.458526652044382,960085.16,38175.056605696445,25110.156428128168,4916.874294683131,2064.7140525148093,1049.3297372701777,679.8591585544317,10185.407740239483,158.7216936722613,2504.4674442412384,Aurora Petrochemicals Complex,"Shanghai, China",Industrial Gases,948758,3564,342245.61,26.177508780352174,726840.97,6.821589382685124,2316.0368607387195,5.171003347160002,743680.35,0.0,102.75070441995506,838.6503292239565,1067.1854504357116,264.55990530690525,0.030119735351014,0.0145299933877471,0.000222638282939,109.49780160544395,87.17835861334046,62.97,82.36,107,105,14939.490424991303,15.38858017461338
B0-FF001_202109,B0-FF001,2021-09-01,50278.668285078624,86.08799730654955,97.06454457176685,5.253089550565394,1.0388269525151397,107.72973228917374,0,0,1435.826006681913,667.154254749427,9.450679153817136,422376.34,36862.89765763255,24487.60144931856,4861.508879221788,2097.2168197508377,1015.5261344225316,700.1219363976212,10062.187963099384,157.13987710170645,2413.8579370350285,Aurora Petrochemicals Complex,"Shanghai, China",Industrial Gases,956721,3363,152792.97,26.82040272122993,531908.83,6.564274055512505,2276.9184776915044,5.237233387769899,467100.94,0.0,95.96369136801816,834.3684357845767,1049.2036336909648,281.9820370535809,0.0315729336853767,0.0146656688852305,0.000221163314784,105.79043273065191,85.5177921248925,96.82,66.17,107,109,15343.062974731349,15.362591503442728
B0-FF001_202110,B0-FF001,2021-10-01,49273.167538221714,89.34719608648089,98.66728797816332,5.323954148391128,1.0836081045710704,106.48852941313368,0,0,1373.9376297270803,610.2093140739015,9.964948930437224,344880.62,36946.04327932331,22993.113258910413,4778.837364099572,2073.033841331799,1001.4586975002322,681.5740259346385,10206.452922597347,156.9748824195533,2417.2354322793635,Aurora Petrochemicals Complex,"Shanghai, China",Industrial Gases,1015638,3326,842354.53,26.616468470002392,193290.35,6.953724783081138,2322.355274566094,5.277504847045734,634610.74,0.0,95.12372328694252,799.7116206616965,1067.2899194178187,259.72327418560616,0.0303165606704585,0.0124740076685401,0.0002149117191744,109.47972590910553,83.63691110131369,96.35,76.48,107,112,14802.460623376008,15.471442828124143
B0-FF001_202111,B0-FF001,2021-11-01,47172.337811377794,89.20039534725551,103.81181391228706,5.47192541588269,1.0637538929347856,106.96537873229168,0,0,1402.8604248262163,651.8925537238448,10.314465654595498,587466.81,36731.27493062592,23789.67303040681,4940.612444384134,2117.8065349941057,1055.211760093113,692.832592689606,10436.270588589334,149.23218671792745,2408.9099077581072,Aurora Petrochemicals Complex,"Shanghai, China",Industrial Gases,957414,3590,725844.79,27.27474673440398,706506.23,6.665852040609514,2405.526769754935,5.102827978769501,570646.62,0.0,98.53804857149888,821.748625662743,1040.0452045001284,272.8334586450885,0.0325979329989648,0.0138219508464125,0.0002091497579271,107.3303778988894,85.40078594283969,94.6,79.38,106,104,15891.59305078894,16.149795431976347
B0-FF001_202112,B0-FF001,2021-12-01,49870.8330618069,89.25793922618121,100.93742887050914,5.235859184795813,1.1278555280755715,106.01162287779792,0,0,1406.5900171193127,653.5185798770392,9.778499256334076,525586.29,37801.57445600338,25454.477757117733,4792.08654496278,2093.1838032251035,1116.208950680111,685.7544772325916,10119.030682112245,174.80839956716133,2312.3448368943737,Aurora Petrochemicals Complex,"Shanghai, China",Industrial Gases,960375,3444,267342.02,26.534703524995624,256280.36,6.88235779733305,2239.279481528009,5.485579260411553,835357.0,0.0,100.57520167244652,821.535614373388,1074.8568294134695,263.2043501478313,0.0314914995753166,0.0140053894423198,0.0002130876601728,102.5571901236324,85.98918481704135,93.39,80.46,110,106,15112.1666218051,15.755973885412429
B0-FF001_202201,B0-FF001,2022-01-01,49412.117349978085,89.01348594897483,99.34394829291024,5.366754898495249,1.0774776394020908,106.04254628856164,0,0,1372.407094172229,626.0919931609532,9.707139451658044,988458.41,39249.65906580151,24168.589155607304,4877.324043483994,2153.899181451217,1033.3930460442873,709.598689610475,9883.788397552453,155.18924738403783,2355.3294126115143,Aurora Petrochemicals Complex,"Shanghai, China",Industrial Gases,959778,3574,934384.91,26.50194162005153,962030.55,6.381099424790298,2385.941299157917,4.956579756864102,83930.14,0.0,94.92175998837712,814.617556601797,1103.0018311962388,272.3751735413685,0.0312111381143612,0.0140628586731588,0.0002203342616717,108.42384326753287,87.29692614040334,77.54,94.8,111,110,16320.66589107782,15.554567219597017
B0-FF001_202202,B0-FF001,2022-02-01,50413.42201351969,84.30230319667741,104.47176060040825,5.583190920761075,1.1272599104217833,106.83972736615544,0,0,1370.6239656535172,635.8682931493923,9.401479071632378,605506.82,36905.09912942427,24586.970141626305,4764.78100465998,2025.3619174790256,1022.6101100079992,687.8550321473867,10533.91761509982,169.15790772216056,2469.5173855559283,Aurora Petrochemicals Complex,"Shanghai, China",Industrial Gases,986844,3557,676489.89,26.714965860781163,716126.9,6.699796314203484,2438.789474133491,5.161011081721295,715956.0,0.0,97.43898869999302,784.0384320069834,1064.4470216765392,281.4227381351884,0.0310032087376054,0.0136709958378851,0.0002201047909555,113.28063107037656,88.12261551119089,98.55,75.8,109,108,15235.098837792622,14.96452923141434
B0-FF001_202203,B0-FF001,2022-03-01,51364.002007856165,83.66071320604024,100.7746365322622,5.345185493390426,1.107449425086522,110.52732524472458,0,0,1426.3385915887834,657.2154545650782,10.241967319611366,842350.07,37332.35321128432,24847.96059685276,4896.019121489136,2129.2269848859173,1058.847781417025,696.517149104516,9509.345048751526,159.61009790456183,2516.817485346891,Aurora Petrochemicals Complex,"Shanghai, China",Industrial Gases,936528,3504,487928.07,27.82975190887598,146287.68,6.6411949659361245,2354.293408410595,4.898869829616619,445952.2,0.0,97.2633557948736,794.3536318725598,1051.4053515683486,279.5695522065302,0.0298985551513103,0.013597300000041,0.0002137604926588,105.68271747816084,86.21484221528165,78.44,52.14,110,110,14474.52358827389,15.52856781543376
B0-FF001_202204,B0-FF001,2022-04-01,49839.1397146224,86.88327984958106,106.92822927676558,5.581543119141657,1.0750988126777878,104.79044281165376,0,0,1419.7679424853725,639.1967518435223,10.632684198194598,236739.9,36864.136934414026,23980.37143496475,4861.231888765768,2042.791465533911,1033.646733379721,656.3396337608289,10186.341311230026,165.08992515296313,2476.995076150431,Aurora Petrochemicals Complex,"Shanghai, China",Industrial Gases,971400,3467,261311.76,26.402559645930538,323082.88,6.79563050835915,2454.1644726940394,5.283729283698288,897411.27,0.0,95.63880147436346,782.3933135166773,1000.739399119396,273.4790170311141,0.0308799991509261,0.0141856331069604,0.0002188155168994,108.12707472907582,92.20333788521538,66.66,85.68,107,111,14799.326462833946,14.52360901786921
B0-FF001_202205,B0-FF001,2022-05-01,52355.25843437282,93.6347419446676,95.9991336672879,5.405467415480058,1.0871334907252777,109.13648242497334,0,0,1374.9086872183068,638.5145106347635,9.66902131056,786385.88,36680.55245081758,25254.973574111264,4921.2867120774,2149.928623108177,1075.9256436081637,673.4078346356289,9955.47620389577,156.97756284065,2424.343067924106,Aurora Petrochemicals Complex,"Shanghai, China",Industrial Gases,975514,3463,684266.24,26.17271314660335,46951.31,6.91560714907944,2360.823894407122,5.180783111132,535661.78,0.0,103.21321270477996,778.940791639114,1116.3085680829686,274.9429251980453,0.0334127090040241,0.0135617517539677,0.0002035090552826,111.50355584283896,84.82857216732481,67.82,99.85,109,109,15573.565436435149,15.775069073759356
B0-FF001_202206,B0-FF001,2022-06-01,50167.39703719335,85.60411075651655,107.65355150052892,5.425793999215153,1.1003461919132265,109.2222276052872,0,0,1424.9913189093645,640.5574127247995,10.090370542139436,789477.94,35740.199425399034,25125.869201445053,4798.828972038174,2230.158636784277,1073.5283156980129,686.923687661299,10074.434374553251,164.73708869464576,2453.111277825554,Aurora Petrochemicals Complex,"Shanghai, China",Industrial Gases,922220,3361,458604.22,25.71544275976833,26344.05,6.65447433750529,2322.665177247764,5.348095178989181,310731.5,0.0,97.19986920885312,809.7270305143692,1135.7134747111747,272.3345571337083,0.0315443089233479,0.0137271307591093,0.0002231961422118,109.48233284256284,90.14647209229211,92.57,63.43,113,106,16131.59675562093,15.1534473514134
B0-FF001_202207,B0-FF001,2022-07-01,49574.62942892668,88.44833459683056,99.59177426609124,5.288530006920262,1.0618116783208311,107.53832373344513,0,0,1419.572164600433,663.2290486986147,9.991883428437257,493735.17,35908.396443734855,25618.13337781064,4886.744828659106,2078.5073199655867,1041.8255663831378,721.7627846489277,9786.645774819286,169.77800758884064,2450.700887474013,Aurora Petrochemicals Complex,"Shanghai, China",Industrial Gases,940865,3437,336650.55,27.02452977129956,300674.74,6.698140619804466,2324.90749819024,5.234609392086955,897637.06,0.0,102.18536022896107,723.3255505825722,1087.177793521707,274.9741013494303,0.0306653677532139,0.0131686757913441,0.000218693398308,108.26800975897656,85.88250370064013,89.22,98.89,109,104,15631.629815069906,14.992935903811215
B0-FF001_202208,B0-FF001,2022-08-01,48262.74849062952,89.57680289484011,102.6181597041354,5.364220730050396,1.0695340458187337,106.3778586848012,0,0,1355.6379314670237,636.0867002695846,9.553417073075568,292389.52,36789.01613638322,23922.434391316805,5042.667779640796,1972.0197887453428,1073.2092313805497,721.2666047934442,10022.814955255742,162.55778010024335,2378.493779950395,Aurora Petrochemicals Complex,"Shanghai, China",Industrial Gases,1009105,3572,731622.97,26.64515280834278,903238.07,6.8791321539632255,2255.923949311152,5.20810707639864,227445.44,0.0,98.4819062539094,801.942800732584,1091.771337738335,267.8431310674424,0.0344685693633061,0.0141335332619799,0.000219482014027,113.80387696197924,85.40397550409556,76.14,97.04,111,107,15709.71901363505,15.67634665202537
B0-FF001_202209,B0-FF001,2022-09-01,50625.32727079778,90.55257532942662,101.72515779962332,5.208033040110407,1.120104194061324,111.84176914344076,0,0,1374.2159950994528,645.3580562225031,10.12502025596308,948837.1,37206.24677311678,25362.99475500241,4930.486539902638,2077.085386381766,1026.332072293545,689.7949997148816,9628.697073947182,163.3822844319913,2438.8406771079526,Aurora Petrochemicals Complex,"Shanghai, China",Industrial Gases,1002077,3487,15378.28,25.537934195207256,786338.17,6.686991473287812,2317.942220880003,5.240121876330022,880484.21,0.0,98.84558534346576,798.4468990925394,1098.0926509470926,269.9254642816084,0.0302446977301043,0.0139925388246617,0.0002213508819303,108.19833477624208,90.0331735184574,77.16,70.43,109,109,15473.518456742731,16.467687881921552
B0-FF001_202210,B0-FF001,2022-10-01,51172.58850847196,90.0416568935257,100.06816165202844,5.39439098584641,1.141183506206339,105.6131663203198,0,0,1441.5713717724395,633.7579133346551,10.066626553815262,206472.91,38607.18160647413,24251.83718934233,5097.576112237658,2085.1688798221635,1039.3355843168947,684.0772343334501,9478.723001187953,167.61725108316486,2389.697928150292,Aurora Petrochemicals Complex,"Shanghai, China",Industrial Gases,969063,3563,255413.33,26.04190257085125,590406.71,7.0186997400988345,2343.4456525109617,5.331646345111556,144206.51,0.0,99.07601669092648,832.5089135345652,1107.987388359319,261.0571845986332,0.0314654076256933,0.0147288016536274,0.0002056487912486,111.22186498919014,93.5393398262911,97.87,58.81,111,106,16109.571500777549,15.967648818256109
B0-FF001_202211,B0-FF001,2022-11-01,47519.34467674301,87.3599184670263,105.01612620444078,5.567700881690425,1.162175212188527,104.71005288804776,0,0,1448.873743434424,660.1070680832086,9.12442761896745,422830.98,38729.01799276873,25604.65109576442,5263.340400806518,2186.3526457341027,1050.6522404358434,725.5614482959754,9824.79052717887,166.03710666596606,2540.824378818774,Aurora Petrochemicals Complex,"Shanghai, China",Industrial Gases,993873,3628,450366.06,26.31187843364661,900423.07,6.858665556122063,2358.557396334853,5.244749212135919,454145.0,0.0,99.5321215312648,820.8633237179608,1082.3369349137947,283.8921349292796,0.0329380290476604,0.0145614574069709,0.0002127287587353,107.35760788464576,89.88693907065189,66.71,73.76,109,113,15261.926079470924,16.034244685159454
B0-FF001_202212,B0-FF001,2022-12-01,48209.766049520906,87.25797139806707,101.59201159166736,5.462266918203391,1.0118024623708466,109.15410143444436,0,0,1420.0297674239584,622.6811147562353,9.490284326830407,392370.87,37080.38726864345,26386.330493090973,4558.945858761074,2171.914779393644,1047.3332300722054,693.3003516841592,9732.62684022516,159.0125315226159,2491.12131287634,Aurora Petrochemicals Complex,"Shanghai, China",Industrial Gases,989539,3561,261204.99,27.98722108343124,636190.49,6.888478766167658,2364.256574314913,5.311323961708901,61592.28,0.0,97.82304248416806,820.8164789453732,1033.997328866868,275.2195309722724,0.0307016877450432,0.0143630375029361,0.0002257920951965,106.3487383708428,89.53640570428783,85.65,56.8,112,111,15334.270386149576,16.254794572049345
B0-FF001_202301,B0-FF001,2023-01-01,50812.39815772126,93.32877073367092,103.94758695810452,5.527069263129496,1.088278632103982,106.35700788997048,0,0,1425.028124192968,624.5819089615364,10.516237811132658,435415.56,35896.98990266318,24906.37957467746,4939.185889976638,2114.172848574569,1088.7785707588837,696.9427478659366,9933.760565942584,172.78682656954587,2354.906741912003,Aurora Petrochemicals Complex,"Shanghai, China",Industrial Gases,981391,3592,964147.51,28.13846591057669,375394.64,7.156609413456947,2314.098089982429,5.013987218285439,45413.86,0.0,93.29945347208796,826.859598205557,1110.6966426591246,287.0453158048602,0.0321682665415387,0.0149770504560982,0.0002231793510699,104.75643585756616,91.76259123679309,85.33,86.77,114,109,15782.86678536176,15.447342269671
B0-FF001_202302,B0-FF001,2023-02-01,53297.95177229533,91.91736852686007,99.54314413341186,5.770579316350696,1.0693010964481642,107.9579601072245,0,0,1453.0730659944716,623.1493287516817,10.205787512747229,295896.95,38510.315772004,23902.27975003875,4876.890273711313,2065.2234118551937,1082.4058714832036,669.2560728100876,9698.883321980356,162.87301575396012,2353.2921978364247,Aurora Petrochemicals Complex,"Shanghai, China",Industrial Gases,983194,3278,569627.47,27.008181209227008,523024.93,6.722985251398349,2395.555086964386,5.368323833202621,68594.57,0.0,105.7711093573195,836.6248761156643,1097.9521581731865,269.5897212204192,0.031078639786197,0.0144067686865083,0.0002144444162695,109.32154207738698,89.60394001717127,73.5,78.38,118,105,15514.46543529566,16.11625789723056
B0-FF001_202303,B0-FF001,2023-03-01,50593.91396208543,88.48059006250227,99.42190377200806,5.494215675634679,1.0079063613264376,108.58572092851186,0,0,1384.7183814143095,639.5359920822139,10.20213770776322,488362.62,35848.04663625952,24418.00685386546,5189.506096528504,2151.0389452437616,1019.1372498641974,721.3411604158631,9566.161508697996,164.84392614365927,2532.2520859193864,Aurora Petrochemicals Complex,"Shanghai, China",Industrial Gases,1020993,3257,943979.93,28.07195276484931,660910.23,6.843508060110544,2182.625351930374,4.845135162357727,436003.52,0.0,98.21488262975382,826.7155895579717,1082.5650043495632,269.8797515244368,0.031887279808755,0.0135566660131783,0.0002290233856784,107.94717065814456,87.04775859898044,83.07,80.28,108,104,15282.576365507226,15.185756642285456
B0-FF001_202304,B0-FF001,2023-04-01,51746.94818541613,90.20831075708249,108.08544504830913,5.362364212159731,1.0862420263077175,109.41097405432444,0,0,1397.280866339429,629.8553175112464,9.973982984865607,758429.88,36272.00728551472,24535.658255417035,5095.119290163345,2180.192698829125,1091.7904078230551,705.218055106031,9738.11825876392,163.11180413521024,2577.223464187761,Aurora Petrochemicals Complex,"Shanghai, China",Industrial Gases,1009121,3366,778460.03,28.470952328952432,707978.11,6.919951410403678,2478.29714934554,5.176058733322268,792027.86,0.0,100.91932868899336,821.008787814655,1112.0783117075362,261.12987037581627,0.0335204573877636,0.0146906683451595,0.0002313024274987,108.920709784666,88.8854188379159,74.51,79.19,108,109,15836.493154279497,15.272896779141728
B0-FF001_202305,B0-FF001,2023-05-01,51478.791522279855,89.90975710545155,98.66603352417027,5.37496827840268,1.140098458084982,105.23456536330984,0,0,1429.7254190750425,696.0449187074679,9.703967447217142,103986.82,37410.32364075755,26766.509327135565,4988.391895675961,2156.8372097086376,1064.2717111660909,711.8799527902703,9988.139634578734,170.2291056584888,2553.741803333832,Aurora Petrochemicals Complex,"Shanghai, China",Industrial Gases,980406,3392,256289.14,28.57975066517264,36257.35,6.9087745329807175,2320.909181136222,5.127244503874901,419524.87,0.0,100.51034633095291,765.4737665806266,1078.8478952016324,279.25384772736714,0.0302121603721613,0.0140743851143735,0.0002269217261575,104.0037758710608,85.42569594893003,87.72,65.42,108,113,15655.230656318869,16.478610354833364
B0-FF001_202306,B0-FF001,2023-06-01,48116.384553812415,90.95498775403458,100.98945618510814,5.590259178282059,1.1022275428674375,105.17020380397486,0,0,1412.873862181492,662.1185131589971,9.79158887047966,181604.86,38550.954937301576,25247.182885105725,5423.709480762169,2121.7657481077595,1096.0512499527094,709.8034172229696,10323.378617113638,174.4306881616306,2539.725364457798,Aurora Petrochemicals Complex,"Shanghai, China",Industrial Gases,1019341,3456,188981.73,28.806365313647667,789607.66,6.898946130309366,2356.239792148084,5.451914642620397,757487.86,0.0,99.9240039207467,764.3384064882758,1118.4097862928434,277.6738808619508,0.0312860129000663,0.0141293915867392,0.0002212740414213,106.48291180741744,90.55729137714202,90.34,56.07,109,109,15746.579056326582,15.98204214381905
B0-FF001_202307,B0-FF001,2023-07-01,49239.99819743836,91.22927739502774,105.18757432469576,5.285794272071034,1.131718925150886,115.21644735696628,0,0,1431.1505471525338,660.7871424588194,10.270470895236024,479854.78,36545.765881282976,25394.48766342561,4980.993353406047,2069.033326411784,1126.0139277037654,688.9486060107669,10104.311300145928,166.26516857409104,2420.4330148748754,Aurora Petrochemicals Complex,"Shanghai, China",Industrial Gases,995047,3560,891672.14,27.21045031990739,243833.65,6.449386490869221,2352.238275912005,5.338180115275936,745972.8,0.0,102.38909003617492,808.9627854955999,1164.7910225096462,260.408600712384,0.0295554507631132,0.0146332875393215,0.000215755475968,106.0194306279698,92.82310082819072,91.23,54.71,108,111,15393.759137730807,15.202220802855836
B0-FF001_202308,B0-FF001,2023-08-01,52683.86414832831,93.2837672134813,101.42925332975716,5.47423946224666,1.1494871248431031,105.42203616247086,0,0,1540.1873939555248,650.4847649590475,10.44573482129986,187085.55,37969.57870945069,24771.648242485688,5288.824096188736,2249.3857485087224,1152.4899935644012,691.9298502829745,10115.544301980855,169.19541667258798,2454.8636203435885,Aurora Petrochemicals Complex,"Shanghai, China",Industrial Gases,994560,3618,276855.96,26.93781403597941,15639.6,6.586622066230123,2478.022447783804,5.197741756332572,529595.1,0.0,99.7722118972855,812.5385735136779,1127.507636612313,270.5166648457618,0.0296218719207456,0.0148442118422698,0.0002170371204443,106.95183417033476,88.32575500769536,96.4,71.0,113,116,15332.22425566957,15.210705140242675
B0-FF001_202309,B0-FF001,2023-09-01,49354.61652358909,91.55179633413864,103.44324810314951,5.427136412684335,1.059092426385223,101.55702318486638,0,0,1462.4630109608092,646.426688694453,10.3600882392296,294001.38,37668.7635096707,23726.31913695871,5066.01334120467,2165.5720806677814,1089.1096347591265,732.2464932414772,10351.589635024004,161.42473433786154,2595.934467519219,Aurora Petrochemicals Complex,"Shanghai, China",Industrial Gases,985542,3318,500889.33,28.084098931520355,121560.23,7.145708122316606,2351.8248844557043,5.23937319505427,587820.69,0.0,96.9387720541179,808.8277544610656,1097.669269765305,250.68608951352945,0.0324090847631781,0.0145922229691039,0.0002307134558605,104.53475134230044,89.56775509361428,61.01,60.41,115,111,15642.33121073049,14.936313783819724
B0-FF001_202310,B0-FF001,2023-10-01,51799.25550417086,89.21332541341901,104.0274416622668,5.510577228893135,1.023948417742483,106.23534860429778,0,0,1465.2173031464804,666.1950869182482,9.89879475400183,206798.45,37487.31007577756,25680.239529649683,4984.316828093076,2036.296613806804,1074.7100404497082,723.8359535514429,10539.686203095758,169.09816502802252,2397.8985407628847,Aurora Petrochemicals Complex,"Shanghai, China",Industrial Gases,980777,3581,732306.46,27.99960104171905,89941.37,7.055808847406545,2374.9939296490297,5.351521569073243,384547.24,0.0,101.82509863682148,841.6472212486591,1068.4943358887165,275.945764038428,0.0308961205053394,0.0141810263028106,0.0002152431949502,110.68785991645272,85.12938174826844,81.9,72.12,117,110,15589.731788893385,16.007342191930277
B0-FF001_202311,B0-FF001,2023-11-01,50030.87879349465,91.31024181219576,107.14128634062496,5.477849635517916,1.1440360586054463,103.5164363516587,0,0,1505.4985395793374,615.1292725543334,10.76451704817686,339392.3,36620.44671299137,26531.74432908862,4861.0196182933305,2138.9561316394984,1166.9207338509584,717.459951431962,9522.464850422091,166.49753278317382,2485.317651825114,Aurora Petrochemicals Complex,"Shanghai, China",Industrial Gases,999612,3529,694080.85,26.34511171295239,760118.81,6.95074860372744,2368.8032811624803,5.503156388355245,920451.07,0.0,99.82367670233532,803.1105533659587,1106.437745979276,265.24131074661284,0.0313747972569928,0.0143342324623233,0.0002137516867569,111.72788417236896,91.27096040232688,76.71,94.95,107,110,15997.21100646626,15.142897521910822
B0-FF001_202312,B0-FF001,2023-12-01,48631.263607327,89.99519824901601,102.9933855795369,5.525644355162426,1.095989418140899,109.6529563061006,0,0,1450.8611196328145,630.6837197103348,9.951794238734792,625990.74,37200.52883800752,24423.597703071024,5347.417893222173,2254.6509705859785,1079.5061726316428,686.7814879188029,10370.267802003307,165.5902429766213,2582.438068671667,Aurora Petrochemicals Complex,"Shanghai, China",Industrial Gases,980499,3713,641296.46,29.602577945637723,738370.7,7.18030592515402,2387.6110795102086,5.124083263751809,415627.24,0.0,100.45520093925232,798.2122562952414,1149.3897548989485,286.002322305245,0.0331536151706312,0.0137609316254763,0.000231922582857,111.0636985836727,94.54757525704564,94.01,88.46,115,113,16231.373343595887,15.490994217458688
B0-FF001_202401,B0-FF001,2024-01-01,50103.29740221968,86.04440261636722,102.5175368663535,5.665715340984366,1.1256314782188703,106.04025289869423,0,0,1410.7650351315654,649.0353150528528,9.993548729923605,248551.52,38083.23109319254,24655.091574075508,4994.539116700177,2164.0975738095667,1100.1058496344815,741.8914956046747,10156.896619537643,165.41243955391303,2570.79507631922,Aurora Petrochemicals Complex,"Shanghai, China",Industrial Gases,1008167,3522,890856.61,27.354334412661213,336313.56,6.508427938936967,2405.7358984287525,5.0575146162124165,508997.81,0.0,95.83044116701424,825.4442927267531,1109.0707290365488,274.7433946657674,0.0314087015349686,0.0144932748481971,0.0002269281798236,109.92600961769789,89.60618494361289,82.97,69.97,113,112,15832.65797092612,15.7340130820204
B0-FF001_202402,B0-FF001,2024-02-01,47561.07055667276,94.64841816765006,107.01202207987409,5.380838876797469,1.1333538283710731,109.99185601525916,0,0,1432.884977600213,680.3944532554251,10.358184421647124,517340.57,38471.81184468645,25612.81671013395,5074.538402385443,2113.733357412833,1088.0025405935912,730.9763410752196,10392.118343951595,170.9683338382102,2362.4900982460617,Aurora Petrochemicals Complex,"Shanghai, China",Industrial Gases,990936,3512,502728.84,28.45431136776414,993640.13,7.082779787906111,2529.335959092534,5.312151499478126,103097.34,0.0,98.17215039766376,847.5711208873113,1077.6164033236728,266.9139080048371,0.0321876486091725,0.0143576292659527,0.0002124927604759,114.71563804263734,89.73598585936145,85.08,85.96,112,115,15348.242656180664,16.42787583827687
B0-FF001_202403,B0-FF001,2024-03-01,49225.27539735852,89.40882849746744,99.94122572183882,5.591464933325421,1.1303573708714325,112.0126158644563,0,0,1471.2226220223129,666.593618843537,9.969511762192498,891660.85,38659.24951526908,25127.51788642883,5090.022441090121,2157.1114678616914,1094.820745011307,727.9583539157161,9616.568300553912,174.39471632469667,2510.00240421574,Aurora Petrochemicals Complex,"Shanghai, China",Industrial Gases,1047159,3501,863677.58,27.61056883755721,243570.2,6.8601087770763405,2476.8671921072887,5.289591808163175,889323.36,0.0,101.66371290298252,842.9398688760292,1060.3513160913856,288.6078405267473,0.0329616846134943,0.0140767798703402,0.0002313538093212,111.255554201365,91.09415781527514,90.78,66.63,109,112,16023.67069139661,16.23097840353742
B0-FF001_202404,B0-FF001,2024-04-01,50303.05838346903,88.74685216916754,112.55367173908836,5.371941322325442,1.1124275439747229,112.179375525704,0,0,1373.04129245209,643.6456526333906,10.481453714975618,238485.13,38660.82987241051,25805.37431551838,5256.340648621637,2115.2435619482017,1049.2662885112236,720.9240743602767,9874.52819677896,162.42420420261695,2619.3683509125344,Aurora Petrochemicals Complex,"Shanghai, China",Industrial Gases,1007039,3557,104674.55,27.67637054274025,684297.53,6.610070102718735,2323.951757370785,5.207181724677879,848352.77,0.0,103.32273032071632,847.7474863213841,1107.9301478337788,266.54856394912383,0.0324692692161022,0.0152763547520561,0.000222941872401,108.43280533230914,90.42577574669738,97.92,91.43,114,111,15677.0416592542,15.89970617074605
B0-FF001_202405,B0-FF001,2024-05-01,49768.9344213592,95.93059602127477,107.3199289406148,5.375712829179218,1.0869481017218834,111.5980464053074,0,0,1448.0927458835474,664.9328384821926,10.17702956114347,818648.69,38820.83099999221,26513.190557343973,4980.680394031323,2167.331013303562,1049.7406469432788,752.8971699860267,9601.645587012188,177.52904291488585,2536.489200898287,Aurora Petrochemicals Complex,"Shanghai, China",Industrial Gases,1013201,3540,357399.49,28.28595084050124,966335.62,6.796773603273791,2378.5811187353343,5.435619382315375,330461.92,0.0,101.30728449822068,860.3486638201114,1087.1310481555652,278.4406068785295,0.0330760639393531,0.0148103348168653,0.0002148290159385,107.0279365600478,90.94575306123376,93.28,78.91,114,112,15973.624980368866,16.126774882269284
B0-FF001_202406,B0-FF001,2024-06-01,52275.97875938843,82.90273580397935,103.63357436877956,5.417852287045816,1.1289257656510503,108.33546757078204,0,0,1431.7245534794572,663.8498234586851,10.717439022036922,105765.04,36175.99792811227,25100.35461043275,5118.456402366855,2206.449450592762,1082.5352857295095,700.8653626776277,10238.609158002762,163.66772369096805,2615.7406322336,Aurora Petrochemicals Complex,"Shanghai, China",Industrial Gases,1057907,3604,110972.72,28.61181002806831,542697.82,6.8827081133330985,2439.647264736612,5.271380998251213,191199.24,0.0,98.55867894438607,807.8767478507708,1068.7763769927442,281.740739175512,0.0320351363261404,0.0143968235436443,0.0002281934562306,107.54489799683525,88.33997010069285,99.23,60.23,110,120,15185.970929443449,15.622203062347657
B0-FF001_202407,B0-FF001,2024-07-01,47471.080045587856,90.73074657411904,111.15828131156664,5.649470485863537,1.0937679488093843,117.17734628300748,0,0,1462.5569093936383,652.5565389362154,10.499643789234778,958587.02,38381.624269589855,25491.19315446241,4937.518973940403,2299.9689976206314,1086.0430112522724,712.3958331265619,9913.7751580291,168.54147240495604,2712.5580878485835,Aurora Petrochemicals Complex,"Shanghai, China",Industrial Gases,995254,3621,349381.25,27.70554235426149,197033.14,7.046190315749777,2428.1546377128434,5.321995106833529,664033.75,0.0,104.70957753367122,833.4095523161901,1070.253748477924,249.9415674084616,0.0303125085560494,0.0137268367285008,0.0002271077012793,107.43028426782423,85.96005245086869,95.7,88.19,113,113,16102.36101100019,14.62776728687052
B0-FF001_202408,B0-FF001,2024-08-01,50825.178098289696,91.1392646758684,101.23054952186226,5.21993507671696,1.1118800442771075,113.61637658613164,0,0,1467.094062881742,680.3663297957,10.166584817188989,690142.77,36016.766448235314,23842.44068087496,5230.568988748056,2021.9274084015733,1108.343406542489,709.8340801496415,9963.648773887846,167.38826758881055,2439.6594579122147,Aurora Petrochemicals Complex,"Shanghai, China",Industrial Gases,994378,3572,265562.0,27.398551153571614,881721.73,7.301725133135442,2429.0058920150173,5.51383347656756,793344.77,0.0,102.51945151847632,830.776415313423,1153.316454140159,289.9683062239723,0.0329255587039365,0.0148196402373591,0.000202376887574,112.25434624697463,93.8403048175398,67.67,71.63,108,115,15406.36073752013,15.483986996739418
B0-FF001_202409,B0-FF001,2024-09-01,50104.688494284295,97.75298320871816,108.36841137659036,5.853874848386042,1.0560047875018663,106.02593526486388,0,0,1433.4618596049622,699.5085818226105,9.97712700786512,469075.96,38163.327974423584,24049.54814159897,5269.808604658197,2119.1991527448527,1058.4544521038551,717.5846820801003,10127.367777130969,171.0308693776647,2580.3515283491733,Aurora Petrochemicals Complex,"Shanghai, China",Industrial Gases,998522,3449,477348.46,27.33794579151306,762300.83,6.992913508921232,2309.433750326008,5.450566487778332,823923.01,0.0,99.7355854848823,870.8504159456284,1134.4931101788827,278.9628162864674,0.0339048889921582,0.0145222811293961,0.0002222926618312,111.31137013677382,90.09274185687455,65.93,62.17,112,112,16258.828929967229,16.44432894532043
B0-FF001_202410,B0-FF001,2024-10-01,50177.362523415766,92.14834815396782,107.84842125658946,5.645233495948288,1.055526916633346,113.5978151980156,0,0,1412.1751069936522,662.623904697279,10.545643484724362,145072.31,37440.84428820256,26090.61583832115,4985.007608845235,2166.4247105867034,1061.614201390537,756.9308138633024,10423.354579740138,168.631003851067,2509.650991981379,Aurora Petrochemicals Complex,"Shanghai, China",Industrial Gases,969104,3566,451119.92,27.27049023629204,491226.21,6.89396317358714,2555.569506787192,5.290315650318977,780882.96,0.0,100.22041236840708,823.6798169249014,1148.927185890024,264.5597746044274,0.0326038035745609,0.0138117694720234,0.0002343430592069,110.18200975486462,91.42472346932443,78.13,52.46,116,111,17426.507078469993,15.509915967242971
B0-FF001_202411,B0-FF001,2024-11-01,49936.16770399601,89.30502215458903,104.8725767635518,5.860509489149227,1.1531285521549233,105.48013624451904,0,0,1487.3413430968524,646.7801307525583,10.108345974984784,298449.94,37559.293485038776,26464.73874867388,5001.368205948031,2055.000814620023,1054.003369874669,691.8484272898035,10193.192508803366,171.222912930497,2550.316507838728,Aurora Petrochemicals Complex,"Shanghai, China",Industrial Gases,1021219,3554,762026.26,29.450822362665345,658544.29,7.063949582116438,2524.22865510869,5.087269677510191,142590.31,0.0,99.01066594642852,800.4836989033045,1133.3321505334404,291.43504523064524,0.0322110780594085,0.0147950657939255,0.0002260134049521,109.6713873558901,94.30615757238282,74.27,65.18,107,115,15955.428888787514,16.093557528367988
B0-FF001_202412,B0-FF001,2024-12-01,53544.8671137267,88.66985242323851,109.35861597841294,5.535607890641793,1.1020111308756348,110.85721800492708,0,0,1494.6550163527843,662.7521040365814,10.246437037243467,716559.85,38508.52554846616,24452.646457650684,4933.688187465017,2160.7796733154564,1115.9832308886505,765.5667767485215,10236.506823577203,161.24244819262415,2488.578189253717,Aurora Petrochemicals Complex,"Shanghai, China",Industrial Gases,1028332,3481,229134.29,28.560382974158085,399325.84,6.677527304195136,2393.3394745393425,5.607047044427798,618865.68,0.0,95.5290247233718,847.1018423603819,1110.4915272634903,281.63807368511965,0.0328731236576302,0.0141120216989048,0.0002236140904015,108.26520322037344,89.49702803793855,97.55,83.64,107,114,15763.9916971956,16.29987399243197
B0-FF001_202501,B0-FF001,2025-01-01,49482.555470790285,89.42307025532351,106.45966443314354,5.423893624081599,1.1124250577471084,106.6903183902964,0,0,1470.0666862504052,654.5466143846697,10.422608208342623,341082.96,38174.53412276095,25038.98788916945,5267.178016713483,2212.613396270452,1065.0733672105357,734.1334065744256,10567.423461932698,170.0773907963045,2550.655344984997,Aurora Petrochemicals Complex,"Shanghai, China",Industrial Gases,947154,3499,152539.07,27.383485336586016,458080.45,6.813676509871102,2479.124922490977,5.475074904890678,64818.75,0.0,102.02781644957412,881.0451282250856,1146.8617072541315,281.2038739824362,0.030423587256492,0.0144359899398947,0.0002380020759149,115.79487777587296,93.25054080434748,60.07,73.85,115,115,16098.392354538071,16.35792073784685
B0-FF001_202502,B0-FF001,2025-02-01,51002.2793158911,91.79406092771067,104.32149284011952,5.68603928887071,1.1566050588752266,113.18638541659816,0,0,1519.711261871202,666.0242412826025,10.397573058776516,379480.78,40332.82276952121,25204.095314858016,5280.378160308064,2205.0131388661885,1047.6098234062565,703.0666847909943,10120.557537064871,176.27898183178735,2648.670162648934,Aurora Petrochemicals Complex,"Shanghai, China",Industrial Gases,1021344,3537,90593.12,29.03070785666469,790231.08,6.979684867948431,2639.616565694791,5.332625783744459,125418.49,0.0,109.15675732779312,850.9880040133993,1093.6296869486653,279.1337305787605,0.0316868352080038,0.0137467203476305,0.0002324174500981,111.62395917142312,94.0257368906529,81.87,79.5,105,115,15445.036200754466,15.567765915789415
B0-FF001_202503,B0-FF001,2025-03-01,50338.28311454743,86.48626938709535,104.0431195540058,5.51071792046922,1.111395823013236,105.28991458110724,0,0,1434.4485856037898,651.6702099717953,10.602114600102372,545708.71,36933.55334835162,25510.004230570565,4947.903699752783,2145.51776102176,1099.9820633976824,744.5428259910036,10945.982430575428,177.85382716593818,2551.9008090164343,Aurora Petrochemicals Complex,"Shanghai, China",Industrial Gases,1080239,3657,566585.0,28.18316358238944,750834.45,6.746781181318196,2380.561450851472,5.399085329092165,847973.54,0.0,98.11952810726666,835.4330950497975,1140.5477822338237,282.3148078159058,0.0330396657177211,0.0143866411811043,0.0002359781599995,111.61893525579303,94.27470499269992,71.55,71.31,107,110,15884.354238404883,16.031817226442236
B0-FF001_202504,B0-FF001,2025-04-01,55322.982634539614,91.223040240057,101.63168216360788,5.914235936571042,1.1617921897865682,107.2202136192002,0,0,1481.4794866706163,670.4580399682437,10.157019003092078,804274.55,37837.14497564965,23570.321430106185,5150.580025714165,2084.1358062899394,1136.3943970653809,697.977100011589,9570.640006429692,161.97671320403364,2557.0298417167664,Aurora Petrochemicals Complex,"Shanghai, China",Industrial Gases,1018500,3449,476733.16,28.12742609321067,591982.96,6.762134606547129,2498.284962893388,5.145800626693765,504211.29,0.0,103.641906778804,869.2060536574253,1156.691047005046,296.9309694588844,0.0325063265737971,0.0154025503232832,0.0002211024170791,111.0669975417176,91.96191976252577,82.68,73.89,115,109,15808.932861969944,16.76201194211949
B0-FF001_202505,B0-FF001,2025-05-01,52140.10317476976,97.20416967909767,106.509556426743,5.726877724186934,1.1184667608078362,108.36438052368032,0,0,1504.3837705695644,653.3189513294278,10.310195067145749,478651.4,39687.38458808919,25303.88854864787,5308.571051270386,2137.2366197426963,1113.0072072793905,708.3580437656194,10688.374938684872,167.0376293747974,2507.9072899829907,Aurora Petrochemicals Complex,"Shanghai, China",Industrial Gases,975726,3616,974697.23,28.57324499129341,107182.76,6.885342861909102,2452.214826111874,5.395703466033623,662779.42,0.0,107.4802236147166,845.955454590606,1138.79534701793,282.25401266963854,0.0321182642958968,0.0147638488647603,0.0002249214960772,111.6823402975,95.59412215903758,88.24,76.77,104,112,15782.362360682244,16.076650802353047
B0-FF001_202506,B0-FF001,2025-06-01,50952.69482970572,92.87490254543874,105.03491676787232,5.704520686721112,1.0698176424275236,111.689131672909,0,0,1435.210508161371,685.2884099912959,10.37246921229742,391038.27,37475.529960232016,26310.7808391812,5253.413057715916,2113.544571301119,1157.0974633524363,723.5348878706698,10628.34001285996,165.19814329547168,2530.722486527068,Aurora Petrochemicals Complex,"Shanghai, China",Industrial Gases,1027714,3575,211343.95,28.03443491605475,892506.83,6.806341203539527,2371.404500646959,5.625724689650433,572260.91,0.0,101.55476516668028,846.5935156658242,1166.1287927798423,265.18081621598725,0.0314243510086588,0.0150651541702711,0.0002363388345758,113.9814983823456,89.58302586007709,65.44,56.59,115,104,16096.30998268056,16.317922295046596
B0-FF001_202507,B0-FF001,2025-07-01,50577.75858753712,93.10174592841275,104.71952040775228,5.49940107906115,1.18023065250953,112.15762936864928,0,0,1440.8702070305756,649.0496340411241,10.433051173218756,876923.55,39089.31867068479,25108.18094562248,5279.126445371019,2282.774296286761,1097.8534091162928,702.4159356145365,10395.990151687189,182.738955718304,2487.0697387954656,Aurora Petrochemicals Complex,"Shanghai, China",Industrial Gases,1000118,3619,292411.55,26.545215759181325,663019.9,7.3128285931773025,2446.71264060296,5.889075978021664,747055.38,0.0,106.01941073155244,876.2339838165386,1128.3219229486258,281.2417229968799,0.0315869361772105,0.014387018362763,0.0002261649825514,112.3425176950944,97.02251456677828,75.76,70.42,109,113,15704.997437535616,16.946929441720453
B0-FF001_202508,B0-FF001,2025-08-01,50657.086704935005,94.13413654109398,108.30497954260068,5.454805259496185,1.127014193502734,115.59081778043354,0,0,1465.9804159260618,690.1547160387573,10.943871112489392,36244.46,37022.92645337137,25375.94610310849,5368.938339674933,2239.284229902701,1066.325701089224,740.429504702649,10091.682847130469,176.29177634735987,2612.999614026483,Aurora Petrochemicals Complex,"Shanghai, China",Industrial Gases,989247,3610,205498.67,26.65346812760366,826018.23,6.813550351486365,2479.793925314582,5.527626362307244,105027.8,0.0,106.98968252467633,826.3464189587927,1113.5099970268634,287.5505145868527,0.0327395503763858,0.0145121749461262,0.0002261057662621,116.73428376375236,91.88221518172412,69.91,95.46,115,121,15818.756183155914,17.107332055222592
B0-FF001_202509,B0-FF001,2025-09-01,51467.73881930497,92.00634848129678,103.67906326050309,5.624026770997121,1.105859284969026,108.87947056408852,0,0,1529.6326867747534,673.0406054120152,10.365072863418334,684295.1,37713.39009598751,24866.60500928347,5259.255359492353,2189.1201755952343,1119.732767992672,690.2105096121862,10289.123987945515,166.04105435132254,2611.6061779847555,Aurora Petrochemicals Complex,"Shanghai, China",Industrial Gases,1048781,3779,271090.17,27.33099105379371,23759.57,6.90724295257449,2515.833626025025,5.228965222311352,219860.66,0.0,104.83165050632527,822.4869308190684,1160.350934581398,285.98219498174825,0.0340897795256394,0.0143194154956111,0.0002177658400656,114.38461559783404,93.56426830592926,79.39,70.85,116,111,16186.428792356084,15.86708248838909
B0-FF001_202510,B0-FF001,2025-10-01,52088.46755530163,89.55587286547532,108.30542020492086,5.775526588838076,1.136699878447848,117.31706703376328,0,0,1488.0279499325022,684.956890430387,9.942004934193935,720625.72,37348.524222369335,25878.823975138475,5213.45619712079,2262.389253463122,1126.4189692352843,719.8819365814546,10163.63119007943,160.07928792526542,2582.348908282695,Aurora Petrochemicals Complex,"Shanghai, China",Industrial Gases,1054284,3637,320849.84,28.440502549884005,874186.46,7.104248093648637,2456.1980601499754,5.317265212343689,667306.61,0.0,108.48502957098772,829.0342891007695,1127.3403517479398,281.0091062144028,0.0321754749713712,0.0149146210502101,0.0002444188825292,111.4065360648563,94.32379137111263,94.62,56.65,119,113,16349.138489849358,15.805503053536455
B0-FF001_202511,B0-FF001,2025-11-01,51995.22361328431,97.54201047460585,103.1042049127786,6.041878387703054,1.0813975836445306,110.29463628245988,0,0,1447.6950469622936,650.4935603069529,10.06127988704186,848135.8,38421.16302207474,25411.6806339674,5203.345622272837,2112.129024447275,1121.5245941520147,725.9736901853367,10390.342786436506,175.05111117452233,2707.0278435012606,Aurora Petrochemicals Complex,"Shanghai, China",Industrial Gases,1030480,3607,333551.4,26.316380714972063,257657.73,6.803424002568516,2299.418643270599,5.412984042044909,820135.24,0.0,106.09238520596364,872.83621256818,1164.6954835194372,271.0117099668261,0.0325024229103848,0.014960273178099,0.0002296093131,112.08737373671572,93.06555248057232,67.18,88.96,111,108,16025.23087013704,16.151727837909586
B0-FF001_202512,B0-FF001,2025-12-01,51724.76488232656,95.7493478886315,110.5650210619305,5.658395033156189,1.1319227830191096,113.97288884417782,0,0,1516.5417769682288,666.8396251674844,10.404839564303265,802211.81,38389.42887242152,25899.64430126653,5211.365419506184,2267.951476567467,1137.4868202152632,734.6510743727512,9605.7293897233,173.81342707194904,2613.457066212912,Aurora Petrochemicals Complex,"Shanghai, China",Industrial Gases,1040119,3529,649176.11,29.06692812432917,212661.57,7.337820537685779,2448.554832322542,5.307749301754916,686383.69,0.0,104.64921570665032,864.2286337737853,1111.1167079349966,270.8050604967592,0.0323023258069679,0.0142144966201977,0.0002325179356968,115.690537939012,93.57045783166944,64.94,62.08,117,107,15557.362996792916,17.02601599649694
B0-FF001_202601,B0-FF001,2026-01-01,49761.85414708072,94.6737688927935,109.42017907781332,5.353901880205706,1.0773247507352617,116.4237427625146,0,0,1465.49000587306,650.9859277325221,10.62043914856152,634526.16,36494.413293162754,26751.21435276902,4995.11830971262,2166.087646926115,1141.451122316313,731.1404601233189,10780.780084486356,177.12060459758226,2550.26162458463,Aurora Petrochemicals Complex,"Shanghai, China",Industrial Gases,1054165,3655,724876.66,28.658850939971067,721835.05,7.263231711956225,2547.207820022022,5.502245836603189,864430.44,0.0,104.39338173138188,851.7528520243527,1130.293632007891,279.5386283593816,0.0323817303509882,0.0150764912847507,0.0002262262111542,111.92741634636,92.83245324455068,83.86,91.46,113,115,15720.323360679346,16.078680575707377
B0-FF001_202602,B0-FF001,2026-02-01,54763.357121163805,93.11342543836992,104.1785010963156,5.509679980883903,1.0945029356818792,117.77072507156556,0,0,1499.9220193055294,695.8985379965843,10.453992480537154,906718.77,41433.47782484831,24402.88481948824,5585.289425076264,2222.478442419688,1158.093252485668,704.0859907343537,10216.606920064343,167.32543347599017,2580.387992406085,Aurora Petrochemicals Complex,"Shanghai, China",Industrial Gases,1033369,3757,641843.7,28.57598157175444,806466.76,7.323951330557446,2464.215800173459,5.4179076768919,630373.76,0.0,107.18491471524256,822.2876321865667,1110.849463428532,273.06073489432646,0.0331756552128431,0.0152398299590589,0.0002202310889351,113.27906083484449,96.17002371306144,70.35,68.35,110,116,16086.226269716337,16.695797466152
B0-FF001_202603,B0-FF001,2026-03-01,52518.97327504146,91.10631679736991,108.1832891722906,5.834414467864481,1.1216150680634178,112.84539743809128,0,0,1489.4619650039383,690.3874921151441,10.64175929026208,410273.99,37878.68030269666,25073.647842349805,5103.184091644318,2279.990937559201,1057.3308327192856,708.4650675317944,10724.682875930206,180.01712890312987,2514.6125412509336,Aurora Petrochemicals Complex,"Shanghai, China",Industrial Gases,992834,3798,563908.11,27.7087997608835,687675.84,7.208592098072657,2555.168492421624,5.355472979361317,865438.92,0.0,105.2506961575384,877.7594251983879,1186.8581119534122,288.38216401012704,0.0322348531190876,0.0151569695606483,0.0002226474979388,112.346376760524,95.03877457007717,63.97,67.89,115,110,16352.274772827866,16.286246101623146
B0-FF001_202604,B0-FF001,2026-04-01,51929.59447831413,96.82819880072152,110.2338177853165,5.8101901705401,1.1051148660674983,112.47404224800144,0,0,1563.2366700229336,686.1919271243142,11.027325471279156,359994.92,38727.02275793886,25891.571061574712,5282.011269986253,2174.024719191564,1063.4572852569288,740.2798134469751,10351.48525994165,170.8552743532985,2539.925221422808,Aurora Petrochemicals Complex,"Shanghai, China",Industrial Gases,1029947,3531,238878.03,27.795053129599133,271446.99,7.184466562528921,2551.5314103873693,5.4497635486379,575078.82,0.0,98.66351366778554,820.8296529584759,1103.364103147574,273.81025348388374,0.034816638956301,0.0140967644407709,0.0002370186916943,113.1376541139162,94.12206942880614,96.49,90.45,111,117,16700.502030362342,16.14588696033313
B0-FF001_202605,B0-FF001,2026-05-01,51824.69054048054,94.80810262878376,108.74882671952354,5.882237473883048,1.1754784484046148,112.55666642555094,0,0,1488.196510664647,675.7116952919795,10.66775023774531,538466.86,39254.366646300754,25508.957172560327,5473.246975349351,2327.871633337313,1084.391041824941,712.7220741062501,10230.789843547514,177.9060992204092,2739.594003649751,Aurora Petrochemicals Complex,"Shanghai, China",Industrial Gases,1011639,3671,70268.45,29.98990639269722,879614.79,6.940627915336743,2347.315990780323,5.677609781481177,359953.3,0.0,104.40067243180452,808.927863090647,1113.7541622522626,282.3132269441804,0.0321954619994559,0.0148518829200952,0.0002335633651682,119.42977303079662,94.91898119200494,64.55,57.05,118,113,15782.519454570356,15.761944365828436
B0-FF001_202606,B0-FF001,2026-06-01,47868.231143698766,96.0947634601073,103.46787759848748,5.954398488055654,1.1366388504167613,107.51516132643002,0,0,1412.4014476096918,686.0715668730357,10.033828257717008,952323.63,39224.04751161439,26359.05428308976,5323.296778671833,2140.758025377783,1109.3968404681195,757.6094530846565,10392.180879687176,175.2101070583416,2612.107186671103,Aurora Petrochemicals Complex,"Shanghai, China",Industrial Gases,1068494,3605,351607.67,27.73584525276962,877033.49,6.78890738898036,2467.0685770954337,5.524626785148828,656013.06,0.0,105.8520077893764,868.6532567466897,1089.564959288062,286.33126755197446,0.0330525292700372,0.014646953465677,0.000233204959355,114.4119650526019,93.43865449493448,64.52,59.18,121,113,16756.949220901563,16.265436559854834
B0-FF001_202607,B0-FF001,2026-07-01,50794.613542267056,92.96049461486062,107.6954172808364,5.831630617588641,1.2255142689481546,113.08238587591327,0,0,1479.4730137141755,652.0277163366634,10.699481046658413,623089.63,38862.682200013965,26535.617250373376,5214.593925888418,2355.4608973603204,1142.021451471837,754.0776039934588,10044.292227133774,167.7549676302432,2639.622974302731,Aurora Petrochemicals Complex,"Shanghai, China",Industrial Gases,981612,3592,45422.68,28.04199119448913,878484.65,7.274874170156446,2666.9166268418494,5.384231216942172,571269.08,0.0,103.36225880510062,856.1025367316813,1117.008449254133,293.4704479559658,0.0314113937551938,0.0149190314485894,0.0002387354734104,116.2893545906061,95.1772804793177,76.64,99.53,109,115,16202.646641599073,15.231656900472908
B0-FF001_202608,B0-FF001,2026-08-01,50342.299701344506,90.3675596627142,105.23014929782651,5.66505138594354,1.1343259774952763,110.37820598874784,0,0,1505.2926954445793,678.5663058156259,11.096919209802216,833697.22,38645.82486627187,25967.74228322468,5225.531906733871,2274.1441284818534,1120.6668929130274,692.288021607697,10374.048341457868,174.0590281974204,2706.968142271493,Aurora Petrochemicals Complex,"Shanghai, China",Industrial Gases,1006269,3484,466281.96,29.37077625272672,294340.46,7.650153964284267,2675.3652373900354,5.512027524469001,573433.17,0.0,103.54404013732788,838.0887514467952,1175.6106731435052,290.2568755624661,0.032169563692845,0.0149725635566858,0.0002304196530456,112.3984966238664,91.68244178743224,75.35,67.72,115,117,16394.62696661607,16.402988290402803
B0-FF001_202609,B0-FF001,2026-09-01,51310.11306090684,97.30862416581732,105.2331944016024,5.454351818605356,1.1094751937039549,116.65085409505348,0,0,1442.0568880132182,723.3965103618497,10.456257765842862,68419.65,41694.49021231734,25053.48525395276,5153.430638467538,2221.4980543768806,1138.345524775561,718.4578054135708,10851.187148117082,178.17779499064966,2609.3365268064963,Aurora Petrochemicals Complex,"Shanghai, China",Industrial Gases,1072663,3661,433547.27,30.37546248941444,297256.61,6.936057800634515,2451.958487635993,5.53312403163399,532804.3,0.0,103.62247729653056,855.416727009835,1103.0629984606103,282.72033406398805,0.0341716490465008,0.0152981319407705,0.0002324452966031,113.59916646838556,93.54127123574864,71.85,65.1,116,116,15706.833847164837,16.14731780942829
B0-FF001_202610,B0-FF001,2026-10-01,52522.9386447461,91.3715342287588,105.91281847097832,5.700178050709547,1.141724625571004,113.9978818249751,0,0,1495.2875947405148,679.9959671981522,10.440206497675169,302679.53,41123.03376654001,25809.54192749305,5136.003851642748,2181.9679453836206,1122.5747096030525,735.1450066878783,10550.646784625753,176.875890368284,2637.4449513873365,Aurora Petrochemicals Complex,"Shanghai, China",Industrial Gases,1032085,3887,313829.88,27.750949124317486,49647.74,7.005759215249901,2530.379273548333,5.406462559477299,420898.26,0.0,102.97973620558004,807.7819336007111,1184.6199417210298,294.15638082771227,0.0317652034942888,0.0149055458491284,0.0002242572633141,111.87549873269272,95.47041059880942,80.28,81.98,116,119,16017.673299170208,16.126308438384942
B0-FF001_202611,B0-FF001,2026-11-01,48200.41005645866,93.9360398093717,110.09591843196289,5.7929969518624205,1.1272628256586676,116.25610503789824,0,0,1526.8347053599723,706.7382273848596,10.67626853190897,289233.67,39111.50087348855,25740.1995399191,5303.846746229655,2341.08646661072,1104.9924778689074,732.0192736577384,10554.1260017887,178.20055791537703,2640.5333729549247,Aurora Petrochemicals Complex,"Shanghai, China",Industrial Gases,1062212,3894,525833.34,29.24453989299324,342404.99,7.166852201694518,2567.3949656824134,5.497503536210658,661902.95,0.0,102.47516624957672,888.6519296139602,1183.5445544152733,289.4273341672911,0.0326249020443845,0.015264916391408,0.0002408947420162,112.66781827137612,90.08717214935506,92.02,95.69,117,120,17103.042871381753,16.18440046694269
B0-FF001_202612,B0-FF001,2026-12-01,52637.37143675968,92.8953029319451,105.00839519239588,5.583806719921657,1.174737236687575,114.53637744106544,0,0,1529.091516328495,662.4618766124114,10.908549252882231,415684.55,41302.088868668136,24615.1588415873,5146.705478521043,2284.354352323541,1166.8119848012077,723.3055007357987,10285.181119001174,175.57803755294114,2766.0821548201143,Aurora Petrochemicals Complex,"Shanghai, China",Industrial Gases,987233,3645,334104.36,28.063493674204462,487923.43,7.12023394644566,2546.4161833521616,5.515337294867964,444529.05,0.0,105.4690811284794,889.090537399604,1163.8276997538148,283.6775153395248,0.0328485016457669,0.0144068203488337,0.0002465131502507,117.3900879893632,87.05894322033724,88.17,96.17,117,107,16141.544989531156,17.00935324180555
B0-FF002_201001,B0-FF002,2010-01-01,14545.061492354782,77.03356304292346,85.89457230518535,4.072564577758329,0.9012319919096724,87.66111486754403,0,0,5432.9378245693015,8149.503917256351,43.86650203891476,139158.88,4459.894534371201,3110.896791539937,1136.868753308279,416.8406922102324,182.8763638492246,246.8572194507559,1197.8096739842597,54.52379682655808,181.31589110395103,Nordic Specialty Plastics Plant,"Odense, Denmark",Specialty Chemicals,192300,725,414688.28,22.413016448428785,683011.36,8.741846818804381,330.2678573344671,5.134151601171222,118806.23,1.444558209522255,85.10329150212023,263.3149255402781,372.7001838566338,92.5669472361679,0.341231501981897,0.520662679025475,0.0026864518006515,88.61755774722538,77.9084740000112,89.09,82.51,92,87,6775.636628279229,16.395502810254854
B0-FF002_201002,B0-FF002,2010-02-01,13912.940816698325,75.88617633227788,86.61700523719753,3.985913809851344,0.8783928519800017,87.76899789133967,0,0,5206.397195873698,7933.113963838611,40.91567762541076,700519.81,4519.6216296478615,2855.7670445940025,1188.7596388100983,430.1428964038445,187.2882732041832,257.21614332007675,1181.1456403371244,58.75178854353568,170.62533588943305,Nordic Specialty Plastics Plant,"Odense, Denmark",Specialty Chemicals,203312,780,942768.69,23.40650366353364,712724.28,8.602725678203452,320.13473434095295,4.839339708290012,920730.04,1.3718123612211743,79.5182392799497,277.21717391204726,387.1614246751467,95.94778140383715,0.3484279690331024,0.5151389991286944,0.002728820271289,87.69843114769401,77.47254179694538,79.32,83.24,89,88,6617.378114192264,16.668072808157593
B0-FF002_201003,B0-FF002,2010-03-01,14306.899877373671,77.15694492967415,86.3433983505838,4.040805208343791,0.9324114283145352,84.87294434891973,0,0,5295.858526747102,8440.069448832222,41.44913460570228,988614.59,4456.367019524296,3111.065829422994,1185.8565809868746,419.9162924698842,182.75544532420736,254.5498587066844,1158.9814473512135,58.087950106983776,171.4234091895463,Nordic Specialty Plastics Plant,"Odense, Denmark",Specialty Chemicals,200734,772,708881.47,23.485489935608463,628107.84,8.670374671621301,328.98016222534034,4.654574711947042,362301.82,1.4166767812252723,78.63782804052411,297.05127391527583,374.660851188849,99.57098839150144,0.3388600549378848,0.4924993960221291,0.0026860749013224,90.18729226963936,81.32056574004852,84.56,91.98,93,89,7316.415700832881,16.206406949408308
B0-FF002_201004,B0-FF002,2010-04-01,14017.253874745453,76.77095321313871,84.21076037551288,3.973547791979152,0.9355890941399176,84.93767544229588,0,0,5495.679721716319,8089.63607710156,40.377148475873895,253448.79,4562.294088001759,3026.012214104574,1174.0233879144762,442.1330569309001,188.49200182032047,252.72271024990613,1118.3370336230475,56.47639907226885,171.40291198772172,Nordic Specialty Plastics Plant,"Odense, Denmark",Specialty Chemicals,187021,751,528619.92,22.69055138393673,780544.2,8.642628288278473,327.75090149824507,4.845436883855116,149190.41,1.436738559752512,87.36966660059652,282.7111615314959,385.484371854434,99.20049875815498,0.3234881101299689,0.5485742758516665,0.0027632212784943,85.19366033314733,79.5887620048007,75.82,71.69,91,93,6869.484663661518,16.1804607617409
B0-FF002_201005,B0-FF002,2010-05-01,14283.612227279353,80.1714958984877,83.01951490810264,4.282740030174924,0.8874615504582376,91.15614631550676,0,0,5185.84530971109,7671.658922712279,41.6903093473179,171811.93,4359.432968882079,3105.68641212736,1161.0324498867417,414.9919421833326,188.76594717573715,256.1854054958854,1159.9772932252358,60.05823777403212,185.43844017941672,Nordic Specialty Plastics Plant,"Odense, Denmark",Specialty Chemicals,192574,774,122889.57,24.3530361764874,364114.13,8.462578964520139,316.52385353966963,5.093674486945137,853839.56,1.3832891753796823,84.36767091239395,290.1945178298523,396.69653185517245,97.07842621131816,0.3410784708052911,0.5166233251766834,0.0025678883264481,89.3885363468165,78.96763854164149,84.96,86.59,87,90,7171.565284256327,17.254429866392513
B0-FF002_201006,B0-FF002,2010-06-01,14067.11151730285,77.2289223904388,84.76453881300235,3.949700043526072,0.9275722845799368,94.40183998592016,0,0,5451.748694671232,8178.345798864595,42.19360541249032,431613.61,4310.289972356087,2899.9576684562885,1158.763496141932,426.7041840842429,183.78423491600145,270.5086053217116,1176.018163815223,57.03592434436439,174.63127336969444,Nordic Specialty Plastics Plant,"Odense, Denmark",Specialty Chemicals,205161,762,58834.57,23.50903880105462,91065.57,8.776818734651187,349.8843404021222,5.212675642766372,669307.82,1.3492739264688811,85.90397583850572,299.7208625067811,382.27519172813015,95.48265962958928,0.330668304051648,0.5007806276172975,0.0027673254311076,89.0193533794618,79.64093083397003,96.38,88.01,92,87,7040.129208130958,16.45015529237784
B0-FF002_201007,B0-FF002,2010-07-01,13973.060342271605,72.1507324986694,84.13855438058403,4.120298301980369,0.8924563058286765,88.2425813049782,0,0,4965.814889865205,8067.073601719133,41.95537194662094,442855.42,4599.855639757249,2897.7333685261806,1161.176910602419,407.617359144103,184.36470976863345,257.6130488636894,1182.914233034969,57.689532001817234,174.3638612372677,Nordic Specialty Plastics Plant,"Odense, Denmark",Specialty Chemicals,200091,797,796432.8,23.83062558776896,563377.2,8.296708471623543,335.0678257445748,5.126517530122317,321922.62,1.4853443577488474,82.77938754232461,289.9374594162747,382.2644146416315,95.8910382677012,0.3383159139570702,0.5397155563594586,0.0025519768621574,87.45975776117939,81.92502362738645,69.69,56.65,95,93,6939.144996617401,15.266891381782807
B0-FF002_201008,B0-FF002,2010-08-01,13473.8167307451,77.57820195543181,87.91514053203558,4.182397846976658,0.8959059280619869,88.33678262645874,0,0,5332.393742850077,8115.748173875164,39.78354243177355,442078.38,4503.703331323134,3124.9081903128285,1138.4591540095098,429.6640680935148,189.41240098289336,251.4723921493921,1127.6313888211855,59.91384178930593,178.36545198731272,Nordic Specialty Plastics Plant,"Odense, Denmark",Specialty Chemicals,201268,782,864974.62,23.418708762688272,292089.75,8.451445726309853,340.30225548971606,5.101154761368889,265508.41,1.408434319659853,80.60727851129822,288.145530942162,391.1068039264395,93.35594734554677,0.3438668100188179,0.5303535454931763,0.0027359762792724,91.5253491602189,76.22414773379136,60.04,66.48,95,91,7094.256948934193,16.031377869588145
B0-FF002_201009,B0-FF002,2010-09-01,13710.711471886169,76.19769647752281,84.98681952932095,4.347616820072165,0.8988773174701664,90.04889967488761,0,0,5244.178256029692,8286.450076385894,42.48316254930137,293975.75,4593.341841111007,2988.6741571235348,1150.7522387744507,432.82452994194256,195.04143118867373,251.41798473846924,1234.0659290149608,55.71337046484073,175.37681864483855,Nordic Specialty Plastics Plant,"Odense, Denmark",Specialty Chemicals,196918,789,760656.27,21.99581900389044,553846.39,8.323832152474301,314.70465864306533,5.011563489588729,489635.74,1.437103986836818,88.83171936795439,286.53405220769235,393.7928450011669,97.42060985224484,0.3686051079975426,0.473908102988025,0.002629156589801,92.19060205589116,77.45813778257454,98.7,87.3,93,88,7050.696978931837,16.745762695985743
B0-FF002_201010,B0-FF002,2010-10-01,14278.246471788563,79.71109468734988,89.2975944508173,3.893254647018863,0.914499411123683,85.95959591696564,0,0,4926.072659870991,8336.042311402418,41.662805026892144,649747.17,4712.433911956964,3076.925129115691,1176.6933111565809,427.6021110413664,180.3436199254104,251.645733192618,1264.1963098712322,57.65299581528341,174.10934372636694,Nordic Specialty Plastics Plant,"Odense, Denmark",Specialty Chemicals,207997,747,677556.46,21.85497675199949,587032.41,8.761397426982066,334.01598436053007,4.796797876839223,562253.76,1.4576219284181668,83.06700186496529,296.0538126243094,389.390764649805,96.16677651997048,0.3376291889701465,0.5218414532281976,0.0026728715427476,92.52242835780596,78.47150356332912,80.34,78.51,90,90,6500.054369641406,16.021514181926285
B0-FF002_201011,B0-FF002,2010-11-01,13882.948488781389,78.17505368808393,84.43529734420686,4.226493693681139,0.8910998999380778,87.43835771888101,0,0,5577.905990187191,8352.372616735978,40.58392128087436,799709.79,4690.933693098215,2942.7277396177924,1131.3465002633227,420.9360391322823,179.08428410203425,247.6866566451413,1180.7869420077168,59.27127346437288,175.59136683712578,Nordic Specialty Plastics Plant,"Odense, Denmark",Specialty Chemicals,199818,773,647249.09,23.387815108389336,103019.36,8.616680377129718,317.5838105070373,5.185004558453081,317415.93,1.448125612491853,85.5866664117522,279.426237075067,404.91404463044375,96.42048843239252,0.3497318662670962,0.5453524757642847,0.0027008589836886,87.44789793044879,73.51852610215802,92.87,99.28,90,92,7124.116754241172,17.05335389160428
B0-FF002_201012,B0-FF002,2010-12-01,14162.682050883675,79.46169110016895,85.95847969732404,4.115103777543412,0.8994822595898033,88.04648536557355,0,0,5199.497810302134,8056.608884543241,44.39954365519156,404070.92,4401.090571212171,3130.396207964795,1196.0026458539485,428.0284068226951,183.29948012025923,247.7069100166619,1204.782702412198,56.98269289312149,181.17459628859515,Nordic Specialty Plastics Plant,"Odense, Denmark",Specialty Chemicals,209306,785,920060.85,22.726803839958425,486461.7,9.081168673183017,344.4642971955865,5.252578636131276,231016.13,1.4700770882537424,85.3735075548444,302.49593001090346,393.0522056129427,100.09422080364978,0.3301336141853481,0.5195688937365599,0.0027637721945537,92.75546106988656,81.71569596801034,69.38,66.12,91,91,7093.88448088118,16.10046415218446
B0-FF002_201101,B0-FF002,2011-01-01,14165.794885173564,79.46524853353678,80.71690623134168,4.219312702545073,0.9192794723864278,90.2696312843815,0,0,5208.973363604051,8012.556906491487,42.9662052717761,452215.61,4363.394803235603,3199.942663111576,1148.7419522164928,428.2355714994391,197.3567845753975,238.5937833106636,1137.0181845973073,59.32201381541522,162.57772322929975,Nordic Specialty Plastics Plant,"Odense, Denmark",Specialty Chemicals,188914,814,430814.51,24.55999174829942,336139.82,8.718737844789564,334.66141556253564,5.037386314388434,389271.63,1.4070312317514906,85.28721210507166,302.67269973730146,397.4229907567567,96.00855388773444,0.3320534815682638,0.5130138961674316,0.0025983228521495,91.30810867592724,81.62239804941166,67.98,96.02,96,92,7200.810991287986,16.155746326726263
B0-FF002_201102,B0-FF002,2011-02-01,14144.1395645615,82.82968020855412,85.14863409281566,4.305975700199438,0.9465834425784456,91.69947421039234,0,0,5452.883344846076,7946.955561751381,41.98725641833568,641136.0,4465.965704845399,2981.7817689277304,1113.4833886252238,425.53096418809776,192.13770728664204,247.98217193851792,1200.6162877101897,58.230304970182246,172.35664125449355,Nordic Specialty Plastics Plant,"Odense, Denmark",Specialty Chemicals,206587,827,211569.72,22.591228879091968,286210.24,9.079506948855432,325.2389561215851,4.858119388646913,21136.04,1.4443687548970818,82.64866565378735,289.76433552060536,384.3021368821003,95.57454548356525,0.353127696145487,0.5369107792331971,0.0027732449350268,93.28053381302996,77.5919004496229,95.21,67.12,92,88,7107.75738724824,16.953253380459948
B0-FF002_201103,B0-FF002,2011-03-01,14543.23685848981,77.64388354953682,91.68241792708966,3.941771201299741,0.9202929431472554,94.47609663379546,0,0,5187.445450080671,8285.512795657622,42.238395467769344,964069.54,4667.586971071071,2988.269158818607,1153.870719118463,436.6980413979705,187.22643026023903,256.28812180413604,1194.2144878177653,61.19199459998064,171.2231208397479,Nordic Specialty Plastics Plant,"Odense, Denmark",Specialty Chemicals,198979,800,983650.63,22.388514686230984,741703.59,9.056218038013574,340.0920806524612,4.994203480300425,598074.61,1.4507088157788848,86.36979859692883,293.7384643758944,404.0020142673837,95.1434046438961,0.3359823913173593,0.5425751675423444,0.0025891246572244,89.67589784863029,78.13840367526926,70.59,82.84,94,92,7240.918032520013,17.24434375535749
B0-FF002_201104,B0-FF002,2011-04-01,14171.493803506455,86.35134041525649,85.98716808321281,4.106775540301699,0.8989749976700714,91.38971561786184,0,0,5330.859624286219,8155.0070457185875,42.54266350217156,471488.44,4500.507705252374,3166.435087067555,1169.844896533443,436.6494491328267,183.26255531853923,251.9291138946181,1158.7090195406795,62.05249999117537,183.6235353288225,Nordic Specialty Plastics Plant,"Odense, Denmark",Specialty Chemicals,205674,841,571541.87,23.015629036703853,739170.55,9.199211994281828,321.91794350262785,4.811711487156663,256352.95,1.4153768454777946,79.27585068525515,280.9580682861865,386.45631276828897,98.40276636659893,0.3444220553703476,0.5576615430989407,0.0026955711346579,92.03480755292338,76.0968985394045,81.54,54.78,88,89,7184.696255669722,16.398111331614842
B0-FF002_201105,B0-FF002,2011-05-01,14312.421713421829,81.40584603137602,92.32052261003942,4.111133078322265,0.968518613003904,84.74807962556582,0,0,5285.277595194878,8384.479695698541,42.12538736458856,767784.35,4344.362450488278,3138.350757631231,1123.7729268173105,441.97167140306885,189.2451504565864,254.3716931120874,1201.8679740603477,59.7700601918514,170.34552218655875,Nordic Specialty Plastics Plant,"Odense, Denmark",Specialty Chemicals,202592,764,835932.56,23.615297722752967,472793.22,9.011836190139745,324.1404831877404,4.984554653476151,573227.52,1.4295407011891872,83.11006513449077,288.44575285746714,377.5845111808251,93.39170493978264,0.3368459873670653,0.5366149777475725,0.0027351758430376,87.95018690587676,79.13053467333152,84.95,94.69,88,98,7054.765984640108,16.110971608495003
B0-FF002_201106,B0-FF002,2011-06-01,14449.671903812914,80.00752582366533,83.09170963840592,4.155820032764362,0.9481146828357758,89.5296575941694,0,0,5475.542714473111,8088.326622324973,41.717623407437344,813883.1,4477.643789756269,2972.4014197293104,1184.29431161199,440.304342347385,191.80744673069813,237.06394126105155,1182.5123961944848,60.97843471167828,178.55265847459526,Nordic Specialty Plastics Plant,"Odense, Denmark",Specialty Chemicals,195095,822,491507.84,22.990621187611485,930841.06,9.393759691527269,321.0499661230926,5.083883465115177,580138.65,1.472906529505712,83.3396860062173,294.7201732969951,407.22182175964826,95.5218907913417,0.3442286974322449,0.5235764536913284,0.0026682221366262,92.1812097176605,79.97115559676165,87.38,55.69,89,92,7088.4582357473655,16.818067288148487
B0-FF002_201107,B0-FF002,2011-07-01,14388.353382441652,77.95775963594185,91.04428582637765,4.383894560033662,0.9372972048009096,91.90009944021712,0,0,4990.734425814844,8243.22210056259,41.78161696210315,632765.65,4723.87947868877,3081.79818925282,1172.169878859324,415.1726012393079,188.42459180794688,261.5329665504749,1177.5573807541778,55.47168263662187,189.13620431688167,Nordic Specialty Plastics Plant,"Odense, Denmark",Specialty Chemicals,204917,788,268045.82,23.32663851648805,123994.88,9.20575397747051,319.2868210739606,5.076343439335997,417554.99,1.4031996733159988,82.85688459973817,285.8305967870275,402.1326220862682,99.49766127338738,0.3249652468342029,0.5335363196073187,0.0027027956149352,91.33172394317748,78.3038847613472,83.52,64.59,90,88,7044.620329381951,17.11818335915242
B0-FF002_201108,B0-FF002,2011-08-01,14232.193411917042,76.81470571730723,89.35370589566978,4.331731262910851,0.9239534849559052,86.04582195163385,0,0,5261.655226331784,8399.662601273103,41.40981152994405,520252.52,4548.687254006242,3141.1344166882072,1186.0597936184192,431.439229529872,184.73740345279123,256.9726874280351,1200.20988808917,57.55415112641633,178.14090824116687,Nordic Specialty Plastics Plant,"Odense, Denmark",Specialty Chemicals,205366,786,230597.19,23.44326411620717,320920.99,9.242314959855069,340.07259304217547,5.164624688046611,492559.05,1.346885280983261,88.30000000291675,293.9405156175193,396.34907997514506,100.38922220085466,0.3655285204201131,0.5201737238435067,0.0026844399937706,89.41997836015835,77.84645226216843,74.27,99.68,94,98,7556.902262331037,16.332175561965645
B0-FF002_201109,B0-FF002,2011-09-01,14315.638693100518,83.5151484194981,88.60457156879778,4.177628373696412,0.9175090028893472,93.72117246911786,0,0,5455.7200158064525,8276.952678539263,43.63278833899751,580898.76,4512.624496057481,3096.836995783912,1131.4004952887003,442.5644947100635,194.48642748730785,251.98386105129367,1178.7612787068888,58.07611536434605,177.193411733792,Nordic Specialty Plastics Plant,"Odense, Denmark",Specialty Chemicals,204736,834,212380.65,23.871091691559425,328588.3,8.650227947351452,349.6398690349864,4.983318828311828,685112.22,1.4776982231229077,85.76974135646245,303.94242436325794,398.0814334650044,101.85334311886017,0.3505643965159416,0.528942886743152,0.0027367286273254,91.71359080905988,77.43240910869216,74.79,63.12,89,91,6903.694162482581,16.552660932879448
B0-FF002_201110,B0-FF002,2011-10-01,14385.385044284429,79.65979398051995,83.83338628049022,4.143189596952403,0.89922790144668,88.91093396912673,0,0,5194.380547319283,8666.732062002146,42.02909222755438,274274.88,4469.434119352866,3097.5663506614314,1260.458215980777,415.0554496164042,178.08970736333978,259.46301012138,1233.5955014471256,59.34880544001359,180.9428952989651,Nordic Specialty Plastics Plant,"Odense, Denmark",Specialty Chemicals,196777,774,96785.58,24.551114855677955,248311.49,9.071798822055172,322.5743203384624,5.091012131856036,140037.18,1.5293538094299903,83.12312763510965,287.15862270985855,375.8611656671474,99.30623346180056,0.3468377944433184,0.5543221769346293,0.0027979766334621,89.8248480298107,82.75557245204404,94.69,97.01,93,89,7365.728681938448,17.954621053930154
B0-FF002_201111,B0-FF002,2011-11-01,14344.061932891596,79.17114354547166,87.36209204778083,4.102161779554164,0.9343730544534122,87.16172241951276,0,0,5089.024996863638,7997.636652701378,42.168375406397146,443911.49,4721.213806260787,3171.7312959761744,1130.8547644821322,426.91892821491393,184.9209172464872,257.2279045000549,1215.1586417098254,56.89673890596103,175.65472420368312,Nordic Specialty Plastics Plant,"Odense, Denmark",Specialty Chemicals,207513,782,969852.68,24.540911119679794,940519.24,8.34288518845684,334.8941066450307,5.474521998785032,90788.64,1.455071147476601,89.22001474880406,296.5067567042099,402.1393121704803,98.55722041621962,0.3489610593973901,0.5377512477700748,0.0028090204128541,90.93669427216372,79.63817121110334,91.12,82.87,95,94,6933.523920107017,15.866690745707734
B0-FF002_201112,B0-FF002,2011-12-01,14429.239943256098,83.09793867799146,86.55785747484389,3.9963797428702095,0.9119074936028368,91.77229872673284,0,0,5592.989123376699,8534.271192236325,41.28509879240613,267852.94,4645.257947498553,2988.3624530438155,1255.912537313962,434.669100760638,179.2111455584931,252.60630665118472,1181.357354321411,58.19768536984641,175.85794926253084,Nordic Specialty Plastics Plant,"Odense, Denmark",Specialty Chemicals,202655,791,412389.3,23.795204928477546,692668.98,9.249707612679764,321.91346321525623,5.133697910119494,55720.37,1.44844829326583,86.45249464044004,286.40499418757736,388.2317879501994,103.98553848547854,0.3551027416313213,0.5383366063828109,0.0025821700019773,90.26942072708556,85.07541421868166,87.05,60.29,93,91,7228.136432210503,16.076648899290348
B0-FF002_201201,B0-FF002,2012-01-01,13811.506610885852,79.17845228948217,88.44300408187898,3.986026413677153,0.9330994516231346,88.28834202181314,0,0,5434.684488815026,8084.911361127718,43.09275036323507,710192.47,4663.484162802703,3207.85657324096,1218.1929536163057,465.1722449181723,179.47777084458076,259.4010768745232,1168.6390123285075,59.18246887948536,178.48314363445763,Nordic Specialty Plastics Plant,"Odense, Denmark",Specialty Chemicals,218489,798,666092.06,24.120221082255178,370118.36,9.436446281073827,341.36349853126825,5.172819185561227,477852.31,1.5449689154249682,84.37265394369668,295.2757929291906,387.0777026125672,96.39073767352448,0.3352227873571028,0.5340150756611324,0.0025829665513872,91.70182852214532,83.53363185225675,77.0,91.75,90,89,7390.205435024572,16.645281387922086
B0-FF002_201202,B0-FF002,2012-02-01,14493.390544206675,80.59107071332456,89.828739277873,4.420171263712279,0.9716229944696736,84.74846411384277,0,0,5588.836386396496,8322.240731371134,43.68962218641919,340661.72,4472.755060969605,3027.8523312501725,1141.0554248222152,420.8863666512525,182.3722108967696,250.71918810387663,1179.3770039784133,60.27473237938206,180.613863944254,Nordic Specialty Plastics Plant,"Odense, Denmark",Specialty Chemicals,207188,829,37648.23,22.89600194683424,69433.0,9.20025939164686,336.61494043941286,5.066619009226905,239178.76,1.4512074868526,86.51319552178967,300.1841180141425,386.7148769083964,94.69656430630523,0.32654192202992,0.5472709191811566,0.0026183003383221,93.7883638741696,78.26408412481231,62.76,81.27,94,89,7042.919282144997,16.881852105442597
B0-FF002_201203,B0-FF002,2012-03-01,14020.590882330716,84.65719142688823,83.61282782329731,4.166638043063256,0.9676006927613562,87.61921128074208,0,0,5311.257646011295,8312.887967929342,43.68980088092943,347839.39,4728.818428834621,3149.6223169005484,1176.702089255445,452.8656776564541,186.81704627221967,265.7543744414357,1194.4629231253796,59.083654814648845,178.0746381978088,Nordic Specialty Plastics Plant,"Odense, Denmark",Specialty Chemicals,207127,744,592645.51,23.40403804487521,317852.84,9.10395759954178,339.49109964136863,4.7559785070791785,498900.11,1.4765889171697844,86.81269215231193,289.1299712113955,404.614558010354,98.94294308493792,0.3579516463370578,0.5531532596624206,0.0027754538794126,94.16310722295005,79.6970923562835,68.99,85.89,92,90,7080.581559461787,16.354163411415477
B0-FF002_201204,B0-FF002,2012-04-01,14900.854381266,84.26230490822176,90.7123668613515,4.512841538491311,0.920360971732374,93.00047582501507,0,0,5208.632300026621,8485.483899889023,42.564053499849415,235357.94,4533.799115717781,3284.736413982252,1213.9938008349004,448.74844793328685,192.0370689751455,258.0307120375052,1223.1305012597657,60.16785557064067,173.2891515196153,Nordic Specialty Plastics Plant,"Odense, Denmark",Specialty Chemicals,210015,830,864402.97,23.138376132486147,590072.98,9.454572649126558,331.4119543190129,5.166746189193901,376911.63,1.4532238275153258,84.42727703868755,287.9040850904562,405.1763274833015,96.86768646204784,0.3539917799609363,0.535934592117033,0.0028183409438826,91.0447936727716,83.92020613380943,85.83,85.15,89,100,7167.440865940072,17.05282034930296
B0-FF002_201205,B0-FF002,2012-05-01,14322.8277628865,77.56254852462206,87.00072792907818,4.159039109167038,0.939607510084486,94.56291130872089,0,0,5520.308523055327,7914.440733509952,40.93102570438244,694840.29,4583.130366658996,2945.91404584824,1175.9612242442684,421.1785614138036,194.37189970715184,263.1971137693817,1213.131209598621,56.39797356917026,178.14423394181551,Nordic Specialty Plastics Plant,"Odense, Denmark",Specialty Chemicals,207613,823,764291.99,24.328078308909515,959096.3,8.915507894227186,328.9157947826713,5.280478038013764,626576.92,1.493583904890312,84.99171771655668,285.873465310727,392.1339186514912,99.06494789863494,0.3516192541764732,0.5233474745618611,0.0027618146038141,96.14522774371574,77.30840484886114,92.58,72.94,89,92,7335.718568299173,16.93181093982482
B0-FF002_201206,B0-FF002,2012-06-01,14574.385617860027,81.67772564098676,95.20716064576784,4.435645373895685,0.9162404252581948,94.4944721288542,0,0,5315.738010020524,8478.560390645795,42.74037732112775,933369.52,4534.340225450082,3219.027739301212,1174.6991758501476,429.73689342258393,196.29818258893624,259.0022370764744,1221.467815814234,61.74138120799098,186.73761381166943,Nordic Specialty Plastics Plant,"Odense, Denmark",Specialty Chemicals,192716,802,897765.66,23.29578072013667,47690.08,8.90845280486405,326.4960022906322,4.916792265563576,565055.29,1.5353703365600917,81.28233095514062,294.39635529702485,406.1508119188856,100.00732966967752,0.3383726345764261,0.528211426521346,0.0027884329939443,92.12966458308703,81.38340231914196,92.57,63.53,96,92,6996.109854993321,18.120368432010327
B0-FF002_201207,B0-FF002,2012-07-01,14591.59029118084,75.24226232952851,91.97150593280236,4.374559146673917,0.9497962737969556,93.46513506728311,0,0,5493.635288907413,8871.259921038381,46.02007058824538,720424.31,4927.501511936053,3204.751566556914,1257.981412282842,450.5345866724464,193.83393908783648,277.7353699380876,1207.9345542991027,63.38661756811343,191.01473833853936,Nordic Specialty Plastics Plant,"Odense, Denmark",Specialty Chemicals,214557,804,93751.85,22.697720600937107,522609.4,9.18405341045206,322.8635697043666,5.042019961993884,524930.64,1.4629127680923577,89.44188676407586,302.7694816453971,394.2735547881028,99.77074763519336,0.3522841103230871,0.503580810325389,0.0028456302489107,92.778322670526,84.01194859092429,61.36,79.03,94,94,7543.082958535092,17.038622276456415
B0-FF002_201208,B0-FF002,2012-08-01,14771.553344491247,78.62177727324443,88.62632094887029,4.405992135220513,0.9502466444229084,88.86891189708571,0,0,5643.26369010156,8607.859808373496,38.768082250302,25977.55,4673.970001090349,3043.065657368769,1191.4356754673645,458.5501985168113,194.68529441671896,256.9043665739545,1222.106186775851,59.6328817741821,181.65370737324093,Nordic Specialty Plastics Plant,"Odense, Denmark",Specialty Chemicals,197546,791,109099.07,23.579869350332267,850383.09,8.808993446980718,345.0476570023573,5.015041872809301,387521.2,1.443976293693318,83.9211794176577,300.2872987563047,397.30583790187234,102.43170025075028,0.3602996799323293,0.5315332536800967,0.0027996615472525,92.14389504690172,83.26860483761193,82.62,94.97,92,95,7484.865872270372,17.48945507871204
B0-FF002_201209,B0-FF002,2012-09-01,14249.318839159416,79.76587901305875,87.0272359869328,4.151683673198561,0.8882112687082128,94.1478919163738,0,0,5434.17893034651,8392.529024796311,42.41655358759203,986258.04,4537.681721402077,3135.664014325664,1259.9125792019763,448.4179231946876,194.26033066395675,250.815931294816,1251.5680235359,61.32061881755182,181.81808689582687,Nordic Specialty Plastics Plant,"Odense, Denmark",Specialty Chemicals,207999,804,53419.61,24.65403091137315,437632.13,8.776336419698014,329.1046629487151,5.211996121034701,433649.0,1.4824706700079493,86.07820914438571,288.8908717191636,408.9550960186016,102.6314235070725,0.3371575279084903,0.5457792883013922,0.0028021985509079,95.69914942147842,82.23190783215941,66.31,58.51,93,91,7039.273505813932,16.52729729530918
B0-FF002_201210,B0-FF002,2012-10-01,14779.602009733806,81.268360899325,89.86737922998178,4.079323563031036,0.9164934346369696,89.6781531652968,0,0,5482.402718572856,8389.78529755667,45.38360662695071,751825.09,4657.192380550887,2988.7945997983416,1122.4268253191158,432.3627390937673,195.2156232606529,255.23948692005,1246.8692328983757,60.39328457469349,179.8494859215787,Nordic Specialty Plastics Plant,"Odense, Denmark",Specialty Chemicals,214794,794,517081.38,22.4117200663147,797434.07,8.981865620608865,326.62019967997736,5.1686102201086594,217158.59,1.5521902393537073,80.73477738023693,301.10982896531203,400.0278148599183,99.7843337131482,0.3463242635329112,0.5398231024041158,0.0028664530978167,88.786855802001,79.94874849146478,83.49,52.12,95,96,7483.394770448011,17.383654993717222
B0-FF002_201211,B0-FF002,2012-11-01,15005.263223197077,78.5624271270522,93.0666965227844,4.2117524069761805,0.971060421230034,88.40240077239231,0,0,5505.139998437159,8229.874605504874,45.12647003103212,346895.58,4668.821910069443,3206.268690246603,1286.3981795884663,436.5926600512561,191.48239655096785,258.34725104054314,1242.6793247749229,61.34300896007433,186.7708332201377,Nordic Specialty Plastics Plant,"Odense, Denmark",Specialty Chemicals,211912,798,525715.6,23.789531589489613,321553.61,9.281733141762546,355.6558840417756,5.059832863570325,428658.68,1.4972659467783995,90.3016664468527,299.796438584569,415.0131433972462,102.84999562741709,0.3502452437113559,0.548535501892869,0.0027452841981158,94.26850059489054,79.39588020468523,93.85,51.52,96,96,7323.798602630986,17.17805274975022
B0-FF002_201212,B0-FF002,2012-12-01,14162.242286257417,81.6364481196152,89.70636238955376,4.100807627339758,0.8935408369059965,95.45657557317548,0,0,5599.531315838712,8182.915180452289,42.95078453154453,214334.61,4609.218238121281,3124.8424668443704,1187.5475922203857,433.4069200127975,199.7480940402525,242.70246254314165,1218.5267727814746,60.76678404861331,190.29329939762584,Nordic Specialty Plastics Plant,"Odense, Denmark",Specialty Chemicals,200417,779,531833.24,24.255474746122605,813969.92,8.682639268514949,340.5312870061751,5.3592675338265865,563298.1,1.4866812575665067,87.91069586810895,303.39281502091995,385.3356054023874,100.1937520487836,0.3509303473503172,0.5322905834054864,0.0028425359167596,91.93835193491998,81.25722961311354,88.09,92.89,97,93,7446.777674650053,17.042954165413658
B0-FF002_201301,B0-FF002,2013-01-01,13623.349801391045,82.12445983010335,88.8635538508766,4.262637806029716,0.95150773121918,90.55352965234144,0,0,5481.88240288159,8630.922170489812,43.558055816201815,390023.37,4654.405855443138,3187.3684275783617,1186.1982052226083,455.4287263880103,195.3816014503783,259.85549427409245,1204.7005769870625,58.06329453556423,183.58985845415853,Nordic Specialty Plastics Plant,"Odense, Denmark",Specialty Chemicals,199110,844,877456.77,23.65912941981483,846716.83,9.096176530389224,340.23093302409586,5.196034024695912,126046.13,1.4473713590809372,89.98179826047317,305.9858553804086,371.0100907106479,102.17082553456218,0.3423508981269211,0.5312276310582918,0.0027698237709156,98.227806578406,79.67867118769182,89.96,78.84,94,98,7203.103162649707,17.76340835719637
B0-FF002_201302,B0-FF002,2013-02-01,14767.496981569391,83.66616159909876,93.80847227941086,4.233699818879397,0.9752005444243194,90.86691831503896,0,0,5438.561088662154,8185.045800093973,45.18701649367161,845363.42,4640.103183811232,3084.9500253841807,1167.1575913358074,447.9432507966175,190.33869692345613,258.5402971016758,1299.2488755175427,59.97814805598308,184.7439336835108,Nordic Specialty Plastics Plant,"Odense, Denmark",Specialty Chemicals,208355,780,151263.67,24.165782563526623,579089.95,9.185099818788665,346.777223621437,4.994946804430003,983744.19,1.5278502610137212,85.72143712410404,305.365088270316,380.3260790290881,103.35617265399893,0.3476796807214485,0.5215991950259328,0.0028262111129554,88.97121732249127,83.20486594819121,73.9,51.42,95,94,7608.242944316153,16.50159513081823
B0-FF002_201303,B0-FF002,2013-03-01,15389.196488179456,79.65159467756813,92.03764714510297,4.401969372859489,0.9559287259086062,90.49208540216472,0,0,5836.55669115492,8388.993655486249,42.20091353203412,726080.11,4719.767275986313,3124.846130314615,1146.5830852342328,456.5365640643317,196.0441409463311,277.7383332822452,1282.7533131401249,54.963100218966126,189.51276951312465,Nordic Specialty Plastics Plant,"Odense, Denmark",Specialty Chemicals,215841,796,930665.77,24.14302741213245,16460.74,9.044622619283489,351.0730922588552,5.2208337147718265,538598.76,1.530742682272526,88.46062013409424,303.26549672364587,395.9192720869167,101.2711438999672,0.3459894273088696,0.5106731409667394,0.0027726472284646,93.74326217270249,82.80575851541873,78.55,88.41,94,97,7134.369046517005,17.264752971785676
B0-FF002_201304,B0-FF002,2013-04-01,14617.479581453455,81.96986776335369,91.72339085906086,4.218336992688848,0.9705190173684688,87.37581146469567,0,0,5342.864198601149,8947.5081417433,43.681170795463366,124425.79,4812.654653262587,3254.1928964655576,1173.6002175467013,478.9678740843746,195.95717342376184,266.73343950288097,1260.4444139663433,61.575149869623,178.6280259763209,Nordic Specialty Plastics Plant,"Odense, Denmark",Specialty Chemicals,221785,808,330149.34,23.53924180140066,405815.03,9.643329320364796,340.18105977945424,5.142404620513658,700188.91,1.603178377793263,93.48914587000615,312.83316482432866,437.1251646749832,98.54871739209308,0.3616548056936785,0.5441808514204357,0.0026511638454053,95.51929412112312,81.35749842372726,77.78,61.19,94,99,7294.295066161603,17.808157170553883
B0-FF002_201305,B0-FF002,2013-05-01,15006.60982367236,83.76649713709348,89.14263417830537,4.3360332179017,0.9455164819452724,90.69167232091009,0,0,5632.828713820488,8682.032815064691,43.76286236702239,534957.4,4535.808139798873,3143.0429788629363,1178.2640043646577,439.13440294291377,191.3260294416692,259.6954215092792,1297.1470216891728,60.656152147430895,187.36866508041385,Nordic Specialty Plastics Plant,"Odense, Denmark",Specialty Chemicals,209865,851,472114.95,23.48619471761552,616906.52,9.010111896639916,343.7844009147893,5.212658773289749,490040.76,1.5246032336355266,85.89662295858416,308.0686974309579,410.2066580862322,101.55595508477997,0.3531152071815991,0.5304713656528466,0.0028437895229929,92.4637016228887,83.27068442661503,93.43,84.81,92,96,7203.029668909594,16.941541852579036
B0-FF002_201306,B0-FF002,2013-06-01,14497.144680362142,80.97482263507978,94.34769068035784,4.133510075736549,0.9924921203819356,92.12995838399634,0,0,5559.70953313171,8447.05683506161,44.10675327002285,801475.72,4683.950648202916,3263.758348876544,1168.3636218606346,434.47323869666513,190.2434501642115,255.850567239829,1248.3550536617638,61.753890401640255,171.75004585533696,Nordic Specialty Plastics Plant,"Odense, Denmark",Specialty Chemicals,206135,810,182907.45,23.018509539288807,630478.87,8.896512029926779,338.7448518346275,4.894793556602221,593578.82,1.458807101553336,87.31311275201625,304.7396191888269,403.1587900933388,104.106591003477,0.3517488628687951,0.5544632523763712,0.0029017642601809,95.23094406021374,82.73625213851571,80.3,86.25,98,97,7504.779122774747,17.27533290655264
B0-FF002_201307,B0-FF002,2013-07-01,15008.495914678657,83.6972485198105,86.77198000993744,4.420095899470784,0.9040630152139992,95.16450707211165,0,0,5623.29682195888,8615.254623963268,42.15311142480379,698663.77,4730.767666572495,3399.497878719104,1251.9413992775478,447.9732231560548,191.0645769515729,263.69953489554587,1252.3627032647946,63.58814050821153,189.455499097219,Nordic Specialty Plastics Plant,"Odense, Denmark",Specialty Chemicals,212215,862,870393.18,24.30536427242725,664355.93,9.308780187693902,328.9212619886997,5.383141004441142,189114.02,1.5082630914432311,88.35372148207398,320.4928210246278,409.6141759013413,101.07906773439797,0.3473912899143995,0.5574487465986585,0.0028938242896559,94.7379393486829,81.50805811612679,87.72,87.73,101,93,7055.757982808974,16.678725677916713
B0-FF002_201308,B0-FF002,2013-08-01,14380.40377364795,82.41329681694752,88.88343887793208,4.420119396577944,0.9781730107908004,92.6687899724401,0,0,5547.978217472972,8192.937705151933,43.82510902867191,95707.32,4558.737809112044,3135.253793181432,1236.561239907716,440.8371188650649,191.05324130465405,271.13779451982884,1200.355274734911,58.9986183175036,183.94112725414547,Nordic Specialty Plastics Plant,"Odense, Denmark",Specialty Chemicals,214972,827,691946.12,23.783646571258416,989671.71,9.406538948410684,343.5770839798291,5.131324428938624,476992.61,1.462221266161229,87.83664632839478,298.35002529752296,403.52220638218665,100.56218300745336,0.3621229310030299,0.559166810683424,0.0027822430729459,92.39341982246113,84.77442859882181,93.14,96.04,99,94,6907.382751916766,16.929880829084123
B0-FF002_201309,B0-FF002,2013-09-01,15618.027794625872,82.31757653790608,88.87030740614901,4.297269252804039,0.983129495584954,93.18260321315752,0,0,5672.625488249773,8576.565090800657,43.46282333793633,992445.74,4655.741259282254,3055.21724437558,1225.3989909283443,431.1206868717338,199.1142409918545,264.9656908024186,1303.3580387246357,60.462972893899696,183.0938690451001,Nordic Specialty Plastics Plant,"Odense, Denmark",Specialty Chemicals,200666,793,132886.18,24.81149266404182,495394.14,9.54763311695246,315.8830972017876,5.421729095154754,872245.34,1.5120243653223415,85.53092006211978,307.98428610025906,400.7236853567157,98.4251053121218,0.3440463340753512,0.5263837530572486,0.0028500838740553,93.01418966796888,79.02047321508944,60.27,52.9,99,101,7066.48725468346,17.86644799852805
B0-FF002_201310,B0-FF002,2013-10-01,15070.28053797248,81.96861933034177,89.153301345692,4.383799848701988,0.9542736270154892,86.25597366691021,0,0,5570.939268903476,8357.352207666256,43.79512111115329,389814.68,4776.070173559503,3227.034244447544,1181.7043618877644,444.33678734854266,196.16080716432097,271.156778388647,1235.9854735541655,62.84888414957006,177.1427759832043,Nordic Specialty Plastics Plant,"Odense, Denmark",Specialty Chemicals,210631,819,311119.96,24.031155952636304,486837.77,9.58386783353197,339.7175029152588,5.242401271574198,321929.07,1.5093323759785555,87.3607416857644,296.5097045215554,440.2920266908073,101.1294619464552,0.3551676697404453,0.5619841850806608,0.0027565308713935,96.09339260970538,84.49099000371992,99.75,70.21,93,100,7469.939840851943,17.815109889366113
B0-FF002_201311,B0-FF002,2013-11-01,15086.183108007714,88.01941723864476,89.63011025319689,4.369140999956994,0.9941166766096786,92.08588897314225,0,0,5379.864615985002,8180.013643799966,43.981417420196095,959991.48,4449.044825812395,3214.426232706414,1262.2054241693288,432.3876456404719,192.3834218719769,270.51537696972184,1285.1137562876395,64.1719728055272,180.4459303960205,Nordic Specialty Plastics Plant,"Odense, Denmark",Specialty Chemicals,205314,864,875041.02,24.46333606486116,189076.47,9.413652615119354,352.48669764627795,5.393647677409805,613511.18,1.53610584881475,87.66588724411363,314.5487100935732,411.3560203665006,97.80683881073053,0.3605096785888792,0.5122215753582059,0.0028857217789651,94.40102606044556,88.08759808353538,81.84,71.55,93,98,7233.358344420307,17.93239710585018
B0-FF002_201312,B0-FF002,2013-12-01,14450.86847606436,83.70634423596454,87.46794887704935,4.326736973578591,1.016000873724899,95.80576821768804,0,0,5504.130069489889,8685.40342295654,43.48159079628631,65038.72,4761.2901312239,3302.8484167333054,1238.4443180501837,446.4769819657527,193.58919188419475,258.2053036357156,1296.1068563423692,60.51726262679387,186.79502057196808,Nordic Specialty Plastics Plant,"Odense, Denmark",Specialty Chemicals,207410,797,365829.17,23.58715435222387,53522.74,8.872327226557966,339.73601765659123,5.204929563324988,480173.95,1.5394426733670792,89.07746163364605,332.55202449514,412.01700951928393,97.14136633527558,0.3560732505348743,0.5465105325893529,0.0027767739569742,95.39685490437564,81.82111495566342,72.13,66.28,99,91,7326.2126119651475,17.004488112635837
B0-FF002_201401,B0-FF002,2014-01-01,15109.163464518038,83.07953637117329,91.41710216510842,4.459887374083103,0.9812289791695208,93.99946684151088,0,0,5736.363183915124,8498.964914467515,45.91015102421416,874640.37,4619.79853785712,3186.0704417939955,1178.0256157180604,419.8817874841302,191.0202680300346,267.6140241091685,1261.1692488175572,58.78383808415669,171.00830100449917,Nordic Specialty Plastics Plant,"Odense, Denmark",Specialty Chemicals,220315,827,93238.72,25.24477943192615,42582.76,9.245852334700622,341.161752580997,5.320125420742352,527433.97,1.477879137543778,83.21521175295752,303.99369047628034,420.7642853529929,106.48503258271631,0.3593961851972845,0.5346487009427545,0.0029091973782909,95.26794894343276,82.62232645918704,94.08,77.89,98,98,7202.703603706537,17.450672562606048
B0-FF002_201402,B0-FF002,2014-02-01,14954.332564434726,85.60860786682227,94.55447707766584,4.135610617511626,0.9293829954098316,95.83908338116186,0,0,5545.645657923103,8263.842766788797,41.935204394751416,543088.0,4835.996156707034,3300.912239445165,1246.1814083283798,400.4831555472875,199.84403225540512,255.30268317848487,1187.5611487042838,57.7961860764493,172.87946779933387,Nordic Specialty Plastics Plant,"Odense, Denmark",Specialty Chemicals,213044,808,144398.62,24.20643196740689,672228.84,9.513319225517566,360.7654132159208,5.180501169980912,258848.9,1.568589916458422,89.14402295836084,321.0134304753531,400.2780870958271,96.71378162837024,0.3425295278247159,0.5389821208128611,0.0028815844653372,92.12797701612791,81.95019263807788,99.16,79.83,100,97,7275.434877757164,18.06961000648057
B0-FF002_201403,B0-FF002,2014-03-01,15021.764112523511,84.08912317288447,94.08370393875788,4.282616985153957,0.9880074096115858,96.52453013868448,0,0,5617.7440696973445,8889.784284779622,45.41884679637692,441528.79,4699.251001457761,3286.7505867891064,1198.323767999407,454.6740077169935,203.66022406016003,274.5873409985325,1263.5601498073634,61.04600166653512,179.11260977927083,Nordic Specialty Plastics Plant,"Odense, Denmark",Specialty Chemicals,210114,794,295217.4,22.908261740641446,981251.35,9.489913143246136,353.8668835859154,5.175984853167704,610535.01,1.5173552250151785,90.26187829446272,308.774643096292,392.0296457142598,95.33228821314358,0.3487695420179661,0.5481544915285783,0.0029215618129334,96.22848905627006,85.09597451792337,73.06,60.23,96,94,7175.22074222442,17.33503777506962
B0-FF002_201404,B0-FF002,2014-04-01,15327.571217227323,81.58387416693795,90.5127496394718,4.508755752435119,0.9478071045499926,94.27948621422864,0,0,5904.243501599918,8686.455633872116,42.29464649065301,622340.45,4814.898467485064,3179.738354879446,1287.2943651693597,441.94852787473707,207.5347366324833,268.409794346922,1299.3270124740943,67.2902616374505,185.8578601658188,Nordic Specialty Plastics Plant,"Odense, Denmark",Specialty Chemicals,211202,802,921602.26,23.49785341661298,749133.23,10.069609068689225,347.85445585415704,5.141077143758885,351473.78,1.4916255543362338,91.95021878244994,305.09935895212226,428.66895121413154,102.02700731377335,0.3574862681398031,0.5365746475839951,0.0028106948160556,90.70304354537708,78.50235384562696,74.77,69.73,97,95,7631.788827417217,16.572531858038968
B0-FF002_201405,B0-FF002,2014-05-01,15318.741278464997,84.80314439497513,92.1899521131346,4.484447517802146,0.9660721939452231,87.44868690607704,0,0,5588.67304356056,8400.86741012618,43.961015105329885,101184.24,4649.675548673659,3051.773535702604,1184.2245381666348,452.6187463299856,207.5342882215003,285.7301509745379,1287.5267834556234,59.88227942014281,180.2362983763798,Nordic Specialty Plastics Plant,"Odense, Denmark",Specialty Chemicals,217661,862,901635.05,25.32042920215269,298826.01,9.475669784359418,358.9803606113909,5.001909126683711,971843.87,1.5770312788633976,87.75905319835064,296.6092152444155,415.53203847418655,103.54842448803385,0.3571241892146775,0.5520781683042786,0.0027043734594252,96.9638955192501,87.979642211616,86.01,89.5,97,105,7677.303582624497,17.448998902992987
B0-FF002_201406,B0-FF002,2014-06-01,15085.779416682086,87.0988935975816,88.82345259931067,4.423436355220419,0.9329115306907168,97.12215840121092,0,0,5576.490768970442,8810.402140882488,44.2657950812239,262097.38,4991.539079350716,3097.853933938434,1247.497464245415,463.683038003384,195.16071738575013,278.1061936777286,1306.030666580987,61.62247173392891,190.7875413512752,Nordic Specialty Plastics Plant,"Odense, Denmark",Specialty Chemicals,197002,864,949890.93,23.52039652136818,90758.42,8.724082810440443,339.53890198389985,5.413567060131978,380438.89,1.511052400857879,89.49569791898162,306.05280185115026,422.122794071301,101.349652758574,0.3656694537798071,0.5338370955872626,0.0029140509394937,94.99898514921225,83.97171759630474,92.0,91.43,94,97,7565.392547273553,16.821373898878274
B0-FF002_201407,B0-FF002,2014-07-01,14817.16503593408,84.25816361922449,89.78908067852045,4.320187802487863,1.01336145243608,91.73041619411195,0,0,5588.806700641298,8513.518804425172,44.91507619100928,857938.0,4624.828640981396,3162.79849636417,1217.5941307544458,483.1583094346078,207.36073785594456,255.2302448111004,1192.817239446933,61.69702720009646,196.2104259221984,Nordic Specialty Plastics Plant,"Odense, Denmark",Specialty Chemicals,216879,830,141137.54,25.131481608576635,910506.37,9.783772584690348,330.3242409099221,5.3146756778095,151164.23,1.5349245546626875,90.1619252662741,311.7969347420416,422.5393415426453,107.71014315626856,0.3827586209020411,0.5537877100976866,0.0028078679712545,92.51411723539644,85.28065734505421,95.94,76.33,100,96,7170.344711677777,17.096694823907225
B0-FF002_201408,B0-FF002,2014-08-01,14678.859561232426,81.94944211351273,93.112829226807,4.467656942047374,1.0170636181512658,92.75664615811088,0,0,5654.978449745135,8267.314684701618,43.10927672818762,834087.53,4586.343247881149,3291.849808220434,1218.3136625459465,428.5609365461282,183.2770099881893,280.84150160573193,1195.2648312311844,61.81536787783918,187.77790014423084,Nordic Specialty Plastics Plant,"Odense, Denmark",Specialty Chemicals,204514,818,210491.45,24.59029790115462,86138.65,9.378617417732846,347.3157280905617,5.101687802109041,957502.44,1.5274601233842957,84.65097273546908,312.305004731296,403.43372542905576,102.63183163609092,0.3621368297230135,0.541046464842511,0.0030125355377324,91.86025857695432,84.432975537407,94.26,89.6,96,96,7280.788882460676,17.132904759989888
B0-FF002_201409,B0-FF002,2014-09-01,15651.259991042294,83.27843497597316,97.52748676273592,4.447849141356957,0.8914202810547167,97.37534833212264,0,0,5880.17258135749,8549.267134633868,43.97121966672487,221720.83,4970.844608351024,3247.356348287955,1246.6827937139435,445.89292125563713,205.34647137467184,270.36680841493785,1260.7598755551585,61.36356568876967,191.7723408137703,Nordic Specialty Plastics Plant,"Odense, Denmark",Specialty Chemicals,211495,859,576133.57,24.93569921627096,134528.3,9.058330286300484,347.91739634111184,4.915585284719709,733699.65,1.4480004976533396,95.09277978786166,293.41931013687525,443.4717279742821,105.261896372542,0.3568657462460119,0.5683603975999488,0.0028062530111766,92.21914432579324,84.59709510911426,81.29,60.06,98,95,7780.714586511513,18.20147820296232
B0-FF002_201410,B0-FF002,2014-10-01,15267.002166901002,87.57363534788169,97.79633907854247,4.294689922683757,0.944011105488822,93.35043070643889,0,0,5392.301771919149,9002.72694198026,43.82416217932531,403598.33,4443.02968720834,3203.0125967079694,1198.3431952053097,474.5062061736593,208.90865120444224,250.74779671986752,1303.9723416394772,64.08333847616746,188.0978667354875,Nordic Specialty Plastics Plant,"Odense, Denmark",Specialty Chemicals,217210,847,258296.89,23.63691792646851,38313.68,9.3947690199613,350.83567506020074,5.3575883069591645,723555.07,1.4509532452538054,89.50437278432419,322.5503415737905,397.4157924139455,104.3397036196868,0.355165270171945,0.5414561923232818,0.0029082625973337,98.60974892846264,82.50762124081007,98.19,98.42,96,98,7936.470753207673,18.008299409287044
B0-FF002_201411,B0-FF002,2014-11-01,14846.148790212064,84.5639425344171,92.25903988334515,4.458685361579724,0.9784096764367604,100.51037871143276,0,0,5709.654393793749,8569.641929530588,42.76221299374917,868172.12,4766.481245468494,3355.516714397776,1192.7401837066072,461.3624873507312,212.40864279885943,268.6404638453577,1264.7741102202683,63.51391460547155,189.4361155355349,Nordic Specialty Plastics Plant,"Odense, Denmark",Specialty Chemicals,222803,831,190601.8,24.99599779520276,31632.74,9.31602079360797,349.5967904068564,5.078869479881077,311700.18,1.5922056164617235,92.74468071639684,303.29640013766306,412.3978075342423,106.95463629111538,0.3682644440368839,0.5696974979291172,0.0029148270749554,97.15956109454947,84.19033606487318,97.96,85.93,96,92,7366.442740614896,18.08339956456497
B0-FF002_201412,B0-FF002,2014-12-01,14310.41753935461,82.10209539227638,92.3921896447132,4.561554111963826,1.0018392031740369,99.51314732882864,0,0,5824.0429073017785,8460.96564229499,43.524865426721874,143677.34,4981.990344528775,3167.3460537473347,1287.386898832979,459.1861688174744,205.98577210288605,261.43266346962645,1250.274054137999,63.09807423774652,184.3362764856701,Nordic Specialty Plastics Plant,"Odense, Denmark",Specialty Chemicals,197979,802,318956.2,23.73611601896684,143106.92,9.454477858747715,351.8617610790364,5.599670575850158,814349.17,1.562442395947114,86.01875154872275,309.60995593604923,416.8176127382959,102.7615777802788,0.3825188493190715,0.5579076690440027,0.0027666412170131,93.76595932251996,90.51940648574508,70.58,94.34,96,92,7704.885256688843,16.619529557805322
B0-FF002_201501,B0-FF002,2015-01-01,14562.93976512219,84.83611059543495,95.1963685453022,4.3733834454646345,0.9371473148197724,95.86617866736944,0,0,5833.375991115585,8566.286298613612,45.94667379322608,212387.24,5028.573757919729,3324.735086612304,1271.9868850387206,475.9644335170385,199.7400485669715,264.4625519824603,1283.4849578431283,61.66448481173236,190.3765026046173,Nordic Specialty Plastics Plant,"Odense, Denmark",Specialty Chemicals,214654,848,151454.84,24.904967064677965,498893.74,9.642086602040717,360.7325232252111,5.343299805019482,678563.49,1.517422937082544,88.54078422073495,309.3101697881198,438.2422494455444,104.90633802615936,0.349641739838701,0.529171790018034,0.0027520482339166,95.68416094367612,88.04713928853556,96.62,88.04,98,99,7610.743672788438,17.990505854077817
B0-FF002_201502,B0-FF002,2015-02-01,15033.8222927627,78.98514315439475,90.61843131216504,4.271172327857736,0.9842082527560484,96.09244303200715,0,0,5585.256125625977,8135.50933117581,45.114276050622834,535117.08,4878.27739981948,3222.0651314804663,1262.07191280501,483.5914429414356,194.6520970552752,271.3353134602086,1303.0851048318282,62.88321862676418,185.8314480885961,Nordic Specialty Plastics Plant,"Odense, Denmark",Specialty Chemicals,211783,831,454523.73,24.91102841059826,611987.13,8.950922345111463,369.5574305220322,5.262306595217777,23524.48,1.5690106189366844,92.59548577219914,320.5915552188805,431.24326075794687,104.19665437073786,0.3799989916011684,0.5479217813953805,0.002853392393797,96.3737298600444,83.59137603357729,72.83,70.75,99,96,7360.661479247603,17.245439605482733
B0-FF002_201503,B0-FF002,2015-03-01,15281.494561081678,81.00742141973663,89.8953928900937,4.333119825410996,1.0072671710120666,95.20611780329958,0,0,5620.7789764266745,8615.189025111285,43.435424184638535,242353.27,5004.056225868046,3320.087549691524,1205.561177331664,452.6693433496556,194.2962390160249,272.4653633419671,1243.4431660061489,61.23017212489381,182.39218064331527,Nordic Specialty Plastics Plant,"Odense, Denmark",Specialty Chemicals,213253,841,958195.48,25.72390650635443,657296.31,9.174681994289337,354.9210763422193,5.190037289181686,932980.44,1.55355399648936,92.20593615274416,304.7646484808168,400.9397327237919,104.72789008743705,0.3700356619553402,0.5484605761248118,0.0029540386353141,98.88607313851352,83.37487837569972,70.75,68.58,104,103,7323.193948871089,18.213748185004885
B0-FF002_201504,B0-FF002,2015-04-01,15662.818166498451,84.25758172025493,93.7417936318423,4.151340168437272,0.9217058444640356,90.7826599724491,0,0,5662.194466227301,9190.89164949818,46.401251784518536,842857.22,4823.8113879984985,3173.091865961492,1271.8001027571286,459.0440183968591,195.096569415982,285.5841169188102,1282.843070758165,61.78462537198469,186.27114685561827,Nordic Specialty Plastics Plant,"Odense, Denmark",Specialty Chemicals,225513,864,867212.26,23.89109081199132,26139.59,9.27117088394406,357.2856555916075,5.428634179770173,725976.51,1.570306776792831,88.04741387312227,304.92223171755404,397.1523670251017,99.9434213972578,0.3556457572579745,0.5594410067950429,0.0028009519280962,101.51368963774313,82.7657577714959,71.48,61.36,98,97,7569.745558259302,17.445298286722473
B0-FF002_201505,B0-FF002,2015-05-01,14820.5935641143,86.82211331575657,90.97634116792756,4.528462748362424,1.0021996184629554,96.30438081055422,0,0,5850.704580030146,8955.020655091721,44.715461782120045,784093.87,4902.858336167096,3462.2917997966138,1249.0177491297538,453.8230766744589,207.75125290394496,272.6675192597913,1315.5649288402412,65.41565356488438,177.18122304485937,Nordic Specialty Plastics Plant,"Odense, Denmark",Specialty Chemicals,215097,836,741996.66,23.235869725454023,973202.96,9.448582483930016,346.7289657267141,5.186998729154214,700341.22,1.5035186819875068,94.13655712748096,305.22135579662387,434.5053092400317,104.62227298072423,0.359032802290473,0.5483932470829471,0.0030219556872024,99.30052395840085,83.31269815386692,75.09,52.63,94,96,7370.598658230157,18.413217364252816
B0-FF002_201506,B0-FF002,2015-06-01,14420.039460743266,81.7058655629755,93.97094097731456,4.440688233288093,0.9697654816149393,101.85471639799124,0,0,5714.765069162022,8618.760256096519,44.45901845264616,122338.28,4973.735252856203,3251.8970088011665,1277.1801700375297,473.9252775962504,197.51112470188903,269.646913607547,1301.0673089788695,59.357440394819896,190.7977649486625,Nordic Specialty Plastics Plant,"Odense, Denmark",Specialty Chemicals,208334,867,330508.77,24.16969797121178,636215.1,9.380040373659437,350.0100833221767,5.427016387123914,357354.09,1.5236654319174057,90.98943693611132,300.92244431531725,426.6090314123032,109.93753461261188,0.353482044243988,0.5346915434786642,0.0028594027555502,93.8235372527987,82.09406469683536,81.28,51.19,97,99,7427.880501924106,17.13974653071019
B0-FF002_201507,B0-FF002,2015-07-01,15310.034803648992,82.75532718138813,94.255495044326,4.195034169654423,0.917549962590845,91.42798934856997,0,0,5754.222888336706,8624.032158958738,44.08823879450856,786549.68,5037.827024316895,3374.445530677868,1272.6308574355758,466.57736690616,196.3032914983229,273.9774702771477,1249.2324782070375,60.81754128252023,179.2635722522978,Nordic Specialty Plastics Plant,"Odense, Denmark",Specialty Chemicals,218512,848,632285.15,24.39535511560309,881463.11,9.515426336679392,349.9170430063413,5.471443621588352,316344.71,1.571855612850221,90.83705299649829,313.4964976162965,428.41933537397614,104.37416034720825,0.3723127021965363,0.5545114483858541,0.0028865546228363,102.17654250952816,87.11187131439809,98.13,54.0,94,97,7348.610895795781,18.05285961927172
B0-FF002_201508,B0-FF002,2015-08-01,15250.08783821583,86.3045982770695,95.104363930614,4.360262984796336,0.9700004832119106,96.08107974446182,0,0,5745.026380606807,8843.988089508803,45.86390897137807,85698.86,4685.379106138716,3166.6844880646427,1266.0359318635974,457.8412089269936,187.7124106381557,289.0928061379058,1210.2915994774237,62.938180126749685,191.8306452133834,Nordic Specialty Plastics Plant,"Odense, Denmark",Specialty Chemicals,211485,861,931652.85,24.87508053022425,521943.89,9.787417276213324,353.7137244595935,5.079679156385032,576439.22,1.616659773600296,88.44252581374718,310.21963827484745,410.85514987011385,102.68305647241336,0.3579215903550573,0.5517816798918898,0.0028500245070976,96.59303905479683,84.47525216606796,74.93,77.15,94,97,7858.654270570521,17.99104792747415
B0-FF002_201509,B0-FF002,2015-09-01,15510.32776574593,86.29838810885812,92.33164505325594,4.421395921616981,0.9718238503695136,98.78096009202116,0,0,5871.800862194212,8708.185276127992,45.254375252327534,962721.19,4866.292515216355,3253.7356424665486,1243.7893685773038,452.5397407709524,200.62415632690207,281.83484583304613,1312.8172687811782,59.97686623150631,186.44710026414347,Nordic Specialty Plastics Plant,"Odense, Denmark",Specialty Chemicals,212279,806,729397.79,24.70763659994155,188029.86,9.371634242419338,345.90135757956074,5.201709025523259,161219.64,1.5704560750084424,93.01092630808031,340.01944526235644,402.699161364868,105.51584570339914,0.3604821782175748,0.5693238850134756,0.0030257784106665,100.2879328023854,82.57991391881401,61.04,92.07,91,98,7722.920265953676,18.04261770579553
B0-FF002_201510,B0-FF002,2015-10-01,16254.536955659603,86.07273397894508,92.87996140237313,4.585997089339516,0.9739200251727884,97.5536880090673,0,0,5819.120404972047,9382.899227790022,46.955732558897935,714850.54,5228.240652354216,3357.844881419847,1281.8024448887882,461.5881957909237,206.0555074617833,274.74142931461546,1291.0781616871736,62.78669445743955,194.6398968735186,Nordic Specialty Plastics Plant,"Odense, Denmark",Specialty Chemicals,222304,843,570838.24,24.83693255611897,566720.26,9.343682736267134,353.2629861896765,5.178156463913661,70999.41,1.5585928812178156,91.27227414478116,312.8639121369139,424.756681589275,103.29035721774083,0.3721736276663187,0.5867384439936454,0.0028866366923029,103.45938763835106,85.92002736867569,85.01,81.26,98,102,7687.634921727435,17.702616077833056
B0-FF002_201511,B0-FF002,2015-11-01,16097.156244657806,84.61176175976074,87.23391849138461,4.555169589971333,0.9965600569479564,100.26793451982938,0,0,5697.23901665594,9063.67036804986,46.35184820172999,545333.51,4924.053333167963,3180.194445556396,1296.4998315993696,474.49037737698825,216.06837382564447,278.0377074218155,1316.4438246226491,64.0215873490411,185.3940566708368,Nordic Specialty Plastics Plant,"Odense, Denmark",Specialty Chemicals,225098,847,379333.36,24.74064133331956,322747.29,9.351712549657933,357.32699664970403,5.339449509126442,660826.86,1.5697238572688732,91.52051109013787,308.15298490452994,409.27471079280633,105.81854207584078,0.3606945965484126,0.5509395440227589,0.0028422096533999,98.75399843047582,88.97433024947057,99.26,89.48,98,99,7979.9972727374625,18.345836439732
B0-FF002_201512,B0-FF002,2015-12-01,15847.21127089653,85.3241920944498,93.39691272164772,4.497549677143705,0.9694748916390544,89.81675036422835,0,0,5776.190253986465,8669.884752737717,45.069303632632575,689691.49,4848.733407901384,3187.716361045616,1242.2259904473938,447.8663887090368,194.6458258649793,266.2387785299152,1318.1017038295424,62.22955805789971,183.286691612006,Nordic Specialty Plastics Plant,"Odense, Denmark",Specialty Chemicals,222150,852,439182.27,25.61502814198776,143492.19,9.72165085045187,353.0759860520982,5.619770602129762,882813.24,1.4264416679751362,88.98755202264348,318.4800963523126,421.3940795301625,105.25056416192028,0.3584879167970218,0.5658281536588037,0.0029148801793558,98.05413139968842,87.39317055754087,99.03,58.81,96,103,8065.007257595457,18.86100789346396
B0-FF002_201601,B0-FF002,2016-01-01,15756.808283536666,81.7857580462392,88.48513340324095,4.375816532170044,0.9870460141972504,96.51253281708,0,0,6052.261614928358,9237.840378380832,43.784630501439366,787836.16,4890.600152344783,3427.18628851108,1269.2143815285976,468.29871784891793,200.0037528196829,276.0563912420449,1331.855038546734,64.05716162337144,193.10200249047296,Nordic Specialty Plastics Plant,"Odense, Denmark",Specialty Chemicals,206654,905,539680.35,25.02001161795327,514113.28,9.483384943998278,365.208863812644,5.254350475907514,244240.0,1.4975082786655354,94.62265538032892,316.65265021740305,427.9428860333229,108.34710428678876,0.3919779003584512,0.5970847560371706,0.0029480710703115,98.71466702926143,84.7384202860276,77.09,51.24,97,101,7852.524544365362,17.341653627649634
B0-FF002_201602,B0-FF002,2016-02-01,15540.400652183893,86.05040340609065,93.62954727234168,4.327247216894304,0.9356581704733468,94.71510216967272,0,0,5845.109563343877,8932.709815762346,43.722286705369854,586980.82,4819.077083947336,3308.566448055112,1259.2354598494685,469.5894742438984,208.86836293060432,266.9426626800072,1259.374506613751,63.61096123780317,189.59335879472889,Nordic Specialty Plastics Plant,"Odense, Denmark",Specialty Chemicals,222635,852,36705.94,23.74639977385856,766647.27,9.582710699010642,341.36513745947195,5.041570312360579,717104.79,1.609110288949008,94.66648055191482,313.32230373070183,415.8692095899964,103.18245603497236,0.3682591647931363,0.5588618371872337,0.0030733777383671,94.72220599062818,87.23550301421156,72.01,56.92,96,94,7694.272135506261,18.049000280386498
B0-FF002_201603,B0-FF002,2016-03-01,16043.605914603018,87.74807171821091,92.3974073310148,4.386143657840156,0.952295724728616,97.40849529053872,0,0,5890.52149060451,9008.913061598752,43.879354269043866,93031.28,4858.604681353359,3320.594095488839,1293.799425206305,458.65500618561066,200.2809236781796,281.1552923602412,1254.3884880506378,62.01163399243812,190.33085898860213,Nordic Specialty Plastics Plant,"Odense, Denmark",Specialty Chemicals,223935,828,949233.27,23.95360373343432,977192.9,9.880835972991022,341.4997361778573,5.118195947432218,45812.88,1.537115861659658,88.99680906343254,332.0442325234124,405.8840645583497,103.72168014814372,0.3640339852398858,0.5199599190507805,0.0029350719212143,95.80035522486348,88.42683591454029,60.94,91.18,100,100,7480.391505688532,17.6583898811199
B0-FF002_201604,B0-FF002,2016-04-01,16105.746075561974,88.34146747946775,94.45809379780776,4.546030672902202,0.9905460181961554,97.69152884660753,0,0,5952.952232614157,9093.800374539276,44.67655699170236,730295.03,4594.710857983052,3349.5934008539907,1276.7160884060029,462.0811055823909,203.5529286746417,280.7002045907992,1229.5805084567633,65.4185078231051,188.18885866680736,Nordic Specialty Plastics Plant,"Odense, Denmark",Specialty Chemicals,224971,870,275958.86,24.936725056340013,383821.44,10.00961767170928,345.028461672689,5.317589283553276,719382.88,1.562436700338078,90.16433506017124,310.5685781287569,440.2579741895085,103.54342886946984,0.3694858425521951,0.5605177101906633,0.0028958841400034,106.81652823364864,81.93607457195425,91.22,58.09,102,99,7381.272448035617,18.717640345780865
B0-FF002_201605,B0-FF002,2016-05-01,15946.182536034805,82.57072751551,93.09104997562588,4.309402290097635,0.9083598238718272,93.68555348236364,0,0,5746.29771773278,9248.929087612183,47.21937633519127,566095.71,4890.889880002629,3356.7157528353114,1276.087362640524,447.0167351848782,201.88222630631705,281.73498767382995,1352.949242751666,65.42185670607157,192.68369556492337,Nordic Specialty Plastics Plant,"Odense, Denmark",Specialty Chemicals,228148,865,322945.34,26.137472733726,749426.46,9.93476676545431,344.9505650446138,5.255854878889474,306737.36,1.567081467065647,97.03210286867014,304.92289996207563,433.4699403250593,102.46268825519824,0.3953372575415113,0.541785336413179,0.0029994911658366,101.3464196979668,88.15191493281147,82.35,89.19,103,102,7897.718344474343,18.660359820456552
B0-FF002_201606,B0-FF002,2016-06-01,14813.632332618696,82.5787653173167,92.21532725955636,4.41230747021873,0.97733248206191,98.20441665773636,0,0,5667.688369686813,9110.656875784583,45.47361185502395,517732.12,4885.128697370967,3356.6129695286886,1239.4696129368808,477.75643611735984,203.7391210935656,270.22064262624525,1323.981878434064,62.2072448833834,186.87500137777465,Nordic Specialty Plastics Plant,"Odense, Denmark",Specialty Chemicals,210975,812,144943.62,25.93450086876556,327648.52,9.343835368242493,338.6663859545436,5.049579898333646,393361.93,1.4680998646187469,88.9500172948084,318.7893186021622,423.6679936506465,107.46608044058507,0.3722613145657614,0.5636467637541862,0.0028376696450569,96.98022988902096,85.89810729002538,66.63,50.48,98,97,7590.610721510371,18.419539542333723
B0-FF002_201607,B0-FF002,2016-07-01,15917.674917443246,90.69035132925876,89.9646299475882,4.425689259460737,1.0327413659001832,92.40716662925745,0,0,6173.739262076848,8644.428829929235,47.41134198135647,378070.36,4770.533129527423,3606.2742321548217,1287.4100699868227,473.43133168603714,207.46638508089404,280.700429280264,1389.0806149725302,67.16328209138233,185.89849126591145,Nordic Specialty Plastics Plant,"Odense, Denmark",Specialty Chemicals,232404,839,670630.14,23.99674580584851,798458.24,9.496621477310164,346.21573831894267,5.601304785265396,606447.21,1.63135433960325,88.01148496812498,331.4332899874677,419.2399045005104,113.11941047365202,0.3796313654356812,0.5747539957359387,0.0029423487075466,98.9428023165523,84.9881751856437,89.52,73.04,103,95,7987.766934257017,18.15740412626993
B0-FF002_201608,B0-FF002,2016-08-01,15932.679930957522,89.03516474229833,96.9711994236542,4.490823902474466,0.998856679643206,100.2536009566578,0,0,5742.984768572068,8992.834862071393,48.624465733173615,114012.7,5243.3779033090805,3382.45966490974,1264.0848500097609,484.8564486467594,202.9550216264391,279.33620848601527,1254.0736406172798,60.93781457150254,194.66021851399515,Nordic Specialty Plastics Plant,"Odense, Denmark",Specialty Chemicals,226669,908,903219.45,26.223382550210665,15424.06,9.45544557695343,373.9753520212847,5.568545077093413,804089.25,1.6660945678377037,95.38816546010878,296.56967527072845,427.6758746519331,101.67785331148563,0.3748007368305264,0.5727624140202997,0.0028936601923334,96.0505157551721,85.48201203640737,83.79,79.24,100,101,7616.324096942139,18.79691005744172
B0-FF002_201609,B0-FF002,2016-09-01,15569.05040502156,89.38340530522443,93.59735750412771,4.863203101302062,1.0125193765930096,102.55109434872884,0,0,5787.260223920962,9589.066572604976,45.73808728325909,327922.16,5145.958759775081,3340.947527173647,1274.7049063759623,460.7131548474605,207.69889716648976,286.4386131843281,1338.9900261603818,62.9864579464987,186.0354963134106,Nordic Specialty Plastics Plant,"Odense, Denmark",Specialty Chemicals,193188,834,587864.7,25.10676463674164,517552.19,10.416089032116096,364.76688129962656,5.220530804870351,193845.31,1.5847044909804646,89.54114063788259,320.0243887448294,430.8451776782949,110.10786916510553,0.3536663311804366,0.5829817957203551,0.0030735995154742,104.84748926054408,83.77230089494216,85.89,51.93,102,99,7532.698223889008,18.24242375434507
B0-FF002_201610,B0-FF002,2016-10-01,15448.141883949882,88.54718621874365,92.27971316308802,4.360913815104357,1.039207181126417,104.54865635701412,0,0,6023.374325219528,8753.78232259909,46.79128417056312,265873.51,5145.700086687234,3451.720777749581,1364.6918171820728,466.65183107410064,214.6581727648533,282.1544053360328,1312.6393769968604,64.6311052596423,201.73085616597183,Nordic Specialty Plastics Plant,"Odense, Denmark",Specialty Chemicals,219075,858,33864.23,25.07124248066361,877689.49,9.400558493670133,349.02917489762604,5.127041899001855,403063.48,1.6351036331950095,88.45206726680246,325.1861098344769,435.8248522716394,114.82682697624792,0.3856781932677837,0.5889656127180413,0.0029850765771216,99.35307869719672,89.30479565349994,84.21,89.8,104,109,7723.787627737714,18.20058862242816
B0-FF002_201611,B0-FF002,2016-11-01,15582.19849434203,87.53562741918446,98.16779466945198,4.516197452201507,1.0066661556146306,97.262509748636,0,0,5630.721029993991,9068.99180097494,48.88560447640339,117232.52,4809.802733403928,3535.427081534573,1288.0241051580829,483.79444742037873,200.7144137516113,278.3554584396391,1366.3866561455304,64.31438470011707,193.0148198451622,Nordic Specialty Plastics Plant,"Odense, Denmark",Specialty Chemicals,210382,881,561922.37,26.06029529768166,111918.52,9.716561040417528,368.70635159811457,5.496403964818259,544062.96,1.6436588065190032,89.29675214074747,316.4291945658453,435.8156781115683,104.05985812232112,0.356871158567867,0.5601998808449461,0.0029459313287954,87.34336976136525,84.27235156472167,90.1,81.89,103,101,7740.051139364127,18.4660043217628
B0-FF002_201612,B0-FF002,2016-12-01,15176.046703832051,90.57413495252943,95.07428405876644,4.634125872695237,1.0285674935429403,99.68919129874386,0,0,5841.887797833929,9089.633863233405,46.48801164199018,508207.51,5061.921741270098,3375.572347350919,1334.5892400629975,445.4584086034714,205.6776838011139,272.5571639758673,1292.516272655418,65.21897050999644,184.1355710137692,Nordic Specialty Plastics Plant,"Odense, Denmark",Specialty Chemicals,221368,863,990143.07,25.364087149674337,841137.29,10.28005068220652,373.8080453564614,5.452881559315075,968328.03,1.5958773011599894,94.93179232999432,320.8810686349136,412.70574050606285,106.54569806054522,0.3758260090795807,0.5789777111764962,0.0029876062814593,101.778912848074,90.8067656651719,66.87,74.94,96,104,7916.184475310247,18.051803319491807
B0-FF002_201701,B0-FF002,2017-01-01,15677.802397811238,87.57229881294265,93.67938251996765,4.278718838650386,0.969836492150262,95.56599357870842,0,0,6060.765510379854,9101.600275534804,44.9114628553081,107429.55,5160.636670172887,3472.6210198334525,1292.134507007113,488.2424566059109,200.98034443727727,280.86134098116565,1256.375452776706,63.51878289176905,192.82434746227025,Nordic Specialty Plastics Plant,"Odense, Denmark",Specialty Chemicals,209599,878,291375.99,26.042086963878628,769464.01,9.7768237675998,360.54689770868765,5.186715219105691,421099.96,1.6004535428825557,89.12969231563751,316.5442194383715,426.3346558026952,109.05697152696176,0.3850524480707322,0.5654341255420298,0.0029813201682357,101.43401941986812,86.92371779876193,69.86,84.21,100,97,8054.537099922049,17.62018956918649
B0-FF002_201702,B0-FF002,2017-02-01,15638.587194417669,88.35231364773549,96.3406361162785,4.544064541593883,0.9160029715633036,96.28521424583782,0,0,5957.393501005813,9257.084495785935,47.01976692771534,861052.54,4902.707639167404,3519.8658790574623,1284.0765765947967,470.84795649622936,209.10977153344865,289.6677019355305,1280.545100664454,63.34250545582544,183.61646662358663,Nordic Specialty Plastics Plant,"Odense, Denmark",Specialty Chemicals,219064,879,415807.2,26.64245099292154,71492.32,9.63829845909274,357.8638603096533,5.232723293072741,713870.86,1.5929124968022772,92.6938057954136,321.4453820756006,418.1297447882317,103.46975166133171,0.3746723386168236,0.5791980207570705,0.0029520401933531,100.44962569333424,89.54647469894213,83.62,81.72,103,102,7828.176713655913,19.29906821460241
B0-FF002_201703,B0-FF002,2017-03-01,16071.41430457316,85.39340077435615,89.84062970814276,4.493852951949867,1.0247643825331314,101.31180456291484,0,0,6074.494312803769,9157.075629042372,46.950859405210224,405271.46,4920.467269369682,3438.9208746996173,1315.2170181632505,468.13842597329136,221.9381941667492,266.9771930270104,1308.5671564945133,62.88848730110541,195.3609093508488,Nordic Specialty Plastics Plant,"Odense, Denmark",Specialty Chemicals,208361,898,878525.07,25.54065697670198,808478.67,9.887822691619228,365.69909331661,5.6179583181692,579160.45,1.569309680566921,96.14865761660222,325.6993259879795,425.0080916919003,108.80266193216804,0.3784172335184371,0.5841698933079497,0.0030838270912515,98.91322146419256,85.92070407481496,64.88,52.99,98,104,7688.057119198958,17.235221767688593
B0-FF002_201704,B0-FF002,2017-04-01,16121.17938402868,86.5690751880687,96.9273158068398,4.679452180065907,1.0128729177811475,92.57838118204764,0,0,5871.681857444433,9328.034245015831,46.83507810320068,321181.6,4771.919099304189,3376.097394609447,1276.8830051531022,476.6891699980784,217.31403216138216,295.2302135208537,1321.51272317416,66.1230645700361,194.6218649180292,Nordic Specialty Plastics Plant,"Odense, Denmark",Specialty Chemicals,214424,867,543552.45,25.32068417457833,672320.22,9.736770250506265,365.89603003738006,5.584188387534783,434504.49,1.657304150482328,99.38413272294956,316.13096021969864,440.2102380007425,114.58211179498596,0.3880513486321703,0.5892131640482449,0.0028117655525688,98.4091735277789,86.6376236099965,67.17,86.84,100,103,7583.684296609623,18.433873551754505
B0-FF002_201705,B0-FF002,2017-05-01,15810.97817151041,90.14049078135916,97.27768915102295,4.623078330722687,1.0144483829131783,93.75634844377916,0,0,6024.329712869262,8900.4877117145,46.54435135500901,157943.12,4894.620892978322,3251.4442918597924,1310.6315289880708,488.26441543034895,202.84136809731908,278.49668826420486,1353.8447433863917,66.33014123594172,194.9520556146499,Nordic Specialty Plastics Plant,"Odense, Denmark",Specialty Chemicals,224599,881,654529.11,24.58307072427008,842415.06,9.78327618019354,370.9629736048452,5.350201995636072,988736.69,1.5996527144394104,88.31130762654833,311.74403510760243,418.9657144845644,103.74049085482932,0.3784527699227751,0.5762223981242063,0.0031051592170729,96.83821146247632,88.44794320623737,78.73,65.37,103,103,7902.625835774852,17.580286117683862
B0-FF002_201706,B0-FF002,2017-06-01,15799.468252511317,89.51257170556404,98.23690731481962,4.628861159415742,1.0388380648455904,102.0054268332197,0,0,6072.924361779037,9131.51359919223,48.216974681456655,576980.09,4912.63255230194,3239.965512294681,1298.0950510410305,457.70086252702106,207.4853463729176,280.60811433673314,1374.2006654860345,65.59381369178936,199.53135097835184,Nordic Specialty Plastics Plant,"Odense, Denmark",Specialty Chemicals,218851,908,766317.29,25.7565947877441,216056.23,10.058919614912526,382.7941192870779,5.483879188010643,709161.39,1.5591477701721366,88.90340139152059,315.38772114414064,450.1547881802679,111.5067022447419,0.3689570487184855,0.568178303611057,0.0031725826676851,97.25903486044535,86.0493106348006,66.07,73.95,99,99,7572.681208201934,19.055594167518528
B0-FF002_201707,B0-FF002,2017-07-01,15226.824399866113,87.66906935784947,93.10931875701594,4.52011478483759,0.9828332486758092,99.18630344787285,0,0,5799.051222493607,9475.490203516963,45.47145983519717,856344.23,5279.192808194666,3670.224132716077,1364.623318584322,471.90678537619976,210.4224741415914,286.76769908437217,1337.9193203414643,62.73755953306568,195.44662668041693,Nordic Specialty Plastics Plant,"Odense, Denmark",Specialty Chemicals,219009,844,71605.4,25.702380691630776,513973.06,9.653113512429655,363.0432911416084,5.621086114930999,770133.36,1.6037773128652508,93.81235854568344,323.14203056431097,415.4329495721107,108.53898187774404,0.3943730454498487,0.581851466500561,0.0029105721942212,104.90158099377727,89.94931304739667,99.52,84.71,98,103,8116.55799757444,18.083554464261045
B0-FF002_201708,B0-FF002,2017-08-01,14884.32641649164,89.11797410900374,95.83578362500882,4.342860704558314,1.0304495109790968,100.65781741824917,0,0,6043.667424052971,8534.810190260123,47.802536283771325,389332.63,5232.956428241185,3317.043522921665,1333.0201548251375,472.2953503015164,204.0104519923457,274.05395082393306,1250.114136322539,65.82255080657224,192.72549704504544,Nordic Specialty Plastics Plant,"Odense, Denmark",Specialty Chemicals,204419,872,461306.02,24.49298530004445,517776.46,9.867889810453928,336.3754280191455,5.407413377837716,944284.92,1.5608349186958912,90.05847295369578,309.5197877820049,409.0645710205903,106.21763809842298,0.390637041999015,0.6206919176288938,0.0029921219708408,102.89233656631612,85.66316885710339,85.59,83.12,99,103,7839.436697565604,18.91835442876625
B0-FF002_201709,B0-FF002,2017-09-01,16270.367336436608,88.9938221758543,96.97338717214512,4.725728411571992,1.000846232809821,103.8317272062638,0,0,6029.373331986168,8616.172295191085,48.649667058873526,951625.49,5523.688058602384,3595.6819932484245,1301.665305024336,501.7628675086725,213.007029827936,283.65060655003566,1261.3433363840488,62.081691316673165,194.57920203903225,Nordic Specialty Plastics Plant,"Odense, Denmark",Specialty Chemicals,219613,877,323562.9,26.18586120242624,920425.9,10.021491345989856,354.7851676547465,5.313543064128676,390077.61,1.5506516333663685,92.01492472988706,331.57211209586893,438.8677358118903,107.1964512234136,0.3606131106124359,0.5675280850213221,0.0031668654906616,103.61656041641888,92.02779180781668,62.85,69.43,104,105,7699.40983861948,17.999051858405547
B0-FF002_201710,B0-FF002,2017-10-01,15114.086241904575,86.40819477772204,97.9007083017267,4.48372911114175,1.0428901188173565,105.18423768818616,0,0,6022.380504978612,8913.622786986114,45.86167200735473,911090.07,4859.139724229996,3480.0057754278187,1284.2522993656455,492.7283297331291,211.2814574782473,281.84715007484243,1361.3177226303903,63.09227905766682,190.22969584567383,Nordic Specialty Plastics Plant,"Odense, Denmark",Specialty Chemicals,227975,815,59043.07,26.007278382560976,851212.26,10.206624875065549,363.80398772003815,5.636067808561162,711707.46,1.570249543409838,97.78967673830512,321.9766027227088,432.96404439848703,105.1733611859666,0.3843674966360859,0.5941763313672043,0.0030611401628338,97.15526857201031,91.01656353941044,98.77,78.0,97,101,7585.8525081501875,18.16696557204724
B0-FF002_201711,B0-FF002,2017-11-01,15884.56728741899,90.66861685851455,98.37696364499052,4.250427011093433,1.0364338760473295,100.05863512501423,0,0,5920.94929124542,9143.747415483778,47.35754890983565,655698.51,4656.662151922395,3342.238526264988,1258.90550608981,506.84428841519104,208.60205072517869,288.66064046854893,1356.0042070174595,65.61409007363132,192.59139575484792,Nordic Specialty Plastics Plant,"Odense, Denmark",Specialty Chemicals,219822,821,619159.47,25.81616040797954,712870.21,9.81667435672737,352.4402583384113,5.46680400283008,645360.46,1.6251422899188108,94.16518352291996,316.5587646889348,429.3527597188998,105.28020297538949,0.3762752393172578,0.5919068690374568,0.0028798904776719,100.75630528175115,86.48253506647944,75.97,86.35,105,100,7762.754312506687,17.318747552370375
B0-FF002_201712,B0-FF002,2017-12-01,15116.857068855144,85.58263907841132,96.11079995940229,4.5607272188432,1.0271158614601543,101.59076081240676,0,0,5996.984928949504,9265.233300014452,46.28251223107832,358900.23,5223.479395560698,3405.7630560662924,1198.1290831002568,507.6743490942303,205.4895605384229,303.4117884262049,1347.3460104639057,64.69192620530339,196.3385321852191,Nordic Specialty Plastics Plant,"Odense, Denmark",Specialty Chemicals,218978,876,241109.06,24.926027974326583,797800.41,9.575151517117106,364.2721012429161,5.84959907548464,663540.28,1.6309732751290145,94.36370838711436,349.2761575211039,419.6402376984626,103.64577063187762,0.3997220244060921,0.5757755262622253,0.0030403910316949,106.26774123032015,89.70583963216843,62.12,69.22,100,95,7911.014155812135,17.22113425453719
B0-FF002_201801,B0-FF002,2018-01-01,16049.31700026608,92.57082232006212,96.2749357233368,4.608151827826664,1.0461972255315155,101.6866475002762,0,0,5544.85590728736,9424.102572504293,46.60396372310567,443719.18,5101.30222362446,3419.909020114024,1279.0028053938947,460.1093730596229,211.6697140167801,275.84987646718747,1338.4540513665345,65.89658629331578,201.17784621775496,Nordic Specialty Plastics Plant,"Odense, Denmark",Specialty Chemicals,238251,882,472974.0,26.9236872975608,957306.89,9.84781544799876,369.1621871876837,5.5332959347721,108216.77,1.5923371618233486,91.52046060793072,323.6225738266127,455.2680846542816,106.2658262928658,0.3778379477095953,0.5675447168694249,0.0031114676614927,103.70490841654302,85.28642448130974,98.82,58.37,98,104,7699.554011846143,18.86734624183256
B0-FF002_201802,B0-FF002,2018-02-01,16125.767997760777,87.3657728325185,93.89761973863251,4.666806662630173,0.9982762638321954,103.12540228121512,0,0,5883.941406386774,9115.518009531928,46.00933928099647,964531.69,4667.906465604608,3321.950356482884,1286.9104902938875,478.1121411135551,217.09679864373103,277.47705884443025,1392.1410451717209,63.55921415105304,189.2289810782217,Nordic Specialty Plastics Plant,"Odense, Denmark",Specialty Chemicals,211603,893,974025.01,26.10045860293772,418943.75,9.807463449587967,370.1364735238157,5.892973100028232,269249.26,1.6977050857779288,96.80530639906289,327.4766910258003,440.195340821969,98.60852311542055,0.3784048673995925,0.5721141159879323,0.0032014929808239,100.27105236287308,88.71542046523594,80.02,98.96,100,104,7356.674947618309,18.677191649237063
B0-FF002_201803,B0-FF002,2018-03-01,15502.068125530235,92.36903356463432,97.70121807137782,4.383689915182451,1.0079470016461236,101.28518386010548,0,0,5957.3875757263,9362.256892799596,47.67429021394292,969932.85,5065.342011022196,3298.35864817599,1369.3241470545463,522.3555027053295,207.167697350268,284.1577683509568,1377.8201313236682,67.30242001472665,197.0207287693793,Nordic Specialty Plastics Plant,"Odense, Denmark",Specialty Chemicals,217976,926,340456.03,25.879786345747824,180747.9,9.839098222844257,347.44680915977614,5.665393661566435,188235.13,1.612117700329691,91.7831752198106,328.71584059753536,443.7551597305665,106.76138239749667,0.3925591662062287,0.5937573108492821,0.0029895572002129,99.73412701456688,88.4249992918258,81.02,97.52,104,106,7939.02208565917,18.74419894360567
B0-FF002_201804,B0-FF002,2018-04-01,15823.930345047407,86.67523367046923,95.42684984556142,4.795661054879004,1.041360604482178,101.26883850839076,0,0,5729.952544386645,8791.082634960056,45.490406878035,656274.02,5195.45582992238,3436.418989974766,1276.013413515389,471.9350053973917,212.62565644392407,290.0413751387599,1344.0836585858676,63.1514777227313,193.78062879611983,Nordic Specialty Plastics Plant,"Odense, Denmark",Specialty Chemicals,240882,847,380177.36,27.37845120512005,865700.91,10.374873783694271,360.3018232244565,5.220138843344571,880745.84,1.5665752761437846,89.8787303691886,320.6438816382632,446.94218090700855,107.37927352398414,0.3780076794955199,0.609327570045542,0.0029502256492059,103.43904391782752,84.450010939146,79.66,82.89,106,99,7659.78057428002,18.70061419910019
B0-FF002_201805,B0-FF002,2018-05-01,16178.828073043904,86.34793184023466,95.27481379575322,4.754282888091268,0.9869328245159538,101.19278767892672,0,0,6079.255752388575,9388.6200951045,46.40664760577787,997106.54,5196.401669213489,3470.587997457568,1303.6044050528417,483.22759179976936,198.0883360201584,299.4462042433745,1316.0463812664116,64.82397481104795,188.6790595573545,Nordic Specialty Plastics Plant,"Odense, Denmark",Specialty Chemicals,229638,894,748923.76,23.966664101634592,48697.11,9.98160058521035,371.11319651658033,5.547880042801953,246887.95,1.5289374508269151,97.47304024782136,311.0561191397905,431.89857089732055,106.06127879515638,0.3941919930632097,0.5962010947943182,0.0029892307139597,103.78410157033534,85.12843888589761,65.76,78.68,105,103,8041.592052231912,18.26317674134016
B0-FF002_201806,B0-FF002,2018-06-01,16347.938045476662,86.23402792037994,94.0765121397262,4.585506350086948,0.9956587656971732,102.42214572552348,0,0,5765.210030939386,9349.596813267462,43.6198619842414,914955.57,5294.788308443106,3386.096760924393,1344.6264892593283,487.6353134053737,208.79626742008384,270.606139898393,1288.56607330766,62.91970628442464,199.5260911623265,Nordic Specialty Plastics Plant,"Odense, Denmark",Specialty Chemicals,229892,858,357501.98,25.809021637913908,556772.84,9.63223361081632,386.9007071239279,5.675382870829926,19816.98,1.5818663414765284,92.47587402908748,329.3783673978449,428.9004754184808,110.03107098272508,0.3614049033878064,0.5773503906466795,0.0030153469522163,104.75382924833606,86.75506742739019,74.4,89.95,102,97,7501.122029759845,18.23292928016858
B0-FF002_201807,B0-FF002,2018-07-01,15969.638545217314,93.05432544439088,93.8763816388197,4.689869008405472,0.965283378900176,101.4950817285376,0,0,5869.534979121215,9508.03882841258,47.77574996962896,530203.18,4931.736308762355,3462.9400829408355,1290.8442996375636,486.5432296181211,210.55739394484283,294.3943200044864,1320.3397526944266,65.34531793742573,201.6342994074652,Nordic Specialty Plastics Plant,"Odense, Denmark",Specialty Chemicals,224038,881,872929.58,25.70693293742961,583066.0,10.413006668253386,350.6295042732905,5.357609391447405,651905.79,1.6112050609272106,94.34170532515068,320.4751726309002,419.5027401393256,107.71269559786622,0.3931097742529586,0.589020167713892,0.0030902704462592,98.24098719000828,93.20134177674942,70.28,70.18,102,101,8009.448046488527,18.95149353454141
B0-FF002_201808,B0-FF002,2018-08-01,17321.67859052608,91.1536574339986,98.95899425133504,4.779521317990558,1.0432312764385856,100.41159179869594,0,0,6246.991541765805,8763.9715412432,44.653272996622505,423895.95,4971.314679203571,3259.0850616718144,1250.147356679303,508.7063675630917,216.0459167773813,278.65444635102074,1314.752120063809,65.8263921391073,202.2376655556569,Nordic Specialty Plastics Plant,"Odense, Denmark",Specialty Chemicals,223914,862,15648.08,25.844731987054622,670428.63,10.056803985129475,345.97321118651416,5.6549495659014815,348431.39,1.5441085317306762,89.53846308541279,320.75150592585726,438.5245357164869,110.79373343326166,0.4038022005672591,0.5913214976719113,0.0029052623106506,101.27465351566066,85.95394143061066,86.29,77.61,104,100,8056.950200005943,18.20357219340747
B0-FF002_201809,B0-FF002,2018-09-01,14717.85205808169,86.23207091430116,98.59384207230508,4.733547693434837,1.0810551338241798,101.67909705339362,0,0,6172.824717647044,9494.802834388256,48.08689056450056,41453.49,4992.4075981022725,3183.808847962142,1346.871682040471,488.6298006867088,205.222088104032,274.9814205549919,1352.0629742274791,67.21218469955016,200.46990215210184,Nordic Specialty Plastics Plant,"Odense, Denmark",Specialty Chemicals,219259,863,718988.64,25.95226925487743,761424.78,9.797181375737429,378.3195040395116,5.575688271561755,624308.14,1.6575773399061666,92.35536695520636,327.3936293525706,438.97859381085226,109.58974664783182,0.3960565352873028,0.5989053360479515,0.0030774588782117,102.37516906440575,94.53244801253142,76.4,90.07,105,101,7914.100705284036,19.01677427924516
B0-FF002_201810,B0-FF002,2018-10-01,16574.423924022787,92.05217204048655,99.06985565944495,4.909897322425542,1.02512347647992,103.83244113472529,0,0,6097.823506180491,9329.117745797552,46.44300685318166,327529.55,5219.987006373344,3471.1000774647546,1249.5701080817694,460.75535573922735,205.82900062236547,285.1874421703074,1317.469179409788,67.1523623940588,204.69474226003308,Nordic Specialty Plastics Plant,"Odense, Denmark",Specialty Chemicals,235508,894,143215.68,25.489266271820767,303893.9,9.55820762931594,383.9682831766037,5.918646499074152,963431.97,1.509485916404023,92.5722406945832,320.6789255837777,419.7831081227497,106.7147283200034,0.3874485763474672,0.6011632383170614,0.0028515356575314,100.65470795223492,89.75426449995415,99.77,71.22,103,102,7729.465543700277,18.83642343656826
B0-FF002_201811,B0-FF002,2018-11-01,15718.297386830103,85.093527270269,97.55389448544678,4.465061601390782,0.9796476454129224,101.28207392679514,0,0,6059.699907334223,9330.215550433097,47.84979337918613,419109.52,4865.3108175663865,3575.5498924799213,1346.3931540348835,470.5390788757906,211.18656313907192,288.02300097107536,1348.4165723741175,69.50250271041658,186.31717865603585,Nordic Specialty Plastics Plant,"Odense, Denmark",Specialty Chemicals,216679,825,108329.02,26.38148563754797,126510.27,9.830812389774556,375.5198072812388,5.5459371735207,175216.78,1.670235709528462,92.7523125087266,324.6239605724754,436.0496077096774,114.96478263841476,0.3761368870889309,0.6096366956706064,0.0029095768275184,106.23064734792452,92.05415372486948,99.42,87.17,102,100,8351.481830725914,18.401840816974747
B0-FF002_201812,B0-FF002,2018-12-01,16433.096426781085,92.85692601202857,99.96684311857236,4.726452492353104,1.0528270265964417,104.21503554620712,0,0,5778.097783989262,9312.086769700212,49.0321335430219,286769.14,5082.429465756929,3490.099796065757,1385.9829624472925,468.0786277257246,216.54832530190245,283.7542521036252,1324.308231107677,64.2149186415454,194.2045936326923,Nordic Specialty Plastics Plant,"Odense, Denmark",Specialty Chemicals,230389,881,338777.1,25.11419513136432,791935.99,10.057889030229722,354.6368176086334,5.8555446546494805,46169.08,1.655632832895962,98.84533432238806,337.3650638799176,436.5649539851119,112.78324428134718,0.3650455559910869,0.5978871122277453,0.0032054394858871,100.39351821307147,92.33554761868456,79.29,78.22,106,98,7731.154382301924,19.53116454072113
B0-FF002_201901,B0-FF002,2019-01-01,16589.782243548456,91.31360988805082,96.94651264836608,4.688214184951973,1.0868703510178803,100.82201704600908,0,0,5912.241428458715,9071.96782795552,49.803088195348685,991086.12,5019.128198684156,3418.0168392309365,1288.162916851721,501.0463059646144,210.16654016076137,285.1210977813471,1387.3753057958668,62.78139180688103,198.11736991114907,Nordic Specialty Plastics Plant,"Odense, Denmark",Specialty Chemicals,227187,881,748688.88,25.46561315210876,58110.88,9.639306214007588,373.6800254409808,5.516037938596419,863307.64,1.6299760174877287,94.2181502805409,340.70873184771006,436.9022446417754,113.98372783631592,0.3776331320042533,0.5776955315489168,0.0028985015884557,101.13919345695918,89.34686947103475,85.61,83.39,105,107,7751.759963757795,18.767579414844427
B0-FF002_201902,B0-FF002,2019-02-01,15660.016952764005,91.2014469614603,103.13455149158486,4.487016434855986,1.0555690604952794,104.4370499373212,0,0,5974.721634332305,9212.464627685573,47.11609910058391,862360.9,5307.642351281191,3446.1483184487524,1305.0054034190423,487.0973060853275,198.52052834263705,280.4715706247959,1405.5993554969614,65.90251587363908,195.72565385278952,Nordic Specialty Plastics Plant,"Odense, Denmark",Specialty Chemicals,228713,909,21010.76,25.69841398825122,59403.37,9.885748097576196,383.8205961076565,5.62537352520207,834323.87,1.6144954317799487,100.8260921791306,319.8193740349898,420.95341180401806,110.30873246410476,0.400153477125008,0.5838416586336835,0.0029978499363431,105.93769321149423,91.98749880468525,80.01,76.1,106,98,8231.460544624426,19.16221686134049
B0-FF002_201903,B0-FF002,2019-03-01,15057.618868544145,90.23138381979474,92.1400539327685,4.491148693231998,1.0198436689912451,97.51675540993936,0,0,6295.205578030185,9218.124425165051,47.77870480907787,285341.59,5202.7496439637125,3521.985523703276,1294.204534354032,473.2990081701896,213.9332720033969,291.0809882268143,1315.8875360354748,66.9825985037345,191.52345362435875,Nordic Specialty Plastics Plant,"Odense, Denmark",Specialty Chemicals,227897,852,330107.59,25.83840534101708,356251.07,9.621739789949627,358.87928332640433,5.696061421621272,364496.64,1.6683005037209369,99.89088405395287,346.27012771407124,452.4306300965759,109.10589247340698,0.3893580549643246,0.5528697127937693,0.0031164716169948,103.36041151803536,94.50543424534672,95.88,51.46,100,103,7591.118847125354,19.55955248692635
B0-FF002_201904,B0-FF002,2019-04-01,16693.926250722674,89.01607433297943,98.84213302582329,4.670534003568039,1.0176534573406997,101.8679801646429,0,0,6016.036059095879,9932.76479246574,47.68023261201595,277289.85,5223.503758527392,3549.526945127609,1335.2750981164038,494.6507520864734,213.68890260934265,281.4707799683285,1315.3723105313445,67.74059503052833,208.1062823185676,Nordic Specialty Plastics Plant,"Odense, Denmark",Specialty Chemicals,216915,853,756139.1,26.72018303508284,295246.73,9.6838814858295,397.9085890125436,5.564126709859827,595928.88,1.665640661278216,93.2290217497215,325.27504564373686,428.79088567546887,106.43600603103246,0.3849027934049077,0.572378695982051,0.0030455487228584,108.99612625820086,92.18378272751018,78.01,79.71,102,110,7731.278552915502,18.81630287656044
B0-FF002_201905,B0-FF002,2019-05-01,16428.299195214717,93.7003368307285,97.20834469800008,4.535798873002323,1.046945488013373,105.6210737266906,0,0,6081.557868337197,8827.14047252915,47.534744948022976,933089.85,5283.252895070678,3451.727671470965,1400.1348675154295,515.7782756099743,217.0149076634069,275.83929273344654,1283.0067602194586,69.18464357183356,200.74586025996248,Nordic Specialty Plastics Plant,"Odense, Denmark",Specialty Chemicals,239549,857,933787.76,26.95117787586878,563325.77,10.292001809881697,372.27885625075976,5.640568995131472,24010.59,1.6404057656842912,102.42398097251088,333.63649098348964,430.3674343632423,115.6895240852979,0.3794381084637277,0.6251257077712865,0.0029480121471999,103.98824687486336,94.54332627558482,61.47,74.99,107,97,8224.224180327188,18.789960029331816
B0-FF002_201906,B0-FF002,2019-06-01,16923.039906883736,88.26412944145505,94.21497751206736,4.600050595755024,1.021582535083973,101.10381535688566,0,0,6051.421481355177,9354.715831317566,47.62767342785034,129467.58,5167.381604990928,3326.9041366012043,1323.271815719088,490.07528743490656,211.512603253638,275.94975372711974,1411.2537736820336,64.56676664354387,192.0839492580275,Nordic Specialty Plastics Plant,"Odense, Denmark",Specialty Chemicals,228896,885,426511.5,26.86023568202637,565163.28,9.999249637646166,380.30815463111617,5.3784398847978805,397446.07,1.6102620350927133,101.9022515998197,341.33063351626646,438.7489390045984,111.24382824585116,0.4025804698050759,0.5547860666515503,0.0030541394313809,108.53779606674546,92.80511691016572,91.67,80.32,101,103,8091.451734440114,19.15049863335278
B0-FF002_201907,B0-FF002,2019-07-01,16595.936599711295,93.97243722104274,94.89663881201491,4.685147229276865,1.0138532058484495,100.63582074122137,0,0,6267.842707048317,9610.0174215812,46.37197259524324,705410.01,4984.969412283917,3353.339893322106,1310.3662165822986,494.0212465997875,216.60102645739585,294.90623195359314,1387.1363032616864,64.89159132396306,206.84354945807283,Nordic Specialty Plastics Plant,"Odense, Denmark",Specialty Chemicals,234403,884,234769.09,25.689058808383503,987442.38,10.21167536449929,383.7787687070476,5.492255041389109,211506.5,1.5861381467586304,96.64868492557356,316.8744316092082,456.8350718526557,114.87021678251166,0.3941864074297284,0.6103181749269151,0.0030779441742727,104.83191902119616,87.08371500584502,81.64,71.91,104,112,7967.774071946065,19.30325642650245
B0-FF002_201908,B0-FF002,2019-08-01,16510.761339363227,87.09796838968626,95.58240932733332,4.973600828794146,1.059723744462174,101.92352284717371,0,0,6158.855071527231,9375.414966262442,49.55885153515495,373375.87,5011.3604441453845,3587.895748787284,1423.3231757923468,501.9391282034106,221.84665831279844,288.9217687786956,1375.4232111570395,67.1693321864642,199.65957144588256,Nordic Specialty Plastics Plant,"Odense, Denmark",Specialty Chemicals,238860,926,290734.93,24.941773905558588,332510.16,9.676277106294789,375.251555562262,5.473336455475401,347772.66,1.667471345693788,98.35408995757872,341.61725238157453,447.59815318886587,113.2639251809104,0.4064648171878066,0.5941418527919383,0.0031320083799528,100.2411857208432,90.941364483491,91.36,86.92,104,105,8025.148171778299,19.038137053965027
B0-FF002_201909,B0-FF002,2019-09-01,16084.137024553836,92.18137409381798,100.2238061533176,4.693791679890082,1.047238998291351,103.13944186348054,0,0,6232.827216294654,9732.857536468788,48.53489377407812,319594.83,5156.597918907093,3363.7096447315325,1369.312560991313,459.8560689139132,220.35741353825992,299.8756617063257,1246.033273654133,69.2963340572779,206.39933269503047,Nordic Specialty Plastics Plant,"Odense, Denmark",Specialty Chemicals,227432,865,466931.08,25.67030227608041,72435.34,9.900149119136032,385.6250961277965,5.641497643075851,438545.89,1.5587371125620677,93.23537396729826,344.2172073897037,440.8611290427845,112.573992680892,0.4112954932968895,0.5949677478710291,0.0030627790886984,107.3836711326024,90.86650987164406,65.37,55.18,104,107,8011.75991493995,19.48623131212768
B0-FF002_201910,B0-FF002,2019-10-01,16504.23062836132,90.32517514421755,98.99079887016256,4.353865535227212,1.0814808364830983,98.36895866406807,0,0,5769.503540518898,9465.096762351071,48.65378274875911,186753.76,5073.339262608763,3414.7146173422457,1366.3993421900125,467.25940023698246,211.4119341742461,276.9388532419894,1399.2998064787628,66.14766653138875,203.7531483118164,Nordic Specialty Plastics Plant,"Odense, Denmark",Specialty Chemicals,238310,932,653582.62,26.543221311716547,130502.93,10.257117007418804,384.8401906992133,5.365956024860444,455764.48,1.598826592114662,98.5998692351838,338.1516146973513,451.30144414405055,111.32864509639307,0.4060360646605732,0.6071141252490555,0.0031131805608196,100.84778087433504,92.02074009555818,72.11,77.21,107,107,8465.866487214525,19.36403763989541
B0-FF002_201911,B0-FF002,2019-11-01,16322.675829816537,92.20171957396558,98.09207137998568,4.876000411889909,0.9967448052897232,100.83903135320035,0,0,6102.145655309694,9125.830436222506,47.88440701897704,436134.21,5134.862529434283,3445.788361853293,1325.7175712942717,466.00924126178455,216.2202445187436,296.4813219706433,1430.9251468551536,68.62733004633091,205.5746707090464,Nordic Specialty Plastics Plant,"Odense, Denmark",Specialty Chemicals,232013,851,416746.33,26.41885304335838,585539.48,10.230287691592748,374.8490791695039,6.00937780558214,598101.34,1.6564364204036732,98.10823974391349,332.7549443220917,444.1963111348497,104.55023600496344,0.3803383358421529,0.5889500944920112,0.0031288105803679,98.73145284190376,89.62386132007701,65.54,92.28,106,103,7919.934408808402,18.586543619576904
B0-FF002_201912,B0-FF002,2019-12-01,16145.470520133533,91.0147902994455,102.90986500126012,4.56643307174425,1.1015220964047363,98.66500036125368,0,0,5944.832547398343,9725.801058301877,48.3643618575082,408670.09,5147.748383567871,3434.5079881003408,1337.684195349059,444.2619554851559,202.6122033573141,294.3656274233175,1419.6297800868078,69.71921265338052,195.1690121650605,Nordic Specialty Plastics Plant,"Odense, Denmark",Specialty Chemicals,231573,841,794641.49,27.012509948712115,937513.37,9.970660029810652,376.6084189195277,5.901332382034339,447245.27,1.6452274540081635,101.31711444785836,330.2588527974817,422.6765328270948,116.55926193752704,0.403464274876374,0.5595123171843139,0.0030786423388839,103.93192929369252,94.89742188835322,69.37,60.3,105,103,8382.172422231939,18.54462992706321
B0-FF002_202001,B0-FF002,2020-01-01,16117.69836790592,91.245668091731,95.14144959696334,4.96474306827722,1.0477563567445496,105.11557681183724,0,0,6265.286298299224,9631.581075311486,51.06331312095775,160531.91,5167.904618551644,3410.855156648269,1342.514622961343,502.26962035743526,218.7278461607622,305.62147765758965,1392.7813390659048,67.05925838809821,194.58542366151204,Nordic Specialty Plastics Plant,"Odense, Denmark",Specialty Chemicals,236503,897,250756.27,26.055808333408365,961933.64,10.19959480412831,388.4303541536949,5.7551711885297285,272780.02,1.6255657419630918,93.28769381852288,334.77213894681347,425.4954554550529,113.08294362905312,0.3494304846203931,0.6146563722796659,0.0029918961011502,101.14370909658226,95.01791301809246,62.59,91.65,102,108,8044.3662139621265,19.08559525952329
B0-FF002_202002,B0-FF002,2020-02-01,17107.234433590253,88.18160319706573,101.9550010576184,4.775147133591068,1.0423087289026935,99.32756333307448,0,0,6344.375064893299,9404.00793472941,47.37744128633045,546504.05,5130.834835864219,3633.65161683716,1352.490260162699,490.3717183983799,226.00701576572183,287.9993342728401,1340.8853513411198,67.95082608880385,203.9459874880233,Nordic Specialty Plastics Plant,"Odense, Denmark",Specialty Chemicals,226721,881,808045.03,26.07992199221209,285388.74,10.152999901794406,387.7804688034565,5.663436614652668,21016.03,1.5938112210105726,98.95893113884404,323.76748692577496,449.6247323388065,114.8110212297226,0.3936186322917205,0.5785140361675696,0.0029871959711033,109.22813105065512,89.2636535489554,61.87,89.69,102,103,8499.577332294024,21.03421245663811
B0-FF002_202003,B0-FF002,2020-03-01,16238.28099348484,90.41611787108204,94.47019730482384,4.492178005845602,1.023236536180866,101.44646739578778,0,0,6174.080345603787,9588.264827271923,47.52459970784348,813635.76,5152.321360562108,3374.5197126099306,1269.6446901633044,483.7067812530242,199.2758412159876,282.045543033512,1398.32435504882,67.57905563410891,201.77677267330856,Nordic Specialty Plastics Plant,"Odense, Denmark",Specialty Chemicals,239237,883,405997.56,25.813622519114205,346646.3,10.15299746642331,380.4424946651214,5.636537130927551,603136.77,1.6670912626276582,93.06870695809906,342.2051119969063,429.52962855950994,109.4008618878236,0.395769475555796,0.6122754574566364,0.003122097863793,105.38757147123007,88.35704865543757,74.94,78.43,102,101,8099.901960287395,20.41065179971872
B0-FF002_202004,B0-FF002,2020-04-01,16787.85782516393,85.41593964207003,94.94103014729748,4.547282135393444,0.9961122920565724,102.06733484997076,0,0,6099.541597042762,9462.313340255214,49.489574409816406,205496.12,5267.024574537217,3507.9944465722087,1310.0390330789098,482.4004394038656,206.998973174347,305.4533576286464,1316.7224162709856,69.21669171718143,193.04429503050588,Nordic Specialty Plastics Plant,"Odense, Denmark",Specialty Chemicals,236651,931,699922.83,25.6576851945622,300548.57,9.935968904562468,368.46368664327633,5.716893461020093,166969.83,1.6199282016410377,98.3177390172268,325.00343250676286,432.6146834000571,111.39517912179812,0.3902568525296235,0.6142556352521601,0.0029886719082427,111.25732195407768,86.65944706352222,83.66,58.91,103,105,8269.621448613116,19.559352109907376
B0-FF002_202005,B0-FF002,2020-05-01,16325.537732156288,92.60364436704133,95.6119383919548,4.711004521366288,1.0651641907527636,96.00161796642077,0,0,6382.020386390054,9458.404815702585,49.228482185715805,413607.84,5320.444489766712,3575.360327112723,1299.706830957379,499.3892837118548,223.45943519001685,301.29049615887993,1380.1817009792208,68.02359820345532,207.6678398357461,Nordic Specialty Plastics Plant,"Odense, Denmark",Specialty Chemicals,223683,918,31569.72,27.20220108393679,962920.32,10.103869580882446,372.6612427486851,5.709029950455546,639010.0,1.6886769582064376,101.27024381796004,334.98034726096154,424.82721484920427,117.03301632028489,0.3764470617208849,0.595259649360797,0.0030631641741371,104.64926587752193,88.21548077416072,98.97,52.01,103,110,7981.53214758377,18.518426896287465
B0-FF002_202006,B0-FF002,2020-06-01,17277.169412563875,93.09243096313767,107.82944327396798,4.469223245047661,1.060510075341426,104.68398982976856,0,0,6385.018751920787,9554.066754407386,46.124436891438506,625585.46,5045.000093824195,3507.367680712511,1392.8658851113407,489.7164077155466,214.41721442529527,284.3900921982578,1412.1972682333676,69.94656094798025,202.1597005947296,Nordic Specialty Plastics Plant,"Odense, Denmark",Specialty Chemicals,242858,892,979751.44,27.18784163740789,189616.48,9.965147504213594,380.2914339308656,5.450744755614379,203183.12,1.6578315013536136,98.85599661479534,348.8879314508568,459.5447230954758,114.90263123803672,0.4093274093974977,0.6124733299545837,0.0030803950380083,107.60215013067965,94.2096212741017,75.92,70.73,100,108,8241.827944609848,19.485558117019863
B0-FF002_202007,B0-FF002,2020-07-01,16905.95302092405,89.42676171301441,94.19939800120513,4.821758564140436,1.0930871413042669,104.3918062419003,0,0,5954.279271670771,8996.741848551104,48.63225862589262,729355.23,5218.170549819909,3570.5992864335985,1323.7374289923075,497.2057921527052,213.16074954562976,291.1230287999232,1393.4064689751551,69.67778843928609,204.36961813790663,Nordic Specialty Plastics Plant,"Odense, Denmark",Specialty Chemicals,236484,908,158758.83,27.40254492246453,607116.66,10.522667005143214,379.2343306997982,5.926191954884518,10051.02,1.625021274554692,99.3479859639879,323.92305895450414,455.7479287934548,118.81775322746748,0.4045022856972168,0.6260013387306382,0.003080816715379,106.37048693822176,93.83047211039565,60.48,89.99,107,108,7883.264152101845,19.885824807336924
B0-FF002_202008,B0-FF002,2020-08-01,16713.404871500425,91.68668150998523,99.6539571070382,4.748280541003397,1.0301335001586398,107.11150308514353,0,0,6449.4635133708,9498.020455448308,46.28118254399703,554291.03,5332.762756551572,3692.865003152728,1401.5462633343027,498.505586833633,215.6252299629228,302.5227468189289,1273.6645728543724,68.0994826980838,208.58379463969047,Nordic Specialty Plastics Plant,"Odense, Denmark",Specialty Chemicals,231565,898,734340.31,27.686503424323003,817189.39,9.959224639731804,394.1901646390232,5.979051631401373,487639.24,1.7962296825658324,97.81052452408676,345.2177674699305,458.4760775519995,110.65036893914656,0.3898673728289572,0.6062418141301029,0.0029447821891947,107.56573184697072,86.77979688143613,83.16,71.48,107,99,7738.021927932536,18.831675399161234
B0-FF002_202009,B0-FF002,2020-09-01,16766.668219588817,92.7324578714912,103.20480962474056,4.774765609874051,1.0570725361768123,100.21389304591078,0,0,5795.849744591489,9202.743394713472,49.434750689847576,757594.35,5206.054596963261,3468.1288692917533,1288.000814041517,464.6479460701023,214.8204340467484,307.15616771800086,1387.0364361781385,69.76278570604703,195.8976532660624,Nordic Specialty Plastics Plant,"Odense, Denmark",Specialty Chemicals,234656,890,318256.67,27.235372558540007,97500.49,9.754507720544884,381.8685077565866,5.619432278324543,32494.48,1.6094964035717287,103.93688110914972,348.28137911307067,422.0587816842764,112.50930104228097,0.3943108529140895,0.6008838906929451,0.0030612374986064,107.45808446933547,94.72528440093105,82.64,70.42,108,105,7768.020441485498,18.274258212508897
B0-FF002_202010,B0-FF002,2020-10-01,16106.58707491154,91.67236645411924,96.3128720483135,4.603389755539414,1.0468469690697737,106.35038156765242,0,0,6192.388027288833,9088.95193443184,47.54921538874009,977485.63,5319.547804268232,3506.6103445915646,1354.2059652939026,509.7001488039858,210.57360201967344,298.48686412448507,1469.7152195583706,65.77082598499821,193.76949528117265,Nordic Specialty Plastics Plant,"Odense, Denmark",Specialty Chemicals,224160,921,225970.3,28.03581123484305,229421.03,10.45818392632744,386.5046811060412,5.874572960359802,466902.41,1.6211163606449122,103.08008439446388,349.9289000233939,439.24711088538265,115.48425463871716,0.4135082259805666,0.6140404306227139,0.0031078181084872,109.7382061436834,92.93379522830791,80.11,71.47,97,112,7958.186050255502,19.77546817727416
B0-FF002_202011,B0-FF002,2020-11-01,16091.215498527645,92.79706566336932,101.6383551220801,4.593107648520154,1.0905351220461057,103.1664296396598,0,0,6328.344996552072,9450.319728132466,51.72074323810894,79624.64,5272.779710392647,3523.3484625767883,1312.1401327240828,478.2797928010658,213.70701544295247,285.74474963272,1377.16080385207,69.52786625811294,201.04107495411665,Nordic Specialty Plastics Plant,"Odense, Denmark",Specialty Chemicals,234761,898,53088.06,27.910532441695903,976765.63,10.284552909418984,366.28932360771694,5.7191660952659085,702821.84,1.6999602045205662,95.41509353550708,353.59289391833306,449.3694716834229,110.45413611219504,0.396985788988305,0.6205483415129612,0.0031795971400383,105.84212924766057,94.76565331331794,77.51,77.05,105,105,8121.783733168222,18.95681699134655
B0-FF002_202012,B0-FF002,2020-12-01,16619.884612023503,92.42625442791308,105.38697900449073,4.703655499973303,1.0299133737605222,105.91704924435426,0,0,6343.5979931159945,9408.87595330645,51.16469024927116,387373.75,5172.470414365392,3558.418545369172,1419.361881680355,488.1477448292298,220.03018037509608,284.7469007702249,1428.579206996365,66.59686704329506,207.55808876671344,Nordic Specialty Plastics Plant,"Odense, Denmark",Specialty Chemicals,238189,863,748024.06,26.3277888036028,681197.45,9.945294595096334,375.414235595511,5.9700763564142045,269365.35,1.6151808950974524,103.5643517602001,311.1097371354288,453.6781246703514,109.16870882699062,0.4014877375489086,0.6030630453664878,0.0030386678139486,103.13645661104051,90.26032145950064,94.16,57.45,112,106,8255.462180513576,19.949925623113945
B0-FF002_202101,B0-FF002,2021-01-01,16363.196513001789,90.3748993928136,106.39389865958798,4.755740179173293,1.0694895898588854,99.01952119204944,0,0,6291.516021126187,9491.126821790163,51.03218527359517,917995.37,5204.729751581389,3791.170655567199,1363.344816560318,498.5516658687967,225.5305499783301,306.4574102689197,1337.6048191836155,68.87704349739182,214.7578835299644,Nordic Specialty Plastics Plant,"Odense, Denmark",Specialty Chemicals,229254,904,407357.94,27.32188267284497,826781.13,9.270188253767644,384.99509834129,5.971363359149589,568301.8,1.6362414965877186,97.8897787508181,353.804747328725,442.3018910345831,115.62052733737048,0.3837674516253899,0.5883534680070953,0.0032175463552928,110.76934910431548,95.01740402618796,98.13,85.37,107,106,7719.851531225633,18.53616839502638
B0-FF002_202102,B0-FF002,2021-02-01,16206.393885079486,92.46846070868094,94.7958622879302,4.873268525607218,1.0608256821379765,100.88600148932176,0,0,6202.844159488402,8996.548880094437,46.60629965172181,718681.37,5163.034169951622,3594.03109106944,1366.2090372933123,531.4876063735016,216.34281102960225,266.461999512883,1308.5192131494196,65.63969054320867,224.98686266371857,Nordic Specialty Plastics Plant,"Odense, Denmark",Specialty Chemicals,233777,945,825167.66,25.77697343852642,168460.67,10.434059462680032,357.45480065772165,5.945668316042041,124732.77,1.6995352640967991,99.39324437816684,341.63337844113937,453.2387201195469,114.76891348803366,0.3985356111497605,0.5840864610276633,0.0031045103881452,112.59572262170322,93.5295244289639,69.32,85.47,103,103,7873.44342060928,18.369271037908987
B0-FF002_202103,B0-FF002,2021-03-01,16741.350485938925,91.77343375301024,103.3975482674593,4.74798255070747,0.98823934342707,105.65353463005508,0,0,6075.814453892279,9587.73427142868,46.97128773759494,159749.62,5288.482349501877,3520.4504733516123,1298.9757872074315,527.7501015816399,212.39064631360543,298.4123675946323,1355.4664937279674,75.88596649778664,205.40136071911348,Nordic Specialty Plastics Plant,"Odense, Denmark",Specialty Chemicals,229985,933,402789.67,27.14398247406588,640728.99,10.38409146622098,381.6220871172477,5.778551100447896,919432.01,1.5972811984318844,100.27689479893364,344.56156260398274,469.94136440864577,114.10504583255984,0.395867366454173,0.5841525813654552,0.0031415387345445,106.9804894484264,87.69947762714891,80.76,73.68,106,108,8208.795493789326,20.145305013664387
B0-FF002_202104,B0-FF002,2021-04-01,16958.238986567885,92.4576391932983,91.42584825151982,4.941548382607921,1.0285248595059058,107.05417320806684,0,0,6405.018468361133,9681.331737398585,49.63862265009818,795819.24,5294.952820368137,3428.513438558551,1325.0915444118605,495.7109022285645,228.1788361856136,299.6684772718968,1414.867381918654,69.81762088461042,199.3492147041609,Nordic Specialty Plastics Plant,"Odense, Denmark",Specialty Chemicals,223483,869,102340.34,27.652432417199567,922201.43,10.00469510349886,399.4615157013822,6.144479722033065,335108.23,1.7471855520888362,101.31071727899538,336.4627876213183,443.8395202001478,108.55080474661226,0.3935842868188442,0.6063166803506629,0.0031286204307312,105.60133438838596,86.48037871173342,82.7,95.49,108,103,8310.590765994888,19.366916782794583
B0-FF002_202105,B0-FF002,2021-05-01,16900.678785467724,97.30479387588151,100.44365779392946,4.829854372633373,1.039806826959262,107.39669437443952,0,0,6037.167494583969,9347.710023787797,46.5076301879631,148789.7,5407.416370756879,3607.7404463786647,1378.293098005108,524.0602529227989,220.83422817527585,291.6232549728629,1369.0449989062645,67.84429430545305,202.1895083667009,Nordic Specialty Plastics Plant,"Odense, Denmark",Specialty Chemicals,241561,930,993977.54,26.6612962749834,21742.06,10.583897785343575,363.0432340402426,5.76654118127399,260174.06,1.7020260609459457,99.17372543683378,343.33244288812693,450.16857162580806,111.44177300231595,0.4087630531441686,0.6263250446440578,0.0032141901040381,108.72235450467656,90.26769361719732,72.0,53.0,108,107,8167.396104100918,20.11315238373357
B0-FF002_202106,B0-FF002,2021-06-01,15796.638000279823,93.906660713389,100.89880352217168,4.628527057308244,1.1205512764209322,96.18225929497032,0,0,6058.750211077001,9633.82100845018,48.93616236001383,280118.74,5859.6111375694045,3605.780704357048,1398.190422588763,487.60346224800287,220.49923140267745,293.77924393713056,1432.7327376941998,65.47188115078303,198.5857450415984,Nordic Specialty Plastics Plant,"Odense, Denmark",Specialty Chemicals,243442,925,597577.4,27.213227787381104,906008.03,10.188716093800418,382.50403684118334,5.970895687569078,60758.03,1.7359454491820838,98.62660236172816,327.5627569286378,436.610243242816,113.74541008220632,0.4108124894234917,0.5998535631636386,0.0032254685707917,106.52492617227384,94.77832252266028,87.57,95.88,110,107,8109.34989728266,18.34065057114631
B0-FF002_202107,B0-FF002,2021-07-01,16973.270186744663,91.03533189082452,99.63668199399154,4.6601001102454935,1.062565358095273,111.33959439964892,0,0,6162.975794245557,9152.500582892531,47.65171525927637,413143.18,5349.994876429759,3621.527032596397,1378.0873726299878,508.45637690761095,214.2981341673816,287.1997843590621,1353.08491119204,66.01388696538878,207.6410240485164,Nordic Specialty Plastics Plant,"Odense, Denmark",Specialty Chemicals,249609,891,766092.48,27.11453602768635,472196.78,10.398899110408662,378.53335512751767,5.691111347662631,235274.79,1.6947966717286445,102.87830803082198,343.81289444731675,451.0000699673079,117.31915781184595,0.4122989492922495,0.6071948068542997,0.0031459805446392,104.96398547591836,95.4877754542806,96.22,84.08,108,112,8636.735623143504,19.141710028044653
B0-FF002_202108,B0-FF002,2021-08-01,16371.711613694251,98.6121067112543,106.09664560275412,4.887896656519889,1.0161601632450323,102.96122149817502,0,0,5969.397120448708,10094.541618048584,49.22517322743869,229477.79,5470.351737789074,3645.3139267145593,1324.1817164394622,503.07440219803016,228.65429399997555,294.126731204906,1473.9610759480474,67.02389251696891,195.6590763393021,Nordic Specialty Plastics Plant,"Odense, Denmark",Specialty Chemicals,235980,881,95247.76,26.985677183372527,93631.42,10.888866350913514,385.579622142908,5.967198466544971,324814.1,1.769055978063046,95.5822339131343,322.4174953073888,478.49167793314393,116.59583314701176,0.4022683769742883,0.6110233347627146,0.0031339715675989,109.19883944743944,89.25886405072454,86.71,76.18,110,107,8257.40839859485,20.19314357308688
B0-FF002_202109,B0-FF002,2021-09-01,17032.626251331185,98.32563985055224,96.14642938779458,4.957132613746481,1.0463133197124908,104.75966417797464,0,0,6660.39254704416,9905.390973919102,50.29733453899996,122892.56,5290.492548145105,3543.3522414733325,1327.1060121030607,520.5733508294437,217.177898827026,296.560946005276,1399.5922648270716,68.19348677639782,209.1801470963628,Nordic Specialty Plastics Plant,"Odense, Denmark",Specialty Chemicals,231524,950,93541.16,26.989417298774967,335308.02,10.651538082113662,401.4247124971317,5.948118229768089,925642.69,1.680393672686585,94.6411394973458,326.9051428530039,465.7390506815645,114.1075184348117,0.3848504821658068,0.588287850899929,0.0032274148537148,109.3653338706008,89.10886611434125,93.82,59.46,105,111,8182.0543871917935,18.46296968106081
B0-FF002_202110,B0-FF002,2021-10-01,16661.740085725596,97.35225693177756,100.51424480272624,4.679667153168381,1.0938794979563071,105.92469402219984,0,0,6139.980005114696,9425.612519065411,50.57530869608822,798022.57,5583.275613246083,3718.229997827023,1332.2803805240403,526.9546957750845,221.10221379799023,310.8730660419008,1412.1052195306142,68.34805176496913,204.3992777426032,Nordic Specialty Plastics Plant,"Odense, Denmark",Specialty Chemicals,218844,949,888487.25,27.822266373036424,32915.49,10.152596756503854,379.1304987525344,6.0060038320637466,742494.44,1.7507026954865688,97.3474889613716,355.8646428357312,451.82440397588033,115.9994623601252,0.4135076183594475,0.6243226974930334,0.003272570172091,102.03317772050804,92.37212866334887,91.78,73.24,110,106,8087.477061731351,20.03773700894428
B0-FF002_202111,B0-FF002,2021-11-01,16252.582558098702,90.82233704490751,103.23384725742244,5.031945555912311,1.0800903948346086,100.12936352452157,0,0,6488.340287407631,9499.951730029115,51.25236030120035,52753.74,5221.232162144938,3383.5618595713127,1353.8855837930753,507.8787827419237,221.01374129887213,304.29875597448495,1460.644765835151,68.85127918762662,206.79569323186865,Nordic Specialty Plastics Plant,"Odense, Denmark",Specialty Chemicals,244368,931,761814.58,26.650480596541527,492861.86,10.052787287196017,367.3333093417676,5.897893236445779,747894.68,1.638490897575884,96.8248793474091,351.20031483764075,450.3547076932321,115.87895685258508,0.4110971475516043,0.6025158975633398,0.0031087824210546,105.1931858467778,89.25836993033799,82.4,75.84,108,112,8221.620817893649,19.87174490942544
B0-FF002_202112,B0-FF002,2021-12-01,17042.88387785721,91.4820396167898,105.32680953143542,4.8611082881983805,1.1075719251808136,101.23937033177168,0,0,6123.945174863437,10027.207306991128,49.89924784662507,919375.91,5257.8662550541685,3695.456238754977,1347.41848033149,491.28082087909337,219.6290660689518,303.37004529901185,1378.902562453106,69.67821636638014,206.82889704463108,Nordic Specialty Plastics Plant,"Odense, Denmark",Specialty Chemicals,237855,859,95347.23,26.90174196779146,927241.09,10.152201234636976,383.0878971196771,5.93657208412356,845656.5,1.620936233795209,101.17072588910314,354.4419740237515,466.5785876897237,119.10555715084864,0.396028217456195,0.6391644077233563,0.0031089307832913,107.11512915123976,92.31638134311588,65.45,83.14,101,111,7848.307046615088,19.67937227131649
B0-FF002_202201,B0-FF002,2022-01-01,16161.888642576876,91.44754952032169,104.0086034260038,4.87159592435666,1.073230698219647,109.09343090123411,0,0,6089.80752488035,9287.63756221244,49.459504297158,921673.68,5205.999277291364,3568.509837445085,1441.0624369469988,500.3587505998014,208.02499331710007,283.836634199751,1499.6618688056858,71.95025881318638,204.14366052258123,Nordic Specialty Plastics Plant,"Odense, Denmark",Specialty Chemicals,242778,934,254843.04,26.26453548698374,249358.33,10.777505554492215,370.4680778079545,5.862059411367534,365553.32,1.7297057097073727,100.1694908453868,340.9634125466719,452.3523630921901,111.81699206240468,0.4010451044230121,0.6385692202507358,0.003154345944902,111.57730668920684,95.8941475467934,88.87,99.47,106,113,8503.273323265326,19.47320454053373
B0-FF002_202202,B0-FF002,2022-02-01,17694.714500456517,95.71639367188918,97.68473524378592,4.791466713540596,1.1020985457287529,110.36776119561786,0,0,6415.306094530977,9465.514912471352,48.39844189590146,922357.08,5412.305684060519,3739.0875942615926,1418.2245903050114,508.2537245696007,229.22361508451004,326.385829114218,1377.674917482061,64.00967764931407,209.21289470466,Nordic Specialty Plastics Plant,"Odense, Denmark",Specialty Chemicals,244992,885,951570.91,26.892884296708573,885619.11,10.092857588993752,376.8637503552767,5.662418420336557,669369.96,1.6601884755855425,100.67308232267406,343.0141038873816,441.8805459255765,115.65186116991838,0.4063832770995301,0.6374003249048167,0.0033280711995749,103.9049138490711,94.94358241668678,86.08,55.91,111,99,8230.416171953195,19.05044377814327
B0-FF002_202203,B0-FF002,2022-03-01,16682.895466467977,92.5274126007126,102.01566712420986,5.003038396543976,1.069639574845858,102.581148151269,0,0,6289.667208939345,9471.574381970337,50.32045311030321,851051.83,5151.927606654239,3655.30761460046,1427.496892542308,500.9003205226017,229.6752052203942,299.63969260774377,1366.7595953662928,66.47116533713094,212.2034185007213,Nordic Specialty Plastics Plant,"Odense, Denmark",Specialty Chemicals,242494,972,696083.17,27.117491179105823,793280.85,10.413335581543016,384.8506388123395,5.766553010707524,568417.54,1.656096938991166,99.92001803406336,315.2473895364313,451.5383983862437,118.71058617462012,0.4202538942792027,0.6086283694052786,0.0031348600310231,104.98768046414096,92.47532479062374,77.93,54.4,103,105,7859.151519738524,19.58284240500759
B0-FF002_202204,B0-FF002,2022-04-01,16627.713195952314,95.1719616804,104.30060017507664,4.945252072837834,1.0276549816085747,105.7516713181665,0,0,6246.066449918177,9268.264867748152,49.02197426157754,57644.85,5479.879866713438,3751.5042540310224,1391.7510028650809,502.9977427229653,226.1666581858345,306.4567159745924,1421.2014320687383,70.86664803909044,203.7587485313596,Nordic Specialty Plastics Plant,"Odense, Denmark",Specialty Chemicals,237656,873,378909.99,26.828018905744884,139812.94,10.197929976896855,392.7009316232452,5.879510692322048,556489.06,1.7201391244570774,103.92739255054374,361.93677536472507,469.375866023904,111.45370975749496,0.3873817175604961,0.6402731496350484,0.0030970319249126,109.41292275944188,94.5364503754796,77.67,79.34,108,115,8539.850527090655,19.94858209293196
B0-FF002_202205,B0-FF002,2022-05-01,16548.210473550484,91.022707440573,101.58541580409796,4.65120988408874,1.0718120672828624,108.49976561122332,0,0,6877.132515904632,10045.062723903631,49.8476056026929,22929.73,5274.717160113341,3642.303869017208,1375.6684901573567,490.1733685369182,225.4096907407352,300.81667651822926,1420.6727691819813,69.20863895387026,202.19644370522,Nordic Specialty Plastics Plant,"Odense, Denmark",Specialty Chemicals,249444,938,248226.62,26.189997765491004,900625.88,10.701169958367975,389.6334061181976,5.650169687736079,691175.24,1.6790933277433429,98.18830703716972,343.3778749224681,464.8415408453063,115.19799503981234,0.3637520672450731,0.6244660802582535,0.0032846482799474,104.67520529720578,98.6785524978945,72.97,53.68,105,109,8432.35677007267,19.596106671231784
B0-FF002_202206,B0-FF002,2022-06-01,17365.663979004927,93.35134266371946,101.66362019003633,4.778267326099371,1.0688301198737769,105.59710441493031,0,0,6503.045989845513,10123.143023287612,48.02841035799199,537614.77,5482.888089228484,3521.923397300752,1378.5154710401237,513.5824138193861,211.088773694656,300.428460397186,1441.7602721855262,67.79531567354623,198.79583008701883,Nordic Specialty Plastics Plant,"Odense, Denmark",Specialty Chemicals,239790,994,350900.43,26.729198547498736,306337.75,10.917415724389162,370.72304927873336,6.019116453117868,90602.44,1.6799888495435402,97.28080776181126,341.7045194921664,446.6438993993612,114.02960005645336,0.3753750113603836,0.5882513371477845,0.0032321465809103,111.74978360372056,103.5168600722281,82.95,80.47,102,110,7989.02129044467,19.1905037001455
B0-FF002_202207,B0-FF002,2022-07-01,17382.703659602474,95.31379531674948,99.75527919331626,4.631398348398596,1.091635864440257,107.26445407766414,0,0,6357.284394017484,9964.18803199932,49.37556519493261,606154.85,5230.988049692144,3627.061738483715,1373.5122833064256,514.4705260728365,230.90412697002583,297.9421176126474,1472.9918075991898,69.18179102950099,210.3856244486179,Nordic Specialty Plastics Plant,"Odense, Denmark",Specialty Chemicals,237802,943,580239.59,27.848818929957844,509279.8,9.39523854116785,397.4792385040541,5.541785615826656,111523.42,1.5794722783387352,105.55289304018,348.9822000759891,456.2113358018912,120.98704508368442,0.4122951252511888,0.623556970910358,0.0032414348234927,106.55942176265708,90.96614357690014,94.43,83.31,103,110,8372.754231249992,20.693131075306287
B0-FF002_202208,B0-FF002,2022-08-01,17088.40837363635,91.23578445502348,97.21470081307667,5.072174163219177,1.0838877942555267,103.55408839194692,0,0,6431.7763908917295,10028.045726804494,50.43106716958041,522510.91,5675.059201649208,3584.5569823072533,1429.1350441562608,527.0030291069792,222.66377125332048,291.8146818218962,1393.6657323701436,70.91343470880804,211.8435490376616,Nordic Specialty Plastics Plant,"Odense, Denmark",Specialty Chemicals,248234,966,10211.08,28.538429086811504,120525.83,10.636588764108549,419.3456624456327,5.951896739912476,313595.97,1.6868129130038576,107.10942977721469,342.9147703016684,479.5993718559631,112.84481251664592,0.4019435345934033,0.617915624752678,0.0033948000672759,106.92684734463614,89.23700845000712,60.78,69.3,111,103,8436.738644428939,19.722740189187395
B0-FF002_202209,B0-FF002,2022-09-01,16479.115833452604,96.5919850757887,97.5834370262327,4.749511808861869,1.1267209250379002,104.11845901467362,0,0,6278.354921266356,9920.949809335218,50.38415496427987,395393.83,5273.589251584631,3539.3838817781016,1377.619846508432,512.6968331973582,224.92229438256456,280.7688719524669,1468.0190290272355,69.39061756375744,201.7246998394685,Nordic Specialty Plastics Plant,"Odense, Denmark",Specialty Chemicals,246016,876,253489.63,29.1339727177984,68461.91,10.23057783990452,392.6631147858815,5.871149819952854,965020.95,1.7304244909797772,100.06510411213029,349.125736859374,459.57156523133847,113.44648124498356,0.3932429474960703,0.6472850910145578,0.003273093529558,111.4010342298778,94.70513322093304,79.23,78.88,112,108,8134.063160440663,20.042404642486733
B0-FF002_202210,B0-FF002,2022-10-01,16912.748104202998,95.51248186856968,105.1615061366663,4.812811543301332,1.0812752399541303,105.56438383438572,0,0,6386.21394043349,9392.924870331692,51.27638776611492,691402.34,5263.30821469937,3845.056736281794,1412.7726344829232,501.9887059465967,223.1077547457528,299.23607006326966,1491.8743969866907,71.60924965504722,211.8238312982179,Nordic Specialty Plastics Plant,"Odense, Denmark",Specialty Chemicals,251786,907,634929.63,27.865898458887912,652695.3,10.40281177070204,402.6844505594864,6.06067771370105,592428.49,1.8003681542143866,104.23206410268314,342.9201799275935,451.31026041836697,120.3215972051414,0.4132641703750229,0.6367480853044933,0.0032694190685352,112.10313980102664,97.23602643604224,93.57,71.19,110,116,8353.28131433499,19.971371614031924
B0-FF002_202211,B0-FF002,2022-11-01,17466.016045788245,93.71536092703036,105.5475521873222,4.9055045795986745,1.1305138580832277,103.65426110654982,0,0,6463.137900771376,9742.94376206867,48.60758233463134,623968.27,5361.833877915688,3696.848177095735,1366.386355668553,508.14607397098894,221.40609291259244,307.92797482804554,1440.6312103180412,69.36847266930778,206.89187035843256,Nordic Specialty Plastics Plant,"Odense, Denmark",Specialty Chemicals,241989,943,714810.83,29.068383443927445,822205.07,11.090914670766807,391.45789687555725,5.908086296820152,166789.96,1.7247441886795831,99.9054760874744,341.369778789575,436.4226141144859,121.70065038303576,0.4029736111702772,0.6516701492836644,0.0032087161473614,110.37843901082812,95.12051464811996,99.04,74.28,113,108,8633.765028757263,18.911811976415063
B0-FF002_202212,B0-FF002,2022-12-01,16643.29114542783,96.0759915500536,102.69128441721972,4.97627226451516,1.0976802055515056,112.65441855230078,0,0,6295.621674818614,10104.825745986676,47.984073548863705,169446.15,5229.6801648726905,3764.807741235614,1383.612425830078,520.8110491271073,223.8813013647087,290.65035113978155,1456.5132757037898,68.30689263266478,214.4886797356447,Nordic Specialty Plastics Plant,"Odense, Denmark",Specialty Chemicals,232781,945,582360.27,26.9811088952302,867849.44,10.508085351879233,387.7514539876545,5.976455806339783,781357.45,1.8370548451915296,97.71537208694993,352.3617513483632,464.1793650865232,120.83890065784504,0.410300011823257,0.6127980795786097,0.0030420727279293,102.6176033833856,94.33775970710288,91.14,71.02,115,113,8069.694884843783,19.15623764702356
B0-FF002_202301,B0-FF002,2023-01-01,16544.490719940477,95.97757474534752,103.14014407658952,4.90072791714213,1.0755846928075858,107.48992560315494,0,0,6251.17497784536,10054.131269631642,50.01232608180967,829526.46,5400.672328834882,3766.411270239762,1455.2928783907332,531.7480355868887,220.17754600310576,298.4889504376286,1468.175962126376,69.76015528010421,209.4715446520348,Nordic Specialty Plastics Plant,"Odense, Denmark",Specialty Chemicals,235257,979,277380.96,27.41066919880249,128449.0,10.2919356133949,394.7340907579858,5.998860708157487,746608.09,1.649147951792416,101.3608638049339,356.0166766479883,464.8803283978624,115.96369291723929,0.3947314012401666,0.6135706600020333,0.0033102757705212,104.44895695047522,100.18232618505267,95.34,64.67,111,111,8308.934234796183,20.38181612562483
B0-FF002_202302,B0-FF002,2023-02-01,16749.815384179536,97.03630206411523,103.32296669552692,4.878215798135748,1.1374006538183932,110.1972718846858,0,0,6747.862588091222,10175.953591235952,49.02836329951752,878772.4,5574.322942273141,3536.913241060909,1413.707641604546,521.23813434906,216.8953016913664,310.38977697584977,1536.6915022272697,72.84030983933744,210.943305823434,Nordic Specialty Plastics Plant,"Odense, Denmark",Specialty Chemicals,238507,950,978445.95,27.14533487583652,695846.13,10.658386822557,389.6206410277264,6.046817083083379,895356.44,1.663050718506691,101.8421383238165,339.97053297177973,487.43826862020137,114.0096497901356,0.4032746731626774,0.6071315244890775,0.0031223428174183,108.74962347357312,91.67249405009196,78.48,56.61,108,102,8766.28116737085,20.00428430873532
B0-FF002_202303,B0-FF002,2023-03-01,17229.208725735443,94.67429757271368,106.06636483377184,5.064221903284238,1.1286655861614054,108.02339411437406,0,0,6443.6404841779295,9624.491409102544,49.24634254837906,345395.21,5416.771345898093,3613.1141936828494,1477.1059719901236,524.8175089080894,227.31431992142373,315.4164302727538,1448.1133980835032,68.57345610910981,207.7032959300313,Nordic Specialty Plastics Plant,"Odense, Denmark",Specialty Chemicals,246096,959,515426.86,26.62987696023304,84606.45,10.512530904679924,401.1414575146398,5.795407154069393,378117.06,1.7297386859501016,100.07776226242234,354.54002920517485,476.8663452920399,119.3287998685806,0.3972825389726171,0.6483668018263934,0.0031991124634605,108.72149508197325,89.02068367868354,80.11,52.54,111,108,8027.943547862931,20.013263034622177
B0-FF002_202304,B0-FF002,2023-04-01,16977.125326511465,93.35919493614776,103.93609128695736,4.667872205144807,1.1162100418311938,106.69174175390188,0,0,6296.676517180771,9872.584732432844,50.32068636612113,514668.7,5514.868468068727,3534.682315707533,1482.1391368843886,531.1472730958433,224.94463411332188,300.6391884101368,1378.3937800087826,71.03785446471178,206.1345518941652,Nordic Specialty Plastics Plant,"Odense, Denmark",Specialty Chemicals,234715,964,175092.48,27.207539888912045,444438.53,10.612060710559756,398.7392669780243,5.803988110687466,243862.39,1.662371019693606,97.7399181035821,353.60281248351305,458.1016265382816,114.0146784115348,0.3950888882220652,0.5990828684004754,0.0030462534991516,109.25884244970244,87.92203543074353,62.62,91.23,109,110,8375.630961823821,20.024650794885687
B0-FF002_202305,B0-FF002,2023-05-01,17234.5811972193,99.2834439173918,108.5527223234499,5.159175950943111,1.0707898521632646,109.84204546974908,0,0,6236.3798567567865,9696.740791191582,48.96415845010346,50574.52,5522.53265131576,3667.726158531906,1410.8686264705816,529.945283816434,223.5725589205583,312.5756428187498,1405.2679545270937,68.64116755150056,210.7209028750305,Nordic Specialty Plastics Plant,"Odense, Denmark",Specialty Chemicals,256709,980,714620.11,26.495618507289976,95174.89,10.816823772702106,419.6430887348466,5.655912853290782,481103.74,1.7758028003527784,102.95191098201676,334.45956157132986,469.4852984448798,118.87462849823424,0.4126143173185739,0.6153773559305337,0.003161214222827,110.5107010382938,93.61370716094844,69.53,87.89,110,113,8153.978455326503,19.13910488198526
B0-FF002_202306,B0-FF002,2023-06-01,16947.566327219876,90.49366927414282,105.72514732088428,4.64665901207415,1.1215825998483842,111.09846143762044,0,0,6434.35127335098,9583.900329884968,48.80477571768383,581123.29,5572.77132315986,3809.728286307589,1399.2268722896094,518.8522863808412,236.395045544202,324.51273765241024,1485.372599516811,69.55170177135554,210.91486224601948,Nordic Specialty Plastics Plant,"Odense, Denmark",Specialty Chemicals,240329,965,21112.34,27.93064260541176,197341.73,10.69029894115535,383.25229199469646,6.007714685288173,65288.82,1.699168726525994,102.48173904185036,329.6871729202615,470.0072395665704,118.25990499749786,0.4123217639624877,0.6427751838362716,0.0032163154398551,112.992978776269,93.12542265748408,92.69,70.17,110,105,8185.067997687069,20.14480334037919
B0-FF002_202307,B0-FF002,2023-07-01,16794.22634947907,98.62589288172272,104.91031410074665,4.736263389363493,1.1246119995623451,107.11730687945492,0,0,6152.5340360822,9497.954991442102,51.18237296963445,101990.01,5354.223222759732,3780.152222567168,1408.258401799176,495.4606084834472,226.6776873669926,301.95031536196035,1410.0082400533297,77.87634861589032,214.74589715592583,Nordic Specialty Plastics Plant,"Odense, Denmark",Specialty Chemicals,239835,971,453262.9,27.26448967038496,531906.35,10.741943876520104,406.81558081118015,6.225161885526239,822753.57,1.7690377164629694,104.7330895147487,361.77972508043393,476.9357635629409,112.0336347325492,0.4174879123259328,0.6557110779575156,0.0031688987045428,107.97842667754315,95.59441707442902,62.45,85.54,110,112,7965.236105124252,20.00210801346836
B0-FF002_202308,B0-FF002,2023-08-01,16985.324973864474,90.96498004184818,105.89240321577452,4.999582985709481,1.1061852375331998,109.73595963846545,0,0,6567.742114345967,10104.601080089364,49.091115611645655,901007.73,5413.224041968132,3744.058488721936,1420.8973551562894,514.6774054009519,229.3016847403892,302.9471914135203,1488.7004072922557,73.07792879002793,207.87328353368983,Nordic Specialty Plastics Plant,"Odense, Denmark",Specialty Chemicals,240948,936,496012.42,28.81568153953067,369124.61,10.141635298451291,395.27305825954727,6.010201290138842,860073.63,1.736011529283906,99.65192458423353,345.0664555694541,485.3214471440877,116.54780407435211,0.4073510368272641,0.6328958624090821,0.0033572634285332,109.2447486989638,94.26872949217297,69.48,54.31,114,110,8606.89816751007,20.45344466937878
B0-FF002_202309,B0-FF002,2023-09-01,17295.609478765706,99.78088934483408,106.28353763039058,5.238973419735292,1.1323091395582456,101.6471354716754,0,0,6312.173341690105,9741.860253327488,52.12479772572701,715031.29,5694.386190737605,3606.763780780944,1403.7771885363215,498.6637599929041,235.69381397823247,320.8533816864641,1437.8592908949388,67.3933405191461,210.25688850735065,Nordic Specialty Plastics Plant,"Odense, Denmark",Specialty Chemicals,244122,930,957025.1,29.277004597824824,113186.93,10.237125867535584,402.1687489906128,5.791140788415003,452607.97,1.7291361865089747,101.91032847846242,360.8474884002494,493.4156112346424,119.2926056003728,0.3972771961156121,0.6338335003700771,0.0031973463515419,116.05342800415151,97.977548694554,74.04,60.85,110,114,8349.924990184869,20.578126366832752
B0-FF002_202310,B0-FF002,2023-10-01,18043.45830917844,93.74254899820264,105.42007174717256,5.026447162629415,1.0676397667061717,103.56783026236688,0,0,6523.658519700421,9753.2625407255,53.8032460262679,471454.35,5546.191981395839,3637.1125719903534,1420.584361101073,535.6397714813316,232.39841435600883,315.05541306409407,1432.028897134615,69.49735899763775,202.7446049579881,Nordic Specialty Plastics Plant,"Odense, Denmark",Specialty Chemicals,246553,906,611971.64,27.437694956793408,234893.96,10.987237575645375,413.28088955298745,6.1164606510240445,152771.9,1.7293534260265475,99.46793911404374,343.65718339767136,475.34174157902186,114.57413962660333,0.4071025860975649,0.6115373952403993,0.0033223570506265,108.4448785943918,89.69989618641205,63.0,57.71,104,113,8893.429881188185,19.91238611012213
B0-FF002_202311,B0-FF002,2023-11-01,17317.28672011763,95.27637968419828,106.10847034061864,5.123995419785335,1.0649690019263325,105.83344610048252,0,0,6528.733094191031,9816.609230526135,49.56709909557486,433115.42,5277.224899500761,3634.330492787353,1419.955445751563,526.6385768840798,224.4264047747853,313.9690728034914,1501.0974100599217,69.36303284484883,214.5422293882934,Nordic Specialty Plastics Plant,"Odense, Denmark",Specialty Chemicals,244770,940,322238.96,28.1146602363053,193253.85,10.974546854717122,393.5997461799316,5.876913775085164,377272.56,1.5766178588002968,101.01791266798966,380.05352514169766,486.9688697730227,114.63832531930458,0.4068098447972078,0.6226330476331062,0.0033984975322633,117.07756359621136,96.45529879164194,78.16,61.89,110,111,8526.716751289481,20.33420457636774
B0-FF002_202312,B0-FF002,2023-12-01,16222.966233232635,94.91815536245134,100.88256556593528,5.078499457824923,1.0796064698155092,103.16286289721992,0,0,6277.171977335786,9843.669365194262,53.39159448471479,735846.65,5400.171241287392,3562.7277634231696,1439.319513933266,517.6498662505976,230.59561751445364,285.3949181095302,1497.8465522886522,67.12648195064857,209.2042453480423,Nordic Specialty Plastics Plant,"Odense, Denmark",Specialty Chemicals,253390,887,792108.27,27.62051916916096,371634.64,10.75342918899593,398.2194465351324,5.762265111994346,999889.45,1.7334239918287395,102.18859541790673,373.3052056900806,488.4485316909299,124.77090195603984,0.4179205086914642,0.6671408484607615,0.003181436048963,108.69132336646908,94.62732438776376,66.76,89.01,111,112,8970.044215360125,19.15116623373329
B0-FF002_202401,B0-FF002,2024-01-01,16653.90366782658,89.34788675013397,102.06745195164648,4.914662085500701,1.0837041100531355,104.66250285011044,0,0,6292.700760442704,9940.49904288163,50.150461150499446,651514.33,5463.256439245405,3658.219567402709,1433.5223039654784,488.9362774494915,235.17495016258127,314.9630566749235,1415.535187347033,68.43846130834636,206.08468374134543,Nordic Specialty Plastics Plant,"Odense, Denmark",Specialty Chemicals,233217,903,770735.88,25.666972401677103,905937.3,10.607947409138127,413.7973642624196,6.188278150308327,672564.52,1.72340812189342,105.87914839443874,346.97858714815544,472.53562107570656,116.26613032730498,0.4145986694675454,0.6355221102121571,0.003234707778391,113.51527820860548,93.91083456876407,75.95,69.79,112,108,8622.364901434697,21.55734864725369
B0-FF002_202402,B0-FF002,2024-02-01,17318.23574723917,98.81591522934636,104.84521448270688,5.027783092698875,1.1055265747683367,105.17243949955476,0,0,6410.809589095602,10474.82185508753,50.97441411015809,393882.54,5536.034767023053,3639.681118272492,1428.584277923264,502.4370986157292,232.4797317786713,309.2114963266587,1408.0156602374827,71.68554566631138,225.11247641095824,Nordic Specialty Plastics Plant,"Odense, Denmark",Specialty Chemicals,237967,975,568796.41,28.24983281083148,913625.12,10.574821084600227,400.74922254873866,6.034721734075412,416162.75,1.7621651302914796,101.48596572552992,371.43491305618767,463.481968021596,113.85484061422522,0.4285067337177082,0.6204660558566413,0.0031534455223894,111.4004678441051,100.37624461175312,87.71,87.16,111,110,8968.549617536186,19.84993627985705
B0-FF002_202403,B0-FF002,2024-03-01,17368.53423642787,97.11583119914602,101.29263477354748,4.963226266604636,1.1034821615139985,113.09230283999467,0,0,6450.454883146946,9897.752449739151,51.08177463983151,110706.86,5663.981317809168,3595.136712396829,1471.1992571235503,533.1515695583213,227.058999078011,294.7647667156226,1462.53183507333,70.24512775189683,216.54269306315007,Nordic Specialty Plastics Plant,"Odense, Denmark",Specialty Chemicals,248793,992,400435.48,29.735726632560443,690710.81,10.904030449747138,422.33011259686367,6.081108558276203,201802.88,1.7490348735808388,105.30656261207552,364.7772741956423,486.1440349743612,113.29891339057572,0.409880242429154,0.6576759426798775,0.0033251595462062,110.07913524412857,98.09677577404894,75.48,90.55,112,111,8506.484881844617,20.27574550533387
B0-FF002_202404,B0-FF002,2024-04-01,17193.680915970104,95.79258963840915,110.70017370110808,4.759792321524861,1.0584166012113705,111.27603264400771,0,0,6683.203790517759,10304.009682203512,49.18917690105276,576341.62,5307.121982543112,3631.487602937573,1509.0505081494382,515.2482789334448,233.3528830717737,315.429581517905,1512.59308532689,69.74303185978698,213.16828565087897,Nordic Specialty Plastics Plant,"Odense, Denmark",Specialty Chemicals,242723,971,315013.13,29.802347078774424,719970.95,10.732465030147832,410.2085565409651,6.141034606604463,393025.7,1.7364665849964769,101.60358117555386,367.4550384433822,475.98731664722527,120.73968665288314,0.4145874393894354,0.6537367384045255,0.0031947173903226,108.84767190683368,89.04737059782323,75.48,89.62,111,108,8929.050083811057,20.24228550168309
B0-FF002_202405,B0-FF002,2024-05-01,18237.431021128432,99.32859672990438,105.77226761493226,5.278628982681432,1.0993259436466178,105.27215800857648,0,0,6764.5449487803535,10202.509379273484,53.78211713300088,907567.63,5483.432823978534,3691.2992032904313,1420.7335389437249,497.9905320103416,229.0411822280096,316.4220264476264,1426.7526989835733,69.20624212795003,212.59932662162743,Nordic Specialty Plastics Plant,"Odense, Denmark",Specialty Chemicals,250358,925,613493.52,26.913701440933625,729209.64,11.062992607332532,411.87397508686354,6.1964218745807225,672601.8,1.7181020638451148,100.29877113590248,349.88263377893634,477.6441602197501,115.87245031413218,0.3941391735448691,0.6590868132127246,0.0032657265822839,112.96700178092864,95.94163232874322,85.8,70.06,107,109,8339.759957055165,21.45479940874696
B0-FF002_202406,B0-FF002,2024-06-01,17365.35391377723,99.5281688411038,96.94348398436018,5.065010889707865,1.1010061497723886,113.50742606906614,0,0,6808.312412543953,10449.720854717034,53.62958609354055,65476.52,5474.824421613816,3743.483986124615,1412.3941127675855,526.6086411585982,224.1056995917926,307.85394792412984,1551.8663020464896,71.89996762534122,210.9504072554656,Nordic Specialty Plastics Plant,"Odense, Denmark",Specialty Chemicals,236789,954,939919.64,28.151187484907226,233584.95,10.847583253015152,405.4392561942224,6.17160949923474,97574.8,1.7413281291278988,102.62919110868832,353.67614881232106,480.69093969548805,123.08267906458256,0.4122065176348488,0.6343259564072921,0.0032068932283696,105.64806755758848,93.34689172980386,70.58,98.79,113,108,8585.423369715298,20.71104058601276
B0-FF002_202407,B0-FF002,2024-07-01,16960.964141250482,95.6221146801124,101.2369507945198,4.870999632639444,1.160080741778453,110.74123698961836,0,0,6801.907244379092,9743.904493827114,50.59623437542133,469269.15,5388.400048973654,3898.86807714505,1430.4829424546383,506.79403157026974,218.62419302054,310.7489153459932,1410.5141626751652,70.68198872233499,201.7190746264028,Nordic Specialty Plastics Plant,"Odense, Denmark",Specialty Chemicals,247749,914,468832.01,26.902049480713547,575707.9,10.043972504433652,397.7378164679008,6.151959813939806,635527.19,1.6825191391118135,97.78693903453625,362.3585085744693,471.5121493477132,115.37653526999452,0.427103221451075,0.6273894900457866,0.0032258493740633,107.85306742981513,94.8430280826407,86.17,80.22,117,107,8502.484292633939,20.1260392349805
B0-FF002_202408,B0-FF002,2024-08-01,17655.91018501986,100.04236194965236,105.0234164557348,4.9238855491747495,1.1348626729369886,103.83572850869412,0,0,6356.730095086647,9848.945082599148,52.26432235207781,199918.76,5679.905307847428,3830.6309895376926,1371.4095125506492,544.2573566206211,232.18472433110216,313.6306290948296,1479.850708806876,66.61200150052589,212.83047550986072,Nordic Specialty Plastics Plant,"Odense, Denmark",Specialty Chemicals,238297,927,665131.85,28.79406001539309,669627.78,10.875422647964792,396.2089740458965,6.125485472561385,836677.0,1.7996551422944862,105.44129273272615,356.149486169717,462.40174664499824,120.3184172233854,0.4203718969627456,0.6411548165234799,0.0032473543987322,108.67775763299204,98.1012119721618,61.82,88.14,114,113,8301.289569331124,20.42927030939158
B0-FF002_202409,B0-FF002,2024-09-01,18495.068299169376,99.24024904740897,104.77417190814724,5.222488767229442,1.1904269844614956,112.16141981037156,0,0,6785.7090196943145,9365.559622551758,52.92945896782179,686913.95,5757.6632168290125,3721.9786529296016,1449.7982629320084,530.5404220301921,233.8380132599571,314.6203437584335,1423.481108007171,70.90774071870489,214.3734349591502,Nordic Specialty Plastics Plant,"Odense, Denmark",Specialty Chemicals,254753,974,727226.86,27.35315694959946,831295.14,10.593311604737904,411.11374648749177,6.053645931947627,519530.55,1.7130304648220565,107.86280165426444,365.3107208119209,468.04758788328655,116.32469583962848,0.4419585796011818,0.622254059417638,0.0033283353807631,112.1267079728048,97.29801135228954,64.82,74.04,118,109,8572.178674743289,19.395720862165764
B0-FF002_202410,B0-FF002,2024-10-01,17999.365110723928,102.89178903542955,112.13242508181938,5.2021717574653925,1.1055324096997672,109.45591671494496,0,0,6471.129070969543,10267.228988591083,50.19838976126976,269359.58,5336.7383124387325,3825.712288311504,1362.5532870870388,518.0104798402275,226.5483377614314,313.2041120312901,1474.86193226153,72.40981656402761,213.69478786845528,Nordic Specialty Plastics Plant,"Odense, Denmark",Specialty Chemicals,238986,987,53739.59,28.82030081260576,543500.54,11.51242025664521,393.366649582788,5.968462341253478,837362.09,1.7525758616970946,106.10564597037045,360.8005783959765,469.8246399273954,119.2526105011626,0.4299689049408918,0.6159567411360946,0.0032785108450297,112.94817285520227,94.26004301374752,84.37,94.24,112,108,8856.836717266726,20.16582865383305
B0-FF002_202411,B0-FF002,2024-11-01,16928.522235670018,98.56462163898073,106.04118798989852,4.943804298941426,1.0933710315625913,106.19778825306176,0,0,6379.817239710037,10036.117443318668,53.853826626702585,583544.52,5649.244259615014,3749.6297184781806,1477.2959689359357,556.6060144139244,226.42549166514016,311.27194687645573,1473.8001221883442,72.76805845365901,215.742304296534,Nordic Specialty Plastics Plant,"Odense, Denmark",Specialty Chemicals,242210,962,652921.93,28.456772179794108,579541.73,10.64250131006668,403.0781696231694,6.051539431832308,373695.74,1.7707037262664704,105.20901194583584,358.38545316759223,488.9169817396968,114.36487722689267,0.4155448125521086,0.6493343263652405,0.0033306964807969,109.04517990817564,95.92782331617376,96.47,73.18,106,108,8736.707983824383,20.64603404444199
B0-FF002_202412,B0-FF002,2024-12-01,16658.769187003454,99.42465499311368,106.56791281152594,5.119994153560154,1.1228787385776595,111.0915205692598,0,0,6591.299670311386,9991.051964679731,51.52902735238897,606107.66,5695.013683004515,3962.859163303831,1462.5958840909518,532.5707542112133,238.0660812483044,315.18796804353644,1421.091718271928,70.1307958268831,226.92852026366583,Nordic Specialty Plastics Plant,"Odense, Denmark",Specialty Chemicals,241222,980,798976.81,29.309701524949222,744299.13,10.808719275382533,400.5977105495923,6.176001358771376,178143.14,1.8055376435168624,105.78120772765295,359.0254015408393,485.182893319908,122.38661641588708,0.4141811186314985,0.6325696716206581,0.0034630059691215,113.70327081690694,98.77458371140268,95.23,59.67,111,111,8557.420304868352,20.85769482713694
B0-FF002_202501,B0-FF002,2025-01-01,18311.662863458776,100.94965664968468,104.18225663265284,5.129030532163952,1.105276420777541,103.74668722904728,0,0,6484.807882923651,10278.43500177694,50.67667362810669,990423.85,5522.849359321146,3917.608256939285,1427.8039703724896,518.6090193764016,240.094113839232,306.4294275477006,1478.7761379135366,70.56042193308414,221.3320241020131,Nordic Specialty Plastics Plant,"Odense, Denmark",Specialty Chemicals,256369,945,501534.05,28.79509882381201,662751.75,11.287801959972937,422.1924607644257,5.934750220599039,527571.07,1.7862315585660942,104.61612563733104,353.9239803192136,455.2212330730301,121.01868687802592,0.4235158635780188,0.6808363613764992,0.0032455776419138,106.09173686786237,94.24180000196526,60.91,64.1,117,112,8394.477687752611,21.58209048148664
B0-FF002_202502,B0-FF002,2025-02-01,18221.53115733445,97.27841780904274,109.40354928147076,5.071734132860615,1.137647501982013,115.74463164991332,0,0,6563.520175668361,10139.520395759164,49.82680078509342,269868.3,5376.80131492539,3609.885425485372,1432.0787346246009,557.7774623086568,247.74806669695548,316.7430097580178,1460.4956568430307,72.20301694865474,217.76420722804144,Nordic Specialty Plastics Plant,"Odense, Denmark",Specialty Chemicals,257907,930,479165.55,27.073738279579423,300655.05,10.804811939821432,409.2324292951735,6.096570015457224,748208.52,1.7635587585627042,99.22654471870509,362.95414540235305,488.5375634558291,124.97041373022172,0.4433794264602566,0.6510257141376854,0.0034566325543399,111.64941650356712,93.54939667031437,68.8,52.27,112,112,8780.96366203059,20.17564789376317
B0-FF002_202503,B0-FF002,2025-03-01,17780.61231231151,95.2035837483126,103.75985773269744,4.858209879064043,1.1998168698163494,110.2943909077312,0,0,6529.182553306401,10216.06648714767,54.11010448015876,86684.47,5508.392752862023,3665.416223115927,1439.2904072869733,512.1798773877007,220.51543271212373,314.93554153370764,1502.2467236358957,69.48638025924551,211.467122314525,Nordic Specialty Plastics Plant,"Odense, Denmark",Specialty Chemicals,246569,1016,729867.59,28.69337588505756,525570.89,10.586390046093811,400.44976849295705,6.164892675554313,43908.28,1.853234965022,104.40444220905124,366.4178387855696,483.901861993309,122.76762587916868,0.4107533378278514,0.647690605771802,0.0033133137421718,109.31089609018753,100.6295345862431,67.52,69.72,105,112,8911.011439461232,19.676963635853244
B0-FF002_202504,B0-FF002,2025-04-01,17790.33250764716,98.94779579714948,107.50314741726466,5.011186108555664,1.1096604541037445,104.98407601389876,0,0,6482.230603837013,9938.194667656308,54.3536589628744,37026.71,5640.803416794109,3819.1427182042953,1438.9783667037889,539.7336212029769,237.5484056104501,321.3332521025509,1519.141288745781,67.52350080232173,208.47439437647284,Nordic Specialty Plastics Plant,"Odense, Denmark",Specialty Chemicals,243760,945,462235.72,29.10288828659824,596101.52,10.784886612307808,402.3915207861565,6.037250920330101,150656.43,1.8387701796442364,98.6831064792819,371.2520935019575,510.8652771019554,124.97071661520997,0.4085187513901581,0.6351028890594778,0.0034265050657578,110.9993481692025,96.5317108072136,87.64,50.29,112,108,8863.854845388916,19.909355575798013
B0-FF002_202505,B0-FF002,2025-05-01,17613.413557264597,96.8185956761492,107.79798138668174,5.194774153847368,1.136284073686375,107.97701553882452,0,0,6766.567930123061,10012.029160270937,51.04171169275371,620915.21,5777.075937452567,3682.59667533224,1493.4464839827108,542.6468025647549,240.32622161347973,320.3250135214796,1466.5564433548202,72.13687241130616,216.4666060239104,Nordic Specialty Plastics Plant,"Odense, Denmark",Specialty Chemicals,245854,922,585513.33,29.02343929356036,121941.28,11.153437263612837,400.9583946055356,6.1170794508403405,759262.16,1.8496758478588888,103.32254665601285,347.23184654416565,495.91137296720086,119.48877265894473,0.4153474065445547,0.6374768413218932,0.0032553881922135,114.5547355351666,94.18745498514843,82.76,95.74,111,118,8919.37687302985,20.1702763867904
B0-FF002_202506,B0-FF002,2025-06-01,17549.40281642613,100.86970957755358,106.9491054626966,5.288646933570096,1.1469902035399324,111.25246467211804,0,0,6385.297390173054,9751.772522231257,51.61647777562733,384863.51,5180.556154769959,3551.8042857853984,1431.8854277503756,563.7969899909323,231.38212591916567,302.60358249388383,1513.8969163725674,75.78008737028738,212.394711799366,Nordic Specialty Plastics Plant,"Odense, Denmark",Specialty Chemicals,251506,974,777751.49,28.01730290686703,644868.39,11.12604695528421,414.72029317778623,5.825922117784441,180957.22,1.7325683846482252,105.26399161842954,364.3750778306564,463.87383617387854,121.83223142903188,0.4339150803280045,0.6588650025983849,0.0032848069864352,110.83959600890446,94.41024434791156,92.01,55.14,107,117,8866.58028476803,21.204940550516884
B0-FF002_202507,B0-FF002,2025-07-01,17329.332182609287,97.10524997462748,104.20550637741216,5.403496705469771,1.112094525400664,107.3678287492504,0,0,6901.520338872072,10177.663552137632,53.97603616174659,583493.83,5569.877184679018,3653.132137311536,1520.2280473809926,546.4360121280866,238.9708990755716,322.5915145342322,1447.564536907302,72.83458206368795,223.8486111179622,Nordic Specialty Plastics Plant,"Odense, Denmark",Specialty Chemicals,255431,976,565922.51,28.89419911392631,732296.1,10.930136477996337,401.93105982098126,6.3089165384687504,834262.87,1.7894893308676505,101.88639638072114,369.6350990129945,468.1298061864573,123.60723727445512,0.4085033334278573,0.6301943658316431,0.0033636098724822,114.14954993679044,98.98075914220956,73.23,99.64,113,114,8663.164573412212,20.04949064502261
B0-FF002_202508,B0-FF002,2025-08-01,18240.283379240405,96.55050835906464,112.37088357606537,4.960446105542437,1.141245832023841,110.88681238952276,0,0,6757.325628870968,10267.317440583867,50.443562032028616,205793.81,5399.147865469539,3747.543122824239,1544.601429005405,530.4552254202345,246.31472674929464,313.90727746294846,1487.7939717139575,73.6318412732752,215.12206678676569,Nordic Specialty Plastics Plant,"Odense, Denmark",Specialty Chemicals,250361,922,755660.67,27.03402911421989,668901.49,10.431888244183064,424.1389560323023,6.20290254963162,815817.22,1.7386167947157627,101.12678998258308,355.39930085439727,495.3942959676269,128.59476850579654,0.4293143184591003,0.6217811747278357,0.0032407018176682,107.30792121475116,98.06724581458576,99.93,77.91,109,109,8738.39329857767,20.814326637156565
B0-FF002_202509,B0-FF002,2025-09-01,17035.298128602917,99.95663373689813,110.08279937866548,4.735832026678687,1.1850148963240368,113.11013460037866,0,0,6764.165446111172,10389.610316056112,51.14379249263263,625501.12,5589.112278387527,3709.288067206784,1445.4432031323995,534.5024506586559,229.85727254156657,307.0924969601115,1499.7747726533,73.63387069401368,218.20490862743952,Nordic Specialty Plastics Plant,"Odense, Denmark",Specialty Chemicals,236856,956,843981.86,29.98167963170462,454844.11,10.797062803571352,400.52194140181865,6.121024932192377,955936.6,1.6775051288918998,105.49151305601764,354.0944912611643,486.8002284325493,123.95585615981926,0.4144930073770124,0.6214178644533519,0.0033111493519398,116.7872558618803,101.02678118063464,95.49,50.27,111,109,8928.658667133193,21.13461184240836
B0-FF002_202510,B0-FF002,2025-10-01,17476.996864940393,97.18130985001848,104.91417658768285,5.028542826842873,1.1077753949921996,110.38071919465015,0,0,6448.86435807289,10172.98274994168,53.232436052539214,773363.68,5642.3192232856845,3921.165527044741,1444.9010062258103,500.1668253129975,214.6793186236316,317.8432087752713,1488.6556356074846,72.90485552650837,220.68210409144712,Nordic Specialty Plastics Plant,"Odense, Denmark",Specialty Chemicals,238146,951,614812.61,29.16241405914976,987823.2,10.432078308172615,411.95215012706,6.160160908948077,489873.13,1.6711360974527425,106.67954337770396,353.2612675756295,483.8086975555756,121.72931353110808,0.4092051059099729,0.6568745425799262,0.0032590150318194,107.51792751319586,93.85794472373892,60.19,97.51,113,119,9112.345876763293,20.87934499306658
B0-FF002_202511,B0-FF002,2025-11-01,18537.716011512348,103.1007569643984,111.06882288131318,4.814486088674889,1.1259361920596838,108.70725839008765,0,0,6970.642775767532,10168.760698655458,52.23310825285715,175459.41,5593.439649737806,3818.063430779347,1454.288700040816,525.542442144625,229.6391288331432,332.47151522187136,1574.5478262554457,71.55032040546284,223.2713983354737,Nordic Specialty Plastics Plant,"Odense, Denmark",Specialty Chemicals,243282,966,651050.29,29.43745504869712,801486.79,11.133423957427066,419.1150247053743,5.996776078669177,725127.16,1.802567562624762,103.90765129324856,361.0701968490187,470.081794552057,126.15691337562052,0.4361925128902754,0.6735497792777705,0.003415160151965,108.99219583948428,97.34964750447944,66.04,80.99,117,108,8589.202829550604,20.339645771762115
B0-FF002_202512,B0-FF002,2025-12-01,17022.247142270142,99.48518930325228,106.2901954547784,5.278888942393832,1.125851893456944,112.66838215890871,0,0,6344.257272468806,10265.65697964198,52.86432317627151,786482.51,5855.386936242187,3849.649618893715,1527.4803737452396,494.1832160295489,244.82759426042267,309.8432538667795,1488.2496654670038,75.24090563411313,204.13437435748045,Nordic Specialty Plastics Plant,"Odense, Denmark",Specialty Chemicals,247851,1006,126178.08,29.37841390021955,195021.99,10.979594428271485,416.0225481903922,6.403507050676254,35782.59,1.8303759867950304,102.3311867228665,367.00899898938,489.238703431362,125.54395804030833,0.4099538667103544,0.6710928950745406,0.0032641525714268,120.73427938910552,96.24230306891148,81.04,63.64,117,115,9192.725367187048,20.41983612251876
B0-FF002_202601,B0-FF002,2026-01-01,17479.27356379037,96.8040699608028,105.81099829079392,4.899677147378332,1.1143325484869853,107.21846440646146,0,0,6681.016617835939,9954.489234264083,53.56028192667481,841663.73,5808.422931957978,3688.095355332701,1421.9644405715107,545.7689715359581,232.8312573638912,324.718945768854,1450.409767102099,73.6792307668638,221.77630435483456,Nordic Specialty Plastics Plant,"Odense, Denmark",Specialty Chemicals,238490,977,711279.23,29.887856240465503,67422.83,10.874033331188247,409.0629934785177,5.9926727132539535,859759.3,1.745679745991343,104.372538807912,353.63297863485445,472.5759336922171,121.18333495302268,0.4341364273543218,0.6539845663263127,0.0032798399644639,112.91372002261976,94.9256803368608,65.25,81.61,112,107,8628.082142708765,21.66903268002908
B0-FF002_202602,B0-FF002,2026-02-01,18085.06345834261,102.3891334858167,108.0014823896902,4.717158050039376,1.1400602855527209,112.05166398185298,0,0,6490.243608895071,10140.632722724378,51.90874755510773,252771.13,5626.500360842023,3686.995112215553,1486.787825269353,522.8595474237648,231.0144164306149,311.87456547990706,1500.9734733559933,69.81645446142913,218.64587537142097,Nordic Specialty Plastics Plant,"Odense, Denmark",Specialty Chemicals,258403,981,984911.07,28.342263850893847,579346.37,11.131877757522076,428.04536585464353,5.876184183448191,360631.33,1.794529067206173,105.12726025595028,365.3483490317919,479.8788661858801,118.06554187815372,0.4283561377436861,0.6642541053407367,0.0033550814530084,116.65041599463152,98.38661279816496,88.66,69.89,121,113,8642.302626333958,20.485665430486936
B0-FF002_202603,B0-FF002,2026-03-01,17272.444513408183,95.72211446521506,107.87414312950877,5.142668870902276,1.146565525644632,111.38636477568431,0,0,6554.022249055386,10231.173838466048,51.65545679937157,398071.79,5626.110574443197,3787.670323146157,1472.6075697150186,543.0814171446581,238.4370501378345,335.454771060847,1530.6426629422588,69.65332522121534,211.5616147015008,Nordic Specialty Plastics Plant,"Odense, Denmark",Specialty Chemicals,248497,957,464616.14,29.115015996472174,163036.36,11.350861706187136,427.8969421805529,5.848021614010511,498807.62,1.845343051801152,108.20401902708768,367.342050319584,483.8880821948098,121.4674140250494,0.4329495824750055,0.6557218075474561,0.0034954427383186,110.86671128000587,99.25316019305586,76.91,94.74,116,116,8668.343444356487,20.039657034268025
B0-FF002_202604,B0-FF002,2026-04-01,17398.442195657946,96.07810827911736,101.85249730529677,5.298708880011689,1.075637434737979,117.85377982245774,0,0,6355.857182348355,10310.516971212312,52.14943151569621,418617.63,5521.594353874985,3863.023340062085,1428.8765092859203,537.1357106319153,236.9696692215201,330.7613383887199,1529.7042506897612,73.166211049462,218.85604636315367,Nordic Specialty Plastics Plant,"Odense, Denmark",Specialty Chemicals,253191,1003,809605.09,29.49682327673674,351229.3,11.12175180735746,417.1201169517912,6.066120976612387,41055.27,1.7742719205804065,97.23751256595808,360.3377826997345,466.1184851201581,133.3683603262286,0.4400987537290836,0.6543881425555025,0.0035017161741063,115.69864652579032,95.84044686354297,82.1,99.98,111,115,8967.672457871042,20.53318754135148
B0-FF002_202605,B0-FF002,2026-05-01,17898.35256852674,101.89490021162086,110.5143329335047,5.20526484091407,1.1409357355915544,113.70998672911236,0,0,6639.147730914786,9978.944350327944,53.56385653938208,273870.57,5495.407780568051,3819.931164898585,1468.3151636230573,535.9989962901772,245.38253760274648,317.111587544137,1489.3798630387878,71.55728509324264,213.72204814953497,Nordic Specialty Plastics Plant,"Odense, Denmark",Specialty Chemicals,254057,968,89526.78,28.920593320510715,801130.53,11.027878721710024,412.515280742002,6.313664218679324,993334.55,1.8564276141752327,104.5317024261301,375.8923575882922,469.4498960536429,120.03350948966008,0.4360672842041482,0.6669331108863731,0.0034315904808594,111.41594046991187,97.6740611289913,67.69,98.81,117,113,8718.246605604954,19.706867420722865
B0-FF002_202606,B0-FF002,2026-06-01,18304.530948896983,100.4839074015724,100.67809724460184,5.210393992868867,1.128859165042038,114.46554803704882,0,0,7018.977339606619,10696.667688095067,52.38094299760551,517385.37,5589.271904161623,3620.9449293242815,1526.2964094887006,524.1748296453476,243.1844645348265,324.2899611605842,1509.7149816519516,73.03733021220798,223.99777406356665,Nordic Specialty Plastics Plant,"Odense, Denmark",Specialty Chemicals,244358,1022,368719.07,30.0715306570532,86883.31,11.04226566329671,414.5963871546061,6.311431335583826,107157.66,1.7687757939044717,105.3883985084224,362.8494166795111,451.5880514575448,120.20464856444087,0.421190709745818,0.7061744249425767,0.003400563929582,115.22795436556024,95.13649428690556,74.85,61.73,123,112,8328.94382360269,20.257288227655145
B0-FF002_202607,B0-FF002,2026-07-01,17442.20968546008,97.35122660690853,111.15345946493498,5.200222913407633,1.1051203691339349,116.7398530159914,0,0,6916.041457252573,10173.76216720284,51.24093009883924,623427.61,5596.392434154718,3760.6220753702623,1476.341188092997,572.2176682629508,230.9146458531292,304.5700533389414,1483.590978438806,75.49434347908212,217.98587677279187,Nordic Specialty Plastics Plant,"Odense, Denmark",Specialty Chemicals,256564,989,796454.51,30.18363658128959,620395.93,10.66347088587623,400.5564733729341,6.275251717777365,159339.36,1.832487323752098,105.66674352964338,361.3174763361757,490.61892151202267,128.59928481392564,0.413011837823808,0.6370061847991109,0.0033822002756449,120.60023285786248,96.4256605557244,80.2,71.12,116,107,8544.110689830399,21.55830107981073
B0-FF002_202608,B0-FF002,2026-08-01,17879.601904777224,97.50580763420078,108.17511709438207,5.143048016282497,1.1643388918344832,105.12169957004318,0,0,6813.504095313161,10235.022622808458,55.0692939719993,545572.39,5620.628836264844,3818.862066118107,1528.5353809997216,561.324759443395,234.0663532140408,308.9235197171458,1405.5049892388051,68.66536649253082,222.9678672502649,Nordic Specialty Plastics Plant,"Odense, Denmark",Specialty Chemicals,255332,965,415558.43,28.663672258323388,757838.56,11.4061110477339,425.0702696488752,6.207971720592749,664541.79,1.8308813885362056,112.94120153330078,362.4114238383821,469.12991636052016,124.80179176911462,0.4291936531267754,0.6580047757764669,0.0033785048408134,108.35933115439956,100.51800253433568,81.73,95.66,113,114,8896.696192447671,20.76614966697144
B0-FF002_202609,B0-FF002,2026-09-01,18513.74946548253,102.1081484005831,108.20268249451864,4.998148689869669,1.1662692956039182,111.16310821388558,0,0,6777.482192871516,11045.27865737684,52.0420431545981,126074.17,5898.181367187428,3768.5910518126448,1365.833175152019,550.0050339665098,235.5517391647164,321.64931946556266,1504.1331344183884,75.91616544622212,219.4467219182795,Nordic Specialty Plastics Plant,"Odense, Denmark",Specialty Chemicals,268611,1006,998115.71,28.879447013784382,38988.07,10.471670777063382,405.526816280844,6.425511507880681,423771.65,1.7374459542166611,103.95783528554767,356.6682950372354,486.2991983858522,119.565774516815,0.4471634185677811,0.6606009505024685,0.0032435819346639,119.16374359651276,99.70606798363356,81.69,79.51,116,113,8924.905714712217,20.713622277379606
B0-FF002_202610,B0-FF002,2026-10-01,18107.64377195251,99.39356257014164,107.61241345210487,4.937421806460755,1.1473577773969537,113.10088603150136,0,0,6555.919505367893,9946.693562640514,53.32588877677621,144491.08,5594.713844216323,3746.751462725223,1460.0491014894612,551.2530233118846,221.202087731336,331.4056638271921,1494.0672244528705,72.04530932391681,226.1950227043457,Nordic Specialty Plastics Plant,"Odense, Denmark",Specialty Chemicals,250896,956,306319.04,29.507827010548144,985379.58,10.905828558472551,429.48900672783947,6.237667687538671,113810.98,1.7483584375987755,102.80858115619756,359.0054987905559,481.5484523995426,127.00605547596278,0.43309365431378,0.6422362987932981,0.0033900809020627,112.57207837724737,97.5403879901882,71.79,53.68,112,112,9062.904216998222,21.09371142756916
B0-FF002_202611,B0-FF002,2026-11-01,18439.93970152057,99.20598723803826,105.12725618389582,5.080455236066872,1.1841728511614094,107.0647762761078,0,0,6865.728880435136,9955.58717038536,52.01265526740591,765197.86,6014.773924509015,3903.053513287273,1504.2308420458955,531.9378889404732,228.92182623624936,326.7973648258596,1450.5697136281988,73.15256133541406,212.2875826808321,Nordic Specialty Plastics Plant,"Odense, Denmark",Specialty Chemicals,253669,931,300048.72,28.189410291540124,887125.14,10.878310339203304,425.75985907716137,6.518482093943934,260211.51,1.722065347997954,109.44589409277138,348.13461346492187,474.6923899355642,116.62661669518415,0.4421946505317424,0.6692024072702694,0.0035572884602695,112.64766978196718,97.58438137370509,65.44,60.08,120,127,8663.896723275324,21.22224258925805
B0-FF002_202612,B0-FF002,2026-12-01,17867.76210892247,101.4924078996249,112.24853860085896,4.997535064988464,1.1334886259687444,116.64871806146417,0,0,6818.691100233547,10468.491978187656,54.85636482933046,248733.26,5695.31965111782,3881.6803824782014,1474.7607040196349,528.4012798471254,235.3848648455768,318.6084429927047,1429.754733967363,75.31105639040388,227.056125863844,Nordic Specialty Plastics Plant,"Odense, Denmark",Specialty Chemicals,257128,1015,207617.33,28.52008476738189,505704.58,10.714858486904909,400.4194699125754,6.328293861152207,367949.4,1.8542549017191008,101.01473992665638,364.3353201637037,471.8735149329179,126.1869171104197,0.4474518743316765,0.6685843434729328,0.0033393831440493,111.71477259063164,98.92747565646914,71.12,64.06,112,110,8966.938558948877,21.160533532005168
B0-FF003_201001,B0-FF003,2010-01-01,14613.654521285214,78.80908511450563,88.42398049884244,2.68385888850349,0.7081579390727396,88.66709831457793,0,0,5356.830535446665,8534.549517348902,40.26020150293163,642077.44,5077.715474964482,3061.733524048492,1199.572136151377,447.5212466309269,203.3202186348466,255.82790889519163,1250.2374452159038,65.26556855178895,181.75814087984816,Horizon Polymers Campus,"Odense, Denmark",Specialty Chemicals,197108,760,496049.92,22.08589359047908,474895.44,8.948464668077436,361.8296147000535,5.147354168969577,518757.91,1.7174981738936548,85.28027830345472,285.0366974663573,375.71105724186987,93.817879248317,0.3371064533717907,0.5120400414986204,0.0023113007729249,83.19438609190236,78.54011740363686,65.74,54.37,92,91,7506.1020199374525,17.037890065634716
B0-FF003_201002,B0-FF003,2010-02-01,14887.042165533116,80.11325785958641,86.95962949447052,2.952751703208253,0.7031056992820139,85.84225660838068,0,0,5595.884420308536,8470.095011836982,38.22842171673669,650225.51,4868.775303042944,3082.058321006748,1213.7758345056234,448.603784678461,195.0980919330254,242.6322303683864,1282.3176686721386,60.99110483737774,186.7042528443069,Horizon Polymers Campus,"Odense, Denmark",Specialty Chemicals,202437,756,48837.99,22.70418371059328,148751.17,8.547013113695453,341.8725641066822,5.206071633320283,668478.65,1.6259888598341496,86.08990549574581,286.1344214927833,395.5078666534224,98.79936605805312,0.3389027208265875,0.5015248040647002,0.0022995671041499,86.65154902551487,80.47089868416421,78.05,98.3,90,89,7317.615140763431,17.001198298710968
B0-FF003_201003,B0-FF003,2010-03-01,15220.36410443506,82.68762922377806,86.26779380366952,2.6997293570763627,0.7202035050425933,92.12247295332484,0,0,5679.925789744364,8586.749383306304,39.71698087984346,942213.07,4644.412491444534,3241.626919473892,1129.9075665297216,459.0203855353224,204.49403782627223,271.7391592910315,1173.0435909486027,65.37466023925495,185.926500813866,Horizon Polymers Campus,"Odense, Denmark",Specialty Chemicals,194924,773,250745.55,22.44279373086709,801226.41,9.288876117148938,355.12107073583564,5.086021208611576,965509.27,1.6519639962380424,85.0539761309697,277.30008091327306,400.581088153418,99.30095221981296,0.3296131842715186,0.48855973641639,0.0024077076327464,91.02594004256906,81.2517794280652,63.13,99.92,93,94,7703.03029586406,16.881885266269528
B0-FF003_201004,B0-FF003,2010-04-01,14891.6514345339,85.5507701143678,85.36899940779287,2.7441288893998563,0.7402387171607874,87.94053325481545,0,0,5732.141306032188,8357.895059750459,36.95152822844318,536836.61,4965.703943756277,3156.337450275342,1211.079409286257,442.91939488640713,201.8547998794183,256.3194786145653,1264.350734785586,62.36484476018162,187.98855897048617,Horizon Polymers Campus,"Odense, Denmark",Specialty Chemicals,209683,786,263736.72,22.850523921992647,863368.49,9.227086832117674,368.2718576017402,5.239786037242276,705083.44,1.6304786122316506,83.85782407860323,291.8059220252597,395.9208828475977,95.2433465547844,0.3288141748410513,0.5071814649278595,0.0024054264107198,92.07832781965082,82.71615497451913,70.15,61.76,87,86,7065.617601658388,17.891667282371365
B0-FF003_201005,B0-FF003,2010-05-01,14122.71219166402,83.47865345259984,87.3301595320741,2.700511533913225,0.7293453417858283,88.84342765548433,0,0,5424.914232300549,8089.521572905202,39.59190915151509,726432.02,4881.677014643579,3129.3490448166085,1229.736982458125,463.157770067057,190.20847693546264,259.9397298024166,1215.9727350526998,61.8476538350202,181.8964757277668,Horizon Polymers Campus,"Odense, Denmark",Specialty Chemicals,200948,761,56424.35,22.05710459231749,873145.36,9.24792672256534,377.2204682545646,5.450998282526683,42725.09,1.7122914791040569,87.97294758177159,296.6388077939956,383.8329230998509,100.63596037125944,0.3460897303058921,0.4963474943648945,0.0023281019097694,89.99357307372881,78.46855480451295,79.81,59.7,94,91,7423.416173899254,17.14840736476338
B0-FF003_201006,B0-FF003,2010-06-01,14620.025404282036,83.87117502091267,86.73755006883,2.9515377119701625,0.7338120709230527,90.63248165715048,0,0,5656.471174308689,8194.522120958178,40.02169407555997,770037.94,4645.844529237748,3278.0642692999336,1239.3428536204212,430.67911640685975,201.37222867665253,274.92017743834407,1224.0336806005507,63.14932571823072,187.95984884073832,Horizon Polymers Campus,"Odense, Denmark",Specialty Chemicals,201462,813,928165.33,23.40378048294414,85700.34,8.92866896403383,360.4015674042033,5.060022971026608,302886.04,1.663614967941922,87.12963017044655,281.7137619206505,394.46421179746267,98.65167977668116,0.3353610607755131,0.5204964427834989,0.0023737510629863,85.43121717595251,80.01465638619293,79.61,77.14,89,89,7461.372130580845,17.74208523354138
B0-FF003_201007,B0-FF003,2010-07-01,14649.56630761905,80.46747410314353,91.35487574126311,3.0429525710124103,0.7053992323365859,91.95360612295164,0,0,5429.721429263234,8017.026993031081,37.61584424240578,501369.54,4694.210047238244,3265.909900877632,1194.3461874802308,436.1129311921088,214.01340913894663,260.8376939957121,1230.8847982079533,64.93743593963082,180.412136252796,Horizon Polymers Campus,"Odense, Denmark",Specialty Chemicals,199516,773,565043.25,23.39226107805036,701282.73,8.404038324745022,378.4939979580087,5.225302604382053,941876.14,1.7127467764445157,86.16765741638524,298.72574226632133,387.78738090915294,100.19170446527409,0.3392687224978465,0.5040195509356623,0.0023672472181376,86.90738526167335,75.90632151723408,75.68,83.42,95,85,7626.983876943641,17.048036214563325
B0-FF003_201008,B0-FF003,2010-08-01,14307.20642508758,85.31193113594017,86.79976984933897,3.037741368725876,0.7122152194772662,88.93734951740178,0,0,5730.941101285389,7908.163926948086,39.74671515903342,623525.98,4611.649782871844,3046.48798894331,1262.6504322066771,449.0533461845965,198.1913937685744,266.8720203998935,1241.51976127524,65.2593909007776,192.57491284003945,Horizon Polymers Campus,"Odense, Denmark",Specialty Chemicals,201201,827,949414.1,23.383022827616973,919082.65,9.063743124640911,370.7107502052671,5.321425705692521,330972.97,1.7699531444053551,88.43892785163311,273.3395958296896,400.06323948874166,92.38028154199912,0.3361062415067842,0.4935584012398917,0.0023182857618343,93.41984452884812,82.9861648770671,76.18,68.74,86,89,7518.626943296485,17.722487590300307
B0-FF003_201009,B0-FF003,2010-09-01,14178.30021178517,85.35503254855217,89.8867778406133,2.7390739917448683,0.736804765674118,89.18517010706442,0,0,5545.402430375274,8648.299480935992,39.66360646657916,422600.27,4707.118171646742,3238.3972570165183,1222.2908234030554,433.45800871393226,200.4592289711996,272.5182852221054,1265.321621282572,61.79386528626791,181.4890508184302,Horizon Polymers Campus,"Odense, Denmark",Specialty Chemicals,194617,787,604134.79,24.27147336073341,784276.55,9.279176081994438,368.4051854419796,5.236085589780556,737579.38,1.8314912701133943,82.30738032308234,283.93203752048794,389.20057419273513,98.10904044732725,0.3534545349742085,0.4943324202416317,0.0024172525556752,90.42243603586772,82.89644686169747,83.68,92.86,91,90,7247.435901888867,17.598051119277184
B0-FF003_201010,B0-FF003,2010-10-01,14388.932739787231,82.43020100469387,86.33970941808069,2.8139453673156463,0.7264572787816089,92.26249056493108,0,0,5641.3583070424265,8315.859008838566,38.84001999630137,501741.89,4851.233958667604,3214.290004962856,1274.2555314179162,439.00381167735657,209.9082847561692,259.97630269284525,1204.3369881688673,66.73272396108773,186.0480297964984,Horizon Polymers Campus,"Odense, Denmark",Specialty Chemicals,210486,788,252364.11,23.614963310340645,104479.07,9.152521521684765,370.69605365270894,5.4339433334961535,529590.15,1.772405035819724,89.04601359602985,282.6445755818035,375.286409214762,92.10201339663722,0.362445222114829,0.4972742203949692,0.0024770902307487,90.15008227665868,85.64014732447896,86.33,82.08,95,92,7441.958194364122,17.782178313087893
B0-FF003_201011,B0-FF003,2010-11-01,16214.783527499132,83.18938973065433,85.06272734642054,2.848940069799347,0.7158244758951412,90.61625628445157,0,0,5519.850340172705,8324.076586598048,37.88640938801239,925500.75,4870.17781345571,3088.847704614784,1324.7742258479202,444.12483533161713,204.329629184878,259.1832226813645,1242.5284422303191,64.04226474586798,176.5607957054024,Horizon Polymers Campus,"Odense, Denmark",Specialty Chemicals,207775,765,662158.4,22.779401787042456,668493.8,9.201914145683093,371.0092512770137,5.427193667323143,686164.23,1.7975910202069076,84.087715874907,281.03325753843035,392.70587848115554,100.11072239519105,0.3445418469466456,0.5319131621813292,0.0023197306952834,87.66308644673768,85.10845138937394,91.61,56.03,88,90,7769.418731843036,17.345445801753073
B0-FF003_201012,B0-FF003,2010-12-01,15670.963314496968,85.07007266055808,87.85515760073065,2.951937836419157,0.7379928111090862,90.20366801797492,0,0,5436.963122846263,8612.543453015927,39.71014282629944,953179.02,4578.45702253113,3173.3686965958123,1242.5440693762632,449.7325206050983,203.71888187087308,267.4878102204762,1186.3042989947294,63.82278393378596,186.18532456772144,Horizon Polymers Campus,"Odense, Denmark",Specialty Chemicals,203758,807,627502.07,23.006658908812906,906342.2,9.188757652207508,360.3248045691897,5.4073930360351365,307002.49,1.770239178928913,90.23250995321654,285.3998383125496,372.62210495259376,96.71415371997456,0.3357923141192558,0.5022623946765474,0.0022236404784208,91.44059689356712,83.18639761016512,92.84,67.44,91,94,7590.013568025957,17.2189449925072
B0-FF003_201101,B0-FF003,2011-01-01,15136.634030068237,87.0170567861366,89.60273052781108,2.7658670121410545,0.7071789487914435,86.30332111755106,0,0,5605.52437525008,8151.698949280595,38.43842762304623,973828.08,4540.09790111073,3185.407426611944,1259.724754529558,441.3836330842058,210.00239898748129,263.7474898225477,1263.3389931620177,64.09537065172972,188.50595886118745,Horizon Polymers Campus,"Odense, Denmark",Specialty Chemicals,192733,807,244892.96,23.758489912749663,924474.13,9.570442677190623,376.4171723524005,5.178500110165263,488094.55,1.6925920099062286,84.09746625153034,300.9278279678495,390.9380206426979,97.52819211077684,0.3373763927059289,0.5232337453493906,0.0023662041540694,91.63494737726089,80.42971561209515,72.93,52.2,93,92,7329.24227853401,17.64725577979902
B0-FF003_201102,B0-FF003,2011-02-01,15511.693933183456,79.64560392485521,88.41186483747288,2.857411369047222,0.7125326287569732,92.93184825467776,0,0,6008.21074195564,8492.254164536727,38.96299256630483,45607.69,4688.231249103029,3250.6741412105657,1275.07796890449,460.0505705617184,211.9398737113904,260.7400244166787,1258.2406604945302,64.29921580002139,186.4397279597344,Horizon Polymers Campus,"Odense, Denmark",Specialty Chemicals,203053,801,502349.37,22.05039498960725,212582.93,9.206295924994349,370.5180339239452,5.399866575792265,756730.4,1.7361827155380931,90.75751260861128,309.76030457464907,397.791214270376,95.76814744219251,0.3453318411010656,0.5134847005700132,0.0024369324281594,91.72142683871635,84.89494849158996,82.43,79.33,90,94,7403.456454647205,17.832935997597456
B0-FF003_201103,B0-FF003,2011-03-01,15002.705604153178,87.37573527987425,92.07205740735913,2.86892787346362,0.7706489254351548,91.3727582776389,0,0,5413.032189180088,8462.675686297422,39.76655692364578,113327.66,4671.94690592629,3203.419888205189,1182.170189495228,470.393636652914,213.4225653632581,263.827243195354,1222.180352702039,61.36177442895405,181.64872209551032,Horizon Polymers Campus,"Odense, Denmark",Specialty Chemicals,210770,789,403510.63,23.0950028692869,799678.97,8.68837128464314,368.06765284909176,5.17005654004821,981137.67,1.801586121727732,85.37520702525484,292.20277078030654,387.9033610239725,95.42143415147083,0.3200083261484306,0.4961364732013398,0.0023363815796104,91.72183421219287,84.0779306566467,62.77,78.41,89,90,7380.835329447859,17.66047428109928
B0-FF003_201104,B0-FF003,2011-04-01,15303.862150672958,78.861220381975,92.28581095710564,2.8873739842692863,0.7542362778624756,84.15644637966535,0,0,5581.290056280343,8794.309382027655,40.17981435120608,54154.58,4899.542893598135,3249.451094356624,1224.7854066326,456.4756016622068,201.5876880013253,266.66150815761887,1249.2131009497073,65.26412275409221,196.2422780372845,Horizon Polymers Campus,"Odense, Denmark",Specialty Chemicals,207794,814,427346.61,22.04252156952888,435659.64,8.998695297756647,378.6728524059398,5.312870396676897,174556.77,1.6635537092068404,86.62389549874167,294.149598831159,377.2330064540994,100.36288262841391,0.3529400471626461,0.50592705068592,0.0025856336395611,88.38506965525208,80.2050688377861,97.07,88.72,87,94,7981.859872110253,16.834272383217282
B0-FF003_201105,B0-FF003,2011-05-01,15218.286457120554,86.09832412031612,91.26055510804242,3.0356976162466456,0.7254030589721204,96.18315017473736,0,0,5984.7597261895735,8349.74902965434,40.72320330593592,99228.77,4608.515428000327,3096.202116569309,1267.883599132382,436.271254293957,202.8875514491789,258.81154992098715,1204.3901225778748,62.9175164071412,186.93547935533,Horizon Polymers Campus,"Odense, Denmark",Specialty Chemicals,184259,811,785044.57,22.31486510874036,523989.13,9.218028115408073,388.8385210611349,5.3299509176082775,107720.25,1.785891448439603,89.41813242136996,282.51651346916566,407.7289471185519,96.8606425618138,0.3473038679979533,0.5109361743345643,0.0023664453708701,94.15567323961136,85.2877351978061,99.73,75.87,98,92,7329.124267410157,17.389647860111594
B0-FF003_201106,B0-FF003,2011-06-01,14894.01177053163,80.91634817550356,88.83586350331568,2.8386953447009384,0.7500138486670743,89.47160841546378,0,0,5698.027705589485,8264.588401989186,38.86970047766221,680489.32,4827.413697771355,3300.915120657573,1225.895913151934,430.994959759887,212.84836053657364,256.5606070369391,1229.499337350066,64.57216434563058,185.458705868188,Horizon Polymers Campus,"Odense, Denmark",Specialty Chemicals,194024,812,421577.9,23.836349743307423,973440.25,9.404535055649443,369.574823273026,5.379699172517845,364613.45,1.763459958862284,89.2434583553365,282.0944591297936,388.0785353227655,96.56934849582808,0.3569954159985918,0.499423508535979,0.0024468268684556,91.55193423694314,83.49275987808582,91.42,74.27,92,95,7279.429620589389,17.758779293707526
B0-FF003_201107,B0-FF003,2011-07-01,15570.747682386307,85.0927659772941,92.88831184614708,2.848441365847412,0.7525941090296674,94.02893477729177,0,0,5745.151167929541,8699.297031846989,39.85002667128877,690063.46,4727.499942964644,3108.016001473164,1274.605907966049,450.3302750908332,199.57580303965096,278.22667050347104,1268.106385206068,65.81270652285885,195.1815953344097,Horizon Polymers Campus,"Odense, Denmark",Specialty Chemicals,200521,827,899052.1,22.776523897134528,699086.04,9.219998727337332,385.94507780759466,5.148733530184621,433252.13,1.7205529267859423,87.52912236618879,298.32627479704524,384.81036468062575,99.33061754967903,0.3619302712716119,0.4883855799613339,0.0023951081911608,98.48434467646791,82.12799336207677,71.7,77.72,91,95,8017.278810498701,17.67868077880893
B0-FF003_201108,B0-FF003,2011-08-01,16437.47681622083,82.88751251103726,89.11926529151175,2.780108722244868,0.7287437720274956,90.48682546782732,0,0,5599.822477185866,8351.636767986387,40.675719467433495,835950.51,4827.769775637444,3239.968841737624,1181.344143381273,474.2826966426306,199.3063604026789,272.0920347497279,1233.5819532831122,63.4522426891928,192.36695505965548,Horizon Polymers Campus,"Odense, Denmark",Specialty Chemicals,195873,768,256754.34,23.34807095354405,388592.32,9.378281339748437,373.1984843365729,5.3900666938666015,724088.74,1.839596450651677,85.23703328220543,292.73411666001755,399.7097803619181,101.50503955379472,0.3388567327744407,0.5003035995597406,0.0023184479158642,90.99636435367148,84.6700687693212,76.34,96.0,92,94,7506.085988585951,16.769705392949483
B0-FF003_201109,B0-FF003,2011-09-01,14685.49129972227,87.06221220013207,87.16814626441517,2.9396137198146883,0.7425059336647821,88.56550742434747,0,0,5721.621836206252,8434.670354871716,36.44865756863944,422686.76,4928.197990379745,3188.239529650361,1272.30603756456,441.2200388149569,200.0252640231476,267.27653098209686,1217.6557725687978,64.4733091438106,181.5138350194049,Horizon Polymers Campus,"Odense, Denmark",Specialty Chemicals,195579,800,26166.75,23.262007743169423,368876.48,8.999118620826355,362.329071516233,5.199547728634186,78666.04,1.8210295194104087,88.55105044382557,296.0114547344509,376.4740193828368,98.91298683150376,0.3497458611304568,0.5405433408064586,0.0024099878046127,90.97732510244444,82.20681389704632,73.0,93.1,96,95,7259.66993452982,17.674472182600407
B0-FF003_201110,B0-FF003,2011-10-01,16348.716293427817,80.54849191381655,89.30542975784645,2.9349664756000817,0.7354100671825412,90.49977788394705,0,0,5674.385864157428,8761.031972105504,38.20398861113262,545913.3,4979.885389471298,3238.509411089114,1234.1187620952974,462.8502310556356,199.9900405701078,269.085658708857,1239.0628983321565,64.93214110016399,196.43070054389,Horizon Polymers Campus,"Odense, Denmark",Specialty Chemicals,210755,832,699268.77,22.566004687627444,915624.9,9.29489323365246,352.74049843706393,5.442129870220721,644673.91,1.869938649546427,86.2103061342118,299.4915552527501,381.28466725133467,98.21259461976857,0.338174415453176,0.4985614185880853,0.0024785409829114,92.97990727817348,85.37598575822335,99.8,89.66,90,93,7444.048390161494,17.608112199508692
B0-FF003_201111,B0-FF003,2011-11-01,14818.9526861936,80.55336385572379,88.39776719797457,2.921010884100858,0.7401306364548765,96.39916473989824,0,0,5713.744120288725,8239.40248922814,39.74670875139032,841336.03,4820.233369791995,3073.5069803908505,1248.968209095953,456.29349927135246,207.1738918279277,254.62496431026204,1264.923714379605,66.17959182637404,181.88974488719109,Horizon Polymers Campus,"Odense, Denmark",Specialty Chemicals,209990,802,54323.82,23.70765830956844,658500.88,9.178722418464575,369.9084220684256,5.73146022618225,510881.0,1.7910881667012892,87.71733624637264,279.4703590181325,388.63476307812806,101.91473713615048,0.3387327265399965,0.5378303133204239,0.0024731593488936,89.52905340795856,81.31719151351876,93.7,77.58,90,96,7236.583538703425,17.25897015247631
B0-FF003_201112,B0-FF003,2011-12-01,15966.776121638317,83.80996107985968,91.18610274314298,2.91791142805549,0.7102555987858321,93.83234352141407,0,0,5602.052816454042,8595.38674351405,39.6185279883237,34441.8,4723.801566739009,3230.5940130443505,1289.9676543091286,428.5967688549078,203.8256025170164,271.53483366691034,1207.8483783086358,65.76324024098874,190.1603043598308,Horizon Polymers Campus,"Odense, Denmark",Specialty Chemicals,203293,806,747543.82,22.87069024860164,129689.71,9.112362003064492,364.7545665718271,5.464287681579648,79408.26,1.806583600882904,89.06428893983747,287.9727769926403,381.90348281402777,94.63073058193936,0.3585930140281732,0.5262070843819358,0.0023911451550452,94.1139562135481,81.67876408133485,60.67,69.73,94,91,7185.225688163836,17.80556668040121
B0-FF003_201201,B0-FF003,2012-01-01,15554.074617847333,84.24467081203673,93.2500272779272,2.951026049492939,0.7686023214313024,93.9045242514529,0,0,5666.609873982135,8402.15178615567,38.815034564329736,32943.73,4630.220890754827,3339.72417254444,1215.036540025968,466.5957673391232,214.5752319498636,260.6508649947345,1229.4555718716974,66.04215784938896,185.311654032292,Horizon Polymers Campus,"Odense, Denmark",Specialty Chemicals,199596,810,70427.5,24.87140652343549,805616.01,9.427718853056522,375.4563558655216,5.711367282314748,675001.51,1.8168431854815768,84.8608228924467,314.6644012942677,402.9696093253118,96.10070912462136,0.3535791613184291,0.5352822688708523,0.0023591741029497,91.27728999137328,82.06845080698115,83.16,77.42,93,91,7476.226541461659,17.398696641075194
B0-FF003_201202,B0-FF003,2012-02-01,15534.108013946405,82.02632950989415,88.12243929451631,2.956019306488417,0.7348038520226025,96.7219781838255,0,0,5505.860532677418,8393.32072084559,40.8205037538984,891889.47,4779.045081076322,3378.201524572907,1268.9561938109453,451.7196486417259,213.90708907443903,260.6655801068951,1272.7588652252284,66.43972053384249,191.5075445158266,Horizon Polymers Campus,"Odense, Denmark",Specialty Chemicals,203818,821,87852.98,23.294406145131195,794525.98,9.511230905042895,373.9644662794073,5.368615334740835,785516.59,1.686661066586247,85.5133934218769,302.4266518415308,381.6748596674488,100.4651462569836,0.3640818872202257,0.5219029959656618,0.0023631476869488,92.31024477195314,85.66688248366813,64.0,87.65,95,96,7424.456596212182,18.554329480301824
B0-FF003_201203,B0-FF003,2012-03-01,15483.330143230069,79.15159032656362,89.89641534095296,2.874218653682823,0.769776889940222,90.3862249904144,0,0,5598.245774124811,8760.508297823728,38.51862393159098,947929.25,5021.886135022454,3383.552031253824,1316.557500445961,467.31019397013233,209.54929185688167,272.4620093754397,1256.247338525077,64.51016166454922,192.6175793807016,Horizon Polymers Campus,"Odense, Denmark",Specialty Chemicals,207807,823,589254.77,23.349638089433057,436131.41,9.231424813339082,409.6489022924394,5.738129280842186,146893.19,1.774021733788723,89.83053216416316,291.38386169269904,389.058251687766,99.27865144539842,0.3451231310964378,0.5229854132970103,0.0024576032298503,83.9411478680371,79.91225327776989,67.36,70.06,91,100,7745.298440900051,18.87492882872781
B0-FF003_201204,B0-FF003,2012-04-01,15766.56677430416,80.89061357111925,87.3599302437916,2.8486930999609013,0.7198130816524171,95.09972533444451,0,0,5986.236185550295,9062.447078599773,39.71051589427865,652830.78,4688.91053070559,3379.01124351735,1269.9281281078345,445.0828937076374,211.58200907865788,259.1953096249793,1188.4806916954055,61.392796138293846,180.3390872577081,Horizon Polymers Campus,"Odense, Denmark",Specialty Chemicals,212444,798,175536.29,23.59698757368025,372307.0,9.145353891979118,373.619172592388,5.278885450458921,434439.34,1.776859338627229,88.1014957660679,299.41803237110264,389.10622401661175,103.88330776004268,0.3386453549201288,0.5125199735420405,0.0024625966930443,94.6450143280698,81.85285861580067,95.84,99.27,89,93,7215.909331444033,17.4157871532863
B0-FF003_201205,B0-FF003,2012-05-01,15411.70095095012,84.48348756040747,87.54312139842287,3.003044985093228,0.7401030703348502,93.75499442611994,0,0,5862.724992794259,8685.396884252752,38.41813067838749,755147.94,4883.398317837598,3218.407458815286,1200.254570044925,440.3919065343529,206.77979615870288,257.43227764243244,1280.737890604953,64.66999283469966,179.92328829416044,Horizon Polymers Campus,"Odense, Denmark",Specialty Chemicals,201497,778,683171.33,21.934903125383272,401465.62,9.02525580865274,399.7725919749507,5.599643460193235,719423.87,1.824054875516806,87.31981399363586,298.8444125598847,391.7888114321848,100.42894683120043,0.3592905842445023,0.5308397603894494,0.0024376500748924,93.22968290945856,85.5981628221435,93.38,89.03,93,92,7593.941734569224,18.21611700719376
B0-FF003_201206,B0-FF003,2012-06-01,15530.872567574055,85.00266836648227,93.68536793939047,2.831600337831529,0.7148901121919613,93.24590771728192,0,0,5535.838606402831,8641.03606829581,42.30388595204597,490900.47,4852.095012436611,3282.417168683259,1246.390768738958,460.76137074929966,204.9427447767873,269.7874219280545,1248.9119745135588,64.44317271655565,188.57722835391505,Horizon Polymers Campus,"Odense, Denmark",Specialty Chemicals,208829,767,466783.47,23.01505233638045,447626.02,9.11642883399749,387.07408589967935,5.436893155278229,849458.71,1.764537576043846,92.18272621715086,296.8177165934118,390.4609045814904,102.95008348814652,0.3593845230357611,0.509017304094162,0.0024252816885243,88.24223498377688,87.37740387959165,83.91,96.1,88,93,7610.830951453448,16.760870865833514
B0-FF003_201207,B0-FF003,2012-07-01,15716.245100213016,84.43469459237879,86.0994869317792,2.859699889474061,0.7598259123995884,89.94331909843378,0,0,5426.312234340682,8762.133848972022,41.16898295392643,720863.7,4882.807496765351,3326.9852664136656,1203.6300425843488,462.4107302188953,206.01794707533813,268.28264619115976,1217.9502263722725,67.79514500539416,179.88899723683605,Horizon Polymers Campus,"Odense, Denmark",Specialty Chemicals,207810,784,207068.43,24.049712319200328,543764.86,9.028339745296636,389.5950510259304,4.918086116639837,538453.44,1.817841997718834,90.32058411225118,304.20582633990387,389.7030317706635,101.31767360578692,0.3438041710662443,0.5098416301951856,0.0023677885343456,92.58594968423132,88.10442672207742,85.45,65.0,92,97,7681.321080472954,17.937436648086535
B0-FF003_201208,B0-FF003,2012-08-01,14921.05070578995,89.04104679558472,91.25897055200366,2.90836369606513,0.7627383706978877,92.65893555050285,0,0,5681.851632767212,8634.920925186767,39.54095214058575,433889.03,4781.903087275611,3271.895378774096,1280.367231967225,466.6813780921668,212.49031602372287,275.7268696115161,1288.077055302454,64.81938096394884,186.4055772897544,Horizon Polymers Campus,"Odense, Denmark",Specialty Chemicals,206636,793,98015.03,23.290632815289108,744641.46,9.75987182398145,377.2354447429197,5.120774949666523,25985.02,1.84011196960485,85.03926102165559,302.5197406373245,403.3701853952311,99.85797333973842,0.3509211462547129,0.5093464353588145,0.0024978223065835,94.28230195732016,84.14314165772002,83.08,58.54,95,93,7549.527418398268,17.1048897209622
B0-FF003_201209,B0-FF003,2012-09-01,14945.554658253985,82.39859808809081,93.22417774622996,2.927168056363051,0.7451469876587936,95.79487195028511,0,0,5744.73910937505,8257.857515182972,42.36383056575554,177211.64,4974.332527436811,3354.597362459804,1373.3421994817154,458.9233304083692,217.53607019108887,262.71413416375526,1294.4064247450774,69.27692107732928,189.49324418913457,Horizon Polymers Campus,"Odense, Denmark",Specialty Chemicals,194772,822,26294.24,24.2184408765639,705366.76,10.00910716504109,381.6753846593811,5.596118006498857,268263.77,1.7318525681475347,85.87101128864677,286.0114311404477,405.5541288362395,98.12921418073402,0.338375568271296,0.5132845111118286,0.002501602037322,95.44087760378184,88.04284763467243,63.63,82.68,97,91,7787.890285876925,17.979226182492578
B0-FF003_201210,B0-FF003,2012-10-01,15396.905978052388,85.62355210597525,89.41921665144429,3.0042518037650967,0.739458491259779,91.28101753631556,0,0,5707.964228648766,8312.163548255416,41.73337345252687,959326.52,4974.593034839751,3295.6318718369494,1292.4780794749015,465.9454110396471,205.5428594029504,275.6644374866383,1284.1425675273956,65.11158032249124,189.0231048789425,Horizon Polymers Campus,"Odense, Denmark",Specialty Chemicals,202062,820,90597.52,23.623668754676565,243853.17,8.784882778885224,378.3148255335653,5.512407811370658,828128.55,1.8585743111057085,88.50585098519323,283.7772214509568,391.8521652607853,106.62238811081286,0.3696147393085343,0.53167030207577,0.0024213353314839,93.40256803129212,90.00153516867147,94.45,64.57,98,89,7383.204136842516,17.5579896321084
B0-FF003_201211,B0-FF003,2012-11-01,15959.36268813776,84.26840330527124,86.50197715459491,2.8591718255220946,0.7428516211374405,92.7745247655388,0,0,5747.619239978188,8495.222177379364,40.46291056874478,926452.72,4818.628183243924,3128.1293724438965,1252.8394979180084,472.6966075314676,208.6011710123377,280.4042725874534,1285.9170918105651,64.88684327213087,198.64302476214976,Horizon Polymers Campus,"Odense, Denmark",Specialty Chemicals,201809,769,928458.85,23.125209822784445,987314.08,9.063430234406106,381.5100907426866,5.56043108321632,796480.17,1.7383799009409848,85.94231422857384,301.86431128557115,393.9684268729718,98.5255263007775,0.3514566604212428,0.5229290104281844,0.0024838666815866,95.15325340701924,88.24023752792522,79.13,92.2,96,97,7369.497859830805,17.960336957062232
B0-FF003_201212,B0-FF003,2012-12-01,16396.136482955688,82.29204758652327,96.3977845863649,3.0768724998740167,0.7710503413482627,89.32348499340797,0,0,5578.448451180237,8833.32780634007,40.59021260696815,743327.58,4748.588726036014,3445.345757574504,1302.8591373165043,459.83395121625387,209.58769498608743,268.4958907950512,1199.6827862506198,68.56911622366536,191.75762782507985,Horizon Polymers Campus,"Odense, Denmark",Specialty Chemicals,213423,800,569983.96,23.94068088543068,56435.53,9.881211982632296,377.9606555403072,5.430656002352079,503534.71,1.7699553098917535,96.82008832293256,283.62862617873697,431.1857417339501,102.25249444782077,0.3522872462430893,0.5130778698605819,0.0024565362720107,92.31614180074322,89.3763863520745,98.88,59.4,93,95,7610.255028975899,17.837293765991177
B0-FF003_201301,B0-FF003,2013-01-01,15054.74802066782,87.7890526050179,92.53764591874094,2.9232898727802863,0.7668667220365513,92.05344050405442,0,0,5991.38044171743,9066.430631698417,39.1634638305806,176992.0,4749.961623840396,3240.898695639368,1262.0323244603192,468.7912800077714,216.96652924522303,267.8217837748994,1292.0011543695553,68.63784590029263,188.1503754797133,Horizon Polymers Campus,"Odense, Denmark",Specialty Chemicals,206000,814,453339.32,24.10826314074663,53028.01,9.611516049090769,377.5111750480417,5.410913053494368,659076.76,1.8338359419002088,91.2558312471117,295.00333481952765,421.09582655865125,100.56453813812324,0.3534752274829603,0.5279281904604632,0.0024124704433579,91.22346380631085,84.97150777384523,79.95,51.12,90,93,7231.185141204085,17.295443972781015
B0-FF003_201302,B0-FF003,2013-02-01,15932.294082019289,84.91522282020789,89.39237996903589,2.9435636826654954,0.7590627589538782,96.58809619311889,0,0,5720.367396681885,8782.155961859415,44.08407776580009,965354.38,4887.106945534266,3189.022693128872,1225.2593082895785,475.88114976663934,204.9106732005499,268.4948775294428,1335.0177411291183,62.78494677229856,192.5543415103214,Horizon Polymers Campus,"Odense, Denmark",Specialty Chemicals,202385,853,449561.67,24.252125388674543,724686.51,9.839408168643798,393.52080331483575,5.410410023796277,323637.06,1.8587953596026068,90.3451692352035,295.98646157646994,398.8922285841091,100.92421052823327,0.3546829774880194,0.5345564284486307,0.002390395360934,92.31869112720548,85.03937905527044,77.84,74.99,95,97,7663.603478624852,18.12751885893139
B0-FF003_201303,B0-FF003,2013-03-01,15433.48490975377,86.3194949157191,90.6240789927136,2.9204234554717927,0.7474026240772939,92.94608578031604,0,0,5568.843115660799,8712.264668711785,41.353480380294826,571019.32,5095.240762764841,3403.6845150547724,1286.9668588608026,465.59055042430185,205.2129621695269,264.3760004427637,1280.721483075219,64.61566491931102,190.73347921557283,Horizon Polymers Campus,"Odense, Denmark",Specialty Chemicals,192687,826,722835.83,22.78629416850144,421355.49,9.68554569482644,382.481501508214,5.39085880113078,878587.3,1.767515160200376,89.62410233686226,311.9967596833822,405.1003714307362,100.58372358174414,0.3516111595447266,0.5290597928624603,0.0024888615686911,91.08899901026132,89.28167375001706,98.1,75.79,97,94,7864.983321223928,18.08471485751831
B0-FF003_201304,B0-FF003,2013-04-01,15641.559371284991,86.82810046292471,92.99038577649488,2.988221221994896,0.7823593601457596,96.35693018816544,0,0,5541.9395694093855,8538.112149243212,40.50234990316387,292999.65,4980.697240530923,3391.7514529797927,1252.4785492830574,470.9931319235329,215.74631723041588,256.28572518882464,1281.7651244699657,67.10527450619404,186.23254244127733,Horizon Polymers Campus,"Odense, Denmark",Specialty Chemicals,201090,798,903372.46,23.300143891959145,597870.92,9.546311354564486,388.2820997519811,5.724778124860149,302396.26,1.8270097815842328,86.85443590268882,310.68374305228747,416.3538514365856,99.85851845590332,0.3463873918207104,0.5410287261329187,0.002337352752377,95.52285907852304,90.14456080695604,96.37,57.76,95,98,7696.851434903379,17.94737955369194
B0-FF003_201305,B0-FF003,2013-05-01,14903.656181990273,86.6269948936516,91.88547805388076,2.7630952623762512,0.7364752766870923,92.01225754562398,0,0,5828.191725441951,8697.810982395275,43.48383158708052,987232.18,4816.662128697454,3478.5998873836115,1337.7838103000597,450.0364833311109,218.40734610153177,257.3448250789531,1386.6997900017402,70.00227112849542,194.8107048955628,Horizon Polymers Campus,"Odense, Denmark",Specialty Chemicals,214216,827,272732.89,24.72405486848993,927035.96,9.232139070228996,384.0816020107836,5.319365157887929,232404.69,1.7993983735580914,93.67662097416624,315.08609102222783,388.81666147745466,103.31536704464692,0.3648486886457487,0.5019621821380951,0.0025472490114005,90.3261516580448,85.05793453187094,74.58,97.82,98,92,7591.058339087775,18.15366225024036
B0-FF003_201306,B0-FF003,2013-06-01,15984.115187240315,83.98137285747212,93.54614585100646,2.9261094570027275,0.737398076364587,96.6857466721229,0,0,5748.0684080839055,8532.940268349625,41.76262017005174,38326.34,4794.24515988451,3157.7408877564644,1297.8398520644769,448.0618448453457,208.4609983140381,286.1203481720973,1246.5364145664164,68.63766947387637,186.1173912410971,Horizon Polymers Campus,"Odense, Denmark",Specialty Chemicals,214596,832,517086.26,23.462492196940484,166995.03,9.556497049954077,406.7523903063295,5.428680604238372,74945.05,1.7672401285606598,89.75373031555834,295.271030014082,396.1764008392601,100.63882606990092,0.3713239559103757,0.5376933497716797,0.0025705629579057,94.68140475281442,89.82332657884065,90.12,94.04,98,99,7839.663698171577,18.634119459964573
B0-FF003_201307,B0-FF003,2013-07-01,16256.649397775249,85.90525510763466,90.3288808433998,2.982447335922131,0.8008138368812179,94.78394145402083,0,0,5914.429769349508,8598.431487494245,41.50052117763448,847635.28,4734.976854902663,3181.023825352734,1217.2252842867074,486.986982575974,205.4209710480935,276.0270035348496,1348.6172688122836,67.28527864752552,195.21443673986067,Horizon Polymers Campus,"Odense, Denmark",Specialty Chemicals,204083,827,423433.47,22.563466961552017,475521.82,9.55361670658491,379.3383401454669,5.41400458053854,374006.02,1.7790174755208918,92.53397131955175,305.4682768046593,422.3419052512431,100.16742200466447,0.3571368348788356,0.5338798579821303,0.0024542307900819,89.12382464242222,87.76021507884215,88.51,86.53,101,98,7667.210487888895,18.533035780294963
B0-FF003_201308,B0-FF003,2013-08-01,16179.27378741193,82.55475391360325,93.6702345775559,2.945438969368821,0.7961550747622822,95.10731470103534,0,0,5507.102040249635,9082.515101596391,39.94001852025124,147003.03,4850.053537892558,3245.923474890445,1280.4805601458124,454.8938964322941,209.6469164220244,260.8439520426635,1272.049180342348,69.55378814888574,189.906501389964,Horizon Polymers Campus,"Odense, Denmark",Specialty Chemicals,213576,789,170697.5,24.77853374892121,845333.94,9.531850346964308,393.7212849233926,5.332193540451956,722805.37,1.7773015854909089,91.52869899070046,297.0348302738633,411.5031326570858,108.88610416885425,0.363505779312268,0.5543230491670517,0.0023968996275607,94.64339373522812,87.28312990499042,83.84,66.1,93,96,7150.420760253878,18.46027615727331
B0-FF003_201309,B0-FF003,2013-09-01,15934.610725551403,86.69492302436106,93.65378532103718,2.907887840631375,0.7353763544130703,91.38530503014476,0,0,5642.947813844811,8541.311545312703,40.49732197651858,143884.61,4788.782346628498,3246.092196559579,1264.414696961285,473.67962682273065,204.23462907438773,269.6021106329781,1320.820799998897,65.20084434444475,185.5335790729249,Horizon Polymers Campus,"Odense, Denmark",Specialty Chemicals,209372,800,637988.85,24.13503950623016,904792.96,9.480670062607306,398.5400014379752,5.659658709164028,579888.58,1.935485535590172,91.6270836791018,306.0861741542369,391.6845012632469,96.80173679931664,0.3456993398700506,0.54718696178915,0.0026161209188114,95.83089750347716,87.07205565987931,90.53,82.08,91,100,7634.111134570679,18.84513478932222
B0-FF003_201310,B0-FF003,2013-10-01,15213.2505021292,89.63877953668027,88.68955841444844,3.06143111038165,0.7790869383418264,89.85252638811002,0,0,6087.174064275073,8808.759304924979,39.45501846611011,43401.61,5560.54405371181,3575.436182966428,1281.6631925359395,474.11907074382935,219.75796683312512,263.577990632199,1311.636007247118,68.85994418371018,195.0896035234636,Horizon Polymers Campus,"Odense, Denmark",Specialty Chemicals,218963,825,827544.57,24.193038200997485,679565.97,9.766861855369733,402.05801975186193,5.534330038139464,133867.87,1.873274348281004,91.73262066381082,305.293920884237,406.5302157572618,104.71300858878854,0.3608642999940509,0.5255794269749086,0.0023708996920646,93.81335352783304,89.31549948343611,79.05,74.9,91,93,7484.090801386435,18.349380746264075
B0-FF003_201311,B0-FF003,2013-11-01,16582.9184200081,92.916510877758,95.73910490110302,2.7914234557051016,0.7480527129143134,85.81340469329007,0,0,6037.138215739519,8316.916582571288,42.75010295554943,676638.5,5214.883150878625,3459.683899893308,1271.093049374263,442.67340407506737,219.8366658064129,280.9552830291019,1210.5763850410003,65.02827529168427,187.81587235977355,Horizon Polymers Campus,"Odense, Denmark",Specialty Chemicals,215056,822,895481.21,23.751005056443983,947405.53,9.78699011017084,378.9944941166319,5.760833301992701,909349.93,1.8011007182266554,96.35023372020407,305.12033747817384,398.8024121798403,99.85366708927891,0.3488915648615216,0.5411295401894873,0.0025621067162607,95.97123904335204,86.90051675606313,74.15,57.12,97,97,7804.2896515624125,17.993917306331003
B0-FF003_201312,B0-FF003,2013-12-01,15390.780896179704,83.76555160857363,97.01368397764836,2.96447359520057,0.7565626970897619,93.06457302400334,0,0,6114.959423929253,8946.81048582377,42.11448965200432,259523.6,5319.9158341507145,3355.3742359097605,1276.5369396186104,475.5179018713871,216.7879813279835,274.6312806887023,1253.79879605116,67.42586627363072,196.6527558621657,Horizon Polymers Campus,"Odense, Denmark",Specialty Chemicals,212930,778,451837.31,24.60257643490068,62903.46,10.159356389767574,403.550900290682,5.361828845531861,537685.2,1.9183275556255144,89.88714738742362,302.59342196655234,398.6168146817208,98.47027757234451,0.3756658311533757,0.4930162872640311,0.0024475081192807,94.16698466408889,87.57829059335066,88.33,84.99,91,91,7765.660577408386,17.614876267344755
B0-FF003_201401,B0-FF003,2014-01-01,15875.750289266938,85.34146432235022,95.28744696470794,2.890487637281133,0.800542349008568,96.4519588626732,0,0,5934.018400906305,9012.144693951715,41.88590115215051,417123.31,5006.672246778552,3447.9833201206184,1340.273713461221,471.890970677846,216.79504462252285,283.0053632371357,1352.1958213196403,70.02242520506765,199.726648054333,Horizon Polymers Campus,"Odense, Denmark",Specialty Chemicals,208383,792,585890.6,24.514793588094044,850802.83,9.15430940778542,407.736223708076,5.652305015390211,487274.86,1.825806551130132,87.54408703076166,309.9809220147542,428.32408359127095,101.46391338751975,0.3581608130426596,0.5308013220713689,0.0024844358832572,93.2753901892046,90.89802277545937,89.43,52.89,95,92,7980.641469677469,19.12899073460316
B0-FF003_201402,B0-FF003,2014-02-01,14915.46663993094,89.25136638297823,95.56365612175428,3.091763987637212,0.7960597570475335,102.28115291459883,0,0,5917.930510349391,8603.632588485114,42.07419343292705,914978.0,5054.699124222618,3193.7940647660826,1240.1098522652687,481.4009219321915,210.85733495074007,278.56334746791833,1310.3680361902034,66.9933905268978,192.499324309252,Horizon Polymers Campus,"Odense, Denmark",Specialty Chemicals,210450,841,965334.38,23.567825637612028,578682.39,9.244419016324674,394.94125562430247,5.5101669583306645,491995.03,1.8219050476639431,94.47314683252344,316.3216628177111,411.7368542695186,101.0387683054083,0.3495064066363121,0.5513858345368535,0.002499512488893,95.75912551962766,86.37308632256118,83.96,87.31,96,91,7739.909890189788,17.622839668783175
B0-FF003_201403,B0-FF003,2014-03-01,16098.088081395745,88.69262865233053,97.49328521621804,2.8488407799698776,0.8024287324660984,96.38625042645972,0,0,5901.1940361333145,8511.810385951541,42.53816037025778,707585.2,5183.58634592068,3346.136257391403,1284.5279913806974,452.77349185072177,206.78669326100948,277.30093345090177,1229.7198572263746,68.70210461471964,191.1802531448651,Horizon Polymers Campus,"Odense, Denmark",Specialty Chemicals,209031,841,511227.64,25.070136567663383,795523.55,9.79008226852519,389.7198584246285,5.4849467532825065,206164.57,1.8698436186876184,92.082013707529,302.2356441987494,398.2328254939332,98.98423398510032,0.3748350202460639,0.5499213116017728,0.00255047795123,94.5171552829324,92.84262758512055,74.54,64.64,101,96,8187.842011999894,18.601847469245048
B0-FF003_201404,B0-FF003,2014-04-01,15593.5951141777,87.10083970046522,91.38403965409948,3.046786245636256,0.7985040790412935,96.36142383255216,0,0,6125.440486277927,9061.281137303176,41.649051508131166,333987.48,5022.836171139933,3277.84213430665,1242.301502785379,467.53204140016976,208.2286149730156,272.11767550073193,1276.020039697827,67.23879223621688,193.6487863195701,Horizon Polymers Campus,"Odense, Denmark",Specialty Chemicals,192416,837,206856.49,24.9065707108788,531337.22,9.88417521510812,388.147020549874,5.659705041096573,133343.45,1.902554857192989,95.14398471056404,322.166769036104,400.735169087698,104.05398371582856,0.3449676407594026,0.5068791821540408,0.0025533513810001,95.54171905631274,84.23770236608155,89.38,63.01,96,100,7637.567708464049,19.01471005163981
B0-FF003_201405,B0-FF003,2014-05-01,15675.868002659096,90.96516996132064,89.94568144641448,3.009208908937024,0.7765210930128871,96.51262687799512,0,0,5903.156952739714,8710.075934185159,43.11178196956788,435006.01,4794.542179905303,3306.011044555912,1358.1244855556868,459.5030937135206,217.48924460621487,270.91434814003543,1240.6882958813687,68.4554312549303,192.8163358189834,Horizon Polymers Campus,"Odense, Denmark",Specialty Chemicals,222196,857,542449.79,25.014738802156533,156844.94,9.192252945003174,387.6956345664461,5.722614395558237,306587.73,1.84054385551198,93.68297300362318,315.0012958168995,396.5960058953549,104.6189135125257,0.3671205551964996,0.5220267887231214,0.002483462567908,96.41991163665838,91.38569047054094,91.26,61.71,100,102,7855.084635014977,17.267453542396787
B0-FF003_201406,B0-FF003,2014-06-01,16318.586105834886,88.39586597719683,91.25796447700183,3.0561722183686424,0.8154299526733841,95.86956763286238,0,0,5950.108326967591,9050.607996252133,41.48716125890995,980403.1,5129.494408105848,3460.2353760701258,1308.8492862488292,462.1905705170578,215.53526151497312,283.58627798546576,1268.937442641255,65.32571265118914,202.7823309889513,Horizon Polymers Campus,"Odense, Denmark",Specialty Chemicals,223136,831,188066.56,24.54407319733528,412274.93,9.6567541963535,408.1277216305336,5.418988644537716,193538.42,1.804140034390328,90.50105096995674,311.83675430309705,424.5871672450531,106.6845597364584,0.3685544943687305,0.5129616860917752,0.0023968647170903,98.2283855310137,83.65764344642304,93.46,83.2,95,89,7859.249468656669,18.74713443484946
B0-FF003_201407,B0-FF003,2014-07-01,15633.719850836427,85.07059594580164,94.57575082992734,2.8656210678315905,0.7875107015601238,98.4154189082111,0,0,5944.94462597744,8867.328842347717,40.36958621901987,154681.64,4965.967106267408,3448.1255041133345,1327.10874654678,481.8649935829236,222.6160512296543,268.67067174608707,1285.2053437555137,67.28001728875012,178.35079074260327,Horizon Polymers Campus,"Odense, Denmark",Specialty Chemicals,214061,830,693720.68,24.93663669912834,441367.4,9.724742907930182,371.36670555827607,5.459877175972341,872905.43,1.817157190060441,91.28749108254576,295.9959268282737,411.2817643004372,107.46106140597568,0.3654393935371878,0.5550768176226619,0.0025869062940495,95.2000089441085,87.46211097300855,94.78,96.89,99,97,7729.951308296081,18.337285060220136
B0-FF003_201408,B0-FF003,2014-08-01,16576.981147308023,88.06165255958155,97.38370902504896,3.126436532306298,0.7955689051878276,97.81816251717144,0,0,5887.509600935003,8548.161425657852,39.65076001882407,504205.92,5082.517361686435,3438.419659066781,1279.1121580452989,468.31371231979216,220.29427085181493,265.57043329120205,1302.0971902975027,70.39536746212673,193.92464073479664,Horizon Polymers Campus,"Odense, Denmark",Specialty Chemicals,210212,863,898446.24,23.745473866482417,157874.39,9.822109286949589,373.07181896801166,5.8396134386774765,899751.31,1.9072802917013096,95.46738990124962,299.2745788456277,409.6737955757376,102.24602090147822,0.3616740013656276,0.5308201690092772,0.0026081125914611,95.81888914342494,87.18104936579599,71.48,82.56,98,96,8176.013942950285,17.923834340922618
B0-FF003_201409,B0-FF003,2014-09-01,16452.279745742933,89.83300328762813,90.4187912880376,3.010452979519242,0.7444582777862229,94.63873012250258,0,0,5548.422817642489,8861.011977898039,41.836184777217255,970691.65,5045.979622142586,3373.105057588364,1268.1670220158785,502.5274496218054,217.1559638707712,274.54049336596506,1271.0114153328525,67.01861109072551,193.5880134601729,Horizon Polymers Campus,"Odense, Denmark",Specialty Chemicals,213416,862,851910.89,24.493255755299547,997480.55,9.439212766830526,384.43020038765553,5.383109862872441,479076.44,1.879829620049632,90.58135084274171,301.2381835407557,397.2845447030508,103.56726195011878,0.3591222153667902,0.5258538824556694,0.0024684631153045,98.57986137385004,87.16686212749372,84.89,88.87,95,99,8196.377304266553,17.45700604858489
B0-FF003_201410,B0-FF003,2014-10-01,15621.263614560608,88.65481095467376,93.89326631153232,3.120563268373196,0.7757082058450411,96.34549380565257,0,0,6068.784706169921,9014.77544562124,41.75030627373859,442891.44,4939.326788727213,3414.609528523188,1306.0283957629656,486.07848048968833,220.27494549020903,281.3250572315317,1334.5546611710706,68.93269164552942,192.88547932260656,Horizon Polymers Campus,"Odense, Denmark",Specialty Chemicals,213406,807,643281.74,23.47626571260611,791850.12,10.259903425106067,391.835246653339,5.79708441291799,287552.83,1.9121125501286704,93.91185359140664,312.7851001457028,381.67414118857926,100.2287251096412,0.3346663077460253,0.5281053112734246,0.0024897182435245,96.26412828520203,85.77772991276046,83.91,65.38,98,99,7902.284875962991,18.9087550236471
B0-FF003_201411,B0-FF003,2014-11-01,16071.488639681724,91.54793107653012,99.49824840517282,2.7904266181459123,0.8035627157055265,92.1705923319194,0,0,6093.22645324408,8904.087455939285,41.66818366837104,412224.82,5008.586659841932,3206.255564333936,1311.359577635081,465.3067272249913,210.259565811532,271.00836834455924,1229.3039153279092,67.18467022311302,196.23327072209,Horizon Polymers Campus,"Odense, Denmark",Specialty Chemicals,218638,821,103937.55,24.85304076148749,801864.54,9.516974293649245,417.2885622749588,5.781583064052758,315969.14,1.9060335526806325,88.8967606339967,302.5670219770748,382.2826861103837,105.21513371477484,0.3510491752244779,0.540799831967395,0.002415859442344,97.3061576619398,88.20333645471982,73.72,81.51,98,98,8235.221764273932,19.26028974514865
B0-FF003_201412,B0-FF003,2014-12-01,15666.628852013837,86.63407003644608,90.29868855887354,2.9239079505460617,0.7982074111191516,91.42482246337195,0,0,5855.367383679239,8580.167035421897,39.355743737779456,989247.84,5054.925067101801,3465.348676636276,1376.5895220213797,481.3859257132987,219.770497513441,292.62161992369107,1321.5061831916669,70.09423011581104,194.23990378968617,Horizon Polymers Campus,"Odense, Denmark",Specialty Chemicals,218615,842,272193.54,25.59141551828664,590883.75,9.42122265826982,407.8440602447572,5.824773058165658,672947.75,1.8776165952490969,93.9455931956025,311.4316874717103,414.5100925595688,100.86545936323316,0.3777602075953695,0.5394747924599335,0.0024612219060319,97.23683319626794,89.42342400737816,94.09,82.4,96,97,7672.458955225692,18.7354014742834
B0-FF003_201501,B0-FF003,2015-01-01,15607.83690580512,87.05571227213619,97.25461314774688,3.031425279251976,0.8124102486467611,99.5163956692333,0,0,5956.24909859238,9220.31127189594,42.23509039305435,839110.57,4975.510129636246,3269.4392011162327,1334.5639271478392,487.2682280996417,216.69162938018832,284.3587147604942,1276.4035984795603,70.0934401578991,203.64133824118616,Horizon Polymers Campus,"Odense, Denmark",Specialty Chemicals,220817,841,562180.17,23.64764778529213,655150.56,9.891065888336817,400.3571929332266,5.50716831331732,328796.59,1.8467301431544003,87.1876014106414,297.55043323633686,426.40886959805687,102.36870851231708,0.3762461816645054,0.5621315152239859,0.0025814351427665,95.1824093096666,91.13459720204077,97.04,74.49,95,96,7669.617258336017,19.16452335306502
B0-FF003_201502,B0-FF003,2015-02-01,16779.15006916208,91.19513714588795,95.1514110341697,2.995055745294005,0.7912480690539099,95.0404150589503,0,0,6124.0058953609205,9139.85869386616,42.97338207604642,881904.57,5154.764008089836,3306.0562561883903,1273.5401812447926,482.5558070408324,223.62692335035817,277.61671954228746,1311.7613248174266,68.29137679786847,186.08243204453828,Horizon Polymers Campus,"Odense, Denmark",Specialty Chemicals,216074,825,343210.93,24.4951327169748,567371.61,9.649386290662596,391.0504310522003,5.442436745857368,960313.52,1.8279457326741888,91.4425271504695,309.5709501393362,398.76742733947736,102.18332190175272,0.3861468662309354,0.5496693124969949,0.0024775838820822,91.02999812783972,91.40200469832791,75.17,64.56,96,95,7873.645341671632,18.343516240316912
B0-FF003_201503,B0-FF003,2015-03-01,16355.497698558518,89.22290914224443,98.77535626146955,3.158574485490171,0.7587099853220204,95.42081045447344,0,0,6158.260632834159,9110.286058261176,40.81885230866804,270436.94,5368.354131163671,3604.330487896618,1335.0786987056172,458.5184150171791,224.92348507540007,268.5252186630196,1341.3729617192887,65.02478155791825,197.2687217904906,Horizon Polymers Campus,"Odense, Denmark",Specialty Chemicals,220501,768,653398.33,24.662058172157625,457688.5,9.512002086345872,393.8402646207493,5.858211047237598,450489.55,1.9051967206984963,97.1884983600427,304.2673617673829,420.4918417473098,100.69276725106684,0.3977634421003291,0.5464963107524873,0.0026076614700264,92.07494734869827,90.93088268034188,79.86,56.11,98,97,7828.614561235323,18.62538916191242
B0-FF003_201504,B0-FF003,2015-04-01,16789.646047082064,87.97986850426119,101.25159556861138,3.036097353782416,0.8149150885189321,99.79900459985024,0,0,5899.403266231224,8558.639673767211,41.41875266219405,925681.27,5192.329539701233,3440.0872704170383,1319.948834127291,493.72893323872967,222.8179218011697,296.62557404444743,1322.2149384237302,63.48146251549875,200.00321205904163,Horizon Polymers Campus,"Odense, Denmark",Specialty Chemicals,229709,867,84924.05,24.650040830280915,234970.74,10.10105831649091,391.9522980478856,5.603078706415977,824196.53,1.9224085770357475,85.2925445567909,307.8092698314579,389.3775634394318,103.61609709055932,0.3846305949030813,0.5353336557989853,0.0025275690187037,99.27065498161032,91.61256940654836,86.41,58.12,99,99,7744.594682869443,17.716884753005797
B0-FF003_201505,B0-FF003,2015-05-01,15668.247242770822,92.91695085346444,101.24934723300248,3.026049565364512,0.8159466926642521,95.74736736870037,0,0,6213.034378441497,8813.397409981075,40.86682126597108,542987.75,5224.596844742618,3442.681658622168,1302.8107276077617,466.6755624204499,206.3008144562352,277.07556169703685,1310.470475075662,69.65591685848496,190.7983267513765,Horizon Polymers Campus,"Odense, Denmark",Specialty Chemicals,219657,827,340218.1,25.53304827200957,260515.7,9.373741287568809,396.9640282522772,5.694857241753088,831860.05,1.84271036655428,95.77095757934993,299.1939138329992,427.565500976308,101.89234289257728,0.3459411795799101,0.5596562149526471,0.0025718593830159,93.17421761579844,87.62201477733039,78.7,61.88,101,95,8212.779462473896,17.922925735961982
B0-FF003_201506,B0-FF003,2015-06-01,15448.409161717822,91.41887327906711,91.26861234779372,3.1764701671275986,0.7545812478575489,93.91000925928952,0,0,6181.1164062638445,8696.343039456242,41.69523031554424,641493.42,4976.50719254381,3535.4162961468824,1308.7660518709436,481.9542582616084,211.0264292627229,274.77365288273273,1284.7846571157802,67.35011828892664,207.15300299911672,Horizon Polymers Campus,"Odense, Denmark",Specialty Chemicals,222860,854,159022.35,24.019526823154163,850476.95,9.655349731752205,400.255616960316,5.807966233196912,198840.16,1.9045643405944888,95.82975563673892,306.9368038919652,428.3227411938404,101.18362145805484,0.3734531852317431,0.5474455624866366,0.0025693144900005,96.50622576959027,92.5217333417271,93.21,56.32,102,99,7857.122976061102,18.275136780092343
B0-FF003_201507,B0-FF003,2015-07-01,15176.27011081276,90.7428293546864,92.01033222445156,2.953313745859043,0.7980012721301977,95.60335179435134,0,0,6335.687087342298,9061.82112360104,41.40283286420985,758657.56,5023.842778115001,3628.1622998809808,1339.5223238760302,489.26131667386665,226.68338134444247,274.46594010320206,1263.3412965473494,68.64279348361188,189.7527254305781,Horizon Polymers Campus,"Odense, Denmark",Specialty Chemicals,213219,789,638680.23,25.57820920371549,709230.81,10.282571312317906,397.0474736588215,5.698128120571957,924191.28,2.0770279566933514,96.27679163250622,302.9511159255864,420.2538115957862,104.86937046534923,0.3754054145460829,0.5783820954670786,0.0026042098797112,96.61882519043196,94.29094961418372,97.59,82.21,101,96,7929.193002626604,18.37493566629338
B0-FF003_201508,B0-FF003,2015-08-01,16143.737912042769,87.53211530877223,95.52969234810882,3.0156693658167577,0.8173065936940204,98.09546831059174,0,0,5973.398634698658,9110.054714100794,42.40620848047062,803867.15,5124.041794286706,3508.1152175850343,1297.8967907780627,493.960573159721,220.44455960370573,278.6244913977565,1342.9624821328653,68.0153550532348,200.11555062384025,Horizon Polymers Campus,"Odense, Denmark",Specialty Chemicals,214467,859,770861.73,24.38075731610939,806054.06,9.68104313330374,394.4422052322791,5.649411039955754,572774.9,1.905684581175728,94.24304297360167,312.6998731185505,435.0877419471967,109.74230192433195,0.382356093404449,0.5444247404507736,0.0025403080208767,94.84007020004768,89.57448289660722,79.05,60.24,95,97,7547.174474856567,18.389700012303614
B0-FF003_201509,B0-FF003,2015-09-01,16615.94027900117,86.56268006122421,100.41562956225712,3.141908560374372,0.7988293034111188,100.97992865077217,0,0,6042.420151477682,8565.093668849302,43.710178533577306,819584.23,5009.185458055838,3377.042864837498,1328.7146194364598,483.7643553872706,217.43389809175284,281.059322358294,1344.9576508916698,66.59235640104933,200.05873204194089,Horizon Polymers Campus,"Odense, Denmark",Specialty Chemicals,214360,795,169929.0,24.14725062888105,401300.06,9.91367834791919,401.65525387325937,5.640743277775617,872313.61,1.8131460449128929,92.6476731683455,324.4266239088851,399.7634231771912,102.81244629601846,0.3786163553109629,0.5641920363645735,0.0025100516776443,101.370154386816,88.35325851344683,73.54,80.14,99,98,8003.218801635453,18.269429941234986
B0-FF003_201510,B0-FF003,2015-10-01,15929.711728456532,93.49656286559696,100.87140248624938,2.951454247082391,0.7787760890717274,97.2298673838801,0,0,6185.843699162323,9239.007278283036,43.33335239145856,954255.49,5144.227573943281,3549.859471408396,1351.4203694341436,461.1526985390037,208.97653789617013,285.3048418437712,1375.8951279325738,69.87089781660481,202.4766520482779,Horizon Polymers Campus,"Odense, Denmark",Specialty Chemicals,209810,849,478848.3,25.09713143019109,40845.67,9.967696623815792,401.6261459653352,5.933495043860383,568289.46,1.880472480922205,90.73746958155527,323.32396980420185,404.9859761345432,105.531136126724,0.377704623746217,0.5791764799397371,0.0025861843859435,102.16691516036,89.70640014603657,99.96,58.9,95,107,8360.840889221163,18.515629982435108
B0-FF003_201511,B0-FF003,2015-11-01,16539.380013987204,85.98159127231361,97.36398987478036,3.0867834576182056,0.8094740645365961,96.15894082201058,0,0,5986.011579469525,9435.276747390406,42.47345396430448,520022.47,5009.77010297769,3280.724878939577,1277.6046016993118,491.8862943841714,213.74719207133745,289.2304558794868,1392.2961479874573,70.63120171610635,201.7616019127716,Horizon Polymers Campus,"Odense, Denmark",Specialty Chemicals,221233,876,385139.61,25.290595511329496,538657.04,9.518226128333591,393.3531693493746,5.682517870980338,963392.43,1.949389598387792,86.1561304718096,310.3460399901559,426.56877324626015,107.14014220635538,0.3602299785005745,0.5790648916512582,0.0024651641363523,97.16511085162288,88.91066247071485,90.21,62.16,99,100,8191.9407170504255,18.5021202664983
B0-FF003_201512,B0-FF003,2015-12-01,16167.962024995291,94.3750844201982,96.86838765926451,2.9605054335227727,0.7696563044401196,100.06801034677802,0,0,6119.718994099884,9068.388968950692,44.24603061051103,845325.39,5218.936287525736,3426.7359975329705,1385.7106845451929,480.4246186664666,217.8523342613456,283.3601690821867,1301.7627599669063,67.89536091271523,198.5712290155765,Horizon Polymers Campus,"Odense, Denmark",Specialty Chemicals,227957,837,939220.67,24.52978960590297,799842.29,10.345561894113928,390.7491418165784,6.1766540440460975,892443.02,1.8302894554557088,92.3734001602224,294.5707639089113,419.1226017614373,108.36044823405368,0.3701090433980873,0.5643161463859748,0.002608245851614,101.88806058563324,87.21581042652492,83.53,82.14,106,103,8032.470830209858,18.34067860151343
B0-FF003_201601,B0-FF003,2016-01-01,15865.183298419064,89.50155426995192,101.25203690364631,3.016111312184231,0.7951974578396278,100.33576467895388,0,0,6447.063398364271,9359.95131819902,43.74952773110098,681770.03,5375.2696963839735,3375.537847801867,1338.3701134136595,494.5445524147122,224.9689055923524,287.949577417158,1321.7454384009336,65.37092956743021,200.20473369627044,Horizon Polymers Campus,"Odense, Denmark",Specialty Chemicals,203357,865,137293.08,24.739828182618155,400294.84,9.99679437667668,390.9203355981837,5.797256209742152,434472.27,1.892996446871368,95.14012597691304,301.8329001936364,403.675588027325,109.70074274483756,0.353122347479199,0.5875892213091285,0.002567699026468,95.92964839356308,92.29326482290853,95.54,88.84,103,101,8103.704333679177,19.28258257000358
B0-FF003_201602,B0-FF003,2016-02-01,16303.45610461471,92.27296183057491,92.93018383512376,3.2030220262948257,0.7882100838705584,98.22261321683752,0,0,6290.627931718532,8816.838694336526,42.37850709455456,593839.73,5224.895354025117,3434.3506180588515,1319.049347107581,497.9458858944498,223.11144751259488,285.9381411575446,1381.3218891469369,66.51224444591823,204.7498588557101,Horizon Polymers Campus,"Odense, Denmark",Specialty Chemicals,220219,814,375373.46,25.330210910865475,147404.93,9.752465355423208,410.081991382873,5.633891801326543,889068.48,1.890881204408216,96.05608349908483,323.0649005466241,420.7210198982335,105.54098000070417,0.3819663582811044,0.5468849964754922,0.0025380319164035,103.3489400113238,89.33040348272746,89.58,85.19,100,100,8443.3778548987,18.191759804338325
B0-FF003_201603,B0-FF003,2016-03-01,15656.081907370715,92.39978252794496,94.96096985315128,3.151920953092568,0.791564153871786,100.26880105205235,0,0,6013.621804310503,9295.193745310293,45.53585723407857,147849.51,5108.949745969771,3455.6714859438143,1350.9850701300588,452.2709876978213,220.2509367131601,282.5907140942999,1324.6178498276263,69.99234830284986,202.3355196873192,Horizon Polymers Campus,"Odense, Denmark",Specialty Chemicals,220264,825,34702.55,24.702146341128103,438753.8,9.568762544002558,403.7374653617432,6.045735098710375,992303.13,1.8843212888098304,88.65355495313717,313.91157297626887,429.859192171254,103.8235645469602,0.3814588297651807,0.5756871090961927,0.00261593345242,97.16193536077192,91.6434201081998,99.2,79.77,102,95,7656.076559003852,18.25673670352777
B0-FF003_201604,B0-FF003,2016-04-01,16305.107792533012,93.72681193001948,90.45182304713964,3.1676546131495584,0.7902451726844668,94.70566201585672,0,0,6527.223375501485,9246.134699055146,42.643901673806745,82315.25,5378.608520329702,3623.407846627807,1376.9906979034715,506.3430400954588,228.25748217677605,292.577838784885,1318.9411106294592,72.0855567323106,197.8799117563925,Horizon Polymers Campus,"Odense, Denmark",Specialty Chemicals,220046,844,787184.22,25.90951212128225,978518.44,9.44874293997653,414.0919289612772,5.95393808385574,184021.77,1.9471821936441265,96.98020437799435,307.53451384166453,429.1534199064563,112.36995776936509,0.3654439426937711,0.5335583710400267,0.0025989034066678,101.58801477227146,90.89173697292024,71.13,94.83,95,103,7692.004639605604,19.16244296133741
B0-FF003_201605,B0-FF003,2016-05-01,17032.023591174373,91.00393419068958,94.36089635832944,3.197713053755625,0.7989494025176216,97.4181120748032,0,0,6010.503455250663,8874.189395430803,44.1802938271806,815701.99,5100.931286155547,3327.460801959433,1398.042569034174,479.95676320792455,208.5401236921516,285.90930388668306,1377.7884169951203,71.05431649787015,201.1953071945288,Horizon Polymers Campus,"Odense, Denmark",Specialty Chemicals,215694,840,762228.14,23.51907104448189,799029.97,9.850456585367976,378.33060425194174,5.743897216957159,697576.34,1.9257265268124384,92.8759005993695,310.91538554803924,412.2808671929722,107.84604490344717,0.3713008174554315,0.5702180226700719,0.0026851037855223,98.07987364334927,88.52632307305639,60.66,74.71,98,99,8092.932361433711,19.317045880192445
B0-FF003_201606,B0-FF003,2016-06-01,16415.661852202265,95.3471215757903,97.18139316061992,3.0701539215793767,0.818684499292703,95.57774705002797,0,0,6364.495293572124,9505.842461991402,42.45521167103833,945815.7,4893.491831539491,3505.4213400849635,1257.0925095255648,486.22185116772295,217.13505395682563,290.29557294742824,1337.4955330950877,68.4547578435777,206.07392279830253,Horizon Polymers Campus,"Odense, Denmark",Specialty Chemicals,211697,870,167486.96,25.73819803188082,133838.58,9.5889315767775,414.2025464396141,5.576246288256934,188414.2,1.9423549882876152,91.7541028854291,305.02054661497806,404.2706338632135,110.89520131976592,0.3915135977923645,0.58320896067719,0.0027358677023142,97.17328227245802,85.60633147338575,73.8,71.09,102,96,8074.60398927338,19.119890146435647
B0-FF003_201607,B0-FF003,2016-07-01,16354.136482278407,88.32931083190371,91.10786423638372,3.0180613377833123,0.7282036938478684,97.09331881785543,0,0,6209.512221807955,9049.630876254776,42.38333480627549,174513.99,5139.4818141892365,3533.664364975826,1300.9862437461063,491.8090324689196,220.4448242716589,286.66270247023766,1290.4716867662644,67.36103644130299,199.11440806230064,Horizon Polymers Campus,"Odense, Denmark",Specialty Chemicals,227881,820,262474.42,24.513733859509845,52057.21,10.201219864414965,399.0996530780456,5.75367321602517,959501.77,1.9660079518280604,96.72641372700431,314.0877432957097,420.4668812778601,102.55497627168933,0.3698129581070015,0.5569791224194849,0.0025950075853046,100.0580425954625,93.66374663592264,71.03,59.39,103,107,7801.467362949356,18.69507836499861
B0-FF003_201608,B0-FF003,2016-08-01,15761.369105082877,85.20874671292897,97.53377183328077,3.146715901408632,0.7906609026158489,97.5745826021126,0,0,6135.278620734365,9536.043577903249,41.72181487299228,187395.99,5175.987470222585,3431.0908268967846,1349.0858996691916,452.02257927218415,225.2037918761111,277.87440615965306,1307.5277238400106,69.45955648718274,193.0539607338752,Horizon Polymers Campus,"Odense, Denmark",Specialty Chemicals,228166,836,230630.16,25.549633494177403,89907.04,9.824447589051164,405.70319946083447,6.098940275492735,233381.59,1.9557824514521536,93.98279038432108,310.48715593376204,430.0226403553869,110.33929392843444,0.3719070864312599,0.5451112893802019,0.0025202139843233,94.3143109597826,89.53697146665694,75.1,85.69,101,98,8505.79376998604,18.42442768327509
B0-FF003_201609,B0-FF003,2016-09-01,16762.13863962975,87.54104391130207,94.38548224578382,3.1215131732702823,0.8238289017439477,97.72763303025872,0,0,5925.378150394274,9378.145864447812,41.951083811785296,422060.45,5286.536637120867,3371.5570178009225,1317.8139273346924,499.049507383117,219.94214485311028,280.44031651536505,1350.8581496817264,67.6331244671308,194.54526650043337,Horizon Polymers Campus,"Odense, Denmark",Specialty Chemicals,203935,868,105075.27,25.51369009994736,160956.08,9.855964331805334,403.5577693140055,5.870191630008737,899553.93,1.824652079474392,91.68842585521676,315.87150898231425,435.14663823767535,111.22046712886464,0.3707210473767761,0.5600358662351991,0.00275019886611,100.96380316713632,91.23956802541812,74.83,83.58,96,102,8187.518868077514,19.72318719974872
B0-FF003_201610,B0-FF003,2016-10-01,16689.737178083014,93.76490803867918,94.291201659684,3.043782108073166,0.8034670203640568,96.4519042562223,0,0,6128.99689890563,9021.764849578494,41.93417293941828,580454.21,5215.248553312986,3490.4137901930508,1426.7760864933332,526.4427323434991,214.8344100086664,270.54839202904566,1296.2341085017945,69.85288537293249,208.7671022134804,Horizon Polymers Campus,"Odense, Denmark",Specialty Chemicals,216769,875,236662.11,24.770134140744663,191790.55,9.936759459909242,404.46224497828905,5.628730257276793,42163.9,1.980275666605038,98.60977183420096,310.2062403751976,424.5111398944401,104.68205622051684,0.3634285396752215,0.5626868339692556,0.0024412557275262,102.07387900676046,87.80420301864925,61.62,93.93,105,102,8111.873631483105,18.728417789417254
B0-FF003_201611,B0-FF003,2016-11-01,15939.752588988771,90.54227200446113,97.97586684576248,3.0816577117645947,0.8135428053726815,104.29746998246132,0,0,6488.162668048211,9103.378380779352,42.76314353635504,695351.38,5320.911123637591,3613.7827174801946,1355.7601619342718,478.78686241978784,225.95707762029488,278.949425603907,1359.7328191987217,70.23135285418476,202.5189313801773,Horizon Polymers Campus,"Odense, Denmark",Specialty Chemicals,219673,887,599792.69,25.69288630813398,387930.36,9.462049318359348,400.5692091709863,5.900842732917752,69446.7,1.887967862591044,95.836135743292,314.48813185721366,424.1371713500093,100.13428451443524,0.3834636363156691,0.5688743014356772,0.0027758911245825,97.53884069814096,89.71458456427388,66.6,90.54,105,99,8063.637251620726,18.823813845160817
B0-FF003_201612,B0-FF003,2016-12-01,17240.04027949828,92.53471861502904,101.79643589320972,3.378573783209456,0.783425265598902,102.11840227145191,0,0,5902.085437987576,9787.801223792769,44.287576218840165,727868.4,5318.973112308092,3317.3950990650383,1349.1617130291795,479.8611710433034,232.14095963642225,300.6901910728608,1383.990898802192,72.149045114866,198.50085605693727,Horizon Polymers Campus,"Odense, Denmark",Specialty Chemicals,225230,826,152728.4,25.11967347162797,322151.24,10.143373601118451,390.5911139860222,5.560407951186581,103320.72,1.8648016558493985,97.070975739255,307.7743430075263,448.7719624025222,107.7778354047915,0.3736439490486746,0.5400410283973902,0.0025100934356308,98.8294333537632,89.6179870821699,85.28,66.43,97,101,8218.564760104991,18.23929638161586
B0-FF003_201701,B0-FF003,2017-01-01,16316.21225177552,87.45222477050523,98.52468520691,3.1165237751655783,0.8008974478412267,96.60344042400156,0,0,5907.286204755435,8950.70041190458,40.45587879042284,247544.37,5085.390453637625,3585.251168509909,1377.910302503939,494.82654495266735,229.0950935431659,277.8086177797536,1362.5264410462603,67.21115952387319,199.7969044150553,Horizon Polymers Campus,"Odense, Denmark",Specialty Chemicals,223018,849,193160.87,24.9669481843578,560200.61,9.897638826565652,408.001822369925,5.775088035822055,449338.08,2.016834803494468,99.85624058281655,313.16464913855054,421.642480428535,106.9126286246556,0.3829974608155749,0.5911332255301635,0.0027178508351707,99.11321327953864,92.41779823602133,73.19,91.81,103,93,8366.051422476936,19.43102578799469
B0-FF003_201702,B0-FF003,2017-02-01,15631.32334041126,88.56852469131276,91.41408733166448,3.273046049193382,0.7798330462460424,101.86960174895616,0,0,6065.43994141963,9364.83704638923,43.37931411657851,883196.66,5050.135822584858,3624.2371041802858,1411.1542115224988,488.5009493473066,216.64226684348188,284.1625429954074,1325.3442063825933,69.94605379310873,198.4513090329829,Horizon Polymers Campus,"Odense, Denmark",Specialty Chemicals,224057,881,752286.53,23.78016427383827,148544.92,9.547004089205148,409.9420135836836,5.858801774595521,502271.04,1.957001958404184,96.59731084055076,321.90030627950455,435.5503279264549,105.5571494740126,0.3714035894991818,0.5787851803217783,0.0026705623602046,98.62582615746206,85.9300568069987,65.77,71.12,97,98,8031.416682809768,19.47819766102811
B0-FF003_201703,B0-FF003,2017-03-01,17780.131415891694,94.607324174931,93.15788521231482,3.07751751568758,0.8024468616180314,100.780012033896,0,0,6101.042787248784,9395.755086331914,43.251719178256266,303723.5,5394.69223572168,3659.46339241883,1314.8918488822596,485.0285082534499,225.5041813689379,278.0142449521567,1395.3813164498315,70.68941384746869,209.89905986451973,Horizon Polymers Campus,"Odense, Denmark",Specialty Chemicals,224503,866,614929.61,24.70892780241424,491363.22,10.267936818238976,415.5585011662664,6.070067202606533,366441.09,1.98695134685244,95.16542393821952,324.1323763303636,442.09174195659807,113.66061360316762,0.3888005262998996,0.564769104917871,0.002667466006652,103.9109756202695,93.48741821436302,99.54,93.34,105,106,8156.03912387913,18.59635223915136
B0-FF003_201704,B0-FF003,2017-04-01,15682.95681370956,93.83760566491117,93.19869679580609,3.1521192097028674,0.8317632894596481,98.9183765105962,0,0,6032.803770138456,9211.162220980332,44.76723580613734,183049.94,5586.178742795703,3635.072980724462,1371.6953005748069,492.44059274574136,220.24757605596503,290.3445887976767,1376.6475966288062,71.17936527717198,200.39970520452533,Horizon Polymers Campus,"Odense, Denmark",Specialty Chemicals,214712,915,798009.31,25.593350639779423,913461.44,10.344403103740827,402.1676746009958,5.83773493286951,972427.58,1.9241538753475256,93.84691334858998,309.34921239907646,405.41692713761387,112.47226060985976,0.3733577386715088,0.5702481065205048,0.0026341232633313,101.77651966305716,86.14135128810548,72.31,97.96,107,100,8089.880633725376,19.88085484918337
B0-FF003_201705,B0-FF003,2017-05-01,16807.079365842823,91.84365711480996,97.62289734038949,3.072461982448676,0.7920469897631607,99.92079733595848,0,0,6083.850979070355,9626.947525327116,41.15519886993481,537693.4,5168.532231626595,3437.630391553484,1348.0397291023814,470.51084920530377,226.2383406830575,303.4205680230164,1330.0492275552615,75.56436559787231,198.43111875881297,Horizon Polymers Campus,"Odense, Denmark",Specialty Chemicals,219026,903,870496.57,25.18186801545501,133063.23,9.671202299219164,415.6269219390188,5.957574691459685,180434.15,1.8913378251400803,102.75850109416946,321.5138411968035,431.5563274677949,108.0396000753354,0.4007451213238658,0.5462889323623907,0.002576217101329,100.06967107935816,93.29192797235451,86.48,51.92,99,103,7697.522746360612,18.971251396409546
B0-FF003_201706,B0-FF003,2017-06-01,16198.871271698476,88.83888455942595,92.7002568446186,3.151610044147572,0.8180940283454725,100.95366703753156,0,0,5838.690867746962,9443.609848857424,43.5492179062184,209560.48,5240.501000437038,3475.274219450915,1384.5525630239763,480.15677826721856,231.5480867518972,285.43086323770603,1274.762510270232,70.91116300412686,196.7367712264902,Horizon Polymers Campus,"Odense, Denmark",Specialty Chemicals,214129,886,351084.76,25.30218102664816,147011.57,10.19806792870878,404.9705912179842,6.11777499101431,546869.4,1.8422110807235417,103.14641183857192,304.8116792254257,420.2654660319596,110.71175295430966,0.3698802688803533,0.5496680030563391,0.0024981640794924,96.49786563170044,89.62963458426076,74.58,60.88,99,100,7927.143537446978,18.426272676321407
B0-FF003_201707,B0-FF003,2017-07-01,15867.26941758634,88.46633702668407,97.90390071505342,3.0745182603817565,0.7995179198021108,100.95733735362782,0,0,6405.580631464472,8716.778748044018,42.3580757491376,654982.31,5320.2600918358685,3347.0705820311805,1299.8113019064128,490.2592348887282,221.12991291591536,296.28161151905647,1405.696541786634,69.66409384200631,203.54385612340792,Horizon Polymers Campus,"Odense, Denmark",Specialty Chemicals,215495,865,781115.73,25.4347599241601,368396.05,10.238915202799008,422.2776439290093,6.1103578040885225,794500.87,1.966811511043626,94.69977148506804,312.07386963605904,410.1404731265964,108.69270812765151,0.355240804423111,0.5788756499935822,0.0026077898079971,99.76478702652874,93.84615022180832,92.6,56.88,106,100,7856.006000426763,19.134185908621088
B0-FF003_201708,B0-FF003,2017-08-01,17302.27738418223,89.98431436608605,93.63545926087728,3.093469176249286,0.7755344530771978,93.1297830590198,0,0,6312.712348103355,9539.828025664829,42.88845658483161,378806.37,5173.482065503887,3542.296178890821,1331.7121600760954,475.05395996629954,220.3934095470932,309.8889979513708,1423.8504201911874,72.49222725867546,201.80956164081388,Horizon Polymers Campus,"Odense, Denmark",Specialty Chemicals,219641,915,609458.7,26.050730573608067,224724.0,9.972772251429603,419.4875409196831,5.759266435916538,877582.21,1.8933499398182865,97.73115088739873,313.51678364890705,450.7204913324524,107.4594085175329,0.3877932029322987,0.5644397822401107,0.002599678256662,102.50734287115174,95.28616968867053,91.64,53.3,101,102,8523.366424257927,19.83282477433548
B0-FF003_201709,B0-FF003,2017-09-01,17247.19155763363,92.9381691552767,97.0115302441057,2.9127263054641483,0.8450599257523865,92.51140280511196,0,0,6610.5582408288765,9376.248768093035,44.123041348881706,227427.87,5291.299330242708,3469.442531745885,1363.1368784008107,483.9080563194409,225.26465547530668,290.5934789059,1362.064257072832,70.7388902840894,200.89141107825137,Horizon Polymers Campus,"Odense, Denmark",Specialty Chemicals,226668,880,441092.06,24.75825711534037,509915.86,9.843918300181343,403.9506152646858,5.912589567914073,331406.47,1.8661731121166885,93.51654926820326,302.0312752823357,435.238553963004,106.70719622635794,0.384279976065322,0.5712151431725498,0.002705062520988,100.89812320945587,90.24819504963844,99.74,98.19,100,102,7869.765487140068,18.642402162257987
B0-FF003_201710,B0-FF003,2017-10-01,15857.716443536448,93.12162533942784,100.59419542176336,3.0105437988419745,0.8155485325406636,101.47759531145464,0,0,5976.324932966247,9207.913130139832,39.72090621159579,417590.56,5169.649443443174,3340.3977069756666,1394.0252305991407,494.78129996669617,223.151933010542,301.0189999955526,1332.5648740038453,72.3891934914928,209.7881353800792,Horizon Polymers Campus,"Odense, Denmark",Specialty Chemicals,219431,873,813007.97,24.736301547082896,190505.71,10.10580923433685,426.5486445699032,5.89755230177332,121490.1,1.845601814219232,90.28528547646366,311.2056283006683,423.562816673439,106.78216988797428,0.3923588905664734,0.5594894911132955,0.0026476920119563,101.4393278968921,90.57336049131229,63.71,81.67,102,103,8292.70969943345,20.36479062387206
B0-FF003_201711,B0-FF003,2017-11-01,16181.76393112705,99.36878100363144,101.4741229997494,3.260161108635778,0.8445453332530687,103.37284785880716,0,0,6388.354261235001,9486.282236731062,44.73425417154685,464725.32,5082.990538971569,3543.426727161165,1401.7793260429648,493.9438531967161,225.4673288334185,291.7869742285898,1344.8069464211333,69.3672958883363,218.16239880584843,Horizon Polymers Campus,"Odense, Denmark",Specialty Chemicals,233917,902,959169.46,24.77022914832455,273048.79,10.4371722359511,407.13288721893497,5.7213675260918455,701045.81,2.0032284413421952,94.7542585202694,326.8126475257846,418.0701549519357,104.37506617515032,0.3827087916326707,0.5530025225087999,0.0026831916231703,96.23751142772863,90.05789908427975,66.33,81.32,103,100,8223.979081216974,19.29842145131929
B0-FF003_201712,B0-FF003,2017-12-01,17900.86027952789,93.42510191039672,96.37977645713433,3.145031856016578,0.7725777588980346,94.64452389276966,0,0,6179.817854877921,9328.58672392697,43.49274640432294,52697.28,5480.986096672656,3616.6591496347705,1356.073273307141,472.1821281948958,218.98406456232843,298.5188766521736,1431.9602239186568,69.3146343908688,199.0905976453516,Horizon Polymers Campus,"Odense, Denmark",Specialty Chemicals,220837,921,47776.67,24.98624271433323,175224.95,9.95128028346642,420.5836210130377,6.264672165909095,573548.85,2.007163727488944,92.82039130364863,344.721093623436,413.0051141650612,112.12429167144896,0.3847009360198403,0.546118193960506,0.0027186188659873,101.173291790671,90.01524703047211,72.42,65.23,100,99,8185.529660886211,18.44292147079112
B0-FF003_201801,B0-FF003,2018-01-01,15849.871641956894,90.2983448762923,98.65447200489224,3.064340128742057,0.8258602839343337,102.61574016218631,0,0,6215.279608577589,9860.917974558715,43.341694871441135,807645.73,5500.409879208711,3452.4527932458245,1421.5227616732222,500.736549909134,222.27662382832824,285.49427575078323,1365.9713511925502,72.72956552158308,205.43440039372,Horizon Polymers Campus,"Odense, Denmark",Specialty Chemicals,233953,845,187781.6,26.44733371624329,984646.71,10.439688292859108,412.6266787676528,5.944599117174692,63840.11,1.8751789337061624,96.6145671051748,317.1129638766002,450.5126599218798,109.98067845776752,0.3816879903713536,0.5906893671136396,0.0026509658679618,103.52208784907944,95.89484847299582,95.92,90.26,100,105,8233.796528294371,20.277391853981385
B0-FF003_201802,B0-FF003,2018-02-01,16870.131751225512,99.8561319001381,96.78958163139414,3.2418282079372545,0.814510680766822,99.94099119419916,0,0,6096.313261515071,9271.67815713021,42.50804577401141,207188.56,5140.455568259891,3454.385479470227,1310.5721553503222,505.1724259048459,226.44257812513,298.7971522839046,1355.0506347479632,69.94962895773081,205.3877126623927,Horizon Polymers Campus,"Odense, Denmark",Specialty Chemicals,229002,885,210498.03,26.14382954625417,142939.39,9.95612051803941,424.12171265732405,5.710026108526781,181093.09,1.9466447583585047,97.21033640838894,325.1372050540603,427.0937254330952,112.85537684170151,0.3645922535039335,0.5712172435806558,0.0027191568261949,105.72251619066664,96.48428475987826,93.5,57.77,101,102,8531.162966111946,20.61156472239119
B0-FF003_201803,B0-FF003,2018-03-01,16921.76829452348,87.34956258524414,94.05141645606308,3.159723987732454,0.8409886157933333,98.36827709690392,0,0,6212.6628396734,9862.653466742204,43.22236331268393,746799.72,5330.053838952554,3655.64757716418,1460.9640993045164,506.43472712517,235.16562085426315,285.0757867008603,1334.466892993727,67.94923899566362,199.6497344293741,Horizon Polymers Campus,"Odense, Denmark",Specialty Chemicals,234773,887,225374.2,25.82110535573236,184516.39,10.385250105717535,416.0899715316568,6.185731518773377,254417.06,1.9299370578862347,100.48598892951644,332.5449490359044,436.6584224772798,106.81544355966712,0.3912463199845667,0.5540648997380909,0.0027562501195496,106.26906012563234,91.2774145920643,79.08,58.39,101,101,8234.73853443467,20.358193408142984
B0-FF003_201804,B0-FF003,2018-04-01,17031.35869945707,90.67533404999568,99.45060389790832,3.230986528387052,0.8303107117161922,104.56183209204085,0,0,6268.1521654373,9199.21400113287,42.33927729274634,658069.44,5083.207544241176,3603.983704375674,1396.5478503382578,486.00924837962646,232.9983673809084,281.40886424018623,1350.5809706566613,73.60474166685766,198.3726677162839,Horizon Polymers Campus,"Odense, Denmark",Specialty Chemicals,230333,908,16698.65,25.983443721096908,120041.14,9.858643807774897,407.6280202458971,5.399637920804173,428035.13,1.946064766514216,97.41619422918347,321.32771362654995,434.66710163537255,108.97354895892654,0.3659146628546048,0.5750775704304188,0.0026633849543397,96.48396495626478,95.4912522317785,65.68,62.07,102,97,8332.588838945634,19.838314771730406
B0-FF003_201805,B0-FF003,2018-05-01,17421.900404421445,95.6736936417169,102.81365052125132,3.24183908377445,0.8064494858450185,99.56725572990534,0,0,6402.801340323397,9874.193336626438,43.07957583084725,233498.93,5202.2050636346585,3644.032343289718,1448.123861785667,521.4802796164099,224.5157431319791,307.50838485172784,1366.8615576799168,76.53775440419895,206.87786818995843,Horizon Polymers Campus,"Odense, Denmark",Specialty Chemicals,229570,897,474137.01,26.787989837165824,635130.33,10.003074950633929,405.0372868327332,5.84604286343633,575157.56,1.892565777026269,94.92873152090034,307.2499077258696,422.3860931709097,113.30124066813904,0.3969455572150005,0.5756011227396853,0.0028368900155577,105.58758997130955,94.32111895037704,88.17,89.45,98,101,7635.870394517717,18.928234946580268
B0-FF003_201806,B0-FF003,2018-06-01,17552.795373883666,93.43548249188464,96.18723010965704,3.2258003605939387,0.8343658444258194,105.7841179246519,0,0,6023.478032482907,10047.172191231148,45.73036284652389,918249.05,5334.372389754724,3418.643305825554,1359.6845033974137,501.1816146810933,224.67818204801983,303.6425020449469,1374.633877827847,70.03612752180746,210.0340042368594,Horizon Polymers Campus,"Odense, Denmark",Specialty Chemicals,219758,838,771933.13,25.70076843483238,808865.58,10.605477226036369,417.9994299769322,6.062643048116303,418291.61,2.005082178173096,91.1967487978536,316.9033168800128,428.3961937193805,107.4096261636524,0.3744893396287363,0.5702564009721843,0.0026606204467427,101.74494756394223,93.77956154279404,94.57,79.54,101,105,8056.093525624308,19.11939416163945
B0-FF003_201807,B0-FF003,2018-07-01,16480.14948757904,92.77137569931745,102.46370785801308,3.2293795189382046,0.7990056073450253,106.7347900010648,0,0,6663.538643013543,9178.780042225237,43.85252751765293,647014.15,5436.71549426244,3391.8319451515176,1372.091510374288,497.0220907061512,237.3432006582761,289.5517980848231,1366.179863614762,73.4303298018864,210.3528540346166,Horizon Polymers Campus,"Odense, Denmark",Specialty Chemicals,220734,893,531281.2,26.40915993723276,69388.31,9.81278457921636,388.6659695322792,5.900700199895287,523348.55,1.9457804592637304,97.40220296073568,306.18099317127945,424.4367452012453,108.68460786122056,0.3852130899684701,0.5860556803058552,0.0027525838525738,101.38885779088864,92.91699169646452,76.36,85.08,101,100,7886.352256299047,19.06024112938096
B0-FF003_201808,B0-FF003,2018-08-01,16756.90856160737,96.18909055708694,99.7401868375036,3.194159428741921,0.8215609713551096,105.24110446012394,0,0,6211.775590152946,9069.99842874593,46.23555229421928,605525.81,5318.834711751334,3787.388124648429,1385.9266443115323,490.8266634331224,236.31480136871755,283.3797343737051,1364.4991099585116,69.29023903224943,202.44904213098675,Horizon Polymers Campus,"Odense, Denmark",Specialty Chemicals,227261,892,481303.59,27.22002366645381,397417.58,10.24914415051292,417.8088558323338,6.022419709492901,384407.13,1.782708762053954,95.39555284593756,326.6961888472121,456.656932387672,107.33234832506956,0.3823020440963566,0.5855084009846994,0.0025807444496551,102.3114610820132,93.14837982350068,79.33,97.56,109,103,7753.117098362587,19.12813982684017
B0-FF003_201809,B0-FF003,2018-09-01,17662.43439625767,92.88286344208554,96.21460473082364,3.259187742138748,0.80670464514618,101.5780973593086,0,0,6327.236806129197,9409.22646000799,44.60029206596445,889846.18,5192.634096604239,3780.2568991673497,1381.3789306917326,483.348261823405,213.0172895315657,295.7241165360775,1344.3417492627425,73.20218375873003,207.9732089855193,Horizon Polymers Campus,"Odense, Denmark",Specialty Chemicals,252901,851,358576.06,25.004709759138347,303047.12,10.658104933826545,412.07011081089325,5.851484955965733,574973.61,1.9207851759929448,102.50518332263567,323.6803544655117,440.7160865668974,110.9085562220936,0.3952870222058072,0.5659443427619469,0.0027428532373558,106.36169808797784,93.11823813134902,75.09,92.05,103,103,8489.191095844839,20.508141425555056
B0-FF003_201810,B0-FF003,2018-10-01,16819.39818278755,97.19561600136242,100.05907347572196,3.25057620011128,0.8084547207208661,100.81932590663033,0,0,6473.78844537465,9556.652570316266,46.35780806850858,904245.42,5391.159348551837,3465.128834945192,1365.3662239500384,500.9285709267544,238.73503453042383,302.50875788356336,1351.4025487951644,72.92241685543978,205.0590750255008,Horizon Polymers Campus,"Odense, Denmark",Specialty Chemicals,222061,902,280536.02,24.976692834267315,321371.0,10.280614993267893,412.28902361374384,6.25769690118867,688585.14,1.974104470234288,92.86985980150608,336.86135890617265,429.1856009853115,108.98248867370872,0.3819433459027055,0.5520850630792402,0.0027207816927914,99.89695511806671,94.79317827112752,91.16,98.24,104,103,8485.600768251208,20.10037056750663
B0-FF003_201811,B0-FF003,2018-11-01,17629.999199295773,93.77721489755756,103.58214336849332,3.1637803898986974,0.8436723673196341,105.14296458753591,0,0,5749.198292611948,9617.91260862927,44.21358265219397,267512.52,5383.888794238514,3570.188520305517,1415.1294318941775,510.1001519348133,228.0609829693616,296.0222819747971,1411.7307820685674,70.85204304469717,201.22668907965547,Horizon Polymers Campus,"Odense, Denmark",Specialty Chemicals,219053,873,134507.4,26.014821247989595,198614.84,10.308377170409658,404.2938076584341,5.963255970214465,358850.85,1.89110528093028,101.22942183314473,322.70264500204127,435.5198301906457,111.92390988825034,0.3899777072633317,0.5764307188936003,0.0026683602246215,104.85208362436757,93.75900228316748,73.46,76.64,107,104,8366.373617230398,20.099936589226346
B0-FF003_201812,B0-FF003,2018-12-01,16844.53410640579,93.18991907121956,99.89380976650033,3.100771127825385,0.8839173984729638,100.61491979694446,0,0,6486.897329893072,9362.548742751784,44.550979069032266,424973.77,5571.348823075594,3682.877770055969,1333.7086863980758,505.78339466034566,219.49887058394324,289.01658816061,1426.0777142452705,66.83756195903057,214.9537595443982,Horizon Polymers Campus,"Odense, Denmark",Specialty Chemicals,229570,885,31752.57,28.04610849981289,368777.1,10.779620546096035,429.9831533296784,5.876910782061258,117432.48,1.905854783722448,96.681740731839,306.14395567764683,418.8822574885973,111.0200194695919,0.3918165516039602,0.5837171996214712,0.0027421189676518,103.09817361048766,95.8021305364224,70.79,98.31,102,103,8140.681594834432,20.239750417371543
B0-FF003_201901,B0-FF003,2019-01-01,16174.491301977683,93.55404046806656,101.91232432010578,3.1043168653211404,0.7917445615151568,94.98479333110004,0,0,6530.681350863609,9041.5819241032,45.01877187857179,915642.72,5137.651991535836,3484.97921746567,1439.5450554548008,487.9072916686017,237.1833077960728,298.27483274195623,1367.7848506316775,70.02764923719471,220.5887539822725,Horizon Polymers Campus,"Odense, Denmark",Specialty Chemicals,223250,873,239921.2,27.242406675216856,20518.65,10.635568149689878,410.6790946926208,6.416217929746201,316199.53,1.919858295576304,102.1183600490381,324.3313517050871,455.05642519498326,108.35718554095476,0.3944780129562103,0.5644885264599246,0.0026878548523361,98.90452251162912,93.86847693256657,66.19,89.77,102,100,8533.649504670724,19.04321670076148
B0-FF003_201902,B0-FF003,2019-02-01,17460.796471009766,92.5402910480324,100.20741440596404,3.187883024948861,0.8210904525558401,102.26972275045424,0,0,6378.319685896519,9381.001585072732,42.66636655280005,826818.43,5385.729933356558,3501.8197362417814,1386.2619805577629,504.57824246022494,222.5004431854259,324.9864791736494,1390.7230038078906,71.9189095427842,224.1888557112041,Horizon Polymers Campus,"Odense, Denmark",Specialty Chemicals,230649,922,603486.24,26.05462001345462,819939.49,10.48926883398505,442.0963985849428,6.3029253284946565,112001.43,2.0865965501758885,95.92465315527092,318.3172720672353,425.95652470031655,108.7344726297775,0.3648334606569974,0.5780737810842855,0.0026761856965535,103.10661346167672,92.71507995920308,92.67,95.36,107,100,8149.809052434781,20.05274178871424
B0-FF003_201903,B0-FF003,2019-03-01,16400.813844692802,94.86591745237112,101.77838499878068,3.155732429103363,0.8097422068818909,97.88051866028896,0,0,6538.886702141974,9523.753485776731,43.60272732725053,510477.67,5262.347705272895,3643.609858890317,1429.2025207622448,500.2959713008733,224.33556866200607,292.83112215882005,1438.1418797285944,78.5524574747075,213.2343523889549,Horizon Polymers Campus,"Odense, Denmark",Specialty Chemicals,227303,864,248157.0,26.36949887972221,970046.31,10.610969580552217,411.77430143485503,6.282586335754433,684530.16,2.045978031926537,100.4717916033975,336.2832204937312,437.2060670864837,107.96112072881068,0.3994927700488712,0.6089326663416919,0.0026191956043446,104.57185873653631,95.56115350256734,64.14,80.69,101,107,8310.338308760445,18.418031918818727
B0-FF003_201904,B0-FF003,2019-04-01,16308.058134587383,94.44066453293664,104.24059102032578,3.3180218050080885,0.8319813234036605,98.80656359755068,0,0,6377.970060639733,9794.11768017754,44.0313460211707,579191.72,5356.125420000733,3627.023946414753,1314.1971167145955,515.1899785697418,231.13255829526304,305.98594683913444,1426.989034236791,74.92736941251057,219.97211791106017,Horizon Polymers Campus,"Odense, Denmark",Specialty Chemicals,229029,833,768526.69,27.00415813123325,219427.31,9.683852882621084,432.96120149647777,6.029017694160179,716469.12,1.9651536758505763,98.58596095336392,325.70285373966254,431.97599085215785,113.43679930926903,0.4039467609314277,0.6120657446876518,0.0026222009435432,107.25173210529466,94.87993236990788,80.57,54.04,104,103,8215.470491390908,19.13586813340631
B0-FF003_201905,B0-FF003,2019-05-01,16750.02747198062,94.93654466025744,100.52741016575884,3.18084609792878,0.8216322433629191,105.67490230632112,0,0,6404.761105647219,9704.31568945398,45.80487643827488,669691.06,5545.277102479652,3687.910384843716,1316.8452525163332,506.14068261560055,229.7967672386157,316.1111533252129,1427.8203492776806,72.02100793371463,204.8018657431253,Horizon Polymers Campus,"Odense, Denmark",Specialty Chemicals,225988,871,620672.9,26.0854498347142,899497.52,10.479201951411236,428.6516218755201,5.880120161604839,752975.32,1.978147433523368,103.1611016521611,332.9286516533804,462.25669134998526,112.4067750791711,0.3865077885309539,0.6036473763392648,0.0027180546298321,105.01448413395968,94.70462523776835,89.47,89.91,106,107,7891.051811019672,20.04422875972765
B0-FF003_201906,B0-FF003,2019-06-01,17054.27453597098,90.67681004900014,103.39185041125018,3.396001674785635,0.8682828086348253,95.3859098598382,0,0,6315.164507857507,9467.342038507666,41.60750898320316,920963.85,5427.874479448405,3664.0962741928815,1394.6469431427074,490.11456407166,227.8976380245348,311.1722820465222,1382.462934747526,71.644156856929,217.69980480983045,Horizon Polymers Campus,"Odense, Denmark",Specialty Chemicals,227136,912,735566.85,25.428979900872857,462685.68,9.914109382390366,408.1126374629556,6.1968718855527465,70388.0,1.9775404120908813,97.9996293185506,332.8687776147309,421.6690569146527,114.19087117919548,0.4058994200975096,0.5794719570960902,0.0025279514438123,100.8021541640572,95.46028789196949,73.71,93.29,107,102,8658.255936866432,19.87760377098764
B0-FF003_201907,B0-FF003,2019-07-01,16823.835207740885,96.75372149329094,100.78527705881008,3.311090747790065,0.9048857946065062,99.80964473698364,0,0,6750.926387462784,9812.743477740843,46.73904991039821,505535.38,5213.02645413947,3538.6243924133846,1397.9232098914492,530.9369883475695,242.09374327155632,295.32509133513526,1394.61873854673,70.26705336028103,210.6183915228281,Horizon Polymers Campus,"Odense, Denmark",Specialty Chemicals,227526,889,443501.23,26.4770203985342,614410.77,9.552758248136485,428.33698151671615,6.0962210251504905,314307.66,2.0019766456956423,95.55419378997522,327.6348566716334,436.1547675739191,110.41038806243635,0.3998605007625832,0.570539808207967,0.002619151397283,107.75567438696008,92.60171740588456,82.27,73.38,109,106,8369.873090774214,20.44568604477616
B0-FF003_201908,B0-FF003,2019-08-01,17122.96473127754,98.81288951660768,102.9731709365377,3.265688136959512,0.8345319160003255,101.2843327621401,0,0,6366.953772895289,9647.612436646628,46.00701591706877,944705.79,5339.864350174944,3344.302459406427,1457.3980536283862,508.7034021051048,232.6315469835253,303.8342633423034,1423.9030091791485,74.57137551552275,216.7763742759521,Horizon Polymers Campus,"Odense, Denmark",Specialty Chemicals,234352,812,375550.2,26.390651477300075,330639.65,10.505378913595251,422.1146679850372,5.957908640220559,338890.27,2.011230516501858,99.5816770277109,309.2800032600422,468.8555348458196,104.61359119628668,0.3961896084401813,0.5937172783834795,0.0028504680881051,100.72193859330498,92.48807666870786,89.87,60.26,109,108,8344.318693370396,19.857737407287143
B0-FF003_201909,B0-FF003,2019-09-01,17424.173028254743,90.54848632065588,102.8598849948856,3.2942905224514387,0.8140111790132174,102.27232389192892,0,0,6504.5483717319285,9198.174344369812,43.31580593097532,82814.74,5571.719171849527,3705.246680273606,1373.1296087159658,501.9051039709575,231.8795919149488,292.11080656850106,1380.7428275806624,74.51519310550847,202.90397960269505,Horizon Polymers Campus,"Odense, Denmark",Specialty Chemicals,228449,891,212619.15,26.4291028618417,23855.14,10.612575526866223,417.9991340825907,6.0407816337621405,314163.81,2.00358571415666,100.8843279632585,334.74680501771275,430.327574274808,117.18090943773387,0.3905597916935969,0.5941875703776595,0.0027694878985766,104.68378159240706,95.6468716241472,68.17,64.32,107,106,8737.57259170059,19.65061125281397
B0-FF003_201910,B0-FF003,2019-10-01,17218.69907366865,92.5742966330462,104.64842022476095,3.16489267261646,0.8435914800997122,101.64894484473432,0,0,6557.222079473751,9273.08473555711,43.94322871975815,667275.47,5650.373892829243,3711.983310085172,1510.2856260853823,523.7511642505978,231.8990829152852,296.7678029377479,1480.8504953015042,74.85660561274142,207.6447102515261,Horizon Polymers Campus,"Odense, Denmark",Specialty Chemicals,225159,880,504297.84,25.05658573767224,912412.33,10.473539384680103,423.2061885824856,5.992586375260152,22721.51,2.036451948153248,98.65840349732215,325.40898812369323,453.2121488368077,110.54437083815378,0.3911426617561693,0.5963425721361888,0.0026330225854001,102.3430164343137,94.26835539020745,94.48,64.82,105,102,9035.208857245108,20.131090868632004
B0-FF003_201911,B0-FF003,2019-11-01,16703.83151862086,90.42696968775752,103.25771885215237,3.259266726357218,0.8522050896104257,100.05754882451924,0,0,6521.1562379281,9775.65515543727,44.982372484259535,919681.31,5359.535759942878,3770.829476633465,1467.6214523244994,528.1361083382745,242.0467589795728,293.4335516949982,1426.903389062596,74.08872261431732,211.6291443344459,Horizon Polymers Campus,"Odense, Denmark",Specialty Chemicals,234296,932,12055.9,25.33139774626307,153596.1,9.618480425803922,422.47354266841177,6.343566150487928,856048.09,1.97249267871374,96.03002697344792,335.0112092688452,450.72496423387287,111.27575603985628,0.3833968005459442,0.5866756315012088,0.0028272801954654,106.85995054774376,93.96304857882453,72.77,91.95,106,100,8597.531818708463,19.67002937869152
B0-FF003_201912,B0-FF003,2019-12-01,17078.936024609906,93.14859664022308,103.74259237781608,3.186620881549993,0.8131445039595405,101.4999876854927,0,0,6233.481197256855,9594.877577723171,44.02071989735256,632021.59,5521.719751697594,3593.786404170665,1420.1157482693343,498.8200885032224,237.0146974278857,301.8715412958095,1425.3049143510852,71.16282153409739,202.62697566202007,Horizon Polymers Campus,"Odense, Denmark",Specialty Chemicals,218751,857,719493.17,27.83128972370656,742892.21,10.224706149368377,423.1635691261978,5.946211859836464,672084.84,1.9606050289095,98.85981102551298,349.9506592551114,436.3070612784168,111.98586678266012,0.3757703085339042,0.5961904513370448,0.0026687719671331,100.67396793132212,92.29885816869036,74.79,80.72,106,101,8633.874688941904,19.71289220645393
B0-FF003_202001,B0-FF003,2020-01-01,16761.88982970453,93.39383259226364,98.53832730221326,3.2502313585187297,0.82451616781103,106.8642411001739,0,0,6324.101065097708,10080.464174174936,45.112379175730815,46785.71,5446.484034163131,3652.106504520792,1374.2419843964308,512.00493364654,225.63081884637995,302.4035432768358,1416.0895093912172,73.07497109234649,219.50648147782044,Horizon Polymers Campus,"Odense, Denmark",Specialty Chemicals,233953,876,939937.33,27.09756741448004,196008.72,10.07914995493084,418.380626878567,5.948142636553638,328328.12,1.9489879082098207,96.68157694658892,334.2278264699031,440.2452928111487,115.22000847533351,0.3967275900765049,0.6444098812752586,0.0026431057343134,99.54177758680248,99.28354001100293,84.71,92.61,104,105,8262.837414640022,18.87242576328116
B0-FF003_202002,B0-FF003,2020-02-01,17382.025696785513,95.48772358117836,97.53092878275204,3.191727200310722,0.803806674823507,104.69174108991606,0,0,6562.70731998264,9946.653601376172,45.24304174092944,967860.05,5763.620899661992,3778.0141238195847,1425.4413218123575,516.4342498072203,227.088087906576,295.2285899052052,1406.7489689294412,72.65208752690229,223.8870225431033,Horizon Polymers Campus,"Odense, Denmark",Specialty Chemicals,233365,910,425024.26,26.520942408095305,939337.76,10.51069046007317,430.0318838107025,6.360589237225657,604613.36,1.9601244010831729,99.55354718015028,341.5827144698858,454.3207592383447,111.96001993263008,0.4048346814670037,0.5735729043908786,0.0028902991617399,101.83116165271632,90.55206346774726,65.65,76.6,103,104,8595.369472557899,20.67520670305459
B0-FF003_202003,B0-FF003,2020-03-01,16577.012773115817,92.34534556265535,112.30636689590854,3.235139612246787,0.7987748286863696,100.52291297608984,0,0,6700.977878449417,10113.842636284886,43.94115188499261,119904.48,5496.161164535002,3595.7979059914624,1468.5694789180066,552.703382660971,233.30390036893675,304.3905383814063,1387.7496955652937,74.25773431548402,205.40226774099952,Horizon Polymers Campus,"Odense, Denmark",Specialty Chemicals,224475,854,552263.53,27.5072854451104,691043.09,10.47152172686026,421.351546218554,6.094344681657901,223393.98,2.063586818200075,103.03066467198845,322.02892677148714,431.9044004779341,107.2843898877585,0.3902804521376303,0.5857131864288283,0.0027444003692331,100.39327330033494,93.4732865860426,77.19,58.26,102,105,8318.995753045961,19.973546649456885
B0-FF003_202004,B0-FF003,2020-04-01,17787.47148436146,92.12833488921407,94.01629654636996,3.128669348191884,0.8517134724151871,100.05251777088436,0,0,6633.312428430999,9951.607482439278,45.85813105195904,395531.52,5742.187911734947,3576.0713537681136,1392.4028464747148,515.1391972214661,235.3799749592885,314.7981072332837,1387.390160544698,74.4434451470581,208.4020342449874,Horizon Polymers Campus,"Odense, Denmark",Specialty Chemicals,242481,916,546344.68,25.523737999456426,820029.3,10.532335445436743,442.521724040654,6.300649949483312,146036.15,2.0901433771367537,102.3423829957086,334.55352456742776,430.0000459508815,104.66253217414544,0.3952136121112562,0.6009115570423906,0.0025180422208238,101.007312669937,92.76650899249712,75.64,64.64,109,101,8597.511871159577,19.27563607876426
B0-FF003_202005,B0-FF003,2020-05-01,17751.264972023535,94.41237700770948,98.39954100902672,3.197583605105289,0.8139883449030618,104.18967017778368,0,0,6383.753232139793,10066.2614332743,45.12822074376274,991163.53,5458.740082292975,3658.953588570825,1445.818931802577,520.5931167688574,229.8167707149753,312.5986966193698,1375.2568215208644,74.96840562632477,216.0569538898664,Horizon Polymers Campus,"Odense, Denmark",Specialty Chemicals,238993,935,450120.25,26.49502362024003,506358.09,11.014699701166144,434.6735694374984,6.317494675996851,389634.87,1.9436481983592235,97.31332311373713,343.5386422975005,435.6258518586924,122.72515411112292,0.3894087719203953,0.5936592295622947,0.0027741414747265,105.38206032889492,92.29074290750806,62.5,51.18,104,111,8094.838387939467,19.22319148124888
B0-FF003_202006,B0-FF003,2020-06-01,17729.346682046384,95.65791321528737,99.53363865539636,3.2863315533609003,0.8674197547668633,98.93448745899336,0,0,6447.579355121266,9746.465174566663,45.57009090316704,842891.83,5328.757651299106,3809.13701052481,1465.1770776657438,532.261199976488,221.86542272649191,312.8655460321916,1401.866576956072,74.9505776091577,200.2390304013322,Horizon Polymers Campus,"Odense, Denmark",Specialty Chemicals,227115,929,703943.0,25.64138550887328,395520.66,10.222270113842692,423.43882758265806,5.917559466635116,684993.54,2.07969388406083,102.90161259711506,324.7116335847945,445.3049228225148,106.83181123478454,0.410821063659795,0.5884935074071579,0.0028021717875247,105.56727110200951,94.1071177193536,84.38,96.39,111,104,8830.017608680602,20.7177150956953
B0-FF003_202007,B0-FF003,2020-07-01,17191.284914921158,99.18988340676232,105.48142175485798,3.0605112046007905,0.8619056483154265,108.14633716280768,0,0,6540.413318547251,10145.224979529308,43.7894378763094,829376.02,5422.664147123631,3627.4243471178943,1353.0675021506606,507.9733373491365,236.69949860703,319.69866486805205,1443.1178511612434,75.64841076538836,206.18577744435004,Horizon Polymers Campus,"Odense, Denmark",Specialty Chemicals,231480,901,657178.02,27.005897766742404,670987.31,10.501124913050644,420.6401379239928,6.365486276979287,122591.66,2.05374129122732,100.23870302787088,346.3852399799308,429.6075366851777,115.25960970112408,0.4056543652961907,0.572931655040781,0.0026956059890449,101.01303546564544,97.49091289130511,60.53,67.73,103,102,8058.387901206779,19.64662886817087
B0-FF003_202008,B0-FF003,2020-08-01,18123.254884187907,94.05860496282035,103.7617286855445,3.1676779585572263,0.8711341688198874,106.15966167531516,0,0,6569.451102292823,9406.557673484684,44.21378974756126,917187.54,5759.244684745413,3713.7022533629856,1455.7786554076586,536.3429607264852,232.23721070455005,302.4918607956624,1451.3128060341198,78.79219804983624,218.18966683039733,Horizon Polymers Campus,"Odense, Denmark",Specialty Chemicals,234526,893,30429.51,27.109735871367054,343055.35,10.314408250508524,444.65783383083806,6.388970810161152,47471.32,2.0356737491800145,98.54314876208358,326.4642956597007,451.61913875414217,109.75193145890312,0.4032855277716925,0.5825088284432406,0.0028417947666639,104.91540168263296,90.58570667965722,65.53,59.16,100,100,8501.388625905784,20.81578204123309
B0-FF003_202009,B0-FF003,2020-09-01,17727.65327332128,96.20312520034742,99.9664423075444,3.190015930647958,0.8625850968238503,105.00927227033812,0,0,6426.292955974218,9837.28830113396,46.151353070466,272626.39,5403.656042583058,3781.987179331388,1427.8821542586977,504.6704686764948,229.02524182781767,291.85050030706094,1407.2309695753129,71.74924398384256,214.2975464782991,Horizon Polymers Campus,"Odense, Denmark",Specialty Chemicals,248604,922,572101.93,26.912468838243548,824441.04,10.555494019705558,419.5700004541984,6.002122906528911,274501.93,2.059317148424093,99.67068176502698,343.6012348140467,449.94551820882464,113.58554303728296,0.3953485002091463,0.6129875169928116,0.0027002107179429,103.27266335378762,95.32603301232616,95.94,66.14,104,109,8307.732270973329,20.662999952610324
B0-FF003_202010,B0-FF003,2020-10-01,17605.264237746094,96.40718801424286,104.1679365209103,3.270763929452726,0.8535797588300756,112.05394711361268,0,0,6462.888834604135,10072.72622499843,44.887369636660274,52119.06,5643.366751915454,3555.2701310354605,1466.708153219605,485.2805093976886,232.6115586951433,311.69147295726145,1344.4401977896114,78.63349119351648,220.105276108504,Horizon Polymers Campus,"Odense, Denmark",Specialty Chemicals,226110,952,483627.26,25.819042424251165,140600.01,9.904057656731284,424.5548772195409,6.196843852380493,507383.07,2.03132389572748,100.86769909326078,323.47510493549925,441.2534431078198,103.34910535087872,0.4093536170669524,0.5925828811914639,0.0027670821661689,107.89600783854104,98.81680520923712,73.84,77.75,111,104,8969.771142979456,20.04104344912712
B0-FF003_202011,B0-FF003,2020-11-01,16440.31783694592,96.72804249711162,101.72499763487308,3.1533810436247305,0.8460176970429927,103.10775245450844,0,0,6341.883680780053,9515.584874446928,46.84336590449952,620326.21,5467.918608727066,3656.8141904238832,1425.6736163265366,523.9672383460378,240.4650947265236,311.3438809710124,1380.677958696185,73.40611056753434,200.72714037396773,Horizon Polymers Campus,"Odense, Denmark",Specialty Chemicals,233057,874,389873.09,27.53761718392093,837146.37,10.65043869774498,429.3695861217846,6.428461103177667,951628.49,2.0357060148591746,101.1592713837617,332.24088891268974,477.30067858975553,108.64568628732287,0.3749618669937663,0.593509603647256,0.0027146185745639,98.20248704903597,97.55673064011044,60.88,64.35,104,100,8337.893870618635,19.108359494202933
B0-FF003_202012,B0-FF003,2020-12-01,18242.829761490462,99.4952751900278,106.91255513982054,3.355905385544988,0.8133925811381176,103.48357195053804,0,0,6624.241672697274,9970.501794478669,48.62247350508392,843981.3,5608.337638177575,3717.827607578177,1456.1463764682026,529.5762301184653,220.97252395813112,306.55212141310574,1314.2306939805949,69.26980005544826,214.659211769796,Horizon Polymers Campus,"Odense, Denmark",Specialty Chemicals,236845,876,763209.74,27.90221462927911,860328.71,10.543845908108649,433.78791623541264,6.196756333279237,784832.03,1.9658036564867003,99.81473430025125,336.7424250670304,453.590964925956,114.90438246115986,0.3855297455451769,0.5892103132982353,0.0027455562577149,111.88817964931816,97.30470035884312,98.94,98.49,109,100,8543.442598354744,20.71393970661328
B0-FF003_202101,B0-FF003,2021-01-01,17547.384757583048,91.85463076884224,99.84213444604651,3.206206970070692,0.8584196462603291,105.61150290435413,0,0,6585.351388643372,9363.078452837575,45.37079246638636,570929.33,5592.763057849521,3656.4995846968313,1452.3400729531763,536.9299807394926,239.41139312687903,312.56302867715624,1470.2754799390032,74.7292096590346,216.75627340956288,Horizon Polymers Campus,"Odense, Denmark",Specialty Chemicals,229568,897,220956.56,25.655205609465035,136824.82,10.31217537422601,432.6473484501818,6.278952048924207,128024.74,2.0554483525265885,94.7987261269876,342.4749858497323,457.6972851108998,115.3116510537292,0.4019990022112361,0.5837496518549501,0.0027309325302458,103.8431171677665,99.68014374075766,67.93,75.21,103,105,8851.8994343226,20.662341338411096
B0-FF003_202102,B0-FF003,2021-02-01,17517.21179483289,96.03757246449598,97.96111977642764,3.2765000409871337,0.8411379651557237,103.66968761193245,0,0,6556.85510142004,9940.903155265129,45.55363637715939,283176.21,5732.0377180652895,3765.0167215469983,1469.6806907130106,540.6471375635155,238.73312276280507,307.54862950586784,1462.4337924486429,73.01599589795272,210.8137891106373,Horizon Polymers Campus,"Odense, Denmark",Specialty Chemicals,228707,901,490967.93,25.41852803921334,23707.7,9.830436919986177,434.5056667431068,6.208514329236033,300466.49,1.975954311197177,102.69175638971932,328.74907004254334,460.5440383452098,106.98394129572708,0.3955207178940962,0.5865468405971038,0.0028405975687829,108.40621117925096,100.3448176038164,86.67,74.16,103,112,9183.639754195168,21.075222287819127
B0-FF003_202103,B0-FF003,2021-03-01,17069.0715372742,93.29890005459328,101.12165901592384,3.35807863119619,0.8248405470879632,99.25729446628056,0,0,6740.545178752813,10003.256626083932,45.96043809578962,45440.62,5795.272293519785,3813.043320288577,1471.9020149262103,527.930965175185,233.363762140909,308.4891084236275,1441.4431249493775,75.64571710748147,217.28799557259129,Horizon Polymers Campus,"Odense, Denmark",Specialty Chemicals,231091,947,306970.49,27.095328557744573,133534.97,10.255501955770413,451.54508126947104,6.189716344981578,464270.89,2.035198591370861,98.33315582623956,331.4429602547977,442.5078477264422,112.83879819655698,0.4151465695235237,0.5962385259433718,0.0027911804269589,104.52641450294784,97.7410149187409,75.06,99.53,109,103,8946.753378878419,18.7242358840286
B0-FF003_202104,B0-FF003,2021-04-01,17490.93016048227,100.98438371966157,107.17111023983824,3.3210986041688138,0.8322789722863217,104.81830257893726,0,0,6233.054166464547,9812.578963340717,44.92094038278398,678181.01,5635.630732430449,3623.263868018578,1506.307275218925,543.4855289826695,231.527685183162,298.7430481131697,1463.0805490932505,76.91684311623419,213.7576815971207,Horizon Polymers Campus,"Odense, Denmark",Specialty Chemicals,241462,963,672000.73,25.98197249319736,768076.89,10.646819821007597,427.6679959169292,6.34442751300729,60518.5,2.048899841982305,94.47767791286935,338.9156487364412,454.2050203270011,122.23122359462717,0.4008315551406202,0.5919710832875396,0.0028382370762846,105.21056758422576,95.03207862241707,60.69,89.32,101,108,8685.110741233804,20.82135806276693
B0-FF003_202105,B0-FF003,2021-05-01,17016.98262133423,92.94862887698986,109.93758926238203,3.3014053375409564,0.8719190727460017,105.781143455355,0,0,6417.509561284507,9958.825058788176,46.21278117123582,96706.65,5610.753881508628,3692.8169035823175,1412.282200898339,538.3741057145617,236.47140659850336,305.98827235699616,1439.615196809958,74.65160233728139,215.00010378590423,Horizon Polymers Campus,"Odense, Denmark",Specialty Chemicals,245106,899,433289.7,26.876536529383745,157277.99,10.26431492992536,432.12843855240766,6.262860359211882,463695.34,2.0119327520342427,100.91805152437767,337.575213752858,451.618029676215,107.45665572243544,0.4102199556975232,0.5696669137623332,0.002727857157271,101.33330485128243,97.62884214312832,91.56,60.34,104,103,7988.672387880879,20.056514929846774
B0-FF003_202106,B0-FF003,2021-06-01,16942.214935050644,98.7693994328773,110.1373177743938,3.494907510702612,0.8528944965668825,102.9791764650774,0,0,6403.159360521805,9593.844919934294,43.60309142911386,725559.33,5653.088705058024,3637.78708021788,1479.814968113551,524.6089889582977,241.02962415124875,313.8455113392771,1453.1667440065717,72.96864370737569,222.67704074193043,Horizon Polymers Campus,"Odense, Denmark",Specialty Chemicals,240569,941,15352.03,25.68895792688614,932535.29,10.422364440789934,436.1091404988597,6.443906886941285,195685.09,2.0774121976776843,100.05378343069452,335.5711857842903,457.2040460434684,114.29004131365733,0.3916050099041445,0.548932262648552,0.0027255850586164,105.73182785018996,97.22534138754996,88.51,75.03,105,108,7957.787884213478,21.194291522910696
B0-FF003_202107,B0-FF003,2021-07-01,17338.601025585867,97.91226770118487,103.87805830522731,3.41896287095048,0.8470069967748899,108.21114633049795,0,0,6569.524815884469,9672.052033601696,45.67254852180079,773078.6,5644.48295618046,3617.376809912577,1447.5570531457324,548.1233608202544,234.39432474851347,311.1137717929964,1338.7817585992598,71.34480178518977,215.2676598105171,Horizon Polymers Campus,"Odense, Denmark",Specialty Chemicals,234857,921,956398.74,26.43203905463306,136103.01,10.409389774942705,442.9095781341464,6.0111419459409765,259034.35,1.9892957665185835,104.27768478087349,340.15274075974435,456.5466039032751,113.1623642660694,0.4151976173102465,0.5943158596997143,0.0029548438299957,110.5915878453544,93.05464271741398,62.67,51.5,106,108,8275.214951883294,19.85438724671188
B0-FF003_202108,B0-FF003,2021-08-01,17487.92697741957,93.51669391395002,104.07672721784668,3.385456000167685,0.833399168022176,101.47386810429455,0,0,6253.633612608796,9920.713824958755,47.75402619838228,381051.97,5439.558596580004,3768.896958348905,1456.5370511185606,517.031044996199,235.6833033367305,308.26723618671605,1423.275498482446,74.14951510353062,228.98762643303587,Horizon Polymers Campus,"Odense, Denmark",Specialty Chemicals,242825,951,782979.7,25.54469530868348,296211.02,10.453193433277283,437.8539853169079,6.379723361581354,748782.32,2.1023011532311915,101.90768725861444,336.57984892616446,445.31940279312977,110.54854176840092,0.3787069732627503,0.6482386881252524,0.0029156732588628,106.98640138182716,102.03958833643416,89.33,78.08,106,111,8905.40857617177,20.97579273432053
B0-FF003_202109,B0-FF003,2021-09-01,17462.738528424805,98.69907806956267,104.87736779712282,3.2865120642820167,0.8674533797418464,109.82534715869788,0,0,6573.164000450045,10097.19193620768,44.80290663976383,850553.51,5801.016982714748,3964.215720614767,1497.2679930222955,524.1964857543015,222.4366363099721,315.0215830779164,1465.057066154195,76.31314895298387,207.30792643417263,Horizon Polymers Campus,"Odense, Denmark",Specialty Chemicals,233591,974,970487.03,27.43229442501876,505689.9,10.824835265599589,431.73512929098166,6.466207406237798,13498.85,2.1104496441805947,108.45755214107486,349.6998522827532,461.5869755342769,118.04757603848802,0.4083631818335136,0.5875496856405394,0.0027257791453857,108.99044415717142,95.75896030479214,86.09,89.1,102,105,8487.544608544258,22.02810110798712
B0-FF003_202110,B0-FF003,2021-10-01,18059.43750963913,96.46670834109142,101.74764934792915,3.08487433758388,0.8211756537822844,100.69118119252995,0,0,6576.385407867527,9592.031536723567,45.98904718218525,338501.98,5668.230021992846,3843.882988080446,1470.8531172386558,543.3510110281733,227.4994529987507,308.5039721854359,1402.77690129535,72.5582079911752,207.6724990211441,Horizon Polymers Campus,"Odense, Denmark",Specialty Chemicals,253764,949,388525.81,27.281080419956496,392626.78,10.889909520196015,465.3863835770538,6.3458413777883775,359323.6,2.0683662115524446,105.53141026211776,339.8783090788178,452.6686761928424,111.89571608775972,0.4063243216465038,0.5763411616772853,0.0027676467803539,106.49022606802176,94.5948456306014,69.5,69.72,112,107,8570.426298013794,20.375855371738027
B0-FF003_202111,B0-FF003,2021-11-01,18013.63886217211,95.98317466269133,102.30718517995108,3.359211643764928,0.8732849976922837,106.72967260081202,0,0,6625.282468514876,9161.860189478795,48.25612975187806,143235.02,5953.5826463840285,3907.506241598846,1415.6004507758144,520.9366233290821,230.73222926192005,302.2929325041952,1377.883591578048,73.15655438088555,210.382725680741,Horizon Polymers Campus,"Odense, Denmark",Specialty Chemicals,242727,879,396817.52,26.765477837621084,635057.31,10.377869563100065,445.4875835298671,5.979132118760841,852794.66,2.1214459553245137,101.8575984833025,338.4076892216865,441.09253239495735,111.3598707833318,0.3832348967530943,0.5904230835279227,0.0028247215684945,107.27928151038566,98.07719261493612,91.17,69.24,106,105,8376.672896414462,20.96966956603156
B0-FF003_202112,B0-FF003,2021-12-01,16572.89943557636,94.30245164711938,104.84325215400564,3.284486027718976,0.870654222424113,106.51895950508758,0,0,6778.602365475299,9827.433148460255,44.34336894150744,678229.45,5662.455499904486,3694.591578361714,1402.817208225006,545.9287669367834,225.4584091711665,306.5287479472766,1478.833526630591,76.43175795883094,208.8737362872354,Horizon Polymers Campus,"Odense, Denmark",Specialty Chemicals,246100,965,778890.17,26.353830091535706,709276.55,11.103049312473932,441.6305709970068,6.141947896392354,895225.16,1.962292714235952,105.87725667680992,339.7800115056039,479.10941598177,108.20851220004984,0.3912236646470794,0.5995759825487752,0.002996772697689,107.397202251217,95.69374275432492,68.99,69.8,111,110,9129.67877690813,19.569653370477635
B0-FF003_202201,B0-FF003,2022-01-01,16762.546934747555,97.35288709397295,107.05960920176,3.442414563674596,0.8680791988587185,108.930243391618,0,0,6928.502801894607,10334.309578477709,45.452566410538935,138784.17,5740.552684358121,3995.874616743948,1417.5630874343844,558.3085125737667,232.27796669043417,307.156241859671,1399.9239145394297,76.3883282450287,218.50831005661064,Horizon Polymers Campus,"Odense, Denmark",Specialty Chemicals,237368,909,398383.68,27.03426485727386,223007.03,10.697765541760912,416.7336941983809,5.864489712281901,779030.57,2.082154131568963,103.18615831626688,346.6145534781732,449.6321276998717,113.40137625028694,0.3976428802136383,0.5685664758133254,0.0028580432627974,109.79744671017974,100.77864458616392,85.17,75.93,106,106,8194.894215096829,20.7909559851082
B0-FF003_202202,B0-FF003,2022-02-01,18191.56045823409,98.7878299184197,104.6921996732711,3.280653367271688,0.8825827309990253,106.17500802350511,0,0,6772.895102180176,10392.859074406297,47.88483637765311,572111.69,5571.2964958556895,3889.557438648848,1404.7329900932316,554.7541847244244,241.7951833800309,317.2388347923846,1464.7349866145544,75.62092460680311,215.97363347970293,Horizon Polymers Campus,"Odense, Denmark",Specialty Chemicals,236243,853,582965.27,28.891821433127564,606516.39,10.251416218634573,457.37956321189046,6.347264563550162,830454.07,2.092183219668095,99.72905736076214,350.91627582067554,449.594739248084,111.8984330860194,0.4116262866733944,0.6050216704893121,0.0028476714789047,108.60886736490346,100.5948144902833,80.02,65.87,113,112,8922.626848094322,20.27508292398087
B0-FF003_202203,B0-FF003,2022-03-01,18284.826109557485,99.52250099620449,100.52300358049848,3.228463907764181,0.8323560285589272,102.76166617585352,0,0,6667.9811996373965,10175.122448844124,44.767083185477,23482.88,5480.092363913392,3857.872947759004,1490.450522720498,525.4987213640903,242.0350038300145,305.1935727541064,1420.7188713001976,76.48792072109606,222.45787934817807,Horizon Polymers Campus,"Odense, Denmark",Specialty Chemicals,250317,901,350619.79,26.746768553067035,548927.73,11.382632792297448,439.1786256907954,6.120828424097652,255732.75,2.027361268300902,103.4067809160514,349.3032989823443,459.8607894327805,112.39194042928898,0.3884857591058308,0.6144448154488118,0.0027694990213497,106.0062429145138,95.2729066700807,96.54,67.32,106,102,8781.585858850805,20.562502449437183
B0-FF003_202204,B0-FF003,2022-04-01,16783.913890474636,101.7409369573657,106.94387664930316,3.435909725450585,0.8717757777625452,102.52574364255516,0,0,6529.294458825578,10411.076898061148,44.997231325524496,500762.48,5638.566847605815,3828.3278597437816,1533.4882457386957,527.1084484642877,242.0841550942536,299.04770034317164,1479.0950639089751,80.066235828858,215.56904844944225,Horizon Polymers Campus,"Odense, Denmark",Specialty Chemicals,243557,890,220383.61,26.940672320500656,576138.62,10.70319874456358,452.6509494042325,6.193565139631176,681994.87,2.0757743662266384,99.48978558804389,319.4930202809327,459.3984206236005,112.64177798708316,0.4081564956323175,0.5804627266695718,0.0028643573559683,112.7028330958095,97.66764396485776,87.03,68.19,106,105,8693.82518970925,21.296178950364688
B0-FF003_202205,B0-FF003,2022-05-01,17495.158845432048,100.54681057675784,104.30080070777989,3.3459121096121223,0.8941721260072074,105.92348369112084,0,0,6778.682555015926,9856.063473270668,46.66763091876371,766734.91,5752.907120337332,3842.456074411194,1424.0518760338146,559.2676600997808,240.4517098567075,319.14085258019503,1351.2798215059363,77.58453897974324,223.63703833540663,Horizon Polymers Campus,"Odense, Denmark",Specialty Chemicals,239770,868,598308.52,26.37640096312785,511315.16,10.37199444011572,445.6046473944024,6.242950049333998,351771.02,2.082325488819376,100.94099229980723,334.80867624558846,451.8394310090926,104.45480417001338,0.4268004925515579,0.6277699452156661,0.0028282041348184,110.7982411661733,98.37909299379288,84.21,51.84,107,111,8286.6937141362,20.83474297721585
B0-FF003_202206,B0-FF003,2022-06-01,17815.832724010354,97.59210513473668,104.44752741708167,3.3344642883978914,0.895610353069605,106.75439352032132,0,0,6785.413308374697,10213.528241742422,45.938787671019824,588657.73,5568.555659287046,3641.9484980083744,1426.5837504235692,537.0800798547896,259.2263485688017,327.1547424727937,1430.721969183346,77.99653714880876,216.4789721084209,Horizon Polymers Campus,"Odense, Denmark",Specialty Chemicals,232148,929,52757.49,25.86948507434874,53932.32,11.213501604722437,406.0367426983975,6.580485070558965,18452.88,2.0488215780408368,104.45807404696016,361.871186887585,475.2887092832911,116.9742251128781,0.3980213867017489,0.5972112513225953,0.0028849363012719,109.6368395550501,102.03514824988656,90.64,59.22,111,108,9395.388952278958,20.187447988393387
B0-FF003_202207,B0-FF003,2022-07-01,17813.70821456821,100.87489590501404,107.94440788832271,3.337907367200573,0.8613480833755032,109.30695232692705,0,0,6309.095682359061,10001.94240069502,48.78986982883807,118343.96,5519.915967414146,3630.410216578796,1506.5047178902068,524.1860022392183,250.45599743699933,323.57383692616446,1452.4499905067853,76.67142837904271,222.0724258276969,Horizon Polymers Campus,"Odense, Denmark",Specialty Chemicals,230048,981,476922.41,27.399294763756888,733701.5,10.883640466656924,424.9798191909281,6.159465093506715,18163.99,2.076938488292087,104.8785806604773,341.6200575278785,443.0375080742599,113.6828292780534,0.4017018719764376,0.6210899418554159,0.0029503809267405,99.13953982260406,98.47692939045864,91.16,90.59,111,107,8958.98942201691,21.98813808406445
B0-FF003_202208,B0-FF003,2022-08-01,17622.759439971316,98.17902935994825,104.58155418731108,3.607550391851325,0.8557340496981607,111.91103627311028,0,0,6855.749253552144,9857.650585933206,47.96091223462821,395669.58,5476.486302437044,3916.791496062896,1492.8894900440316,522.7642228708601,249.42055584528785,302.4666628689346,1479.147266413246,72.15699959739304,216.80222463748893,Horizon Polymers Campus,"Odense, Denmark",Specialty Chemicals,232875,899,109266.86,27.577046752331007,578254.5,10.797738684495494,445.4990179843028,6.106253114210379,399286.13,2.074074087493468,100.5710334634117,343.99974242508137,450.5104732799769,114.9782946843582,0.3863517915961599,0.5748972226235944,0.0027711591335931,103.82466722407888,91.0419952321788,60.49,81.3,111,108,8745.277944092555,20.834019515951287
B0-FF003_202209,B0-FF003,2022-09-01,17533.08312383671,93.46560005317116,109.2144821807868,3.371746236706665,0.8685243959216643,106.2863752379873,0,0,6598.779726693918,9879.931334697694,46.73135397065029,271582.99,5904.588035663062,3735.870039624886,1432.6967397565672,526.6843055060228,247.9395974795027,309.5107142821292,1513.34514530887,75.35077916632727,210.25185146161405,Horizon Polymers Campus,"Odense, Denmark",Specialty Chemicals,233191,916,146426.91,26.960163664746343,368080.6,10.340016294896223,416.1188405274727,6.829965335731069,342046.22,2.105130480129475,99.65945927814344,357.0140765481876,448.1587482108506,122.14974956437636,0.4312031691205071,0.5864104868809187,0.002940682417312,114.34804247802929,94.1776913395055,79.0,84.18,106,105,8710.510815320615,19.99922805630517
B0-FF003_202210,B0-FF003,2022-10-01,18276.12476152502,99.13710083689548,106.92126678030488,3.4783317209862674,0.877611319104699,106.70590178808474,0,0,6759.088595713667,10057.307875271536,45.84555426886291,282818.44,5537.716765621087,3844.911966333932,1457.6997069632832,544.7763276797689,231.99999272495072,312.823388449469,1494.7957771133904,76.36009968663309,210.4801384037517,Horizon Polymers Campus,"Odense, Denmark",Specialty Chemicals,234105,972,580210.93,26.694330954863567,70008.93,11.324784129665582,425.2232883556442,6.2379315036552905,181320.51,2.1131604026489,102.95982040800745,345.9887588579677,458.49482074263415,123.43149563412054,0.4145925139264838,0.602049809715182,0.0028148424912677,109.91202428869678,96.20841892412844,75.93,76.7,106,101,8349.629346851963,20.67591494470688
B0-FF003_202211,B0-FF003,2022-11-01,18412.572346626013,97.8223197402917,108.44255461749783,3.3407733345595787,0.8442357595091954,103.42440907714982,0,0,6703.092776574041,9928.561122218744,46.45653273108395,828095.28,5997.219763256069,3729.375923956976,1462.7329772494877,514.3673419594188,241.7979118351547,309.7765859782634,1475.0245686965352,78.28566197241015,212.12245025576144,Horizon Polymers Campus,"Odense, Denmark",Specialty Chemicals,238196,929,155930.7,28.54900673696278,225339.47,11.031924945520563,463.449089173076,6.179749450948724,331055.95,2.09089741525988,99.60701638959706,351.1089953063245,476.56166531810754,113.59769413918796,0.4044955260103054,0.5762179803433807,0.0029313985091106,111.31301847308016,96.31539444340828,73.75,87.08,113,109,8858.757649832174,20.937810358293213
B0-FF003_202212,B0-FF003,2022-12-01,18684.075058990165,98.1595052792951,105.3853172575309,3.500891230653103,0.9031729363717078,104.297361766023,0,0,6850.235741859307,10108.998660752944,45.9397111484186,620576.51,5501.3165379597485,3661.8912785595776,1523.7033344740505,527.7945479558482,254.5174620754493,310.740508170344,1450.1591272503065,77.49978759453023,226.0113297279445,Horizon Polymers Campus,"Odense, Denmark",Specialty Chemicals,255551,962,655217.4,26.95250848096059,11563.43,11.049732578213897,434.1028940621798,6.08587378294826,764243.58,2.052290353279292,103.14916169601264,353.23390001744895,474.66588626696097,122.14037633634636,0.4137284282824483,0.5822361558794281,0.002768037331038,107.8722130276645,102.45940130232538,94.79,81.8,105,107,8500.912716545847,20.791486623896503
B0-FF003_202301,B0-FF003,2023-01-01,18205.145490483,100.26499818398877,104.4254709708972,3.3884281504751512,0.8394531501136426,105.57442739852397,0,0,6999.30978182918,9632.073824582676,48.03868429558849,989296.84,5724.642826742084,4115.080820197302,1452.891767066264,543.6131119297188,248.0393839309478,306.90381881558466,1376.6697628071,73.39948414215317,222.29523689420205,Horizon Polymers Campus,"Odense, Denmark",Specialty Chemicals,246726,954,469458.3,27.73529757367588,646605.44,10.849386489057268,450.6419340884491,6.44482964664274,866075.91,2.0505002599493847,102.11464019141604,338.60289033910203,424.19274335232313,118.32323861564034,0.4090152912898748,0.6050067348320285,0.0027784796570555,110.54110556538376,99.4344201163302,74.22,81.38,111,114,8750.956046620622,20.618123681089404
B0-FF003_202302,B0-FF003,2023-02-01,18755.339340893788,94.84107594789704,105.22891369026954,3.360486334827283,0.8525247522082084,109.62421164991218,0,0,6546.587155084978,10122.908484092077,49.83110586844416,563875.19,5694.649722207279,3690.432031100917,1513.327545914491,534.3543067789082,245.58445855035507,322.72661455732407,1462.5682227326447,78.87860729939564,228.0540700401854,Horizon Polymers Campus,"Odense, Denmark",Specialty Chemicals,242989,946,116371.71,27.95403815878023,219942.86,10.404270034393717,433.8836912292484,6.544865907991592,271822.41,2.0756887222331044,109.48500639956896,354.71817430936323,477.5823595374972,115.54383096508212,0.4141593273445274,0.6086583492374996,0.0027628026101516,109.50743594616036,99.32285365869824,92.61,86.66,109,110,8880.032170708928,21.22888042414672
B0-FF003_202303,B0-FF003,2023-03-01,18166.85059175412,101.6597454777858,102.087197892133,3.4078833429401456,0.872719818570814,103.76899021089474,0,0,6610.769505502087,9976.140621391103,47.1380819978212,492778.25,5490.9524936715015,3727.208035431702,1439.139268273325,534.430701883207,243.20169637175363,323.560507656549,1431.708626144649,78.40282437974862,211.2820388946288,Horizon Polymers Campus,"Odense, Denmark",Specialty Chemicals,240947,957,138502.71,28.91827769951767,922520.42,11.015263621426522,425.7744226104036,7.097185699769935,824825.12,2.1563087635512392,102.77162347988886,345.4052188961864,451.6502117360967,118.793997989497,0.4041856499322857,0.6240039771518735,0.0027912066945858,112.0944141625017,100.45194510498132,97.05,92.8,110,114,9222.52888553162,20.923702492550465
B0-FF003_202304,B0-FF003,2023-04-01,18166.79799788741,100.5305164310141,104.9025019002384,3.353500572660684,0.90885904067411,105.85212426566608,0,0,6843.416188472287,10753.793978328213,46.743207272687656,288171.22,5727.372469749266,3723.41013189811,1490.7523598109794,524.6740071319012,244.46062350158428,303.2361713140578,1462.115126307585,74.4220491388131,229.6764956681578,Horizon Polymers Campus,"Odense, Denmark",Specialty Chemicals,235841,958,765935.27,27.717182968509388,919311.06,11.09223797189689,461.1948788446443,6.55503970560324,394874.0,2.0271680497723312,100.02860783633008,364.3172157554496,471.4624762794903,112.85467803114216,0.4069056004209332,0.621375559694419,0.0028537393032761,111.11408373027204,96.20504462649836,71.74,77.56,107,109,8745.173488240876,20.263003403126667
B0-FF003_202305,B0-FF003,2023-05-01,17712.103264416397,100.40297827997146,103.30214895195984,3.3319822072264595,0.8327992994859952,112.95686197245227,0,0,6830.9934220099285,10159.82504824887,46.765065515202295,70218.99,5719.647185349531,3613.848361211895,1395.129942034686,543.4128016776292,236.53276009744783,315.77155080672924,1509.1172674629825,74.88199797309167,219.61127537446936,Horizon Polymers Campus,"Odense, Denmark",Specialty Chemicals,239444,919,665025.22,26.679752481289,870533.63,10.849242063668983,441.7537520717005,6.282763481242672,931577.29,2.165879074673582,102.39100907359722,374.2062450798247,476.2071608639421,109.4866089157363,0.426021567657868,0.5993093453741187,0.002781427103139,108.34056618321476,103.2266816887126,96.61,78.99,107,113,8616.298726713125,21.64068598315767
B0-FF003_202306,B0-FF003,2023-06-01,18247.20194712992,98.15701467860764,113.32587577162946,3.4978121804058087,0.8933455288562414,108.73588078208095,0,0,7090.975188848568,9665.509940546435,47.91787767757781,787880.94,5969.951255000217,3740.168337971605,1458.4349953369135,539.7845356333769,247.1369123100696,327.32537506769097,1468.267543167068,79.06031023520336,204.7869842283185,Horizon Polymers Campus,"Odense, Denmark",Specialty Chemicals,239693,971,217161.86,26.8208343750656,239152.35,10.454396699829132,460.7671492609186,6.351653560717619,251478.26,2.079950235063236,105.64481889508696,369.55229163276,481.66170091554864,112.81685979451524,0.3984215342218509,0.5778561314010983,0.0028907363576074,108.79852159629752,101.82415996018295,65.55,76.41,105,113,8727.860273018536,20.48108931111283
B0-FF003_202307,B0-FF003,2023-07-01,18611.364915176528,95.62554057641856,108.4110011197792,3.329927404665362,0.8765469331767156,102.22239450485672,0,0,6516.33608177467,10443.21715562698,47.101924968285374,922062.13,5525.640848429654,3729.131408553013,1488.2295499578756,535.2606790717296,245.1822362510618,301.7028751117644,1505.9189635436271,77.86222043426808,229.4691376903799,Horizon Polymers Campus,"Odense, Denmark",Specialty Chemicals,244188,1010,724869.11,27.659937472046312,943846.03,10.659655936025818,427.1865255859216,6.354261787416276,412610.82,2.051563371270723,105.67652866647256,331.76929060279656,448.69884081967473,110.04989055084869,0.395023985149771,0.6024691347871922,0.0029369209591079,115.82526887633422,94.87000000886452,67.91,83.54,110,112,9273.54246694732,22.54295540829101
B0-FF003_202308,B0-FF003,2023-08-01,18673.52616899278,98.7398921905456,101.84345646332994,3.43608070162578,0.8976538000197612,104.879025463195,0,0,6550.594131786537,10146.262241011194,45.943029195119486,832432.95,5784.236409800005,3900.587652580502,1469.7109930380943,543.807011698273,252.7334418341827,323.79876844354874,1443.8014872631984,77.11631624175136,217.68666247078133,Horizon Polymers Campus,"Odense, Denmark",Specialty Chemicals,231989,965,110024.81,27.28297512000658,120932.54,11.452104353090192,459.50746035291337,6.29249987027165,317247.43,2.0587401689171165,105.41111642975652,349.046318905359,449.6152201961222,115.49814914579989,0.3866570351759456,0.5951279430615894,0.002906164494211,110.07103927757012,103.0125153155162,77.19,96.26,116,109,8805.371264783293,21.08616647752613
B0-FF003_202309,B0-FF003,2023-09-01,17704.427373245,101.05262344748805,104.56827093453458,3.3719055707082046,0.8618653005566775,102.96367413753607,0,0,7020.514053631729,10138.892638892174,46.59357083617738,339041.17,5958.468930779055,3782.649659193892,1449.9432401675765,509.3194639229567,228.26355917692675,320.6431064133166,1557.13195862159,77.82386386849913,224.48901235845184,Horizon Polymers Campus,"Odense, Denmark",Specialty Chemicals,255499,962,628009.48,28.17265303210533,954622.81,11.123835254092905,439.79619976969,6.490527644346082,190672.86,2.103817321122223,106.05750100524202,368.2662137793564,472.3800022048082,117.28860901888004,0.4076952027022306,0.6041855749743409,0.0028404885432564,109.854927466718,103.0344815778383,80.7,63.86,108,108,9054.91037283032,20.84120256259405
B0-FF003_202310,B0-FF003,2023-10-01,18407.05618137132,101.56024072834714,109.59742512910246,3.555191145368058,0.8370210369646515,109.55385364206413,0,0,6509.17348339979,10142.89548043864,44.65516684494069,931382.77,5748.645552940424,3783.301258832988,1471.7244327155609,534.5712047422807,233.5254409143308,304.3045268959007,1492.1818332623589,79.69873741331175,228.10652374583216,Horizon Polymers Campus,"Odense, Denmark",Specialty Chemicals,227931,984,226265.62,27.11693373438122,967909.08,10.79827074967852,451.243463902923,6.361053291908603,522478.43,2.025768288719266,101.55190194757006,340.2250828614959,455.3268406373263,118.86664631906508,0.4161596998186312,0.6278063378125639,0.0029704022820768,111.14477068346152,95.02372215091243,60.61,65.02,111,107,9324.648343988898,20.84786940969539
B0-FF003_202311,B0-FF003,2023-11-01,17987.640526099753,99.91378207979936,105.4733276311086,3.245514986070089,0.9164434777404422,106.9319296240499,0,0,6674.905678481588,9760.031231676085,44.84797103652908,425562.18,5669.909911865191,4032.06955093882,1494.195982646338,559.7055187128005,234.1370476277299,317.4654353843422,1510.0045980804805,77.57068371678734,224.10051768921213,Horizon Polymers Campus,"Odense, Denmark",Specialty Chemicals,241157,916,628103.87,28.358238102711343,963632.48,10.840414786461302,438.428063303479,6.254406246730492,509894.1,2.2077373482520457,98.61858919619736,357.0115508200071,482.55058833095353,117.99150688308714,0.4114040753177372,0.6206409920268917,0.0028457702951378,113.20954168004904,103.87888713131206,86.69,66.71,113,115,9101.299272829989,21.74983502423564
B0-FF003_202312,B0-FF003,2023-12-01,17790.226979789728,99.18431113833758,111.46542035927584,3.496018411392757,0.8779717759825738,108.23888175167424,0,0,6812.047563623952,11107.128501590956,46.43159691647409,861803.97,5646.009231120606,3934.1882407429857,1519.597571967032,524.2922005054525,242.6842351881131,325.56799401252374,1482.32407173565,75.0187605318491,217.89193454733297,Horizon Polymers Campus,"Odense, Denmark",Specialty Chemicals,253521,938,291457.91,26.46714139500964,78612.44,11.92443513477609,471.8324743878308,6.482889882438703,874393.02,2.151086109238855,112.49751301219626,357.1908714192304,486.6128527942647,110.16865983474226,0.4188321076463238,0.6056699373724771,0.0029319994439773,111.8167053691953,104.79226975630694,63.6,86.91,104,110,9149.758245864155,21.5514203352755
B0-FF003_202401,B0-FF003,2024-01-01,18245.14471829093,102.58354842592122,110.01785124203482,3.438403903306685,0.9020321484518128,111.5777027609948,0,0,6573.33037780135,10664.428703966709,48.97470717705496,393185.86,5504.104941192715,3833.31078404432,1515.9296988379565,546.5797849764893,242.5464876341333,320.604419463426,1544.4209415934747,77.81047039368333,214.43823885569657,Horizon Polymers Campus,"Odense, Denmark",Specialty Chemicals,258529,925,833485.0,27.22570943814848,634013.66,11.096352527057933,483.39367715017113,6.2680483146255925,928781.16,2.2389958793432747,103.9385538067218,349.52533818652205,472.6194200601669,116.14253862314808,0.3919127672548608,0.642767943702322,0.00290037279043,108.34725464376548,100.59565585006798,97.26,71.67,108,109,8996.964897362433,19.922859698819728
B0-FF003_202402,B0-FF003,2024-02-01,18094.228633895586,98.75979597213048,109.4504585916868,3.4606531487117635,0.9202365077488762,102.76087360309332,0,0,7090.646013161166,9834.990258684868,46.392684525104364,695724.78,6172.415706381594,4076.9400403077457,1572.9752689488275,550.0054472374762,246.9815972833732,336.1773963081659,1475.8574480108527,75.21782816607629,225.7448603642575,Horizon Polymers Campus,"Odense, Denmark",Specialty Chemicals,241150,931,578790.09,27.653378033623326,366028.92,11.196461754956143,425.0262822778502,6.687908117496258,147389.91,2.1988995979141293,94.03443615429292,353.336979277834,442.7096685483985,122.10762324209544,0.4298639018469513,0.6253086982108823,0.0026607158136294,110.37008220493952,97.44845978271132,85.35,73.9,114,110,9418.108478106553,21.44897437933885
B0-FF003_202403,B0-FF003,2024-03-01,17961.475901609003,100.68716287664591,111.76441695011626,3.585543659329015,0.8162601693633345,105.56714228169434,0,0,7091.462249619603,10490.832369619371,49.212641565153874,242922.51,5876.818956196351,4009.619166114185,1517.0455790856254,560.8109956811885,242.69716304737105,310.10177989438466,1462.578680107492,77.01356616611909,229.5735077260617,Horizon Polymers Campus,"Odense, Denmark",Specialty Chemicals,256133,937,351276.32,27.707139916141333,702755.19,11.12465447405178,440.7859096225472,6.358470710306673,714375.95,2.0452014649432746,102.91661530582188,350.53911659087794,463.646569104853,115.7207065990452,0.4281963499258333,0.5865614219696108,0.002943890206432,110.95864404499753,101.80971038705827,73.09,92.12,112,109,8564.215634338043,21.04834290674385
B0-FF003_202404,B0-FF003,2024-04-01,18164.543306327792,103.27481571976466,111.398189913867,3.4570929801814327,0.9001165153879228,113.08682549854625,0,0,6549.88345051966,10023.169293465957,50.09447174601148,164013.25,5931.257750452895,3783.727985292662,1430.775582802212,528.5418327179137,247.31510128137543,323.8187214183613,1564.7297772968311,74.93116499864718,220.52511661494884,Horizon Polymers Campus,"Odense, Denmark",Specialty Chemicals,256298,910,304224.21,26.312465147910206,227151.03,11.6934070098096,457.200711636405,6.719330172097729,434603.28,2.155920734053938,100.45694156590578,373.5355208456583,492.8750855110168,115.5028635411128,0.4349880363312495,0.639557585777498,0.0029531245992422,111.28636875549802,100.75871282970608,62.63,98.73,113,117,9301.57032581284,20.4561908548652
B0-FF003_202405,B0-FF003,2024-05-01,17968.825817846722,98.6798431854323,109.28675250347908,3.396797161312767,0.8792636781457478,108.96503520889183,0,0,7047.790286790276,9872.601282157351,45.57936630164502,548356.11,5615.904955384477,3897.885253529392,1482.960771451581,523.5669227752443,237.06820527422224,320.8439483522665,1535.8128738747855,76.17982357629255,223.999709639718,Horizon Polymers Campus,"Odense, Denmark",Specialty Chemicals,239889,952,660666.51,30.051572333693112,327535.32,10.884747877588072,456.1256862501464,6.493052176710044,451905.61,2.116645082127488,105.16783500673066,356.7983240037457,473.8301006124595,116.56858556059248,0.4178895458338537,0.6228135669355049,0.002659516411529,110.51393084111312,103.91701530297412,94.68,90.83,109,112,8731.649838085379,21.418719065449032
B0-FF003_202406,B0-FF003,2024-06-01,18397.05033959971,97.23479402113011,111.02880137261435,3.580032132163184,0.8971591753574953,109.98577627969196,0,0,6767.342137969935,10445.689736901631,48.57053381910935,615546.18,5541.25444482582,3798.8811899430566,1481.6637921744052,552.4504658548142,243.1003292451797,323.46157420941205,1568.75521593852,76.5522411842616,218.66480922331144,Horizon Polymers Campus,"Odense, Denmark",Specialty Chemicals,236593,928,912050.34,28.62316451882247,462584.45,10.71823063427143,445.6013318997016,6.402914885451001,581645.92,2.1458438800731034,106.21328693509824,355.4633713419908,464.8663954430497,119.84171455287556,0.4108207152007926,0.6477496472895186,0.0028268560044314,111.45438594878054,103.32509115010971,85.32,83.77,111,108,9476.570374162897,21.061369091006657
B0-FF003_202407,B0-FF003,2024-07-01,17612.022234167573,99.2004290291388,112.39427082128708,3.690261314514849,0.9013690590900478,112.5856497580622,0,0,6944.790642180831,10789.69857289801,49.0064016581952,682845.88,5868.4258725630325,4117.930423670075,1511.1178302895771,530.8695747638524,251.90980643624263,311.1323658292427,1465.6993964384164,76.9113353427035,224.9600503930533,Horizon Polymers Campus,"Odense, Denmark",Specialty Chemicals,238925,970,706783.45,28.705425107060123,161668.06,11.027623874911548,449.7369483960503,6.767967093268322,844631.76,2.038040485209767,104.3921182494108,353.933870871811,440.675476242918,120.06590983182244,0.406642647598718,0.6081247261360206,0.0028447585868826,115.13917163898168,103.25317184456397,97.68,78.35,112,117,8948.429267705791,20.122735221804074
B0-FF003_202408,B0-FF003,2024-08-01,18442.883384288554,102.343782413803,109.40360905168272,3.4541740168982367,0.8960681414549593,106.86326800161412,0,0,6818.443499087614,10361.27766252318,48.15994477863337,195866.67,6040.164758505871,3846.5298203203615,1595.3188612998426,562.1707789049009,248.61102092421137,313.78659736195266,1497.4680305974318,73.59662842276703,229.0063145092323,Horizon Polymers Campus,"Odense, Denmark",Specialty Chemicals,235703,973,620754.2,28.15555971672412,116259.09,10.850913888553348,461.7351774972795,6.369377719797135,478133.79,2.0645135047091694,108.8179609047066,341.43963965773355,472.0524283405791,126.54900795001778,0.4090994618174208,0.6079292408806465,0.0030039914963245,107.11633229173763,104.816427676333,66.88,62.48,113,113,8907.991355817925,21.086616474696253
B0-FF003_202409,B0-FF003,2024-09-01,18083.21922023278,105.67584783121332,108.3436260923542,3.664314922967547,0.8996054326378243,109.61229514634064,0,0,6925.459850489334,10224.5514502631,47.02566670765511,45921.75,5730.909344995719,3942.2702604919978,1539.9533260851906,536.9064457002391,244.51951036020083,311.8146874391812,1553.1216199363082,74.01000483328292,221.12720586044284,Horizon Polymers Campus,"Odense, Denmark",Specialty Chemicals,250912,942,94478.96,28.645551657009072,51637.57,11.113009595384844,444.8184671075824,6.395030416860251,165350.37,2.1327036090756524,102.53652786423066,337.99565875655617,471.63838759601344,113.89445384435224,0.433319244634248,0.6025691259050248,0.0029112987120501,104.70517065655343,95.8458172057636,84.09,65.07,110,114,8904.095292603544,22.01269260995124
B0-FF003_202410,B0-FF003,2024-10-01,18340.187520245163,97.93191845109806,107.6328003947193,3.280525504454752,0.8705387878860221,111.60748313648232,0,0,7080.687947505586,10108.64025788432,48.69842954742477,209169.98,5984.840871272487,4066.656685633569,1420.167866209915,531.622920354738,246.43832484078416,314.2699834741699,1542.3757766005272,78.7736297304738,219.42474931004824,Horizon Polymers Campus,"Odense, Denmark",Specialty Chemicals,256415,1002,640684.32,27.59941504427111,683070.72,11.425282273831249,471.8499291280844,6.987934283064181,789456.44,2.218192763534002,114.85129086988265,353.92879576034017,461.8908787108281,119.8435748740805,0.4386580087247167,0.6578311618284636,0.0029284036053892,110.76527142759323,97.84684228486068,85.13,51.51,109,113,8701.093053096765,21.61259176311511
B0-FF003_202411,B0-FF003,2024-11-01,18935.172237237537,98.63083920199676,106.64517179330282,3.31899310463923,0.911315292241322,105.53605350091284,0,0,7340.85871532821,10789.740456858492,46.3041977498906,238049.76,5737.55629865558,3822.423673979886,1487.91552203701,543.6741373153171,264.55917709376075,294.0855264309347,1588.9877229230144,80.29443528010542,227.2189332714917,Horizon Polymers Campus,"Odense, Denmark",Specialty Chemicals,241803,960,986685.03,28.95324108340276,243613.89,11.386012630779067,445.2832871640093,6.478248798757599,887838.66,2.1896437702829514,101.27886724903502,355.9087857277074,479.4965080187213,119.59640974852364,0.3874622999267483,0.5991991006362339,0.0027635053994699,109.31927669097338,102.2695588612531,89.99,76.89,106,108,8798.157123679579,21.974424885755283
B0-FF003_202412,B0-FF003,2024-12-01,18669.680677737862,104.35830213832308,110.1891582893492,3.559059550829625,0.8596232624594009,115.02077345942158,0,0,7102.773216651522,10660.83731794896,47.99061377797777,732812.42,5746.59437599468,4076.8380237184,1492.0826139264682,554.186225602892,248.41731356791968,315.94759099339825,1429.926591163098,80.51613164806318,226.08885824410515,Horizon Polymers Campus,"Odense, Denmark",Specialty Chemicals,260043,999,868665.15,28.79190943106449,115019.17,11.19231958625736,465.0040075093393,6.432211641090479,24508.92,2.186535957015887,108.89959485663044,340.7942977861101,481.3659795144241,120.97775102171298,0.433152392767829,0.6232861662107411,0.0027885864442695,109.94210311268996,100.46889799177222,69.52,87.36,111,113,8769.034812433409,21.663096578461538
B0-FF003_202501,B0-FF003,2025-01-01,18031.44036228772,101.45557872642874,102.83293137166942,3.5756352257058275,0.8890990487581787,111.83456140209708,0,0,6709.268333476616,10346.031493305112,48.95029342148701,994548.71,5868.456703710389,3897.0199932984174,1523.079590208172,534.8065093305684,252.48569222682823,319.2276976364439,1502.3878320644878,84.03039743607711,214.6016924579088,Horizon Polymers Campus,"Odense, Denmark",Specialty Chemicals,250768,977,50179.56,28.698589732979848,860183.75,11.2889175364094,490.8810961424009,6.493245891882217,827513.48,2.0748185253583693,104.04224463053944,357.636821173095,479.83431344291785,118.92368982986348,0.4282528517556623,0.618428475487835,0.0031433168870983,112.19612233083949,104.13596874778106,84.01,99.9,110,108,8608.681039429423,22.066642001681814
B0-FF003_202502,B0-FF003,2025-02-01,18134.19490388852,101.98756062642468,113.93044883893263,3.603081929287301,0.9023659233968256,110.13038677445404,0,0,6952.876791019139,11233.523275354692,46.29304496710007,285119.56,6054.946555596173,4057.52167951921,1544.647123696491,540.1498732633933,239.46564358611585,320.5453489675356,1557.5782907211037,82.61227766581975,227.5813814274387,Horizon Polymers Campus,"Odense, Denmark",Specialty Chemicals,246312,972,554723.59,29.239094109362128,523594.49,11.124912938723533,461.08041942676095,6.410220670522289,77123.12,2.236136992211689,106.72279561062776,365.14658714578894,484.94061250511646,114.52919735041084,0.4122614927659036,0.6278424976313315,0.0029072946261843,112.6282613396593,102.75343997623506,81.87,64.32,113,107,8923.821984530472,21.123408902430565
B0-FF003_202503,B0-FF003,2025-03-01,18245.731198238056,101.15782436825234,111.00402614288102,3.670088695536931,0.8628931319785912,110.28584761477347,0,0,6815.036107438951,9993.722402042456,48.562031706631146,876571.01,5804.318042854211,3970.8196508239967,1452.400957301783,534.0907379858314,252.2170537233941,312.721169325876,1419.354268088432,82.47236235266504,229.40676304854463,Horizon Polymers Campus,"Odense, Denmark",Specialty Chemicals,254849,946,193083.83,28.50895320208859,485898.71,11.518537488506926,458.53370920875614,6.579607038552555,613147.02,2.279200962003176,109.0173409282205,353.87022378236884,477.5736983036028,116.46821623265856,0.414333963954239,0.6508822096485668,0.0029353802528836,114.49096494538304,99.56668688889152,78.52,64.29,113,113,9147.382937292896,21.431926367709806
B0-FF003_202504,B0-FF003,2025-04-01,19225.556154763235,97.78452429706876,110.90784558308208,3.418691626474854,0.8744683768942765,118.19901829552644,0,0,7131.066455194297,10177.997086743282,50.124423840426864,274725.78,6189.233454581203,4050.272843649204,1509.7681205336178,522.7681969343615,239.8523103391556,316.282596665664,1546.0261177519878,76.73878415498102,213.34300534041785,Horizon Polymers Campus,"Odense, Denmark",Specialty Chemicals,249274,997,645621.35,27.425246411723016,611234.52,10.184052029642054,434.61579478744784,6.339008363701012,367958.55,2.1160555829726526,108.93411088632234,361.8932782117127,468.80520382331525,119.7748388529345,0.404249473846342,0.6173634255402484,0.0028210977938887,109.56544834869293,108.109761050462,81.24,75.14,114,111,9567.72909348854,21.75368502994033
B0-FF003_202505,B0-FF003,2025-05-01,17887.27255699151,106.5774847876366,111.3105816977275,3.541420895114723,0.9236272015238908,113.62705040321104,0,0,7128.578046494322,10288.77049668482,50.25695162060979,957425.56,5902.582331977694,4017.926052647072,1528.1232256071996,573.1478478693849,257.225039973669,324.04175025070685,1367.143591795062,80.90407622682397,230.4177078664365,Horizon Polymers Campus,"Odense, Denmark",Specialty Chemicals,265900,931,541364.15,27.012816238272265,406442.07,11.724795038732807,433.487971133668,6.281804720424512,804456.78,2.16535380239412,106.09258254975109,329.3462982355735,494.7722388386899,119.00585558134688,0.40896085867961,0.6347686720245707,0.0030487800031934,111.27901960539594,100.52367041307652,64.13,52.33,114,112,9454.21931208301,20.98200724073074
B0-FF003_202506,B0-FF003,2025-06-01,18456.686935930204,102.0864622584986,104.34389276368256,3.5343589962507176,0.9047944297354752,110.68007643893948,0,0,7241.3261213728865,10499.666762398028,48.92811882104756,270340.41,5543.170055117488,4042.48523303153,1436.31532042326,548.1961976022425,256.99383122995766,315.26547390069925,1495.9486325198889,75.64628378420302,221.5209602363149,Horizon Polymers Campus,"Odense, Denmark",Specialty Chemicals,242204,956,75953.75,28.554685519197047,877495.65,11.04988100849208,464.40008138303233,6.437683807513504,188227.31,2.1631834376699763,106.6018843557366,348.72052246542273,490.1571397283593,120.44921888055264,0.4249283612135943,0.6094512408028728,0.0028722526511196,106.36270534489024,101.0644775094784,87.81,90.34,113,112,8928.794570908603,21.018188217431508
B0-FF003_202507,B0-FF003,2025-07-01,18665.474697180744,100.3462330627518,114.9220059891647,3.4808146273179927,0.9281379988456708,107.60890670311936,0,0,7043.935111183886,10345.39245473275,51.31194351755218,444184.6,5571.76947504639,3944.650144830534,1533.2825742698683,542.8460673557386,244.98187411750305,312.39998548065574,1540.526105038201,80.43711302061178,244.70797160042915,Horizon Polymers Campus,"Odense, Denmark",Specialty Chemicals,247151,975,135095.99,30.69421204226641,899367.59,11.226501639382624,486.11781001750205,6.558256611538918,429758.3,2.2652484128581194,107.31709940387864,363.0933798802464,479.52604388367183,122.83033994784653,0.4154468683504674,0.6697138138505427,0.0028868311582036,113.27927637793576,103.87710397566411,61.84,61.05,114,114,9047.39579255928,21.409119489600663
B0-FF003_202508,B0-FF003,2025-08-01,18679.367225415936,106.7001489671373,113.50220386452408,3.554538608800066,0.8926045211771095,110.42220168775006,0,0,6732.487199427796,10133.464204598984,49.36592580393683,460709.59,5895.20662470549,3956.1639004785848,1546.9088256004268,542.8743798441908,226.022030135746,318.39510205038545,1478.1026385424714,74.13451036704156,224.5297030323661,Horizon Polymers Campus,"Odense, Denmark",Specialty Chemicals,243558,971,560699.83,30.018025781539272,816935.16,11.248148617947743,485.2067999426423,6.326752206740183,104708.17,2.19892957269538,111.74477367585288,373.3635631984517,452.338607311991,113.83905056631374,0.421772576881939,0.6441824859923911,0.0029139784948972,108.56856968721294,98.92792069155104,69.03,59.53,115,113,8909.384499522253,20.382551217033573
B0-FF003_202509,B0-FF003,2025-09-01,17774.721122572595,96.67304267049704,108.7696843140118,3.5567414251922247,0.9070084360335264,116.42648915212804,0,0,6941.616150385669,10354.300221184543,49.26995904322327,824250.31,5978.75292708936,3902.520357948268,1590.8149435145422,568.3654681025471,231.6772720163389,332.1840261130614,1481.4788313457354,75.03730720738896,230.2952421610124,Horizon Polymers Campus,"Odense, Denmark",Specialty Chemicals,266287,972,900553.37,28.53316454903277,184758.57,11.15978212800806,471.7881489120572,6.50567946021555,667864.25,2.253864112409648,104.06006373806754,366.4012373033081,473.8407940015241,117.64085827930208,0.4184072919453318,0.5888060760250764,0.00285795065668,113.11847837414948,102.20408629313236,77.18,50.59,110,118,9197.836973929012,21.472728874926908
B0-FF003_202510,B0-FF003,2025-10-01,18686.20923942825,103.98917517832832,106.727504272413,3.413741033249945,0.9007591175754543,113.2690109919768,0,0,6720.604784301587,10510.011017419836,48.57645495916902,780107.12,6256.420362647746,4016.04817945577,1594.7788370477938,499.0404654442556,259.3716776735182,330.330191891388,1555.6382570855255,78.59603191255646,243.30607131119723,Horizon Polymers Campus,"Odense, Denmark",Specialty Chemicals,247735,974,794271.66,28.448123023683905,712852.72,11.624701878274946,467.502673231114,6.823498928790647,152366.19,2.142574006791578,110.59423851356486,360.4642776264215,445.33361001359685,118.86976735306172,0.3963609486383885,0.6166752943516591,0.0030450575196148,111.6496306388983,102.2476928697052,73.69,90.07,112,119,8698.977321265656,21.816100160432903
B0-FF003_202511,B0-FF003,2025-11-01,18965.39331476081,100.42297933583428,112.12764068334384,3.444934547044002,0.92025108869338,107.68791761585736,0,0,6795.719081023701,10280.28634683128,51.055825411571874,713729.77,6218.002960507231,3924.9964579795446,1546.8189243387149,563.3427219018309,245.87770099701183,314.5431094865565,1468.4390642371206,78.1850524545625,220.284703788758,Horizon Polymers Campus,"Odense, Denmark",Specialty Chemicals,244412,946,871841.87,28.85056175077529,292024.9,11.159164844226188,467.4710393784811,6.528390051329028,515903.23,2.080553837415508,112.07755615906537,341.6882448119606,475.2501088040631,117.43315189999744,0.4264961299505258,0.6243354578964754,0.002964768670691,110.06322840022396,101.78882426783998,74.23,76.67,112,114,9136.946609404977,22.578206963379007
B0-FF003_202512,B0-FF003,2025-12-01,17826.584224912338,102.49444895215449,102.6077628443064,3.5016386051247395,0.8898993215562445,110.31177966754537,0,0,7051.693826905397,10044.303026073896,48.37150125837749,775797.54,5611.497573333249,4021.028766485893,1480.2629039861763,546.0132821521277,253.67701333825727,325.63636641040193,1591.1765909124604,76.46901482460298,237.7042851813225,Horizon Polymers Campus,"Odense, Denmark",Specialty Chemicals,254083,999,438969.07,27.72852560025556,260768.26,10.963033872596853,446.12776297421306,6.635653069957879,816573.83,2.0649372737840426,112.20428100758804,346.1516499204906,475.8958051926445,119.71433050513424,0.4189293800731215,0.6290133069735037,0.002972475428826,117.3483165647404,102.6790383228402,83.42,71.94,115,116,9008.50737420816,22.31148283880569
B0-FF003_202601,B0-FF003,2026-01-01,19910.934985178483,107.51079477308528,107.84007956628278,3.632002332325672,0.9343914429185814,112.38042594231344,0,0,7262.517130384509,10613.803029986044,49.85783954151515,597019.5,5920.543555801299,3888.103846101842,1589.234466814141,534.1742649224135,235.7288323733788,312.3078640368406,1518.0850792071449,74.72239766784553,216.52685037491565,Horizon Polymers Campus,"Odense, Denmark",Specialty Chemicals,255007,937,495245.81,27.441415115327167,474099.85,10.950493682825202,442.47730142974,6.356422910113005,877957.87,2.182761488822333,112.56999462766208,356.0185936013602,484.9674395311218,116.07826981846478,0.4139761206442394,0.6589408662678723,0.003088650243425,118.54491577871872,103.02713453046329,84.01,85.28,113,112,9228.61006492488,22.22791116718949
B0-FF003_202602,B0-FF003,2026-02-01,18137.17980945561,109.48481986366907,110.60196527883777,3.6704931925003095,0.92170914916538,119.55302443311334,0,0,6900.824136340382,10501.2290641922,48.99079360996913,215671.26,5952.22492271096,4048.476761278818,1513.5794462687202,565.2852359827783,273.89528236997126,326.5596501129073,1463.8851968280178,78.13969243986874,226.64413202469967,Horizon Polymers Campus,"Odense, Denmark",Specialty Chemicals,243639,982,378861.5,27.48982403187551,168846.44,12.15099632005203,447.8007898950637,6.900861703043794,674052.21,2.134658888510467,105.64786711640376,353.789561822849,474.97223746670375,123.27874548725576,0.4082267977026739,0.659305512924822,0.0029100791942665,108.30593016251846,104.10408858387804,78.13,82.19,114,114,9728.076414514686,21.14875755917945
B0-FF003_202603,B0-FF003,2026-03-01,19261.39646316406,99.21595802900164,111.21170430233192,3.6086896882622415,0.9385742690255564,107.79700759171986,0,0,6895.787914455379,10010.03830373202,46.94573520257349,483171.44,6238.0113494451725,3838.907526167496,1578.658234642557,533.4369546271067,247.12293122670167,311.84398700446417,1631.6902296467067,82.01165642504434,234.90184970096564,Horizon Polymers Campus,"Odense, Denmark",Specialty Chemicals,255450,956,907884.29,27.738515458269426,345544.95,10.941635341093203,449.3523485645392,6.946148501989159,459798.01,2.215810133770026,108.05737582674186,353.2546927132007,471.9232017776095,124.29672952562608,0.4293969168209575,0.6585157827449301,0.003076253957916,115.36419085108496,106.89888549292424,89.34,99.72,113,108,9041.80627236067,22.73090749372318
B0-FF003_202604,B0-FF003,2026-04-01,18917.667682424515,102.5023047703358,114.58138022681916,3.486978320942527,0.9314852271588356,117.0217309272892,0,0,7122.890390755687,9868.467551348584,50.83578514994578,508223.88,5885.936055415476,3920.1809967516942,1544.9068600726068,538.572283937298,260.27253192336616,325.7398141937366,1492.1318939260757,81.40133801635592,233.59004696365807,Horizon Polymers Campus,"Odense, Denmark",Specialty Chemicals,256979,943,759663.97,30.203978306815014,679713.03,11.29978250675409,442.5002527785832,6.650816673304068,558086.73,2.2550455514102903,116.33303007415016,387.6647195736134,470.0081622510886,118.60803919215492,0.4347001371778752,0.6318753262394053,0.0029746450401265,121.88267638434624,100.3800635343437,83.27,76.85,118,111,9637.873471444402,21.980340851483017
B0-FF003_202605,B0-FF003,2026-05-01,18308.86649061205,103.30265500435306,114.04360682224684,3.759342129006946,0.9034780165420104,119.80564188292,0,0,7157.966583652847,10751.98535898979,48.61307561260987,797998.24,5922.753967780228,3948.405830718164,1553.621866986533,595.8966460195043,256.8729704481814,345.3515896785521,1561.3340451868078,86.83162095428274,224.93136038484587,Horizon Polymers Campus,"Odense, Denmark",Specialty Chemicals,235542,990,69175.38,30.055518939884493,940128.56,10.81740354954041,459.8702482413167,6.6693465814772175,296702.13,2.171931516089162,112.10918576909,374.1004166898557,488.3435445223124,127.60143191241325,0.4318785940193319,0.6613949576497401,0.0029017401704045,111.01355240259714,110.33783115536193,85.81,94.07,112,115,9199.58049203437,22.30124051381896
B0-FF003_202606,B0-FF003,2026-06-01,19196.77342253408,101.91403686162884,113.32664478739996,3.4206889198577666,0.9614139316122092,113.99109272871208,0,0,7182.995029960286,10791.454103712336,48.44343434366903,668390.27,6082.594352027706,4156.439808731871,1584.536225266217,550.4667953592794,264.0415253765583,306.5483884308434,1523.9110026688006,81.47054206631697,222.4563721418739,Horizon Polymers Campus,"Odense, Denmark",Specialty Chemicals,251789,999,583780.63,28.893583148777875,986760.83,11.703172910203437,470.161581125302,6.796165499524306,382169.85,2.0743119940154213,108.24099402359111,380.6246444301274,498.1796200216842,127.91882117583322,0.4285813959141809,0.6244037680560213,0.0030322585672338,113.1134532299737,102.2371399942106,60.89,79.48,117,110,9660.30584283488,22.019448476816887
B0-FF003_202607,B0-FF003,2026-07-01,18878.49113987368,100.2818712088926,112.708543520969,3.4232878247959886,0.8888588587437581,107.23293267009464,0,0,6917.193394186994,10487.290538013518,48.33178552652445,403075.78,6025.898408268041,3954.651625787719,1549.9317781272482,599.7101814231229,239.96611964654664,317.07148237888464,1561.246675514436,83.35603891456165,251.7973577287608,Horizon Polymers Campus,"Odense, Denmark",Specialty Chemicals,254775,948,83512.29,28.8679123082572,381666.77,10.709793552805165,479.49606063871033,6.4720304932411095,589365.79,2.1902015383515616,109.44196129363702,362.83850708353975,473.01203131195456,118.61515158280037,0.4405107830211731,0.638023940630998,0.002924426214995,112.1410680855212,106.23804849029555,60.49,82.17,114,113,9428.733210534658,21.692803228310225
B0-FF003_202608,B0-FF003,2026-08-01,19052.17138390667,104.02778645801452,105.28772335072652,3.436072139989873,0.9241065050794302,111.48957219671918,0,0,6776.6134980348015,10524.28207775737,49.49349580420697,382453.37,5517.504605350674,4189.007806240631,1485.1525797723282,579.4206340385507,269.13471555265187,335.9981871743089,1487.139904248197,79.69107490623725,236.5480899148725,Horizon Polymers Campus,"Odense, Denmark",Specialty Chemicals,252167,954,689887.39,28.34506781784429,248688.83,11.022299011033326,436.8457979554744,6.459936755211708,657362.08,2.146898947717278,111.10062577552216,358.37870534811333,484.1282429746977,118.14359964625883,0.4290488510619308,0.6206865176966894,0.0028797415704324,113.24195266391564,102.08721486286484,68.21,65.98,111,111,9655.191006815978,22.4638971888852
B0-FF003_202609,B0-FF003,2026-09-01,19068.80419004766,104.50234557959678,113.21267551902942,3.511708757166469,0.9192213876206472,111.77013463995036,0,0,7108.514510703571,10407.079171558064,50.195556126159815,589884.64,5931.372986227926,3792.8497459028126,1507.988304795825,576.2807837812327,260.4625164529651,328.772426140913,1515.9602560135634,80.60601864580103,214.9202694409045,Horizon Polymers Campus,"Odense, Denmark",Specialty Chemicals,253244,949,940052.21,29.00601616158005,634654.78,11.652440172326047,455.4509351313838,6.524510276673072,866404.59,2.1668296889905885,113.42991771209364,363.2021926123477,493.023363408408,125.35432422480378,0.4283325549898976,0.610394582890728,0.003045729182908,118.22136899544114,103.4827313187153,85.93,76.69,115,114,8838.210163428012,22.18839708165801
B0-FF003_202610,B0-FF003,2026-10-01,18374.051737711783,105.60511485867536,107.97862312816002,3.3787340808892523,0.8983593662898388,116.77917672346015,0,0,7098.438543513294,10566.538216008415,51.997327091431046,971917.11,5636.879505334106,3971.567257595485,1552.3506014464072,541.0238329421906,252.93441125532647,327.1170589405559,1625.666263231697,78.69455932455689,238.40614961836647,Horizon Polymers Campus,"Odense, Denmark",Specialty Chemicals,251353,1012,688785.74,29.183278413171543,217865.73,11.8025462405871,444.3507145756784,6.71218471677657,237681.12,2.2454700544876154,109.46436053203789,362.6557508021697,480.133563439754,124.55677753886631,0.4066759913084105,0.676941034509389,0.0029798886656372,109.8038776219845,96.18991621199204,64.22,83.9,116,110,8944.379756636252,22.84298097285409
B0-FF003_202611,B0-FF003,2026-11-01,18017.06350062832,104.88701594014115,110.1426355178363,3.5039268528267047,0.9114608572032716,111.54802918287588,0,0,6990.690665032471,10160.154255187874,49.15815155162791,787786.74,5789.87915716467,4196.2225783689255,1542.3151203950997,541.324786544589,254.2390233436168,330.32776633626713,1535.4951874657788,79.23540357881117,222.39372114244048,Horizon Polymers Campus,"Odense, Denmark",Specialty Chemicals,249578,964,931100.1,29.250517369920235,200854.32,11.68715580925371,427.3606782780349,6.729240052041491,313928.03,2.185822119014707,114.35823640185744,351.7775232032034,473.249077950436,121.5897527274795,0.4282904183677455,0.6571675218024658,0.0029960507342126,114.00835562033608,112.30389561615546,81.79,86.97,116,114,9369.196930459027,21.43461348077537
B0-FF003_202612,B0-FF003,2026-12-01,18966.44263738179,104.63753492005398,113.14402591714318,3.5525140414954923,0.9659862967535762,110.50056660603398,0,0,6912.792519764935,10770.135363435838,51.280333983940665,175022.07,6007.339396202136,4104.055283168676,1593.6407553791282,622.292590280162,244.90233407253143,344.8446151989204,1516.9367400864653,79.05060869321832,233.29652955131624,Horizon Polymers Campus,"Odense, Denmark",Specialty Chemicals,253471,1026,157464.3,26.333639792475804,988545.42,10.939958263482463,479.7931328595493,6.971812075009026,773744.1,2.2312744281163024,111.82377048860374,358.514604984243,458.6216824783808,121.06481587226511,0.4236151522938159,0.6235769732322476,0.0030035467497522,107.80847193818352,108.58831332666163,69.37,99.54,114,114,9017.63065649362,21.3108130708572
B0-FF004_201001,B0-FF004,2010-01-01,14362.173365736817,75.4048110417629,87.38568391992536,4.937230671016096,0.8225093313066416,89.89299218131943,0,0,5252.513676566348,8049.792622214963,43.03103130271634,622240.45,4305.4489457289565,2751.3405586301856,1176.430193503031,410.6298084082978,174.93852170750134,235.71641186690863,1106.966225570194,57.68941250570511,177.5692375620453,GreenLeaf Agrochem Ltd.,"Odense, Denmark",Specialty Chemicals,197177,766,328601.84,23.86117277824588,245651.28,7.933241528446247,288.24281772971415,4.440797784921813,952633.5,0.9556301502079532,81.11095142125949,274.8560444906727,384.1654238619353,95.14852539816836,0.3364656274176222,0.5031417710561328,0.0027676513939598,92.32310860312889,78.42420079803175,71.38,94.59,88,90,6724.701018150019,15.75268680906776
B0-FF004_201002,B0-FF004,2010-02-01,13615.951346195512,77.33685335273537,87.8168086925413,5.0468330813556985,0.8577608092387667,87.81441018170707,0,0,5297.4969165459925,8417.460914716103,44.23503526951919,314106.73,4313.720791854915,3059.0876463510926,1125.3718667063738,419.09844764042015,174.37578317642877,249.52404673054247,1143.078609108078,59.028303690168,163.16084091784555,GreenLeaf Agrochem Ltd.,"Odense, Denmark",Specialty Chemicals,199895,770,794462.97,22.161285900019728,555837.29,8.210951218974568,279.72376514183856,4.269814664960975,718634.84,0.9244731312295982,80.75335730326094,296.2938745613412,379.96319489556674,94.86465121139187,0.3235175871363128,0.5477068695877636,0.0030300563853972,87.32864624267543,80.35677960030546,94.42,84.16,91,90,6349.378922633248,15.69254851498658
B0-FF004_201003,B0-FF004,2010-03-01,13888.426507427352,78.07438815930075,82.78332845350076,4.943301287679867,0.871574667815123,84.85788878158972,0,0,5249.170498616709,8021.604676038788,40.86249919222846,78008.63,4713.745196674327,2924.59665090568,1198.9726029409778,402.2100472233125,177.19839166351426,251.0996270579569,1185.797859846468,58.41869318012278,165.4975364831717,GreenLeaf Agrochem Ltd.,"Odense, Denmark",Specialty Chemicals,191774,755,843731.7,22.30376319516161,496045.06,8.205613282708557,292.98655475923107,4.427709286868344,306772.85,0.9373936077475304,83.70569430318541,295.27585793093834,372.0179466002546,89.79002225165615,0.3391809108774808,0.5218452358180037,0.002813044794031,89.61966314354805,79.65791644025337,83.09,79.13,90,87,6842.08891153025,16.108534049006657
B0-FF004_201004,B0-FF004,2010-04-01,14581.411442816498,77.02266778881177,86.54794349251267,5.200154813552067,0.8369401855839474,92.31132062167914,0,0,5112.154161856454,8340.70293309737,44.59776338570972,890042.25,4636.497359652091,3100.375693014522,1145.0603182905438,413.3387865784477,182.02771791401724,247.825732547486,1134.4428583786962,56.20848514566201,162.97173666463692,GreenLeaf Agrochem Ltd.,"Odense, Denmark",Specialty Chemicals,201753,750,422255.37,23.72481245544961,972642.95,7.743589653311602,278.0889323438216,4.3121469104687975,741482.74,0.8916391392516728,83.46518980386139,295.2033421623224,395.8786112971647,94.41188231236512,0.3351012681736086,0.522585705164787,0.0028229074212053,91.84711479598974,78.72114344800215,69.43,61.87,94,89,6956.620158347954,15.232176312369829
B0-FF004_201005,B0-FF004,2010-05-01,13913.03850084639,78.05772785863446,86.53302296195235,5.525765924994728,0.8434030113789318,90.95884217941769,0,0,5329.089918548512,7924.093400915538,44.762714438096296,299541.28,4472.378222741477,2961.0707992442976,1194.846115493071,428.05033419334353,174.42762957971064,244.5804357310259,1209.4736823791309,57.68587084629896,165.2554046303882,GreenLeaf Agrochem Ltd.,"Odense, Denmark",Specialty Chemicals,202313,794,310555.1,22.560981586474405,128059.44,7.936863313518947,285.2582099749708,4.430818725091733,591033.02,0.9275149100920628,83.82641725415502,299.85719799954995,381.77382761155735,92.32101904531294,0.3361896779460981,0.5089724361410455,0.002882963384094,88.87857621540837,71.49526005896055,98.1,88.94,91,86,6589.347977879026,16.138804454953487
B0-FF004_201006,B0-FF004,2010-06-01,14077.258048420808,79.57101995776371,86.88069227868922,4.89394146073977,0.7961706697876954,88.62678888109467,0,0,5339.842000152363,7597.268874112917,44.48521473130091,347684.32,4476.229776276093,3074.106665403928,1148.1228925972737,432.2523323322835,189.74238140976345,250.05381756209223,1206.3463156135922,59.83953399133564,173.14005115307145,GreenLeaf Agrochem Ltd.,"Odense, Denmark",Specialty Chemicals,201970,767,352177.68,21.60977522603933,312436.01,8.29716970004409,287.8332149090711,4.594813287212537,503832.5,0.9572004694628616,83.91377922992616,293.87670504301985,382.0176449463437,93.2568447213467,0.3304149299523895,0.5062849161992972,0.0028395907683754,85.7135653693778,75.01320988260125,68.07,89.84,91,90,7423.089214082184,16.267085949237668
B0-FF004_201007,B0-FF004,2010-07-01,13796.936286106577,78.27222396624663,89.02666528561394,5.073813890215176,0.879727184553363,90.07249632970452,0,0,5467.758377918208,8043.254215732721,42.44241450711704,193853.23,4181.1921916948,3006.726972101498,1207.1752922907988,395.3767282920331,180.4700973989976,255.9747091016258,1227.5902366208245,60.30255961473774,161.02804686532576,GreenLeaf Agrochem Ltd.,"Odense, Denmark",Specialty Chemicals,202650,745,926283.79,23.137078194919905,659095.31,8.408149324173323,282.271056775355,4.629022814407041,262376.21,0.9671544974760776,81.11705390015467,300.47081911983497,382.7715723462201,94.40334280936084,0.3456039098993577,0.5282661535849795,0.0027714603093005,95.58722802868924,82.28297886956243,87.45,65.26,92,87,6934.317202703825,16.275953872724997
B0-FF004_201008,B0-FF004,2010-08-01,13733.100457931008,77.41619018068333,80.32118662276724,4.9207790411352645,0.8870609827332651,93.76503254786807,0,0,5396.726192430494,7871.075041167784,44.68401640254522,696361.45,4630.061477155282,2883.0874095849463,1124.4946615154392,415.9732059904958,180.4261407775971,248.54139355142183,1210.8554463369155,56.52815783551362,163.80285158670665,GreenLeaf Agrochem Ltd.,"Odense, Denmark",Specialty Chemicals,196897,772,872623.83,23.472326630568645,819060.06,8.371827593177686,292.6950695674976,4.381241215184097,814110.1,0.90942247960417,82.19840282080014,290.2898193523769,373.5533197679458,96.78697984538806,0.3377173799323265,0.5136904921975268,0.0029467890290911,83.5002249592556,77.24182463182395,60.38,97.07,93,87,6666.390658322644,15.421622191621724
B0-FF004_201009,B0-FF004,2010-09-01,14020.244372075724,77.44731786154482,85.89383614789803,5.038926045396103,0.8391134148035486,92.2873159611065,0,0,5121.699768657461,7797.227728581017,45.70458069918006,514210.94,4459.486107598154,3156.2908942523977,1215.3428086604845,410.2138938164752,177.9318295316363,246.58939271813864,1157.8388608688392,61.25965002371044,165.8877440604115,GreenLeaf Agrochem Ltd.,"Odense, Denmark",Specialty Chemicals,205382,799,741905.97,23.87162183045385,154563.29,8.231452466269916,286.881148289363,4.5731769207391615,987155.56,0.8956323772587229,87.18701190975693,295.29698269811325,375.4486744134649,95.4162073997377,0.3268942749829613,0.5179235400079817,0.0028642639139417,89.3712249830051,77.18986184105216,75.69,95.97,86,91,6555.660717967045,16.296196907206316
B0-FF004_201010,B0-FF004,2010-10-01,14009.895709619854,79.3013030619317,88.97888742329523,5.262415016851292,0.8237233729334705,89.22124624808939,0,0,5108.075235715983,7998.3667440373,43.40878454854222,854918.42,4599.405640267349,3059.283372215024,1119.4985704883445,412.47457906969527,177.3289720966383,237.64244589992785,1142.8612574120923,56.09484040753304,170.98350183472047,GreenLeaf Agrochem Ltd.,"Odense, Denmark",Specialty Chemicals,197685,761,191061.7,23.18123170757673,497271.27,8.510680873386196,289.5498814898211,4.665090237521083,901520.61,0.931984539841924,84.40975372656862,280.53938927758287,384.4462173712635,97.8038174414831,0.3468701363576549,0.5148818090086498,0.0030894627941055,89.93272756761517,74.40797554934241,90.75,92.6,92,90,7020.951796278677,17.084953929644385
B0-FF004_201011,B0-FF004,2010-11-01,14116.284692541258,74.99898734819878,77.85444965888964,5.167906563280189,0.8410647839730093,89.23040503224043,0,0,5125.3782623837615,7865.829822673258,44.99761269323603,970828.65,4325.926095439748,2913.842158320228,1181.045288992989,427.2692474218292,186.25885105588776,242.4533386388732,1230.6037672585485,55.27678294753876,170.47133766339576,GreenLeaf Agrochem Ltd.,"Odense, Denmark",Specialty Chemicals,203642,736,262836.23,23.60703365936055,304563.27,8.03399030929861,291.3444197231125,4.5628025291035295,927042.48,0.942008452723982,86.59086296423503,278.76023126353493,392.4095439661624,91.59881200031204,0.3314223345844608,0.5140990008933617,0.0029031913310234,88.61884469710054,78.75462576429227,67.5,75.67,95,88,7106.695953655008,16.31507096817728
B0-FF004_201012,B0-FF004,2010-12-01,13807.747834758991,75.69538329104543,83.97902188117853,5.002497887027839,0.8639626290155366,91.24151771891712,0,0,5239.658336242076,8154.199328273944,44.88473288353551,719037.28,4456.615431396689,3125.7122434812804,1123.1701541673551,415.67488499394,179.95518649362347,246.05645466687795,1253.8592032295294,58.53160544556025,179.53282785349404,GreenLeaf Agrochem Ltd.,"Odense, Denmark",Specialty Chemicals,201014,796,575224.71,22.347977037197307,497736.86,8.390984087127697,297.57935140095964,4.51356431300199,640052.4,0.9254718320583244,86.55471006432751,275.0696840829451,392.4745138085296,96.49436436616892,0.350245578397565,0.5292386867099493,0.0028059717320194,88.71519060661439,77.33284973756858,78.03,71.59,92,89,6997.661328759004,16.506464169054606
B0-FF004_201101,B0-FF004,2011-01-01,13367.657965359784,78.13550213608589,87.49334073879949,5.136275033952492,0.8658534855452286,86.45288933507436,0,0,5347.403351143363,8022.138731993102,44.02385766664037,349840.92,4496.172266881638,3076.1525813913854,1106.2170591845309,408.6385826924602,172.59317156481012,247.48895933941017,1165.9682370522582,59.21483132601927,172.851491223032,GreenLeaf Agrochem Ltd.,"Odense, Denmark",Specialty Chemicals,209049,785,55029.46,22.383831003660383,979917.94,8.50360426766842,303.6471706850219,4.563756366573611,923119.79,0.9219408180304178,87.41095751280288,297.7214206522692,413.2495409233288,93.5922116888858,0.350850957476629,0.5320324638165445,0.0028374442221455,94.48004720143794,79.62052204276401,81.71,60.5,89,90,7114.318086458773,16.845165305065173
B0-FF004_201102,B0-FF004,2011-02-01,14181.726244345791,77.00419127035121,88.20247293086852,5.240978893250943,0.8187248566390208,90.1745719637568,0,0,5328.000050667657,8178.0158251559615,43.51335958763011,827377.78,4634.357563014438,3016.948895328884,1178.6365737404444,396.7057864218275,180.9970176485469,235.83714256527145,1181.3921106336616,58.736337825033935,176.17256000966526,GreenLeaf Agrochem Ltd.,"Odense, Denmark",Specialty Chemicals,195482,797,874592.29,22.35718007464535,181484.55,8.379251839737009,282.6410950920785,4.36520808231647,587368.69,1.0045184234439768,82.08949359942623,286.54532326647563,384.9603320176148,95.4849257306385,0.3623237637190283,0.5157725152575999,0.0028373262667721,95.29529310807688,80.13970954254823,80.77,67.65,90,89,7144.288783660059,16.983810263652508
B0-FF004_201103,B0-FF004,2011-03-01,13853.338800730577,78.0207878100595,86.4818102743117,4.898129842028913,0.8537646718224279,92.06876612770036,0,0,5067.177756402456,8036.854069023747,43.46388415305054,460902.11,4619.833871561391,3103.7761549305783,1139.9198061301272,413.7268434617354,181.8552596275924,237.6413346800317,1151.2243864028349,60.968728232211184,166.93122077514133,GreenLeaf Agrochem Ltd.,"Odense, Denmark",Specialty Chemicals,209410,757,980212.62,22.612832638029488,895474.65,8.78132976796318,282.4734793469097,4.561141177887459,208070.13,1.0480824271596338,82.00552203613736,287.9114917338652,400.1944849912968,96.62685258011248,0.3381581334582224,0.5398951362620524,0.0028515914494717,88.5756656721043,80.60132243106915,78.39,59.3,91,89,7137.931385405067,16.226475955611907
B0-FF004_201104,B0-FF004,2011-04-01,13799.865386758558,75.94234116659538,88.46730377424475,5.064972168481383,0.8198645103430641,86.84967744859539,0,0,5242.63321147622,7989.752081140552,42.3102953109868,201531.64,4679.367321889567,3125.1835896104617,1196.029309443414,423.1101817651649,186.79373857147456,243.19974724246103,1204.388089228995,56.80671076030935,166.95960299366095,GreenLeaf Agrochem Ltd.,"Odense, Denmark",Specialty Chemicals,204295,812,65035.64,23.987372976770512,718418.76,8.135253621171765,284.32927502675017,4.624252540606318,616298.43,0.9728680501384414,78.09125141093732,295.9724353419989,385.15166249816895,93.27129143421944,0.3427365433035124,0.5427373914060122,0.0030741351540123,91.7949645237494,77.30823357250404,94.75,66.18,89,94,7056.9780190804,16.51594026826637
B0-FF004_201105,B0-FF004,2011-05-01,13479.620514417904,78.24757749459316,83.72575419531869,5.059454518764821,0.8977588618769339,93.5550972244716,0,0,5540.250887059934,7951.702058970041,42.8194126208966,368084.22,4587.082464987045,2985.622692933913,1180.7612942554117,423.0844743659689,183.2141843712748,255.4685797131592,1186.534055611465,59.79034435240544,172.99550833636033,GreenLeaf Agrochem Ltd.,"Odense, Denmark",Specialty Chemicals,199471,785,218232.27,21.89487689035575,33133.78,8.356766085883061,282.3772992485313,4.409649037149362,555238.67,0.9224609201750296,83.99309537955607,286.8511084233782,390.3083919223564,95.08897648630894,0.3413335637678081,0.5148852001812552,0.0029735344851144,91.47861160377812,76.71469021063061,90.56,74.57,88,92,7405.521546951368,15.545909236054705
B0-FF004_201106,B0-FF004,2011-06-01,13598.431882956207,80.98850470757651,85.98367413281925,5.251920373500751,0.8529078635081048,90.7285798864194,0,0,5458.017903428653,8269.491591164619,42.40592634666852,986016.84,4540.901473964195,3047.393953153616,1190.6986168839842,413.7102355436634,182.72878671045927,254.16427065852085,1233.428021649329,56.239579852389845,179.840923682209,GreenLeaf Agrochem Ltd.,"Odense, Denmark",Specialty Chemicals,195584,810,391816.73,22.03710408617336,195167.36,8.114821644587664,304.1487130973032,4.403282856288877,927570.75,1.0000808316826633,85.54811262324195,302.268032769144,382.1875719187727,92.06308569953347,0.361606428146753,0.5268318544236551,0.0029287017911251,93.17725126978024,78.40359851235415,94.12,51.94,92,95,6595.100802479457,17.025003807969615
B0-FF004_201107,B0-FF004,2011-07-01,13535.34127588024,81.70798145909559,88.81915431390135,5.149277502983975,0.8734417582374948,89.77873379226149,0,0,5653.707604585829,8432.123347252955,43.28703007094556,378926.19,4550.1279477104445,3030.162089061037,1144.8647960081903,424.26448295336985,187.223667872773,246.35275884629647,1278.9105417997046,61.71351968400612,176.21851025844916,GreenLeaf Agrochem Ltd.,"Odense, Denmark",Specialty Chemicals,195380,803,376126.37,23.30188128085784,573136.48,8.318713003219509,313.22261134399474,4.560187800569495,515257.51,1.026277092672109,87.32023433597182,290.97329885750366,393.7228600834931,99.59546141450996,0.3432031861873739,0.5297577411693573,0.0028191657567822,86.87367330644754,79.55959595478794,98.56,85.9,91,89,6820.086679145594,17.01406458107449
B0-FF004_201108,B0-FF004,2011-08-01,13917.862894461156,78.35911503233793,87.08368053805593,5.074965529986641,0.8589859234768504,88.21810992031054,0,0,5508.305126489702,8479.22752049274,41.37019081886866,29159.4,4463.23070101075,3149.311580372263,1155.659265819526,405.9654331806416,174.96727750895676,250.7139245952824,1242.8556898315992,59.551702492695824,167.3356581597502,GreenLeaf Agrochem Ltd.,"Odense, Denmark",Specialty Chemicals,216267,810,195888.88,23.86511233522062,753831.48,8.145059434607658,302.7833763399624,4.401538763130056,202791.04,0.9564074854163588,82.0434627218645,292.19415122808573,404.0440988937703,100.00509164787827,0.3567511284636661,0.544349556839575,0.0029291137564046,92.51962744716666,80.01584273661834,99.55,70.67,90,91,6894.494537394263,16.718828452155936
B0-FF004_201109,B0-FF004,2011-09-01,14306.951186060576,80.25613228291253,88.95280661864606,5.36366299679075,0.8781731021715261,93.45021864264343,0,0,5574.1570858878185,8277.51035126496,44.70593190379372,52601.94,4485.016130273189,3005.166280003348,1215.5574967273758,407.6463150383518,191.94567178693828,252.1956014947483,1315.26813993689,57.94587334983959,175.13525613783716,GreenLeaf Agrochem Ltd.,"Odense, Denmark",Specialty Chemicals,201272,776,127417.16,22.24672941451464,934437.22,8.532691337634304,302.4943831747091,4.328652940381432,22550.31,0.9636337989731448,83.07467574346873,288.785389420931,369.7576371688674,103.04298180218468,0.3562148193390523,0.508586820302626,0.002967187533834,90.16400569339298,81.70054994677794,85.47,51.31,92,91,7337.864566939505,16.981571385954194
B0-FF004_201110,B0-FF004,2011-10-01,14286.727840086563,82.07154863530307,83.83966494540701,4.993747177300413,0.8920910747594956,92.83126784994792,0,0,5154.040167541869,8249.412751259591,47.87510445782832,262391.92,4770.7914335550895,3086.484176930867,1196.9245345114855,407.3088781062364,188.55534991100515,253.129251240596,1238.0853333190066,59.30972216771441,175.51958688047253,GreenLeaf Agrochem Ltd.,"Odense, Denmark",Specialty Chemicals,203154,802,103292.58,22.16529873459628,942251.68,8.50363892964946,309.08008382857474,4.752999132627874,995592.71,0.949583042137231,81.74441676820683,291.2871465134529,407.5863741999973,98.086573560379,0.3422623547508238,0.5384148376210602,0.002832388733931,96.2563128624932,79.64153972007185,74.18,62.02,95,97,7007.205244641511,17.097341979810675
B0-FF004_201111,B0-FF004,2011-11-01,14301.99388621138,78.26768848539949,86.20248485029285,5.020867075234429,0.8611417531928988,93.99201639128805,0,0,5051.498975225037,7886.186881836879,43.64463637019214,348177.35,4721.793981568786,3009.138172553464,1246.50626380397,399.6845837399552,181.64463505408696,260.01008341551085,1245.3603464032894,58.73641269035859,179.5315723092777,GreenLeaf Agrochem Ltd.,"Odense, Denmark",Specialty Chemicals,208930,781,650008.18,23.558179895543454,141766.63,8.834888874995563,289.23514711234964,4.548891474756956,384294.37,0.9654633079646612,82.9121989853818,293.956576768124,376.0355267878815,100.6126140169658,0.3503098687678438,0.5477613995129395,0.002875139896465,95.11730711244404,79.8240023029524,87.26,64.42,91,96,7162.615263442968,16.29541965956877
B0-FF004_201112,B0-FF004,2011-12-01,13714.091551974196,77.3616404698694,91.37430591681098,5.469115247585454,0.8843281168382219,91.46178831015956,0,0,5513.971115501601,8240.731232848739,44.92721592003242,644182.83,4437.838365643808,2773.139490250702,1232.249564238637,419.60593735979535,181.60048283292696,239.46793225206144,1192.7525637788417,58.03736610304557,170.36388702488705,GreenLeaf Agrochem Ltd.,"Odense, Denmark",Specialty Chemicals,206271,801,440013.84,22.20235612431305,985718.62,8.875972675983924,310.3670658227517,4.419365158857514,989722.18,0.9674594872857704,85.8887368657988,299.7908856472866,404.1461594682941,99.71879689246926,0.3354413006382845,0.5358468163885284,0.0029838366678971,90.10983724098928,80.55437997569246,78.51,55.68,89,96,6715.9846107744215,17.494950276167447
B0-FF004_201201,B0-FF004,2012-01-01,13806.973809934949,80.39675286948292,84.16858855977544,4.994696741973519,0.906862259777206,94.00223583013268,0,0,5512.495501145044,8012.199497593509,42.92423203566516,56295.61,4494.225237961816,3103.3002682663982,1209.3943801255075,413.38863740424944,187.93999889371003,259.69676449692287,1244.1431431845265,58.763818673101255,178.84554779565408,GreenLeaf Agrochem Ltd.,"Odense, Denmark",Specialty Chemicals,207693,815,678904.84,23.35994535353992,983782.78,8.149042818682146,307.5235414411428,4.590025194697232,590800.8,0.906278189230381,88.22802910844324,295.0318600694986,391.6789767897192,96.25570576321934,0.3569047868385855,0.5416555340364246,0.0028133361771641,92.6890108879386,81.63531496273136,86.99,77.03,92,87,7119.420340992004,16.714013035580603
B0-FF004_201202,B0-FF004,2012-02-01,14449.166083241504,82.70611993816439,83.42074082284186,5.175121583155595,0.8597729975594879,88.00115095063857,0,0,5400.3522956672605,8021.992396567136,44.66819705552191,579471.65,4673.329089547113,3020.664317704837,1169.3381472759722,400.817387828486,181.921894617766,241.7553026733977,1294.9458705668087,58.04225031812447,180.80993349718463,GreenLeaf Agrochem Ltd.,"Odense, Denmark",Specialty Chemicals,215942,806,298499.95,22.24422225774184,324426.25,8.847214911372486,300.9908579799233,4.551229374683092,243400.84,0.9864995120690891,85.61402685862396,299.6871259220335,387.2681118868309,96.98625877975472,0.3458328032263998,0.5414773897103187,0.0028078764463107,92.56610635112762,79.11155520063397,74.18,62.84,87,91,6855.309937499362,16.506171904768703
B0-FF004_201203,B0-FF004,2012-03-01,13354.07616452954,80.612717341112,91.14902269563838,5.200944159757879,0.8986679090629116,90.02474693398575,0,0,5468.500044776683,7875.903460057381,44.296362724219655,906344.39,4977.793998963624,3096.27547376384,1124.785588122919,395.808423150932,188.5840869428289,274.41173088589767,1210.6541741935089,59.039371978869255,177.48410814842535,GreenLeaf Agrochem Ltd.,"Odense, Denmark",Specialty Chemicals,200134,740,391701.14,22.76711258826621,396269.33,8.259248640849004,299.3359106639859,4.67014991635864,523712.38,0.97435612153653,86.58265820347535,303.6922960569313,402.4537023054056,94.95094795220942,0.3351493040679102,0.4995339826769558,0.0029880606608593,91.3791883740251,82.12594976634979,66.3,89.7,93,92,6968.784576099538,17.125660028749618
B0-FF004_201204,B0-FF004,2012-04-01,15434.535397628137,82.9471878434239,88.77366866935479,5.423680340792017,0.9321478724255632,87.7277181804056,0,0,5557.464922593184,8412.987238695538,44.67539332684612,581185.75,4638.375048098685,3039.600777571516,1212.6942332121032,436.05606845710105,185.3090530334138,258.7267144541631,1225.8001327467405,58.54532715536472,171.12552812613373,GreenLeaf Agrochem Ltd.,"Odense, Denmark",Specialty Chemicals,196675,839,687348.19,20.836316651897366,807252.8,8.558800581280003,281.9174188368606,4.445538628058521,382628.83,0.947296647042303,89.36015943175953,297.20991496901667,392.35679981857487,102.23802849189194,0.3540922336061392,0.5060904766035331,0.0028706493693925,93.49366462471136,78.0109962877215,93.04,54.97,91,90,7305.685072489608,16.365620021510132
B0-FF004_201205,B0-FF004,2012-05-01,14536.15686654858,77.58924377951908,89.15010829618267,5.133273747728143,0.8793587974052601,89.48284089244888,0,0,5350.150809587901,8199.976347112188,47.22066842580719,276869.81,4706.713496754534,2937.816826864922,1172.5838560608722,439.3835015603409,178.52795113511434,256.6936215864377,1185.0505013833497,58.07565329953578,184.54131042504744,GreenLeaf Agrochem Ltd.,"Odense, Denmark",Specialty Chemicals,210022,827,899569.6,23.1578923165344,650439.63,8.372319961959244,297.3136010216119,4.808696279966491,611906.75,0.9540359991969248,83.97219030204373,308.41318892685086,420.1082923394009,99.95560870852952,0.3534659909285122,0.5361493798749187,0.0029670492672107,94.87209810830691,81.39172184069037,96.85,85.17,88,93,7182.449235383174,16.920669281488472
B0-FF004_201206,B0-FF004,2012-06-01,14317.50752374634,80.85950565643887,87.15612212413112,4.960994407548316,0.9151467311980334,88.66973080469587,0,0,5636.517444299999,8214.611194238789,44.68136767187216,338051.64,4901.548013680034,3125.4384819744027,1184.1530652871943,433.6919779529476,176.53025363981385,256.74282825587534,1299.1106585358004,60.16911875153146,176.48307459625372,GreenLeaf Agrochem Ltd.,"Odense, Denmark",Specialty Chemicals,205985,795,683386.75,23.82729786100269,177779.16,7.851640057478276,303.611146961704,4.863971576208471,401819.14,0.9285546671310934,88.20752649743982,314.99073152858824,404.82856666581125,104.2997659655328,0.3581575910086276,0.54674239944672,0.0028869019146715,93.63859732462662,80.40028147177519,94.39,92.98,94,90,7300.206388497562,16.293406064537955
B0-FF004_201207,B0-FF004,2012-07-01,14302.032649064502,81.37640900724456,86.71593445155307,4.937361703903068,0.8798700437152961,87.96823089205832,0,0,5627.473948115841,8243.690260154726,45.24095877536895,172136.08,4629.806915804373,3084.483882764828,1152.5510807753476,426.48704791178943,183.3006470811128,255.05351914698724,1228.3520322608565,59.11641608188194,177.44818189415568,GreenLeaf Agrochem Ltd.,"Odense, Denmark",Specialty Chemicals,205593,817,245361.11,22.57145983230977,957241.56,8.864625195856243,308.4212729040957,4.744070486654034,564491.68,0.959099376773763,87.33262733620141,300.40711427521904,406.9195457977577,98.43777337599234,0.3512656176875723,0.5372561618798074,0.0029832191067789,94.7946248275025,80.8037727798318,63.26,59.98,98,89,6928.4505753107305,17.09472426770071
B0-FF004_201208,B0-FF004,2012-08-01,14545.950415977137,81.31923587050092,91.10299321495944,5.287521335030692,0.8763143476916816,93.77137423772923,0,0,5506.244624207015,8417.207887457089,45.51150095792358,841455.65,4799.564811732124,3189.0372736854542,1293.3229064842894,424.0610065720171,183.1688863894265,263.69555453988335,1219.6975953660922,60.06483515376672,171.16052167403402,GreenLeaf Agrochem Ltd.,"Odense, Denmark",Specialty Chemicals,210155,771,81570.87,23.33625329520829,939564.27,8.059536807804626,284.3235944760113,4.480860231296494,200909.76,0.9824278952594818,86.63546681171643,292.1546907348436,403.637836899514,94.06340886010146,0.3255313850633505,0.5328840648051565,0.0028920267919436,95.91746442733124,81.06565057650364,75.15,78.24,95,93,7441.609488297872,16.675394355069795
B0-FF004_201209,B0-FF004,2012-09-01,14818.445227044876,78.17736455044495,88.31772866115605,5.247425865941047,0.9262640943784276,86.08149041073578,0,0,5065.03151847633,8151.715332179083,43.18668792663208,742235.75,4585.52018165634,3072.507327196097,1193.6070655488609,429.7268833460697,181.0958434154192,271.22691382907,1229.3964419858048,62.442457120528005,167.70831394391774,GreenLeaf Agrochem Ltd.,"Odense, Denmark",Specialty Chemicals,201496,825,609069.09,22.62500322502072,548744.34,8.706609030653102,306.4871984245318,4.622979886150115,875945.35,0.9426974626955388,86.6540340308428,288.6549950871005,391.052684364519,103.32734975343338,0.331708497839613,0.5484283225415048,0.0030760208769764,95.49274817523111,81.75430111065566,75.65,74.34,88,94,7068.461591665578,16.448314035829856
B0-FF004_201210,B0-FF004,2012-10-01,14458.333864063568,81.04643540291775,87.84156056205678,5.522497469466117,0.9131945572371344,94.75799478765032,0,0,5263.344818344625,8443.086827688918,45.06084551628057,490692.35,4624.789847929505,3076.9162364997765,1287.930341775669,432.6288019822532,195.0733176326644,266.4826523336188,1233.6355580166571,59.39961522632993,167.60812345597864,GreenLeaf Agrochem Ltd.,"Odense, Denmark",Specialty Chemicals,201534,825,58242.33,23.672222417904564,95565.23,8.646447420671175,310.90631661149337,4.35068040189451,434455.74,1.015903267919929,91.28604252656538,296.36187724353925,409.9709791723472,103.96686186518178,0.3559044602286383,0.5589569299657928,0.0029447392193202,94.4364991326348,79.38652016243434,67.3,98.9,92,93,7327.71082009703,17.858003243481118
B0-FF004_201211,B0-FF004,2012-11-01,13595.34577382798,85.80412494425651,88.96715543469261,5.4271631903100985,0.9259459425654926,96.734309546262,0,0,5407.055632829238,8199.595484822807,47.19430888803373,153136.72,4408.998877466617,3049.151763350676,1148.5086735565978,424.68065477175,190.253366979299,253.0058254940912,1218.9337232436526,59.78291902522896,177.8195674955277,GreenLeaf Agrochem Ltd.,"Odense, Denmark",Specialty Chemicals,210420,830,137810.78,23.5257885485769,573059.63,8.134749900366153,297.97045343022046,4.5641818812253225,130945.31,0.9620980789768402,86.73894865548637,296.7393628594778,432.4319191017796,101.3553557866215,0.3732688899194329,0.5630446600805116,0.0028951630283731,93.5599310504216,79.94434854050442,65.13,66.71,93,95,7245.249525586918,16.972225857808493
B0-FF004_201212,B0-FF004,2012-12-01,14478.96365789983,83.20126095696531,89.09110199876427,5.501858782439195,0.8462877204911632,94.34146237832356,0,0,5365.053945488799,8415.033672301477,46.70667237061253,749215.35,4727.522117954164,3069.5117506008646,1247.9249769848038,404.5433485492061,200.43313188188367,251.5407130579161,1288.4655493595455,60.23334404305481,172.9488752110321,GreenLeaf Agrochem Ltd.,"Odense, Denmark",Specialty Chemicals,209133,836,816516.88,23.963577494534974,979518.98,8.700783371323471,301.8924720628594,4.528481241219573,518555.33,0.99885736319113,88.87757645876775,307.6891178552825,406.79906777647074,102.78452634787942,0.367463699168856,0.5092406452055647,0.0027479852036009,98.39962144537034,77.8438529238388,75.46,60.65,90,93,6978.633566628514,16.748131671870137
B0-FF004_201301,B0-FF004,2013-01-01,14645.803299304083,80.3758167647177,88.83793597375384,5.32920645040962,0.9252238227759096,97.0941840630161,0,0,5572.739708318194,8003.002613569272,43.79475537792488,256759.57,4847.482532713521,3069.433008251244,1140.1272490389083,425.78420620328967,175.86860424474335,250.55852732602804,1215.292805529009,60.70880659128368,182.98971437231248,GreenLeaf Agrochem Ltd.,"Odense, Denmark",Specialty Chemicals,212080,783,229324.71,23.5540897753036,810331.94,8.49470629072934,286.5694630776958,4.4539991942973485,449926.9,0.8894023556387428,88.92393930690424,289.6488160966527,410.4580640150253,101.88054234755354,0.3472925693681573,0.5565402416630145,0.0030254738628818,92.83053321567508,80.18523940374779,74.86,67.14,97,88,7213.568793927603,16.089034063707793
B0-FF004_201302,B0-FF004,2013-02-01,14531.561684772534,83.06012756452877,94.71454496546303,5.14613977639433,0.8841211449986951,92.49422470604334,0,0,5425.574252329775,8351.429299350622,46.42426141386945,798157.87,4538.086840283569,3114.470065323164,1179.2373888708862,430.6778364989639,192.82163271584704,249.95263633538048,1181.7480417760412,60.60566880977133,173.67183088922306,GreenLeaf Agrochem Ltd.,"Odense, Denmark",Specialty Chemicals,208223,821,235702.92,24.01787475084044,569497.0,8.569312055055383,296.5957782405955,4.543067556854562,937828.42,0.9910591612272494,89.73192066147408,303.8526277738437,410.1860520384131,101.46763485186348,0.3562101292151471,0.5589963628363042,0.0029772622646061,100.25307173039536,83.66199512973141,95.18,53.65,96,95,7350.098017067479,17.31457994206557
B0-FF004_201303,B0-FF004,2013-03-01,13967.8145701744,84.55396851509278,88.79175057650006,5.207283161908519,0.8832915629038268,95.13392550608856,0,0,5374.8465325839325,7883.231081149168,44.482683921803385,395050.66,4620.630594239284,3186.6903286113884,1232.038768518816,446.0525921648253,193.28106947478523,255.3087611214182,1241.015049570134,60.53589172357653,166.51153538673896,GreenLeaf Agrochem Ltd.,"Odense, Denmark",Specialty Chemicals,200689,810,304006.54,23.92367374932889,352090.99,8.130122295155747,307.6890305747896,4.650360232119127,56524.61,1.0143951562085674,87.09971072415267,314.1946690187441,392.46149956045696,97.49639818093743,0.3585251550468104,0.5357378079577402,0.0029904979393358,99.56023025090305,82.38583627127517,70.61,93.97,90,94,7441.876553240495,16.76822951518394
B0-FF004_201304,B0-FF004,2013-04-01,14756.302643883324,85.01963474062809,94.047120700287,5.377262580057073,0.9052241589497624,88.76463587282794,0,0,5311.783816689475,8404.84293221768,48.31560895542172,237246.81,4698.431323550886,3201.6512641820527,1186.9534769515913,449.3099784197202,178.9139566499777,266.873588513894,1260.3831833561987,59.29806371013149,177.11319751761096,GreenLeaf Agrochem Ltd.,"Odense, Denmark",Specialty Chemicals,201469,789,126857.59,24.13540583374572,333336.59,8.039820145540125,320.10003057734104,4.629926261997421,514730.76,0.9407388158970384,91.05912317350648,305.09273384648407,417.53855915632977,104.15380463023546,0.3686260579306476,0.5318861192250932,0.0029525318438462,92.33939567481852,83.71987286096929,66.65,71.34,98,90,7513.053026316478,17.437931369435084
B0-FF004_201305,B0-FF004,2013-05-01,14437.91900697382,82.49312842642595,90.03437587623631,5.414108079397705,0.8917502938275262,94.4604795526876,0,0,5489.385573313931,9031.752144424529,44.813395045376986,856063.19,4576.754678380243,3079.632276100368,1244.7904885086627,440.2201304956496,187.9206325679079,268.10565336594465,1273.1321840174428,60.456842110922544,170.24902881973046,GreenLeaf Agrochem Ltd.,"Odense, Denmark",Specialty Chemicals,214036,821,573736.68,23.292551838905563,839938.85,8.698567755436525,301.60535501014374,4.467115942090685,173442.83,1.0033763082363298,88.37421365500518,279.461732180008,403.80960274441856,99.87640857425922,0.3483078079640982,0.5554299488425712,0.0030387271558394,95.42210089504636,84.17834519473605,77.17,69.73,95,93,7387.556779258085,16.71036884565873
B0-FF004_201306,B0-FF004,2013-06-01,15187.985986078727,79.45890939436127,96.27439406999405,5.64680242049392,0.900401208580916,96.4495074432193,0,0,5436.47910942406,8041.779478314562,40.95819501760551,753532.55,4715.574080744345,3261.8067531328334,1217.967315853294,444.5070284380542,185.6346165126789,257.7997981657814,1284.5181481196794,56.33362971286445,178.76221426599827,GreenLeaf Agrochem Ltd.,"Odense, Denmark",Specialty Chemicals,206599,851,827381.44,24.02005121024789,659765.93,8.233761080303674,302.8859191654093,4.58349725118745,335291.21,1.0067554893405644,87.20164614496224,294.5045469520329,417.4007234082794,100.53046269588566,0.3381003595884215,0.518843607696308,0.0030178954888316,90.700351010885,86.3027240317158,62.91,84.59,96,93,6752.779161870897,17.095691618008036
B0-FF004_201307,B0-FF004,2013-07-01,14306.750341118764,82.13442994323145,90.27162694512596,5.371752719277909,0.9465023116175192,91.83432074695918,0,0,5440.369972717802,8478.154368615626,45.20772113221005,80309.57,4657.54734031735,3017.989232116329,1229.6087675118174,429.414663138183,189.1353589059702,256.3370671067685,1222.2447583228357,61.19798322461541,177.68634121696115,GreenLeaf Agrochem Ltd.,"Odense, Denmark",Specialty Chemicals,220210,838,483739.25,23.558023064523105,377519.29,8.421794667838874,298.6376940276986,4.611287252965846,382250.92,1.0074965226937065,88.65032208360877,315.0403918956156,401.52556126813977,101.64359758748444,0.3594839746389284,0.548563876055671,0.0030973492826312,96.70924884803284,78.60854950157734,64.97,65.94,101,94,7034.947746537553,17.24418270037011
B0-FF004_201308,B0-FF004,2013-08-01,14874.97963977639,81.77280733960417,90.12190785041086,5.488467975420864,0.8821248076658398,92.52873054504624,0,0,5526.425996307589,8118.078322436084,44.60339842596511,968005.72,4840.903224973423,3224.1477452911868,1220.2314096358702,452.2207325116434,182.43933637569404,267.0080692918206,1231.770815213751,60.53376870758806,183.05654277689405,GreenLeaf Agrochem Ltd.,"Odense, Denmark",Specialty Chemicals,208747,809,337524.3,22.30160231786257,646878.99,8.381090158257605,321.9472378100392,4.61549046602396,794834.82,0.9356362660342326,89.97564527444669,313.8874135409274,421.71387787409367,96.36617960145176,0.3487632493227656,0.554684551139672,0.0029998057363755,95.38653192570224,81.0683773140589,85.22,76.89,96,97,7270.222759102298,17.698893458604072
B0-FF004_201309,B0-FF004,2013-09-01,15040.427383811895,79.43487968150994,89.16891052384182,5.181654519609456,0.9797617337131462,95.38982888457237,0,0,5619.115240549071,8624.80157984773,47.09301551221357,765512.16,4737.675401453393,3159.295276782005,1187.054287925976,421.1602438556036,191.26402914788352,262.98813872686134,1270.735665503115,62.51716567577511,187.4562932750474,GreenLeaf Agrochem Ltd.,"Odense, Denmark",Specialty Chemicals,205035,836,323883.56,23.523071679140216,128988.29,8.578849779029161,324.6550048751741,4.676341569204606,122371.36,0.9827614133826011,86.88885524259302,293.31791260533794,419.7756201156024,103.45775211384364,0.3535121388623899,0.5312119137325679,0.0030065053505437,93.2629667683291,81.51347347042547,89.04,80.51,96,99,7234.491160944135,16.893655978254188
B0-FF004_201310,B0-FF004,2013-10-01,14008.072702116466,84.87985689611884,93.39208695621168,5.354957644726219,0.8714535746490358,90.31157253925664,0,0,5541.508102469248,8031.01443610406,46.60961536261028,588496.05,4627.017833238386,3244.795025444975,1251.0208347521811,447.9843919082352,189.04161935272552,268.71959940317623,1229.5903037220494,60.67431806407853,177.8604680801701,GreenLeaf Agrochem Ltd.,"Odense, Denmark",Specialty Chemicals,210343,790,791899.57,24.811510010490395,100890.71,8.318874471325488,294.28099620176914,5.040436907164401,505561.75,0.9838429164488592,88.45205708093638,307.7218310629973,399.07377596655874,99.68583605688625,0.3555051964350971,0.5347775917057294,0.0029585697677464,95.8029478735786,79.70804691279172,92.89,61.28,92,88,7126.652205218463,17.437240397085567
B0-FF004_201311,B0-FF004,2013-11-01,14929.773426433105,81.99832958506883,89.42984650381976,5.211931879037875,0.8978414949572916,90.99711264103608,0,0,5373.467252931255,8572.803696179979,47.16659844276008,536443.37,4587.633773681658,3258.183708033599,1190.5040312433184,433.570196864012,201.00896186253624,269.827240137543,1256.4161769530683,62.76984317705429,179.54851828088954,GreenLeaf Agrochem Ltd.,"Odense, Denmark",Specialty Chemicals,216892,772,613778.57,22.31664900070169,352627.8,8.614106898312336,318.62480723001096,4.7735173917815965,269759.58,0.981060438315562,89.3943511844587,300.77196057188354,407.0203913853094,105.39241198853918,0.3487590413680436,0.5400168706293295,0.0029704334012218,103.91398448406952,83.77315995395044,61.45,51.12,98,97,7365.957052669349,16.363865563468668
B0-FF004_201312,B0-FF004,2013-12-01,14890.385874085616,82.11007920307739,92.6825569193692,5.352734980728357,0.9308217879632872,96.61791518097368,0,0,5200.915603625046,8489.784093219881,45.75339119246018,337635.82,4742.079269627133,3114.966901042298,1260.6118278790257,430.7269445658506,186.8270758079973,265.5589290474377,1315.5450338433873,62.87422898339847,183.1445914076959,GreenLeaf Agrochem Ltd.,"Odense, Denmark",Specialty Chemicals,228126,806,457022.79,23.941462993235568,586207.52,8.441339064056521,322.6566293562705,4.477686704514089,322323.13,0.9996171934964924,86.1553438074186,300.7117119393322,417.6898833982109,105.90834624360888,0.3353974894110071,0.5510362760158983,0.0029917397692026,95.34937684728811,81.59499644210044,83.89,66.96,99,95,7188.620305484538,16.817289815757118
B0-FF004_201401,B0-FF004,2014-01-01,13606.920830163275,83.35927597435828,93.4450701116221,5.39325479338475,0.9087976524198408,94.46551246536048,0,0,5487.382169936215,8616.599671350617,48.14156919584083,295586.8,4570.932245130028,3168.4586334285827,1301.7481432189595,422.92549500503577,194.95118605513568,273.3296388998735,1242.8683285562795,60.09286864758008,183.42347060626923,GreenLeaf Agrochem Ltd.,"Odense, Denmark",Specialty Chemicals,213241,842,169699.5,23.98762244476248,365601.98,8.71530185282469,309.14038736544416,4.863873217986265,718912.76,0.9835011593479636,84.96733090483073,311.85513639451057,449.4937933655448,100.96976723714046,0.3634379771931544,0.5397582917720949,0.0028902649825142,96.405079531438,82.55349609687622,93.55,78.34,97,96,7212.399914344605,17.361069000988774
B0-FF004_201402,B0-FF004,2014-02-01,14970.118395675398,83.58400498849603,94.3540599849169,5.586907415477912,0.9672203225662244,91.84466485444612,0,0,5392.918969940218,8294.348482134155,46.948552344821096,593186.16,4905.755379254137,3150.825281693388,1246.3211829422771,439.1717977967592,190.24900184478207,256.6928782702215,1222.4534740280135,62.69132530461397,176.03399064565752,GreenLeaf Agrochem Ltd.,"Odense, Denmark",Specialty Chemicals,200013,825,799591.49,21.894862336249187,992892.66,8.885496372660258,290.4989652970928,4.661733778112387,490214.18,0.9668745367890564,87.65510676158233,296.85915630229425,394.18857729358353,101.5982116288199,0.3830253227191515,0.5619730773669424,0.003100904143569,97.5666233762374,80.86143290993655,83.07,51.92,98,97,7428.36677789248,18.44350063447009
B0-FF004_201403,B0-FF004,2014-03-01,15161.481223631956,81.91369805500271,91.33874394351302,5.214534880594771,0.9778178836729796,98.86946214338208,0,0,5633.9614498213,8352.498905075308,47.60834763017285,331434.34,4849.871563174611,3042.869820839978,1200.8972629466975,456.0496762180562,200.0629192306336,274.6571952481784,1343.5075818241382,62.6068394102354,183.5264151353408,GreenLeaf Agrochem Ltd.,"Odense, Denmark",Specialty Chemicals,205751,813,257880.73,23.69851660180249,59249.64,9.003038537251697,311.289795112089,4.412222835016241,937301.21,1.0572057466298763,88.50511383508876,298.39130070719284,387.5783425972931,96.54207098437982,0.3652731936036331,0.5430254021050508,0.0029817909108455,94.179682189498,82.34764984044513,65.05,60.09,92,94,7545.721822853716,17.390646171598405
B0-FF004_201404,B0-FF004,2014-04-01,15112.592221034502,88.14313793768838,91.4952749815132,5.395195371990523,0.9074145141458274,93.1950198842254,0,0,5595.113340652539,8577.119490531755,46.49694852120124,62500.97,4741.198039497273,3138.2521805345937,1198.121645997982,416.80237963792325,198.98819010036675,258.2768450135304,1226.252607999945,60.84784696692171,179.49616483660054,GreenLeaf Agrochem Ltd.,"Odense, Denmark",Specialty Chemicals,222230,820,801090.95,24.00573732575932,125669.3,8.96557615003583,311.4355750325277,4.926450419986925,612849.96,1.0185881980286924,95.13858542209368,303.3932359601501,397.7998808444014,99.97002738633712,0.3788797458274823,0.5748677113057126,0.0029698348294072,88.78360560615639,82.29014963601296,67.23,93.68,93,92,7747.300410870597,16.865433444022308
B0-FF004_201405,B0-FF004,2014-05-01,15455.29174241248,82.35679063740326,88.66311240706852,5.481068703924777,0.9050931031197016,93.98468538418062,0,0,5273.636816125696,8470.498352752085,47.81040173453334,837913.79,4764.981523788218,3325.015503192791,1230.6474268173572,438.8043293881444,191.1959706509438,258.7396251719676,1225.2566525378509,59.867441380797146,183.24128801640583,GreenLeaf Agrochem Ltd.,"Odense, Denmark",Specialty Chemicals,216911,849,274316.27,24.77747283446021,568479.43,8.761140494489243,277.5876051765192,4.59431551269002,13554.71,1.0196627159085614,89.32153271188088,298.4745495697254,414.3117468800252,97.8074533487749,0.3491321287283427,0.5398433628809499,0.0030701983141869,99.67000385005764,81.44985624817959,93.85,69.86,97,96,7298.930517515472,17.46782579523071
B0-FF004_201406,B0-FF004,2014-06-01,15175.58829098471,80.81026537357434,91.3719269578981,5.6762161009386745,0.9218818883211372,95.50751653035456,0,0,5544.653124551145,8702.542068852028,48.25529626674218,578317.33,4644.176862869901,3089.988480314606,1230.9570467292049,426.1026350226062,194.9314332385028,265.8522309754706,1298.2364865902389,63.54356879682224,185.1679672213814,GreenLeaf Agrochem Ltd.,"Odense, Denmark",Specialty Chemicals,210220,833,929472.61,23.03776690366868,243621.59,8.731678313588302,294.96259400022615,4.791792319570136,492223.41,0.9401886270516658,85.50604953237003,302.2961077769571,413.6835930284784,104.7196064352832,0.3690388407598175,0.5622895139067783,0.003021982883043,100.72479987717654,84.75625914913982,78.07,88.48,95,96,6892.591232209586,17.062347516674357
B0-FF004_201407,B0-FF004,2014-07-01,15649.619799207652,83.48919690572227,92.30567160282364,5.574559550456515,0.9280337555494368,92.57680392015315,0,0,5588.001291175164,8291.464203277457,47.88276851510323,93378.62,4637.543352368983,3178.661941011998,1250.6841930870382,422.8990852977178,188.3748833104156,265.6571526146764,1316.954211035317,57.16365840752452,185.0557631328737,GreenLeaf Agrochem Ltd.,"Odense, Denmark",Specialty Chemicals,210184,819,809531.4,23.789322022292176,302070.94,8.623776335839006,324.6699075548043,4.8102181450419605,664143.91,0.9983932892833552,92.48260929823851,321.57236844958794,397.2707455982957,100.27476770264695,0.3682181907346354,0.5685449965546638,0.0030016693116496,93.7625412223694,83.31523840794956,90.05,98.62,93,97,7534.010317416347,17.23209215589518
B0-FF004_201408,B0-FF004,2014-08-01,15445.535930848137,85.38693493108728,91.9575835672917,5.426324669786236,0.8685507867912686,98.3814799263092,0,0,5472.681119099021,8632.737016472469,45.06534928059239,241629.95,4753.74867537253,3133.4986411084,1251.157117255089,431.5761740864688,200.78014065207543,270.67541062880827,1293.62695462748,60.81092662978652,195.0642372134289,GreenLeaf Agrochem Ltd.,"Odense, Denmark",Specialty Chemicals,210097,814,718188.83,24.223588200836208,298822.76,9.354220117953057,318.738436480945,4.728428810421332,191655.08,1.0291074063900028,89.37702175573311,330.7624294837205,420.2841348402324,104.45521186243433,0.357605711624445,0.5545307775199523,0.0029954536939252,100.16805078217337,79.20681244402044,77.54,64.09,97,96,7255.518115772169,17.664820915619327
B0-FF004_201409,B0-FF004,2014-09-01,14900.369658098603,81.66183363057677,92.67167916140264,5.312893578646646,0.9056662928146452,90.78582372012905,0,0,5577.757026157658,8991.202355927942,50.3650195614734,956817.62,4648.12981382262,3305.966781045378,1252.7483828097518,454.90083017405954,194.150704574768,263.9485115813495,1262.1596358862262,62.81893699125535,181.0117870810871,GreenLeaf Agrochem Ltd.,"Odense, Denmark",Specialty Chemicals,220971,801,882816.78,22.757977765883684,304679.55,8.699991050793422,295.96372018562266,4.441320959282308,607814.36,1.007327616918002,87.90544922870143,300.2883323067541,429.4018717580342,98.89661305749776,0.3696400418935317,0.5396284126115813,0.002934391900902,94.40126776050222,84.88078184793807,98.67,57.03,94,95,7468.6127758672255,18.45861843922985
B0-FF004_201410,B0-FF004,2014-10-01,14513.814773613023,85.23888493031633,91.49626928620756,5.355723539236776,0.95131139850211,92.76782788574664,0,0,5845.534410610178,8729.831648781636,44.78958592239043,511916.44,4913.64898795544,3353.515103863512,1250.372986737396,432.81622376024507,201.5849726988033,265.2391048363464,1247.859408137378,60.6490833018933,175.85800990247031,GreenLeaf Agrochem Ltd.,"Odense, Denmark",Specialty Chemicals,231588,870,665252.87,25.39822241834313,723649.51,8.923570313445024,303.77645277250747,4.666786707910795,403911.33,0.9478348178928168,88.32739924065079,310.4039257598385,429.4175679519636,100.92136162478548,0.3715573224358097,0.5208046519131634,0.0031469915421998,93.66494682579334,83.7630331726548,87.68,58.87,97,93,7192.099129465441,17.86939793183499
B0-FF004_201411,B0-FF004,2014-11-01,14672.816610783782,83.28396887286156,88.34035588832789,5.580119172600868,0.8863263124029787,97.91580201583838,0,0,5587.422327093474,8405.274103128313,49.0709186258529,375832.99,4727.55089107212,3293.145455551283,1188.203291291414,407.5920043454856,199.02473244216293,259.49343700166656,1305.5802424228982,62.25752798941912,176.25123943882613,GreenLeaf Agrochem Ltd.,"Odense, Denmark",Specialty Chemicals,217608,825,629364.58,23.412045649546645,447057.4,8.916111108229826,302.1338627718025,4.740966934576722,347390.49,0.980019031011288,85.64986518054081,334.37706562308495,413.1074757457539,108.5854662776505,0.3758728482938094,0.5504685496076948,0.003060926891009,96.82658415607176,88.16495098380439,81.21,68.7,98,99,7137.797124061967,17.630299576796297
B0-FF004_201412,B0-FF004,2014-12-01,15563.348073583284,81.49697253367718,90.59903392837306,5.636525762356552,0.914207375076224,92.60691860739549,0,0,5608.6333413229295,8848.181742643448,48.563837667485885,43635.48,5068.931123127137,3362.2482477049844,1170.8910857588835,427.9410696886762,179.55652326826177,263.91268423486173,1227.8852571088871,60.72950067864136,188.8427404851431,GreenLeaf Agrochem Ltd.,"Odense, Denmark",Specialty Chemicals,202720,840,384513.3,24.14530186890921,377754.11,8.230051900671697,303.69198632618304,4.971894032272605,439069.78,1.0602720642636807,86.07138301938676,296.89588169794297,402.4065240675888,106.57598327721226,0.3576830495344963,0.5622954002719193,0.0030549924975897,96.3518129073416,86.84612075297657,62.84,93.61,96,102,7479.070648933398,16.607922217663102
B0-FF004_201501,B0-FF004,2015-01-01,14332.71460351059,85.99129486186767,94.66826613459064,5.303044986865117,0.945948201290256,100.1228871243286,0,0,5693.196909202761,8524.568653163142,46.37478487182565,881360.59,4665.621598245469,3179.200480660572,1294.267493057911,420.8034302040718,183.9178965303989,273.4950261185062,1262.3955317371922,58.72835821756674,182.7547325040593,GreenLeaf Agrochem Ltd.,"Odense, Denmark",Specialty Chemicals,212944,827,13083.12,23.266445443751376,552774.45,8.776034366026057,311.9989618549664,4.510694487026597,867608.67,1.0116626986724957,91.43861866408052,328.8010179409378,424.7870125308772,104.64272317602013,0.3779895913411427,0.5521541813666454,0.0031944012666429,99.87640797900796,82.6343492553604,85.91,65.78,104,98,7292.388135646911,17.01576494322378
B0-FF004_201502,B0-FF004,2015-02-01,14837.337345117106,82.42331718650782,96.3724798916824,5.455943074447954,0.8815116750790084,96.27085839080677,0,0,5651.96944595903,8569.72854165519,47.894562923974334,255958.38,4850.125714357691,3092.518502024743,1327.5036427354364,422.0405892657415,192.32887088467857,258.4112998363849,1292.5999357963271,62.667010016715096,182.3949907882699,GreenLeaf Agrochem Ltd.,"Odense, Denmark",Specialty Chemicals,224295,866,847296.7,24.851827647934574,323958.63,9.135280749467272,310.7642418604157,4.536676523220055,647015.29,1.0326474552264229,88.01154689251227,312.1489473683585,414.2506096450067,107.64770284660166,0.3848365551553629,0.577608722850529,0.0030481339431085,100.0852663649273,85.49282400683636,65.97,51.62,95,99,7613.867781837689,17.288421031138103
B0-FF004_201503,B0-FF004,2015-03-01,15268.221165170977,86.34820537873932,93.63112100678076,5.545088513645136,0.9304706836660204,98.07199780594,0,0,5617.502174285839,8897.020872456413,44.59335277934834,627363.29,5131.626134182058,3248.569911705724,1234.473386654643,453.8349251836023,188.7654257755968,250.6449649906221,1292.638566704388,61.116771412104654,184.11299685075343,GreenLeaf Agrochem Ltd.,"Odense, Denmark",Specialty Chemicals,216921,843,42836.54,24.31622708237057,620251.06,8.482374842010753,298.19427628626363,4.617000379047352,256233.24,0.952854133858848,92.4509115522836,316.0054719898281,412.5956080713866,98.87953997085602,0.3563002212821787,0.5717466139060535,0.0031751983972588,93.87864937102924,86.84285102051562,79.7,87.5,95,96,7842.857664598065,17.55432701981923
B0-FF004_201504,B0-FF004,2015-04-01,15635.123983539954,84.68166467488429,91.80228053240978,5.570410507288843,0.9888267859435776,94.04805994286792,0,0,5376.683218299422,8222.893358987894,46.4807356234354,562381.4,4936.466088163545,3073.999892311848,1275.8121595980645,442.2479374852721,193.58131163780345,272.5885634056537,1347.7217921701836,63.13544243033464,176.30572058230072,GreenLeaf Agrochem Ltd.,"Odense, Denmark",Specialty Chemicals,213862,862,105548.32,24.813657445205056,209842.63,8.501647150892149,318.3600148560359,4.602018055431339,538519.66,1.0360072107242673,89.05194024358258,311.67078126898554,418.81370722210426,101.69537957077,0.3503330938146025,0.558688998795727,0.0030696739010296,100.9588532912978,82.10009496223874,91.73,91.38,94,97,7235.401267298341,16.77030344003941
B0-FF004_201505,B0-FF004,2015-05-01,15932.327848932784,83.0377568759245,99.64470542265154,5.317803912407326,0.8822147104457421,99.74178710948554,0,0,5399.308598896895,8603.747322839428,45.23765577972141,81829.89,4747.31255965506,3252.4121458361783,1276.4043114131523,447.5972086470584,196.4283759147293,267.3187950975986,1265.5055932914142,63.52784314265493,183.40248275406617,GreenLeaf Agrochem Ltd.,"Odense, Denmark",Specialty Chemicals,214866,852,432274.76,25.403054647688634,739342.85,8.909675966457472,312.8033411954851,4.87565303808757,752057.28,1.0146552422054185,94.36342458827838,283.0289146456508,432.3972217715608,106.60066767328166,0.3457887884746428,0.5756651604012475,0.003164963479585,98.75723275408905,80.24108403126354,77.83,69.87,96,99,7375.954614864223,17.969856351577747
B0-FF004_201506,B0-FF004,2015-06-01,14931.391564881656,82.81739373092762,93.19069781920794,5.267375153624692,0.9271760086769644,97.18721115436804,0,0,5393.089770896731,8974.310672605981,49.27362818021282,995512.84,4713.070045596735,3182.5823967613624,1246.8037143280842,448.66210658665193,192.2771948781636,261.6183233353279,1323.2667152072363,63.20728617078865,178.432298058173,GreenLeaf Agrochem Ltd.,"Odense, Denmark",Specialty Chemicals,217495,847,338637.07,25.26339463912219,459089.48,8.830016446069578,312.8303277818512,4.851791491500699,322204.56,1.0149972328016987,93.44234144742175,300.1731275840449,401.709945202792,106.28841386901364,0.3929585947016147,0.5755014173705363,0.0032431885679723,95.9754819649804,82.6733594329547,97.94,82.08,94,97,7458.27872395866,17.169972211879635
B0-FF004_201507,B0-FF004,2015-07-01,14837.545306241249,86.52455007048846,94.73423960835804,5.626801260607781,0.9416379556265236,93.74175918977625,0,0,5589.593752532523,8366.822299219188,46.43092574153189,887695.0,4761.639890866388,3152.430200711277,1298.9129627754844,443.9031292276613,191.21640490105585,260.1401661012705,1213.2855946894765,62.38362074354847,176.8531419961564,GreenLeaf Agrochem Ltd.,"Odense, Denmark",Specialty Chemicals,220493,845,709664.4,24.583081241431213,893631.84,8.397040897494694,321.60773380054496,4.607227109571163,205468.6,1.069897784573085,92.32229428410258,317.5792222337884,429.7447982878929,106.82783713734185,0.3842635119805034,0.5513180416554232,0.0030405230678497,94.67062490687331,84.30736703225303,73.74,58.11,96,102,7528.462642845378,17.92558664531524
B0-FF004_201508,B0-FF004,2015-08-01,15056.392752074382,79.71250013411206,93.17421291998512,5.67401355453591,0.9001856550903324,98.54454639272184,0,0,5741.732637153208,8565.151613089163,50.86976558070437,874564.64,4750.079352186769,3262.181319394336,1229.1317800463012,426.77287415942055,188.1313024361925,275.3300658845164,1275.3165829349991,66.0915207431971,182.2672622186719,GreenLeaf Agrochem Ltd.,"Odense, Denmark",Specialty Chemicals,220760,858,129973.81,23.805692042184585,570230.3,9.057962721168591,325.7060683502877,4.571107279673504,678201.81,0.99960482861263,92.27581747959525,311.202845700976,435.0373959182716,102.92763067870602,0.3536995690541534,0.55425930591264,0.0030460081430767,99.0256933159899,83.54923246783731,89.87,75.62,97,96,7293.023177428869,18.24297815416621
B0-FF004_201509,B0-FF004,2015-09-01,14805.383405817833,83.71972895819277,96.5873056671026,5.632917472139661,0.9805706838092032,97.90305867823146,0,0,5755.303758663182,8616.770137842881,47.498197578413446,468521.83,4805.634480226772,3112.359221642448,1320.6427480528662,446.3271585740648,195.85353136110885,286.35046369652247,1262.2878510559758,64.19767884306985,180.5479194793382,GreenLeaf Agrochem Ltd.,"Odense, Denmark",Specialty Chemicals,218508,851,290263.29,25.3682673052249,949647.14,9.300436625325576,328.8457116105156,4.770033318489555,996309.02,1.006145052708159,90.05526450710167,303.3338314614439,428.7271935655538,97.84609387872132,0.3600931740111635,0.5620908414542498,0.0032032123914615,96.0126227303141,85.68788327633247,78.3,65.15,99,101,7368.699208172029,17.05780813433909
B0-FF004_201510,B0-FF004,2015-10-01,15315.769121339525,83.46844955216845,93.85495894261972,5.568363413218597,0.9705891783571464,98.90618096960183,0,0,5953.7065120788175,8256.238721317362,46.83132459312136,403815.96,5084.325802719027,3231.924338064484,1261.8026684603522,435.44000589774737,195.7659228385779,260.5710323710091,1261.2745545696278,64.48305733643339,182.7667370406015,GreenLeaf Agrochem Ltd.,"Odense, Denmark",Specialty Chemicals,222657,843,741478.64,25.37075589390873,791868.68,8.771185312758332,313.3038109272813,4.957297646292465,716056.38,0.9941408583358612,91.44598101695156,313.0670985021132,413.5972895419157,105.06742089712648,0.3549484685460275,0.5344633961744678,0.0032849123091325,98.03691271535811,85.1505165800924,83.0,52.86,97,90,7374.233364764471,17.466311681571998
B0-FF004_201511,B0-FF004,2015-11-01,15090.467929443364,84.30742508377251,92.07042559386174,5.399901365942664,0.9285212961619936,91.97105540860017,0,0,5690.208431109873,8907.580211711713,47.17072218104933,542164.53,4569.794914489514,3167.5689251908875,1278.3457959901289,467.0996715256098,195.5858015952853,260.3825767414173,1257.8271324550467,61.51020207923379,183.1487039521789,GreenLeaf Agrochem Ltd.,"Odense, Denmark",Specialty Chemicals,224261,879,225661.28,24.677036521083583,854332.56,8.484833767580017,332.5174544250597,4.482410084437504,209710.44,1.0790257979539006,91.16107287688888,304.8273795969123,428.6057265063423,106.94396208833132,0.3539643858339616,0.5552594149802792,0.0031719601664523,95.4555238259211,85.53173441189095,68.66,87.24,98,99,7107.412255651027,17.35682545748889
B0-FF004_201512,B0-FF004,2015-12-01,15662.680808546256,83.12539740571655,89.81815312062392,5.717248473616173,0.950575666932724,96.66761082261442,0,0,5727.938866867229,8857.758719438205,46.60566081610192,324892.62,4948.8384233405,3366.169552649757,1255.4063234358323,460.2364039130818,193.5466560488161,269.8219462196784,1361.549664925353,62.643371556898174,183.6860491629629,GreenLeaf Agrochem Ltd.,"Odense, Denmark",Specialty Chemicals,205050,867,324970.48,24.681427465428605,326259.55,8.835025754913035,314.8642895964012,4.818214344070924,581416.51,1.0718792157345929,93.01036711359468,327.9272509590961,431.30385683872174,106.2033444689365,0.3852815334155341,0.5428062459406013,0.0030310294067031,95.56297933264813,84.15189124947203,75.89,69.32,100,97,7442.302632436992,17.765247850417435
B0-FF004_201601,B0-FF004,2016-01-01,15972.682698505168,83.20858336088915,93.89522429026738,5.35746223218428,0.918894064827064,93.82473300154368,0,0,5802.025436800931,8503.586309347635,48.38005555812476,798365.62,4855.82846942426,3141.102450312321,1271.315794723275,451.3467251677451,196.35407083245607,274.1467257981336,1322.145961610181,61.190558157798016,184.66163201162365,GreenLeaf Agrochem Ltd.,"Odense, Denmark",Specialty Chemicals,220873,843,251211.28,24.6701035992626,803679.26,9.191741864728211,315.26293039779955,4.573704564629854,955030.39,0.9873497619067104,93.40701977657764,315.9314672551572,409.3841871243321,107.32986007228588,0.374710776086607,0.561687833524973,0.0029826504982985,95.6186789836786,82.8384391606244,81.29,73.18,99,98,7763.914089760963,17.804548624101713
B0-FF004_201602,B0-FF004,2016-02-01,15469.13696471598,83.78978611185303,90.75839355179632,5.489320498742856,0.9623318584797024,99.36680839146322,0,0,5511.497078320728,8675.42782967524,47.90871024239322,317395.58,4888.33506110218,3326.82409541428,1237.4065733039254,449.9775029888162,196.82415599951915,270.0895094055759,1295.9221165114343,63.59358676872444,188.78712768677315,GreenLeaf Agrochem Ltd.,"Odense, Denmark",Specialty Chemicals,225417,793,44380.99,23.369858310936458,870157.86,9.61152484403031,316.36421024035496,4.862277931954091,403410.85,1.0482560216683408,92.4507927381448,310.2430672517757,420.1307686633719,101.39142832328974,0.3687661441966345,0.5592676721691909,0.0031149997147806,96.12838734289782,84.58388017656708,98.62,66.95,100,98,7361.430766211497,17.74671037219443
B0-FF004_201603,B0-FF004,2016-03-01,15161.832363808608,87.8575835184004,97.6132382590735,5.321879241150404,0.9590092985790004,99.61542935220108,0,0,5852.196587837019,8473.486746133647,47.43389114585693,17523.46,4959.827396382933,3173.751098872789,1312.6853512702426,422.5797439796232,204.03766192313407,276.0535347554133,1274.165286590897,65.0774553431582,180.47581859551576,GreenLeaf Agrochem Ltd.,"Odense, Denmark",Specialty Chemicals,218801,858,590007.34,24.043491720765644,798976.96,9.0224667405091,310.24768436248866,4.881609182958008,901303.55,1.0598313850038243,95.86366664114524,314.2300379577797,433.7547856028115,104.37302733153578,0.3601373681047928,0.55985549524316,0.0031141253273846,93.07040707115696,86.83731981398675,81.71,78.51,101,99,7468.162339116798,18.53493445845357
B0-FF004_201604,B0-FF004,2016-04-01,16256.101288004447,84.47502536485128,97.42716442321276,5.439414025821881,0.926125142571114,96.22292107957738,0,0,5971.423402137564,8978.515629011912,48.781217715966775,208699.28,5003.931037372177,2988.189300036745,1287.0279401947864,452.6977081922541,185.369605585507,275.2217834133639,1323.0422705930291,59.979339083852494,179.9222483952458,GreenLeaf Agrochem Ltd.,"Odense, Denmark",Specialty Chemicals,231841,849,386420.39,25.53029133305718,105969.2,9.274097143978638,297.4277977654093,4.814663600207765,541923.45,0.9762741202419264,90.18272616053444,311.1165565231536,423.1510192335812,105.10741791591586,0.3724961296289248,0.5707788722802937,0.0031410728830327,95.63165519891096,83.48766362138689,75.11,80.09,96,102,7722.469243102294,17.289444197621048
B0-FF004_201605,B0-FF004,2016-05-01,15185.98298618146,90.6006714321168,95.04601594899032,5.630187467997672,0.926672731187686,96.55618562428592,0,0,5701.020575116754,8745.649648555733,51.54838306591209,842971.61,4766.757896521418,3214.4027418289484,1301.5919894097367,431.76129240890543,199.3913427040706,266.3336421596697,1229.0289994690672,61.72045966989741,186.9503553275109,GreenLeaf Agrochem Ltd.,"Odense, Denmark",Specialty Chemicals,227740,878,900581.47,25.447283680211704,893025.25,8.61420119655679,318.1518837961983,4.634906169803216,211741.74,1.0564580053746084,89.37494651311538,319.2357074724088,424.8775462184288,108.0577066337864,0.3575928782732601,0.5787318926265246,0.0029908631420872,100.8854257050526,88.1734623147298,96.97,54.25,95,103,7894.070606404801,17.953540363376632
B0-FF004_201606,B0-FF004,2016-06-01,15210.699312884952,86.35704636101715,92.9921712742544,6.009691054778137,0.928456527921471,101.449643823462,0,0,6065.58981821301,8855.857255622335,48.3630520668463,762866.35,4736.604401547578,3312.2720275704764,1329.084274273115,444.223826155905,210.02312490083352,267.59330071912416,1312.1926113580007,64.11213296920798,186.4578943333768,GreenLeaf Agrochem Ltd.,"Odense, Denmark",Specialty Chemicals,205443,840,93205.86,24.685489647838622,559027.59,9.226635767415845,316.051995496272,4.719897490962629,274205.74,0.990800536983328,90.2706422086296,310.1265630557807,433.1626091194042,109.5993643913459,0.369990343942195,0.5731358946177634,0.0031578339915998,104.05114725580266,81.00302096468091,60.7,91.48,98,100,7745.279790886295,18.10247419002873
B0-FF004_201607,B0-FF004,2016-07-01,16311.396486251278,85.98869007287614,94.9013659672073,5.547592870789714,0.9619539465262098,97.61942336388942,0,0,5704.211430544188,8605.263836861393,48.61224872594018,741847.95,4990.832970105494,3297.917853410615,1260.169690168673,473.43983547572407,196.6143626970555,278.01962644007364,1277.4365213637932,59.87407398379768,184.07384045905297,GreenLeaf Agrochem Ltd.,"Odense, Denmark",Specialty Chemicals,205081,851,268273.35,24.11423471751328,486451.86,9.43951656383592,314.1934943931824,4.863945392517183,314573.66,1.0503066587060388,94.09789893738524,327.2425487239093,401.97840250070976,101.0850005353848,0.3854727245567663,0.5565510000033475,0.0030585979490588,95.08695147984253,84.62043549200375,67.97,53.99,96,101,7402.448404096739,17.48923158139668
B0-FF004_201608,B0-FF004,2016-08-01,14332.314283389873,90.75400339349284,97.62463062431029,5.501925391313622,0.9218717258148704,97.86617072951007,0,0,5295.645712947933,8637.649882690335,45.814894180853415,646603.79,4932.883574896349,3194.972097698756,1256.0596016576606,476.71751973974335,202.0553356386833,269.55018978524754,1396.2806976035015,61.53470758727573,182.91946076206608,GreenLeaf Agrochem Ltd.,"Odense, Denmark",Specialty Chemicals,218677,818,823724.4,24.95443684191888,453004.16,9.1656272421553,320.5313421787385,4.827729441956886,394760.42,0.9907454854420584,98.18441673851224,306.0823954731048,446.35890381618464,103.0160560278001,0.3816861226895647,0.5785890156363679,0.0031878411816751,101.12645243209008,81.6204208501234,67.0,50.94,100,96,7144.22396783022,17.708203344473652
B0-FF004_201609,B0-FF004,2016-09-01,14339.508170120444,86.5394644272928,91.47282848998012,5.450715435915148,0.8837002509550079,102.80409872043772,0,0,5432.884316801223,8566.704806422074,50.65815922004768,373416.09,4806.078973222965,3291.744977988719,1256.6147176435938,452.0721559908723,202.1194394321528,270.8774705212061,1316.6969274894066,64.35881903328442,185.8854244528625,GreenLeaf Agrochem Ltd.,"Odense, Denmark",Specialty Chemicals,214825,845,916079.76,25.431981186945272,268698.25,8.984400163306614,312.30972549988365,4.995347905992798,71731.47,1.1050802546501937,92.85651671844134,330.74992939317474,412.3045387882885,105.86238614969336,0.380210353960533,0.5536155364011346,0.0031312185021398,102.20199497203431,85.02933388746939,86.71,89.86,96,100,7443.429739329013,17.355412115248836
B0-FF004_201610,B0-FF004,2016-10-01,15718.328114762742,85.44866569339145,96.33547794924228,5.219849524880806,0.9641013918859712,95.9556460132409,0,0,5852.233041489456,8857.818970632894,49.99434274547835,42008.6,4800.94178279933,3281.869665132057,1253.6418825519931,447.0750494633728,190.48231184050425,265.9609071154763,1344.8258919236737,64.6216642551026,185.11739973190365,GreenLeaf Agrochem Ltd.,"Odense, Denmark",Specialty Chemicals,213162,849,655386.26,24.97388142439666,481961.09,9.710271119935095,309.33250721996984,5.016725934004775,656747.38,1.0027750749223974,89.23904758012766,321.16746776061444,413.8836672266587,104.02672776365304,0.3688318092277685,0.5593321923743408,0.0030567893513528,91.96876534308392,86.20310196644712,73.48,84.81,101,104,7619.789529556567,18.592839051618054
B0-FF004_201611,B0-FF004,2016-11-01,16428.844190319644,92.61991503162284,91.89684738987025,5.406566838975774,0.9382572266155768,98.57583229429028,0,0,5547.89349522522,8647.033303713677,48.18669554923191,238917.4,4926.866742623022,3185.4801916343813,1217.810941287625,441.536643804455,200.63894434198767,277.5950546232692,1315.092881683379,65.96882817723183,193.1848319921372,GreenLeaf Agrochem Ltd.,"Odense, Denmark",Specialty Chemicals,221567,863,582353.51,24.799678608841333,380480.79,9.386862548394603,324.1352499439982,4.7118629507672125,124783.77,1.0207977155784975,92.18202699686344,330.04394639781486,429.1126920680259,110.33615896330096,0.3702774821934801,0.6017932087236613,0.0030638281280757,103.24596473316258,80.23498966175703,99.46,90.23,99,100,7633.308920041891,17.261777772019638
B0-FF004_201612,B0-FF004,2016-12-01,14898.06229015131,86.79084283518023,93.50376899546062,5.838206900915019,0.9466232906895328,100.43743701786636,0,0,5420.382333402995,9133.025363586306,46.88820695225747,806312.78,4908.592705107685,3302.253930790449,1319.8585360192749,455.0859034504471,197.68075602660207,282.9976550986781,1336.5619068712924,62.72644596112932,181.93245017176795,GreenLeaf Agrochem Ltd.,"Odense, Denmark",Specialty Chemicals,215039,861,29870.22,25.008564305950475,820181.21,8.395551509138325,307.1801533014661,4.472438873692746,275532.12,1.0739936430893176,87.34285225383292,307.8871409306836,424.7252204649672,102.82707851764518,0.3626782577513163,0.5827571642264104,0.0030942550149977,95.0068783591907,80.79239330834058,78.38,81.64,99,100,7521.291338293711,18.19783771024855
B0-FF004_201701,B0-FF004,2017-01-01,15037.540888978883,84.89033245701218,96.83338557476648,5.8644009099937096,0.9744790554744142,102.08220650223888,0,0,5434.303837141155,8849.470919325471,48.916198910815005,583441.15,4821.9290873168775,3434.900723098072,1308.7587369486423,473.5078574037795,192.99896686586445,269.10306829177443,1361.9651582999936,64.12946979172014,185.4274605784437,GreenLeaf Agrochem Ltd.,"Odense, Denmark",Specialty Chemicals,217450,863,317308.2,24.85106176183321,856135.01,9.227567441282885,312.6423174391394,4.773048918009538,717030.87,0.9999683966668224,91.27863361384075,335.5733793870409,426.9438710174178,103.9019450264208,0.3967121636159271,0.5581153883299749,0.003054000518795,103.23675675553258,88.00863576823008,86.31,57.25,101,97,7092.832839117327,17.639952051233585
B0-FF004_201702,B0-FF004,2017-02-01,15954.902324718536,85.2918369248414,96.965704276902,5.657345495622376,0.9059551848523728,97.35746899361811,0,0,5714.078370176308,8945.087489312149,48.53108096807022,66432.4,4999.919473755558,3220.371354136773,1267.5665367066615,456.4023595961944,206.91399184157103,271.37166975431654,1247.721940370006,65.14935443515613,184.5982855078392,GreenLeaf Agrochem Ltd.,"Odense, Denmark",Specialty Chemicals,212507,865,552195.45,24.571511332040537,168784.15,9.29753239693988,329.1343556200974,4.800531673715003,122526.3,1.01221265691401,95.02497123406069,327.8278839138919,415.5846839107081,113.2901437586236,0.3634829109697224,0.59208553902763,0.0032921512546225,100.01480342509988,84.40728197547959,98.68,69.58,104,97,7229.818940892254,18.162568969021063
B0-FF004_201703,B0-FF004,2017-03-01,15740.858721204915,91.61574951464992,91.79151826973164,5.610322060555015,0.9889238684911896,99.03770148157555,0,0,5679.984351873422,9078.120870919887,46.66155854600868,197961.44,4908.463443335093,3064.2416075175192,1290.8381949131235,432.9467658296762,200.8579379585219,277.1531926990434,1315.057131888099,65.22118289571257,190.2698116957301,GreenLeaf Agrochem Ltd.,"Odense, Denmark",Specialty Chemicals,219355,913,336811.83,25.61228861556592,270719.21,9.305162362954992,341.811884865156,4.938850570936163,876288.57,1.023954352989627,92.22163441001722,314.72802308248936,437.0986987043376,103.6904737104516,0.3769047167290948,0.5852154303688879,0.0031666826647848,97.1261530086081,88.32231203308008,85.05,63.32,98,105,8002.4565195745745,18.27337084921857
B0-FF004_201704,B0-FF004,2017-04-01,15854.210636154065,84.59194439641439,95.13172059393897,5.8490240287977695,0.969011002873112,98.99322268730656,0,0,5986.004478962311,9035.595580361543,48.64080398659506,20091.32,5058.162316632787,3213.703146242866,1254.5460072659102,437.33782234943845,206.8039596304312,269.99094978072577,1335.348059633763,64.21435048566798,205.8017064750326,GreenLeaf Agrochem Ltd.,"Odense, Denmark",Specialty Chemicals,224509,818,549496.99,24.772151888880607,368547.51,8.949207441408474,324.177007894493,4.947333673190473,289163.25,1.0296441995776755,93.33266859490288,299.53743702180344,410.37114542703375,112.0863962954608,0.3802356608388579,0.5671840924566047,0.0029957237859043,99.76212054102608,89.17423699391522,86.64,91.77,98,99,7332.059024729631,17.556678651732714
B0-FF004_201705,B0-FF004,2017-05-01,15409.769780690438,85.76505126364445,101.91422518910272,5.424066014241477,0.9566597105328092,92.79790937011887,0,0,5989.948580880431,8796.220334584923,46.55939893659352,311437.98,4815.545423338149,3351.5326382520734,1307.0408846955688,450.9563937456019,205.20341521899965,266.88059306973594,1204.9736572136594,65.08300672920898,196.9114578153176,GreenLeaf Agrochem Ltd.,"Odense, Denmark",Specialty Chemicals,230490,833,789825.02,25.63880083541984,60726.16,9.17355830833859,315.74438242337584,4.765405961338511,426669.25,1.076877326505029,93.2022309639532,334.8832133395449,436.148977254234,112.01978254275429,0.3862452040730132,0.5901065890508421,0.0031487620798099,109.08556489575015,87.01339339940897,60.03,91.14,98,104,7847.290220320362,17.92987631866906
B0-FF004_201706,B0-FF004,2017-06-01,15114.12978930676,87.20751565489599,94.26552708553504,5.787415526886384,0.9751242831929054,107.7658899372714,0,0,5778.27872005221,8854.95038371577,50.162427348634026,486704.27,5261.181131970467,3389.898478276305,1273.4641302633026,448.16833847919673,206.14414251661103,276.86870732099527,1322.943224236875,63.45465831025224,189.4560287261169,GreenLeaf Agrochem Ltd.,"Odense, Denmark",Specialty Chemicals,217856,904,469229.13,24.99281443088343,443272.9,9.181133330335864,323.0201944296271,4.790825324595617,446002.94,1.0230574171219748,92.9178564787035,315.8199466751854,440.537398775603,106.26426574996002,0.3986690494259913,0.5679371656840652,0.0031774015600884,99.30723733362112,87.97163489343103,63.95,83.99,95,102,7456.247755248665,17.88771914936468
B0-FF004_201707,B0-FF004,2017-07-01,15868.183207353422,84.01172738379579,99.5688902311538,5.60067741799621,1.022837812533496,99.3674620011676,0,0,5705.757208918803,8547.998859852487,48.88845034347053,59711.07,5209.013616484043,3311.0596320162813,1282.2113937740828,439.7020171446755,202.6629487026541,267.2127468534969,1341.7732539052156,65.81944265405217,185.7634482857583,GreenLeaf Agrochem Ltd.,"Odense, Denmark",Specialty Chemicals,228766,862,802592.33,26.321351171598764,876594.38,9.306433015734193,327.5999066517988,4.996101430666496,728864.14,1.018875019278373,98.12998960240168,332.6392843567826,436.628447957533,102.84629876286463,0.3668217031604683,0.5897801720442731,0.0029774796944802,101.3166718329946,83.46036307702116,85.38,55.52,102,104,7779.199753646869,18.325829438837
B0-FF004_201708,B0-FF004,2017-08-01,15644.052223725175,88.8205379559882,97.6990619894706,5.205944614656507,0.9876069975305354,101.67021183020329,0,0,5861.728126983924,8993.486157750733,48.13709782592309,342664.28,5139.492286480798,3580.046861405668,1301.157459155969,464.0821031855143,195.43729211341565,273.1357123849596,1320.3993430270643,67.06092299070107,194.9436328684948,GreenLeaf Agrochem Ltd.,"Odense, Denmark",Specialty Chemicals,235543,831,897645.88,26.01854485911801,78566.92,9.187273793530911,280.4748777728312,4.8341685829657335,268308.01,1.022347221290679,94.0243586505365,342.196888296131,449.4583206069902,109.86376010927516,0.3776427096484513,0.5704836420343585,0.0032438658391899,100.49623552656372,87.19382756077911,71.22,72.16,103,98,7769.643380396652,18.32354293532373
B0-FF004_201709,B0-FF004,2017-09-01,15804.718981159887,88.60854966111488,98.28283743604868,5.568291664248428,0.9202509778485938,96.79977050430978,0,0,5644.584980753635,8637.188961909627,46.136301955849085,652388.6,5135.060939962719,3271.988126023174,1228.9721545515074,452.9771486708386,203.7064837444207,262.3952243714552,1365.3870447155246,62.04775011260504,188.24029776944272,GreenLeaf Agrochem Ltd.,"Odense, Denmark",Specialty Chemicals,220196,857,311402.93,25.80546221858053,215520.16,9.022348616483834,328.7051014520741,4.981257310584397,517499.29,1.0533110864623336,91.50582970832464,315.7318472044006,441.9742629625832,108.83139063475734,0.3875901058863494,0.5908288949980887,0.0030910989102681,103.56205108695394,86.36580355138285,64.72,57.39,102,102,7905.857487874981,17.232966321147728
B0-FF004_201710,B0-FF004,2017-10-01,14865.58269526375,89.00795192060544,97.61600974701642,5.54917753709425,0.974339105737152,95.32174896693468,0,0,5942.466296951212,8948.138343635623,47.99276107863653,134824.78,4974.453176002948,3261.6024502994105,1267.378389993905,441.0208983838593,202.381889393786,274.83785369975794,1350.3708425607424,65.82043267675935,192.0450072748082,GreenLeaf Agrochem Ltd.,"Odense, Denmark",Specialty Chemicals,241004,894,551999.57,25.59458610340142,101363.1,8.83020673866659,310.80424236523584,5.023881213237452,885857.74,1.0201953591388857,96.46070209751176,327.3187270639876,447.5673523601309,111.03666651679826,0.3774923003867699,0.6089697661877541,0.0030722594339563,107.88262840545278,84.9495386693997,67.66,86.36,100,110,7619.696274057971,18.606872802972266
B0-FF004_201711,B0-FF004,2017-11-01,15512.11629037552,89.81005459280277,95.12207163390538,5.731984362244844,0.9831757207014196,97.48862647143692,0,0,5801.045941543321,8751.747704695084,49.09452519056327,643304.94,5264.770296702978,3395.3868387144885,1296.7454151692175,475.6274395527141,196.7678251102784,268.66743899283506,1325.455398186969,65.25761103940694,194.0032255148216,GreenLeaf Agrochem Ltd.,"Odense, Denmark",Specialty Chemicals,213571,862,863164.81,24.381165004843616,57575.54,9.477236412378817,313.9082718337792,4.914183341707689,779562.8,1.0886402341731771,98.1513952719334,326.4309341693785,429.2088939522643,102.9899291763412,0.3809867490371089,0.6173689012117091,0.0033065559262847,101.31501607260384,88.15071813161194,73.8,64.62,102,102,7970.923754189173,18.68993713161531
B0-FF004_201712,B0-FF004,2017-12-01,15885.655787353648,84.8399693620579,94.02546376663253,5.543471563552894,0.9729717249538984,93.702404392595,0,0,5964.704066568072,8855.39095155736,47.99232569249333,186943.31,5049.557267169716,3331.2723054003204,1278.750500896125,462.7737804589615,199.53439446721583,285.2138277505442,1381.8704770575707,62.417950956849225,184.16395397920203,GreenLeaf Agrochem Ltd.,"Odense, Denmark",Specialty Chemicals,232787,879,210153.96,26.054963575838745,710497.45,9.83243009514761,323.14113743740825,5.133784276002739,242959.46,1.100029945547459,96.62157820228492,340.99102125129315,447.5458767822749,107.46269175920033,0.3668575428543936,0.5713857902534926,0.0030188074803519,98.12071471394351,88.57897150198882,80.39,70.78,99,96,7788.029230381593,18.394537144395684
B0-FF004_201801,B0-FF004,2018-01-01,15194.47889123464,86.16612695608606,101.41978158151022,5.90041508441683,0.9242380745225754,99.63440469817202,0,0,5807.564674433257,9254.134881804028,50.53183916106788,539574.4,4970.301124365647,3426.969834204144,1361.7744515911652,461.5832161127662,199.1689382944351,289.28957851817034,1415.7277911589763,69.3013265916821,189.2758570822677,GreenLeaf Agrochem Ltd.,"Odense, Denmark",Specialty Chemicals,222168,849,303732.62,24.522558813584936,594259.1,9.428220756723393,329.6445318940286,4.704316887882598,781707.61,1.0226186239929982,91.36199000446427,313.62008852440647,425.03729884471807,105.01015743778494,0.3707129505176989,0.5395298196952978,0.0032034994472834,101.734077308332,93.46359946612604,65.51,82.81,98,102,7859.494648145018,17.934705851497583
B0-FF004_201802,B0-FF004,2018-02-01,15707.96660509172,92.6638234916006,95.93404934335766,5.38581941980885,0.993863993022383,100.9518900823213,0,0,5686.403418188548,9090.007690584724,51.949448438178976,58501.74,5178.735995354447,3240.22507589889,1245.4254107110935,490.8452189081395,203.71670819364323,284.66678670117165,1381.6455808475484,64.21219680894404,196.4023357875973,GreenLeaf Agrochem Ltd.,"Odense, Denmark",Specialty Chemicals,228813,843,469889.09,26.36436196946099,582077.85,9.300712680243556,323.9650702713316,5.192477705911425,31024.17,1.1727492475532022,93.69470838440036,333.3452097362837,452.2366249534832,107.40870526850904,0.3798225588839288,0.5745059269226871,0.0031100510153356,101.97788117379888,87.31762032604684,71.26,66.65,104,100,7706.951031000753,18.72323181692961
B0-FF004_201803,B0-FF004,2018-03-01,15814.63679392908,85.01542268781813,97.1000688668516,5.790800728193785,0.9984327593285136,97.86058100964084,0,0,5755.309443513984,9091.202374149778,50.074658135918206,564877.22,5008.05725756015,3226.2704004591114,1332.7222954389288,465.6054859392198,202.4601404734917,268.9011217397249,1329.2478640201784,62.984903834307005,194.6641780355548,GreenLeaf Agrochem Ltd.,"Odense, Denmark",Specialty Chemicals,221656,864,87551.49,26.18302692583073,79450.73,9.280484296336722,319.41390123547603,4.7396539041641885,571622.23,1.0478361926085455,95.12974866617594,323.03680910748807,425.3212763832491,103.29583073180642,0.3821519293924679,0.5700537196130151,0.003325529422303,101.73127931070704,89.25954033405654,61.17,77.16,99,98,7777.386062481562,18.566082189551302
B0-FF004_201804,B0-FF004,2018-04-01,14799.669448797804,86.56930704703629,102.66332684009758,5.805033728767392,1.0156086851533948,98.34356888617504,0,0,5985.961841661368,8967.442654186474,47.39098386158148,980817.42,5406.4839014315385,3213.313889480522,1363.1396179134777,457.4341361515124,200.3161687406516,282.27142743886884,1290.3011226240224,65.33008674297966,182.8345037088973,GreenLeaf Agrochem Ltd.,"Odense, Denmark",Specialty Chemicals,228034,938,962892.16,25.30227624635436,356401.53,9.541761866134214,330.9936230759312,5.130439400333626,101295.53,1.0747253439402644,84.87612657013298,333.4544416068871,419.31351231947406,107.24063871252756,0.3905995259915382,0.5577691184107285,0.0033073116829966,101.01916550804684,91.71644297382332,75.65,59.32,102,104,7939.898745866589,17.65319620708875
B0-FF004_201805,B0-FF004,2018-05-01,14969.1275685245,87.16668079508011,98.9132513814926,5.809719101773916,1.0178380455292118,99.24675548167912,0,0,5917.578849816693,9079.9662722114,50.45085457754195,792330.59,5030.434913278323,3495.5793480294665,1331.3283850206417,455.3755665929604,201.1667233193289,285.53085404277897,1311.8282753257888,67.22318082062256,193.2655201085243,GreenLeaf Agrochem Ltd.,"Odense, Denmark",Specialty Chemicals,227671,918,112637.98,25.51621078002831,955779.15,9.241184204509612,330.4763544249893,5.203050198510089,956693.63,1.0402977408105891,98.1732879438472,321.74338915464625,438.5628096706733,106.51040353561136,0.3632450854077299,0.5889003191332675,0.0033137729433394,101.33049219655294,84.0799485337051,90.87,90.81,94,102,7913.639998220654,18.944259307999832
B0-FF004_201806,B0-FF004,2018-06-01,16585.408507295586,89.81740961187346,100.25266275133689,5.515482439715529,1.020514149013788,104.31288393565129,0,0,5992.887757187456,9412.18205651726,49.15149035800464,576872.9,4965.883124338271,3471.4156834941427,1235.6911192674806,423.25493515553126,208.26944305977344,282.99526327757826,1342.686652294684,62.992818872526186,182.7053020111901,GreenLeaf Agrochem Ltd.,"Odense, Denmark",Specialty Chemicals,221075,891,312329.1,26.180679006634225,80384.61,9.145096759454727,334.7182971895936,4.948035724761518,206059.24,1.042952702979732,92.2892599413086,331.178266918724,442.59315445827866,109.30589813720452,0.3758989496999942,0.5825806454819565,0.003364064624538,97.30844127931265,93.08128776726132,67.45,95.73,105,96,8125.073662575342,19.34079688017125
B0-FF004_201807,B0-FF004,2018-07-01,16288.81999898374,82.64012216934677,99.87698938223588,6.027059503265785,1.0194295984324513,96.36274785475334,0,0,5902.503677597597,8632.081614924175,50.66360507063305,380801.17,5024.956101298781,3263.630769814906,1351.4578792473842,454.8901527127992,205.492620076278,294.1549366139634,1276.695973809031,67.42696163351832,191.6207953894632,GreenLeaf Agrochem Ltd.,"Odense, Denmark",Specialty Chemicals,224413,896,371990.54,24.62325827603597,813878.34,9.644702921108657,324.5375929565468,5.0963149175337055,732555.2,1.0276514710579898,96.61096893622464,331.3183889379039,433.6827136648178,109.6810513891037,0.3723903083797569,0.6054999630024528,0.0033388396135894,104.08196847446382,87.21864836250383,93.12,75.22,107,109,7628.468089336973,17.862987625509493
B0-FF004_201808,B0-FF004,2018-08-01,15856.574271164587,89.38684209443205,97.3385740691614,5.683120232566379,1.0125954334336495,100.45952578384232,0,0,5948.134711103588,9850.238267816148,48.04493746545417,835982.77,5416.567278707688,3339.365105934246,1332.323779284434,492.424519692073,197.5122451116042,278.74578960214365,1325.6233157663123,62.72562485838334,202.1361459555488,GreenLeaf Agrochem Ltd.,"Odense, Denmark",Specialty Chemicals,221939,860,193541.96,26.265654038519447,492636.54,9.09100838317157,332.6244233382089,5.138953822551696,51530.64,1.058531999558607,97.76171852656354,326.718522583794,458.40984311370704,106.35358197698842,0.3749055796475247,0.5716025995485579,0.0031950191892499,101.89372392936212,84.79690483840311,71.23,98.11,98,101,7953.900542007217,17.763672411665684
B0-FF004_201809,B0-FF004,2018-09-01,15661.966045983896,91.30112359585284,103.14410669679567,5.83322232103809,0.97171571388454,99.33748413789976,0,0,5706.366719098111,9294.195094545315,48.65096278648178,636257.49,5034.833130623291,3493.586298958393,1328.1556602250794,470.70111361171377,205.7118924371774,285.64568412943635,1342.1711427953571,67.04433672831345,189.45373988644363,GreenLeaf Agrochem Ltd.,"Odense, Denmark",Specialty Chemicals,230595,907,685012.35,26.160686810050457,309960.59,9.65155297252798,306.565400746419,5.151317797984504,42578.17,1.0474056515118426,92.89341961868988,341.56954051833884,425.6631146331226,106.77829684085694,0.386319407256084,0.5741383618173557,0.0033065157453594,99.58821434368102,89.37133784994714,87.84,60.34,106,101,7533.100787215924,18.848078373833008
B0-FF004_201810,B0-FF004,2018-10-01,15520.482249828196,87.62925956495926,94.87475840337142,5.881555483810683,0.9588797290868516,100.86919443079476,0,0,6036.012391385075,8991.947529011199,48.5092305910439,907438.58,5079.799026856753,3380.7256650040563,1289.4354352828311,468.1838324605293,209.0370148861612,291.4386428875598,1286.2973316813536,65.1627005902141,199.0893944347629,GreenLeaf Agrochem Ltd.,"Odense, Denmark",Specialty Chemicals,237291,864,908234.31,24.577421274120564,101835.88,9.255607370086343,344.82215982768525,4.958687662368983,95487.74,1.0643207103117982,90.7128716852315,311.862230749319,445.0693291178313,112.32304356811248,0.3918344300912889,0.5667866251962415,0.0032722667925707,99.09656015709837,89.60326062132515,94.17,77.31,107,102,7788.56206855077,18.445092834024145
B0-FF004_201811,B0-FF004,2018-11-01,15211.318869474171,87.55523545936315,97.18007756838878,5.721865278784319,0.9868946088515356,96.60649005396712,0,0,5568.790312010883,9236.460268416577,49.11545320772277,202463.58,5307.265269190338,3387.4044313226623,1343.8419554525583,468.6880546565712,203.3777533074305,280.39323232328354,1378.4029225406152,64.50710279825734,187.16226317293905,GreenLeaf Agrochem Ltd.,"Odense, Denmark",Specialty Chemicals,227226,891,211134.65,25.63747714539949,101609.5,9.521425638427516,311.9291804443629,5.325474244397446,555063.49,1.0421134824328182,94.40349433719308,335.16770134306233,450.6092828426182,108.319879382668,0.3686516232458097,0.5682020293986201,0.0032574045991882,105.28135922434222,91.59774198221186,68.82,65.79,109,107,8066.003835739206,17.983979635060603
B0-FF004_201812,B0-FF004,2018-12-01,16326.939810446676,89.96030181100492,100.14211422618936,5.996528587689595,0.9907283168877364,100.90558757576068,0,0,5970.580684823257,9155.226137396674,50.09532769474827,835911.33,5208.11130020476,3398.510178152043,1287.1013425674123,473.8123578151075,218.0583382863421,285.430428276353,1339.6238227452925,67.09499159457022,197.4401086256265,GreenLeaf Agrochem Ltd.,"Odense, Denmark",Specialty Chemicals,230971,924,746701.77,26.69713919327324,670504.31,9.78141217772736,342.1202295210716,5.180121123062285,706463.89,1.1451124634319778,98.40441906538248,321.65038008516404,442.6508774604087,108.48079940827628,0.409631626828217,0.6125151305099448,0.0034306265053733,100.04071971701164,91.66514317472664,62.95,86.62,102,108,7624.266910331012,18.44264119175322
B0-FF004_201901,B0-FF004,2019-01-01,16454.252124345436,91.09424397502154,104.88040016644425,5.785412778013578,0.9683528231920788,98.01041465422288,0,0,5619.663723046844,9625.8866207742,49.86389075319428,247185.76,4954.416646841751,3365.063077047892,1291.4894410847592,459.9691016364002,209.89545097859445,287.8521767274126,1388.7755315805275,68.77453575132306,200.65654024422284,GreenLeaf Agrochem Ltd.,"Odense, Denmark",Specialty Chemicals,220385,874,13475.0,28.58176462243489,467919.5,9.397998007028177,337.2383389548808,4.955428799667914,546330.9,1.10314692037119,95.3563052662294,322.95392759954467,438.9060445372654,108.43010114702538,0.370477714185267,0.5809215522590303,0.0031021039003662,98.69400971324212,85.79763235225397,78.09,97.89,99,108,7601.744209985559,18.88790707230353
B0-FF004_201902,B0-FF004,2019-02-01,16029.939946845332,90.64099675899584,95.01596263425633,5.47682393531282,0.9588583118711378,102.75788087691302,0,0,5929.226426204371,8896.753384630772,49.8244351861633,109141.58,5317.124609181921,3415.441335413718,1360.2476007699945,466.27248227752506,205.94991549567555,292.9778114788785,1360.2034488543802,66.5241531530849,189.80532079058312,GreenLeaf Agrochem Ltd.,"Odense, Denmark",Specialty Chemicals,223884,862,33634.45,26.703592109215315,587823.14,9.028229928828043,334.879195252105,5.004601710918151,898425.46,1.078055154493676,95.53167610712406,323.4559074217749,420.2177501411645,112.11243467133572,0.3907563736508175,0.5984614786293369,0.0031829583757794,102.17047978064468,91.0551734587149,75.7,93.96,101,99,7924.594447031799,18.98669764422082
B0-FF004_201903,B0-FF004,2019-03-01,15792.337038537438,87.27941991774757,97.58496470809284,6.199823772806668,1.018869377675921,103.80703668767477,0,0,5791.999857369377,8821.890766610635,49.05923154779482,999492.09,5001.607324091596,3406.5988788156487,1324.3929737617148,461.35318008645896,208.06853550447832,282.1094900193184,1365.1999770165248,64.78963169500969,198.71438331922724,GreenLeaf Agrochem Ltd.,"Odense, Denmark",Specialty Chemicals,224148,933,809372.84,25.69493952261056,744064.29,9.619057588691511,340.490967877496,5.328243868956458,766438.91,1.072829365448913,94.14679942611932,329.9121461315068,460.61555930407405,105.17455287201076,0.3776106052903621,0.58857316213829,0.0031640664348439,101.48149944728068,93.87561522117204,88.73,75.16,98,100,8107.078953012428,19.44467793096963
B0-FF004_201904,B0-FF004,2019-04-01,16050.3464526896,88.33766061963314,100.16283530379256,5.353133715361459,0.9916341365624932,98.5085312770557,0,0,5848.649273830327,9111.741042392736,48.82693986138347,930912.74,5238.9552692765565,3418.594268772116,1289.9296352337726,483.9398816788178,206.8120414184354,286.54814679037736,1321.7134110902032,61.27785151437183,189.60137145882985,GreenLeaf Agrochem Ltd.,"Odense, Denmark",Specialty Chemicals,221178,875,17939.07,25.886006161026955,329575.87,9.705045766323911,340.076038727533,4.928402986415079,745749.52,1.1268043373522858,91.22706012160084,345.0496415588513,428.3136615867192,110.83956518392966,0.3923823670004892,0.596549591118962,0.0034661604368688,101.93528907069648,84.77104445292406,96.18,75.8,105,106,7887.812559788605,18.78272112499352
B0-FF004_201905,B0-FF004,2019-05-01,16032.455055042012,94.06049638386048,97.71256677854066,5.692607704231163,1.012087413973585,98.9827329821978,0,0,5949.962678471971,9801.648188421876,51.88045282544973,31991.38,5187.903379954671,3354.1157610179453,1338.9734825103076,479.4669240350457,206.73715175849443,285.20149363765853,1343.4774241718292,66.97254214766829,192.0543760376497,GreenLeaf Agrochem Ltd.,"Odense, Denmark",Specialty Chemicals,233164,839,690308.76,24.81304136651733,170792.63,9.52814005043018,337.5179859068718,5.386964571761941,642895.2,1.076238965806252,96.44478472668844,347.8726411513809,474.1816003873886,109.39194271117628,0.3943617104117967,0.5925493784680614,0.003243614849566,108.7912910460592,86.78308709614514,61.41,98.03,108,104,8024.272583566658,18.98104830040752
B0-FF004_201906,B0-FF004,2019-06-01,16035.498685703242,90.8594629574846,100.52976210512288,5.477378505003308,0.9905767305670962,97.13187566927346,0,0,6160.536976767409,9211.682473352768,50.798668791408,865796.63,5274.063779666943,3264.9082646416564,1294.394090131232,489.9854145668572,203.065092106906,266.40102458396865,1420.6275015662895,68.65509830229769,199.52946571069148,GreenLeaf Agrochem Ltd.,"Odense, Denmark",Specialty Chemicals,229263,938,672490.61,27.06090622525484,910821.31,9.458572214155424,328.5499666818252,4.883561610058701,238097.39,1.0977702030414973,95.00077247695693,338.5439818525965,438.1460064194263,112.99826763561002,0.3782225037869028,0.5757589328236843,0.003233168717833,105.67165120923076,86.2612307983934,63.18,83.11,103,100,7294.866535531963,18.788398487750488
B0-FF004_201907,B0-FF004,2019-07-01,15915.90502455995,85.7237752704256,97.51046863803433,5.903431852077906,0.9774582932239348,101.45432240353458,0,0,5875.42203155941,8983.8860782607,49.01395951100045,20618.89,5060.429469725636,3367.388554291842,1288.888858968607,483.1934722205867,213.6156469979149,285.067101363108,1365.6341696330248,65.20178591913307,201.85523944436463,GreenLeaf Agrochem Ltd.,"Odense, Denmark",Specialty Chemicals,240822,890,467473.68,26.15595436954812,422011.34,9.293454883244204,337.63231022359486,5.225896537595244,460821.42,1.1624736025339382,91.70152541839369,324.31413799025285,446.1907090751768,117.69523037634283,0.3823991544007287,0.5762513519566294,0.0033142574359743,102.46033985145026,91.25958210422606,82.48,64.55,111,95,8356.635149103653,19.12704895978909
B0-FF004_201908,B0-FF004,2019-08-01,15661.867239325376,94.61173367690206,95.0829472900165,6.009515914137785,0.9277182447739722,98.6707785078411,0,0,5991.428190300867,8939.170870057455,47.13913156435974,169991.87,5132.323937357562,3479.533502153001,1340.1572335443782,486.4357090941768,205.77484326679345,294.07478499140814,1332.775726550387,65.22675529416009,203.9095286211093,GreenLeaf Agrochem Ltd.,"Odense, Denmark",Specialty Chemicals,238477,911,377798.95,25.167344243532,668473.45,9.806847747982305,332.6844285235382,5.446383563415534,872381.64,1.0454631438661814,95.44002333634548,333.2665213119717,444.75499397113134,114.53311335247008,0.3782523340959896,0.572181662330683,0.0033233789969852,101.78046622030249,96.0927189857252,73.66,61.95,108,106,8084.130879538397,18.55982650724662
B0-FF004_201909,B0-FF004,2019-09-01,16241.452995357957,84.02755584289109,103.20281908153495,5.238001869330161,0.9775737557554152,97.4068448637478,0,0,5781.133963202286,8413.289636855092,50.57796348155545,821476.21,5076.78609226035,3540.4726402949123,1395.1013082377062,446.4695470448728,203.653090697371,274.80131499785733,1333.0981686534917,70.15077085761014,197.3727616878652,GreenLeaf Agrochem Ltd.,"Odense, Denmark",Specialty Chemicals,234858,896,849038.21,26.479971560384207,801651.75,9.547406635298834,338.61111932459085,4.906139844805704,134394.33,1.1263791447132367,97.5190205401398,315.6232768737931,465.92261506025534,107.39110361031008,0.394420588535771,0.6137523301576314,0.0033741058432463,97.88679824588336,90.00109568583966,77.91,58.16,106,109,8071.342990225124,18.608669751905783
B0-FF004_201910,B0-FF004,2019-10-01,16151.47406861014,93.89581293485742,95.52989797813544,6.005807220761416,0.9732085642060664,99.83636842595632,0,0,6071.423005559239,9053.208770991796,46.7666834902594,538724.94,5156.383310174143,3248.0575618818134,1308.4249436067005,448.3199470155256,211.267414430434,297.9926207367704,1402.6130378126295,68.80453488930469,193.2393427030872,GreenLeaf Agrochem Ltd.,"Odense, Denmark",Specialty Chemicals,233468,898,370141.26,26.7289632267378,750227.08,9.357816718227443,319.9991967952692,5.072213307650115,555303.95,1.0931939880543573,98.87395957708632,314.81565926465515,435.70441268172016,107.45463708405347,0.4049936572010001,0.5936635283288532,0.0032217650705816,105.26978798089736,88.19421548828689,84.19,95.05,110,103,7908.5660657025,18.325431858959945
B0-FF004_201911,B0-FF004,2019-11-01,15148.159126684086,92.6920630438235,106.74324100828832,5.775917265652832,0.968720574263412,101.70653162852416,0,0,5927.919335836977,9478.893379721236,50.57697353072266,890271.96,5199.255131943233,3336.868196064396,1314.8884809407812,478.1120768633048,200.003015470482,275.6571365862057,1320.392567355806,67.9357196399047,194.36099024444425,GreenLeaf Agrochem Ltd.,"Odense, Denmark",Specialty Chemicals,238128,875,465024.3,25.91130958359936,349178.47,9.489528893432642,320.7334059731486,4.858056906729989,963063.16,1.0589305690132027,101.04419817768984,340.9554593212685,434.9007611589658,114.66394486984798,0.3799737380941836,0.5721329015006186,0.0031907879862567,106.1109706234006,92.96654982891867,87.57,69.57,100,101,7652.3875812054275,18.843075059712085
B0-FF004_201912,B0-FF004,2019-12-01,17031.8408913945,92.15212734744571,96.25949660857036,5.738604029173081,0.9793319325749488,103.86550444332865,0,0,6295.4681434560725,9790.944005629734,49.914274216391945,839867.17,5093.329236023197,3460.095190879211,1325.1918535671236,487.7375787821418,197.58890502076105,282.1560028804073,1384.5215426613888,68.72764015176749,209.70950777553404,GreenLeaf Agrochem Ltd.,"Odense, Denmark",Specialty Chemicals,221338,882,841036.28,25.17679745098842,508928.29,9.34243910542016,332.60218623889426,5.18493297568785,913093.65,1.101813995470723,97.02181185679844,324.40936139215535,423.1557845611157,112.85760999792775,0.410592710114278,0.6443534345267051,0.0033718744867132,108.38169106216183,91.24943721397796,76.74,94.67,104,107,7846.342267084366,18.63345192877399
B0-FF004_202001,B0-FF004,2020-01-01,15545.421912031808,91.39321974618754,96.87889589045656,5.873526256117357,1.0103396649512582,104.5942070602576,0,0,6112.606131101686,9085.884871554252,47.517092626389065,704246.26,5201.255619904968,3562.79732511132,1340.145073328339,452.8151596638629,206.89078908898736,294.7285327089042,1392.1981641899424,66.76291558789613,187.15245207161064,GreenLeaf Agrochem Ltd.,"Odense, Denmark",Specialty Chemicals,223417,914,973730.23,25.825662775487288,895437.94,9.829836641289118,341.4716283062289,5.266798293726011,786187.66,1.0601864709909057,95.022538156106,325.8033266614075,454.1362687828761,108.73423170752108,0.387096297095822,0.5999163861965379,0.0034453768727804,106.01291851103512,88.02011979111008,76.97,79.78,107,100,7761.095570502915,18.18064880289927
B0-FF004_202002,B0-FF004,2020-02-01,16831.182740323253,93.61534349791668,97.99360473230573,5.76053302802099,0.9979001861126164,103.1388718030294,0,0,5768.798124067099,9583.686419927351,47.89231031825096,894769.64,5228.511861139584,3333.296124680643,1322.558961907121,477.15529674734944,211.91282537742683,285.5236799395001,1447.5579956909742,67.1360616420717,204.26004775772248,GreenLeaf Agrochem Ltd.,"Odense, Denmark",Specialty Chemicals,232712,960,276517.72,26.13929694707548,489147.78,9.43876689931356,332.9566208987875,4.9245599350227724,738697.15,1.1563887539725926,93.41768882541858,328.9765780002044,445.4959971113455,110.97498594213305,0.3967016970079078,0.5917692982168248,0.0033314754718144,107.6527528987159,93.64335833861684,70.18,60.24,101,103,7708.259865936239,18.734542041809547
B0-FF004_202003,B0-FF004,2020-03-01,15736.424568272016,86.20065706314321,98.82562427967744,5.576385604692552,1.037459560277708,101.30592853831652,0,0,5822.432372290714,9568.09917055652,50.75658216387316,810997.28,5094.893139260871,3419.5514539562128,1384.8379411347132,491.2842914210676,208.90593827056773,316.5609401168056,1364.2426032302362,64.65592532377416,191.507781756472,GreenLeaf Agrochem Ltd.,"Odense, Denmark",Specialty Chemicals,229150,944,627139.08,27.36380587601807,85045.39,9.833923410792014,339.98239296300306,5.18935166999686,33552.46,1.0717950297674883,95.41459198749148,339.49267374802633,473.3229566683602,106.16209012569698,0.3687447201194866,0.5961664854640215,0.0033931972813754,104.36838592747748,87.15272463931184,69.45,67.81,107,104,7979.283691548538,19.023017755660483
B0-FF004_202004,B0-FF004,2020-04-01,16271.519427337871,88.95875769205271,103.20465039171796,6.029052625590792,0.9457337567307256,102.43748959271622,0,0,6143.060034036458,9136.622125248716,50.46415623722086,114652.14,5230.721473298957,3540.4902518446474,1433.5194609817154,474.7791803397433,199.14611636775592,283.74969847492696,1412.4390844857307,65.73473624433515,188.888319371307,GreenLeaf Agrochem Ltd.,"Odense, Denmark",Specialty Chemicals,226108,890,757366.71,26.337265874386176,279983.92,9.76144739147087,331.9723137687551,5.222994147224389,145690.21,1.0546176702439534,95.56347223656628,320.0337384582975,471.8239715296665,111.91390210879868,0.3837273533128466,0.5948097937120296,0.0030530205170735,108.81934790527391,94.05289824875284,74.49,93.73,101,101,7600.572430472162,18.7134727682786
B0-FF004_202005,B0-FF004,2020-05-01,16706.036172125903,89.4921977700664,101.26329173637431,6.068284251038969,0.9513472710630968,108.98857806069284,0,0,6220.887328585142,9533.719298456204,51.186052758044816,203929.76,5108.995728889983,3522.070031529436,1400.8941209777445,439.3438923015399,211.1750789959901,294.71256773203595,1308.3685169869086,67.94301432794556,193.1969043372606,GreenLeaf Agrochem Ltd.,"Odense, Denmark",Specialty Chemicals,234353,903,886430.22,27.069297003585813,594020.85,9.624025743826015,350.14677330310394,5.001570556979884,950988.51,1.0766489769317222,96.46565345543092,358.53981511335513,454.4690359057164,112.61763454528456,0.3997561167700836,0.6101052071199226,0.0031184203761379,111.64921101422472,86.55579172311778,66.85,54.51,106,104,8644.35234345021,19.16777055751449
B0-FF004_202006,B0-FF004,2020-06-01,16218.21233690226,89.18344731268292,98.36313997875298,5.91103022682965,0.9732910257104342,105.4997072839704,0,0,6238.799203768188,9259.255357749576,51.68433047962573,459560.83,4957.906408217656,3658.690028459713,1338.6940467064298,488.473894199605,213.21047461146364,267.2119620333325,1353.4526352324417,69.15275894349702,198.5109294248589,GreenLeaf Agrochem Ltd.,"Odense, Denmark",Specialty Chemicals,236659,909,560286.96,26.31756779725177,847189.68,9.2768663803885,335.9696428989941,5.057361317496933,697768.02,1.0850203546882593,96.70313985289154,330.0230511506829,442.6459535780239,111.66410851670928,0.3701345800784082,0.5613937659658318,0.0033088484439261,95.88681111818904,90.11373005656372,99.87,78.27,103,110,8231.356763558158,17.993255704294032
B0-FF004_202007,B0-FF004,2020-07-01,16090.115837042653,94.90235216424236,98.35004952800948,5.899589349500322,1.04463929858286,101.8336630799646,0,0,5541.645872138059,9627.743145859791,51.52872319167059,281437.06,5021.226481906974,3376.2120546063584,1397.234790625888,482.543517100741,208.18795576531235,291.0334525922379,1444.830985526972,68.99717692123421,195.54771838808549,GreenLeaf Agrochem Ltd.,"Odense, Denmark",Specialty Chemicals,222364,923,533240.06,25.32706611906477,50604.56,9.819487167392072,341.5620378559194,4.963521178930809,764599.7,1.1292582656898245,96.5989214467511,332.3274891271982,450.43260608384486,110.22403258264548,0.420665600445922,0.5967569785610157,0.0032009074612197,109.68560161628024,89.195645047781,61.2,71.58,105,102,8024.870925355718,18.208136255712606
B0-FF004_202008,B0-FF004,2020-08-01,16235.93198569052,92.95697193371558,105.75235163998305,5.722795109312342,0.9960430583380916,102.0015906205584,0,0,5905.092757801083,8824.46709836579,48.72157332489565,547038.55,5458.040130960136,3522.486449780996,1354.833661180244,498.9866835593125,211.5750721171503,293.60177901513447,1364.250759631912,66.31716193866056,190.79209151011696,GreenLeaf Agrochem Ltd.,"Odense, Denmark",Specialty Chemicals,228218,901,690061.82,26.260145829428808,105973.2,9.318191118287016,342.096996758983,5.083987440401736,77985.32,1.033774718462696,98.58621297214884,345.51163937266324,458.2607359642246,111.29884329463611,0.4057945919139196,0.5813614019336838,0.0033018467051354,104.21060141495173,93.67546924311496,69.53,96.88,111,98,8242.449638407192,18.495506742609155
B0-FF004_202009,B0-FF004,2020-09-01,16390.72658645271,94.81443759527188,101.5725592486212,6.177650468406005,0.9899130048286926,102.63294716558109,0,0,6190.385079958267,9637.728916448255,52.30601267251362,461284.69,5150.274575181863,3519.706571420347,1343.8681014305234,481.3097694949937,211.26556173123143,285.2142594938006,1377.4621616945258,65.29038985360641,195.98511112068783,GreenLeaf Agrochem Ltd.,"Odense, Denmark",Specialty Chemicals,222023,913,415876.6,25.59667745300549,674336.91,9.520766138065731,341.35280790197726,5.068078096587351,242079.87,1.1086894451374427,96.7409641359568,338.36685172825344,461.3258087805384,110.34813660043496,0.3796073883483434,0.5774405116521347,0.0034576003373225,107.87240377519304,92.74613047510658,91.22,73.6,105,105,7781.799037288631,18.08052499665549
B0-FF004_202010,B0-FF004,2020-10-01,15440.010726324894,92.85847880497232,97.15898475517318,5.984696067672738,0.9939189569607793,105.7123087358142,0,0,6112.313134219972,9287.186103079648,50.09521780265358,961939.55,5143.503939896144,3485.1567711589223,1297.810070036547,484.6778235914461,205.8153083005905,285.97911994812387,1352.178720409106,67.51539985207235,187.0843208486876,GreenLeaf Agrochem Ltd.,"Odense, Denmark",Specialty Chemicals,237719,910,458349.13,25.12653422473471,275362.34,9.419814688383989,352.11397230785616,5.248563825453823,588139.64,1.1037988259275529,100.99198236237424,343.42987857725126,444.8468337999881,112.85088906994488,0.385965788681562,0.6434550060942528,0.0033083844217719,105.14574835189832,92.12795492252198,60.44,86.28,103,102,8024.337913115784,18.20972002700796
B0-FF004_202011,B0-FF004,2020-11-01,17068.30639903153,90.53748696265838,91.16883930419358,5.972161865738352,1.0238165661013456,102.68085121660556,0,0,6007.478471160616,9055.837574539077,49.46600869826587,694392.7,5356.981039493167,3546.7640352697563,1286.5831460883762,490.1713340040675,214.7637648270248,302.6116822917815,1349.1549620056091,67.73109701998408,202.69172449888063,GreenLeaf Agrochem Ltd.,"Odense, Denmark",Specialty Chemicals,229531,927,233683.1,25.71116601789832,841908.07,9.974027358926156,329.0910283595146,4.997631320492484,79988.31,1.099550882043498,94.0885980633778,333.8368512981173,440.4097590066722,110.18838128460952,0.4263524220791688,0.6010523513973541,0.0032344523423655,111.56520274562568,93.59789791149352,69.44,75.7,110,109,8109.634252086537,17.982349830769685
B0-FF004_202012,B0-FF004,2020-12-01,16313.501378542278,96.01133505766838,101.70663597356814,5.8763229959229335,1.0013531904669903,103.6190541543476,0,0,6366.782803607767,9712.20590229853,49.99844168700741,650146.68,5340.978391239943,3568.935103472488,1376.105063705102,468.3949584886432,207.58646300247725,298.07092442861807,1340.0034755044196,65.8042798364607,201.36291687849848,GreenLeaf Agrochem Ltd.,"Odense, Denmark",Specialty Chemicals,227962,935,131222.17,26.605359924649825,587976.85,9.485683055191169,337.18391173868383,5.079345591366432,28652.26,1.070050099470615,97.3987930695423,347.13892663817484,436.5826297261553,110.83807189131808,0.4029604012792161,0.5694126650283915,0.0035113031284979,108.60973174762655,87.06206525139756,99.69,75.6,103,109,8178.931985255155,19.050784391023235
B0-FF004_202101,B0-FF004,2021-01-01,16062.619778039598,95.76657069748084,103.44234497225077,6.058016164142691,1.0457747982253642,101.0511917618932,0,0,6171.08229671728,9306.651454220855,48.330195005259824,890378.47,4941.66177642331,3404.7814243899084,1341.6025020941847,454.130058256184,203.44048502242248,293.2801933066255,1377.4799723292674,67.46503779440378,194.27808242395432,GreenLeaf Agrochem Ltd.,"Odense, Denmark",Specialty Chemicals,234087,905,158274.7,26.28298906640143,663415.85,9.895562352405513,336.02610430701924,5.583828155469698,107344.83,1.0988062960430742,99.87668826442108,318.59890795840266,465.5862643189735,109.8409415703386,0.3983209623129023,0.5946964843121252,0.0032679346319707,104.85681968333256,91.59092561718144,99.54,82.72,101,114,8149.086366402587,19.25200162536284
B0-FF004_202102,B0-FF004,2021-02-01,16194.258687263173,89.087013979175,101.73197916448368,6.008940150774838,1.0500718244924183,110.86259068254198,0,0,6032.321631428036,9455.690653508838,50.65909025182649,966248.23,4897.0416523438425,3606.79805644666,1285.0434726172523,460.17848514525326,204.21939977411515,290.6264364574355,1325.7275746811852,65.91692576523695,206.8865359893657,GreenLeaf Agrochem Ltd.,"Odense, Denmark",Specialty Chemicals,233246,927,858826.08,26.430263152205224,681708.33,9.4170584071759,339.89217258084324,4.902146971980818,909218.81,1.0911599501518874,97.52542950380744,348.9988823579809,458.9177564709819,111.66598951000854,0.3843895965939344,0.6329338369246941,0.0031998304192722,107.54484217641048,87.10202151030285,60.55,83.58,100,108,8191.229120900191,19.42583550049193
B0-FF004_202103,B0-FF004,2021-03-01,16559.558752500317,88.9479022454403,100.7295850631955,6.261983377525811,0.9781477128337018,105.4908717439538,0,0,5863.60418910906,9016.231183855474,51.94245320643888,751041.85,5218.642903941797,3659.164624198004,1361.1331815098995,472.2385134986158,211.66824932595745,291.21555209838675,1414.1284633168175,71.47247970871143,202.6079174870065,GreenLeaf Agrochem Ltd.,"Odense, Denmark",Specialty Chemicals,248601,928,780073.03,28.32311895232006,501328.56,9.352734447145432,364.5662330834344,5.088737731011521,189657.38,1.0873820204841895,98.88359106129988,350.2113389397526,417.5279107401335,116.01053440934758,0.3915483960595672,0.6018286516449094,0.0035094685641667,106.35034506587024,92.82229567011704,83.31,76.26,112,99,8375.46197437189,19.93057502712972
B0-FF004_202104,B0-FF004,2021-04-01,16645.528086698174,89.83464557291764,97.99865436172476,6.394114343944034,0.985442433543688,109.3620759785036,0,0,6072.435573066797,8930.53361969431,51.39689382413824,321852.8,5667.294499469117,3585.09474960408,1396.6678388832042,495.3899160300723,206.72582626087063,290.9969893553413,1401.420271335923,72.21994553291482,193.4977723562081,GreenLeaf Agrochem Ltd.,"Odense, Denmark",Specialty Chemicals,229449,907,47788.29,25.37296518182771,969715.47,9.139616212125397,352.4517058005406,5.207905973848551,786113.34,1.0876085031111868,98.2207908781874,357.5980539321697,475.2472848017477,116.19713227147734,0.4010535400190828,0.619561654315489,0.0033787385761005,105.26649827739928,90.58563211451376,67.63,96.31,111,106,7800.765367541863,18.756566694333223
B0-FF004_202105,B0-FF004,2021-05-01,15987.280764207791,90.21846566098358,99.81401486828275,5.864285525276956,1.004744199729171,104.5170489189526,0,0,6198.088188509086,9396.014075491245,52.28733995757921,856023.79,5150.125405232653,3425.6728442955946,1375.0018687361633,503.1532908252768,209.9097105338045,286.3417231324671,1387.6619266821576,67.16859090746732,196.67204144486524,GreenLeaf Agrochem Ltd.,"Odense, Denmark",Specialty Chemicals,224677,911,218079.4,25.70273846130263,145242.66,9.405390101940831,327.3855472492337,5.065698690253613,35499.98,1.063612167848484,98.21823264410068,334.2783062003936,441.9492732591237,114.41451768973972,0.3914291558928049,0.6021738521459349,0.0034757147653536,102.99497288684393,96.1165445187942,75.18,79.3,105,107,8436.2682943808,19.5481544394411
B0-FF004_202106,B0-FF004,2021-06-01,16468.414395667758,95.38392325849698,96.00065093399245,6.029613522714333,1.0247235496315543,105.8545702608292,0,0,6114.445231696906,9719.25842605107,54.47205443533123,89658.75,5051.479417733616,3613.083571032564,1475.2512455159915,501.311100949634,206.8539395829813,317.96380627898407,1428.868208286043,66.77491720176188,212.5783658232832,GreenLeaf Agrochem Ltd.,"Odense, Denmark",Specialty Chemicals,228982,902,253582.47,26.57573670468048,968914.41,9.703146184427077,353.42438241974537,4.85713873025682,270544.16,1.0998505147804654,96.50994753045536,334.1340098616635,419.13582823068725,110.551800402775,0.4150219451114584,0.6267546544126951,0.0033300722212116,101.55117899617916,94.17599009604125,97.51,95.2,104,104,8544.020590586713,18.419303963674498
B0-FF004_202107,B0-FF004,2021-07-01,16691.924477318113,87.10837107806755,100.94161285862778,6.096905931343036,1.015539432177827,106.6118998202932,0,0,6241.144281710429,9612.414401851216,51.91170880067428,973912.9,5002.443520766336,3481.4553631196136,1444.4239288518106,504.4612789750457,215.8773383451796,291.8000506977471,1445.1484966057646,69.35843503987863,191.99371139819323,GreenLeaf Agrochem Ltd.,"Odense, Denmark",Specialty Chemicals,242421,896,841613.89,25.335435921702985,285291.98,9.623044595665093,330.9896582608817,5.119270783169967,267374.39,1.110596285329799,102.76181835135324,342.99316574583986,425.9916932797896,109.21190237566957,0.4331056762564951,0.6146820135722129,0.0034488062008927,105.18084246506127,89.24256123246312,62.19,94.26,106,113,7998.387295182532,18.52918152191724
B0-FF004_202108,B0-FF004,2021-08-01,16874.528756004336,94.69740382615564,102.06826062869123,5.890259753885671,0.9595985202682522,108.93129196624754,0,0,6170.305769026892,9362.301420287777,54.15377363221338,388170.29,5172.180994636968,3458.8947785824544,1383.871288446778,487.1356495714391,213.36708691399625,285.7500910351223,1465.7591579303876,67.62184409632859,208.55705266285216,GreenLeaf Agrochem Ltd.,"Odense, Denmark",Specialty Chemicals,257853,897,300760.1,26.551657832912056,273432.18,9.632442938954332,345.3357065672343,5.268874677873597,655250.98,1.1372712106553,99.24382308543382,347.6203278138183,459.1160274541278,111.46689961965588,0.3972431407686553,0.6231126882916349,0.0034125489915251,110.25486160986392,97.25997542396354,96.58,59.94,106,104,8296.599462620798,19.603749083353488
B0-FF004_202109,B0-FF004,2021-09-01,15960.816252420262,91.19141110425004,100.64787080257209,5.733751124503074,1.017681274255453,101.5892800520036,0,0,6239.085137128759,9562.18729682874,54.06439043413176,13984.31,5156.217083138867,3608.523590448816,1367.2545649381714,503.3126929265848,215.9159661161707,310.74999366163604,1401.012952718425,65.58291217508749,203.6742543348284,GreenLeaf Agrochem Ltd.,"Odense, Denmark",Specialty Chemicals,235424,937,657580.4,26.259575658714017,71045.43,9.682820691516945,318.65763638204066,5.251952627945888,279615.43,1.1421258812965485,93.17755567478942,343.1261541103459,478.3138492389336,115.95924753494153,0.4127305055577472,0.6198586343980113,0.0031933541454556,106.93887718246982,93.35780583699363,85.57,70.08,98,106,8060.875748077712,19.98554489666993
B0-FF004_202110,B0-FF004,2021-10-01,16213.840393765762,91.5956871725326,101.9680928241706,5.905936345476722,1.0419878738968822,99.02916880091932,0,0,6414.530609839627,8669.396843454755,47.96748001528217,536476.18,5362.507411827847,3484.0452662077023,1398.3367942305072,501.7847162929287,216.82915434267704,295.0901999298208,1410.509261056781,67.44596250723926,201.5100087510561,GreenLeaf Agrochem Ltd.,"Odense, Denmark",Specialty Chemicals,228944,902,963725.37,26.34717604678044,892718.84,9.867788847136296,347.482126355609,5.21141085032709,175976.48,1.1285329160984183,102.07753574820164,345.5267249467654,440.8902403845903,113.03099157368432,0.3964925153955713,0.5949036375763233,0.0034150026421929,108.36663684521407,94.3450984424527,100.0,95.31,107,108,8209.006295987678,19.193546529134803
B0-FF004_202111,B0-FF004,2021-11-01,16465.781804728947,95.50887961801736,99.68263761697207,5.98803926841302,1.054259703279144,102.87975477378612,0,0,5916.525098497366,9646.381890225202,51.048038761245415,450677.84,5094.722324622389,3673.200889137638,1325.6005094641057,498.6072332832495,205.32056059452648,310.4934762344277,1405.0733136026056,72.81822598426805,197.1125012383893,GreenLeaf Agrochem Ltd.,"Odense, Denmark",Specialty Chemicals,233333,958,972887.53,26.18770644659879,348471.05,9.449813938472364,349.34513000124,5.278152105696438,924302.92,1.1483007547142106,95.5467856033414,351.80487146842273,459.5304982216496,112.36236238664472,0.3885294066447163,0.6210892188166678,0.0032804241386457,110.51657704687273,95.8904972276404,66.39,62.26,106,107,8095.669685951973,19.365818379109967
B0-FF004_202112,B0-FF004,2021-12-01,16767.329462508907,95.96458575493342,102.50736385296126,5.772522750050987,1.009807727145371,110.4935938041522,0,0,6115.121575496319,9218.768012058184,52.48401529014372,676507.56,5348.5271748262985,3523.1875591839043,1323.862644702201,487.1044097453783,204.55424491744407,292.1122255295013,1407.0351957076746,63.99375490541995,210.73445063418788,GreenLeaf Agrochem Ltd.,"Odense, Denmark",Specialty Chemicals,227947,920,399486.26,27.8307596993406,786050.53,9.024299350127867,355.4979667592196,5.060253396290593,798431.56,1.131310975880047,89.72198848368888,327.56585633924254,451.9550638686619,105.20646602127631,0.3861666086485616,0.6179884645997145,0.0033635070493335,107.743331751191,93.79251917651506,87.27,91.23,110,113,7958.077089896715,19.394299619268324
B0-FF004_202201,B0-FF004,2022-01-01,16970.676186568664,93.31152614175656,101.79733386461406,5.917150217556418,1.0844289836938097,105.99208581209396,0,0,6043.723676266449,9495.04553329504,51.42578279771868,136018.49,5350.913690183165,3457.562262529998,1329.1531549705242,496.4889858181244,209.9113121898972,292.1357655637361,1329.651070056324,70.9418833131384,205.7239272358582,GreenLeaf Agrochem Ltd.,"Odense, Denmark",Specialty Chemicals,242049,937,751352.55,26.994322821632284,979912.83,9.487859252611008,349.92049893537006,5.525218865182611,908380.6,1.1393350698092335,99.44517030886882,342.40817772926874,446.3651102766744,113.25448485595513,0.4137545874843639,0.6501381166244619,0.0032936177712048,100.49828673162158,91.17564764132814,96.55,52.37,112,112,7996.193871594612,18.792078664473763
B0-FF004_202202,B0-FF004,2022-02-01,15929.630923129793,90.90530288857325,105.49578681201976,6.334357078272607,1.035263811264041,104.9980430801308,0,0,6239.578092996269,9074.829249221208,53.42428520034102,216900.62,5443.706369286622,3558.119696337856,1392.8812948002696,479.3596943968756,211.3492911824335,301.2208251739952,1407.3546430399433,66.7403280954934,203.4501494874623,GreenLeaf Agrochem Ltd.,"Odense, Denmark",Specialty Chemicals,240031,966,998198.5,26.78873910461044,788563.15,9.71425103910246,339.7199707693211,5.349370917424258,294402.09,1.1613869766670613,98.41693281226746,339.7307079790163,453.54647354249886,107.68346292228254,0.3886864875955549,0.6164882867226734,0.0034186385228677,108.59518845977914,90.5852498794834,67.1,82.57,107,110,7892.3132217297725,18.623812011485143
B0-FF004_202203,B0-FF004,2022-03-01,16458.682701703194,89.05863026615383,96.93634831930696,5.775969495126635,1.0183434158770586,107.93240867282825,0,0,6227.803750864971,9569.599212846571,51.65551814897034,962918.54,5644.225602043374,3591.288351081694,1396.5887785209882,473.389441715193,216.4334458236236,301.7093515286331,1461.659276924771,70.41369405659185,202.23110861812071,GreenLeaf Agrochem Ltd.,"Odense, Denmark",Specialty Chemicals,236349,927,593766.12,27.89333982303226,996385.5,10.013595954155624,366.5719563847451,4.854993754908245,634616.3,1.1206377050694438,97.75108630291282,335.7898490889757,436.1742670868583,113.37060668852205,0.4145249575483056,0.6321775344492999,0.003307680790881,107.8483635201571,96.64518014334011,70.94,83.93,109,108,8433.950979801995,18.44316389577932
B0-FF004_202204,B0-FF004,2022-04-01,16124.618748676488,94.87122585935448,97.65897749501453,6.201221340177725,1.0408414233496317,108.4098888979456,0,0,5997.341908847269,9394.80659635075,52.16266622326052,449712.41,5353.4909374544895,3444.957973598476,1394.876296238337,516.4361184799797,205.975344187666,296.00297674882904,1347.416654780351,67.4573390256242,207.51429106386,GreenLeaf Agrochem Ltd.,"Odense, Denmark",Specialty Chemicals,234755,950,78310.8,26.85000922467056,336830.44,10.005187044844002,349.0873133418884,5.039284526878391,943391.17,1.029065294503429,95.78494378879589,342.5674332147232,445.80543225675336,111.7114538210187,0.4210181821238959,0.6376280673401835,0.0033172934672113,109.81615201388476,96.3573296883258,98.45,50.11,112,111,7933.821400784438,19.22334064672497
B0-FF004_202205,B0-FF004,2022-05-01,16369.57137498526,96.29286667487906,101.23766759932816,5.923926864940602,1.0598202880551746,106.99737602184835,0,0,6126.167616926676,9844.507518940904,50.1634850425394,444246.72,5131.866871694709,3636.8598303788617,1308.7051077647598,492.0140032118955,205.4844239399212,313.6774677038281,1372.188754237024,67.54270059627422,206.7342393392244,GreenLeaf Agrochem Ltd.,"Odense, Denmark",Specialty Chemicals,233806,950,949345.6,26.29607662538285,781344.23,9.456432245403205,350.4432720544211,5.426565476195068,231505.46,1.1452570802227109,94.21653630278232,341.41768663757915,457.7733088140624,119.7052870859352,0.3975620783404475,0.57648201490983,0.0032896003197826,105.25477472646308,87.05344757612967,81.92,61.75,110,105,8615.494887559547,19.19459511765828
B0-FF004_202206,B0-FF004,2022-06-01,16424.67185848381,94.65748314826943,100.03190542894144,6.172351542289403,1.014448887192441,104.39508169485504,0,0,6194.432546850814,9631.885765193392,48.60738969577848,910998.98,5461.302561196614,3376.608321650041,1303.2301871725615,504.3320969189131,219.45293717996523,302.42729055090706,1358.621284237403,73.14799470766387,199.0837824369445,GreenLeaf Agrochem Ltd.,"Odense, Denmark",Specialty Chemicals,240082,939,151123.91,27.064621801131604,947775.48,9.803181621418103,334.27269191501216,4.925213535698219,190014.17,1.0771914042050312,101.15596518217446,348.1532266507589,463.1600588439543,111.2037613125988,0.4176751867325791,0.6287765565761344,0.0032752384908766,114.178535813154,92.59153714393511,99.56,69.66,103,113,8519.702518982784,19.806833731690627
B0-FF004_202207,B0-FF004,2022-07-01,16958.976214522077,96.7803111085436,102.51651216431976,6.1515063757192445,1.005393164151572,105.922058524229,0,0,6121.234463265532,9592.862878813125,52.16235552441606,381626.49,5431.193761193054,3503.60596949034,1337.5563622105467,509.9559671909337,221.4944421681948,291.8734668511278,1418.0666345377883,71.18458573388945,204.19846041048305,GreenLeaf Agrochem Ltd.,"Odense, Denmark",Specialty Chemicals,242436,946,989665.61,27.41182688358536,747996.76,9.953440245949292,346.3416920303361,5.242091216828917,127032.35,1.1305789037187948,100.3339611842453,338.2598277887971,439.8311652102105,109.28999144846884,0.4024480531071875,0.6263580640115366,0.0035881440215249,107.48342880929476,88.73789250207608,86.96,85.04,106,112,8305.152281622895,19.775457366629364
B0-FF004_202208,B0-FF004,2022-08-01,17633.476398702474,88.24500464424291,106.16395909085584,6.064101907776328,1.002285540963214,106.21110749998203,0,0,5869.483156343547,9335.745088263671,53.82392638176558,955302.74,5340.038790056512,3415.0590189617265,1358.9425113124278,472.93718155942855,204.3552975469172,286.3258830444498,1382.9987851245244,67.91452250589205,199.00270007700905,GreenLeaf Agrochem Ltd.,"Odense, Denmark",Specialty Chemicals,246225,909,561896.86,26.632289521280907,113084.66,9.987451391921622,338.1471724714669,5.253236218212529,197448.68,1.1400062642412556,99.94408264575186,339.5947339437174,464.13835303603184,116.26466560571316,0.4285330911710758,0.6226257880790208,0.0034043573855489,109.13623989588264,90.7325958759089,61.45,59.4,112,113,7804.648382281038,19.809094363549463
B0-FF004_202209,B0-FF004,2022-09-01,15625.053588038658,94.78650326603449,104.740708584323,5.773393882057312,1.0638189174285275,112.233135315222,0,0,6528.749079728392,9244.012262562908,50.67167846590345,909190.39,5354.93577051332,3591.4382369755867,1368.507050797206,489.13584095993,211.77955027510063,293.4955617840089,1391.3853272367442,67.99294691359603,192.12280376040164,GreenLeaf Agrochem Ltd.,"Odense, Denmark",Specialty Chemicals,237577,880,214517.42,26.600852693933085,267926.28,9.749032718294307,345.3536515364246,5.512784378543306,907643.41,1.0737214506590145,100.80539283799833,342.61453980849035,468.0062419975016,117.69954786910688,0.3929694640423301,0.6333208409216293,0.0033027362407655,108.1149588226091,90.02903401134652,76.3,90.33,105,104,8466.825273958959,19.1788092562912
B0-FF004_202210,B0-FF004,2022-10-01,17248.19626820668,92.07851163014638,107.66580613567952,5.921754478200362,1.079687170091822,107.33291292625076,0,0,6395.348356307025,9797.63812367512,51.95140446778471,334964.27,5176.186620079551,3471.816100190538,1411.9631773072572,487.2505420907428,212.62690959185463,293.1613722101835,1488.6839393821238,69.75388862182798,205.83751576901383,GreenLeaf Agrochem Ltd.,"Odense, Denmark",Specialty Chemicals,235004,935,639444.31,27.36526588283113,64635.59,10.090966673970826,340.6161479565436,5.4687816315184845,975577.46,1.1300038591213195,104.51631986670888,356.0315739983092,443.6110705686951,115.73696700995109,0.4130388531003736,0.6339322427953481,0.003429290791408,108.53140096626473,93.61871947576822,75.14,62.03,108,104,8165.982132127778,19.12006267797936
B0-FF004_202211,B0-FF004,2022-11-01,16429.75368016448,90.75282341075084,104.5731781465262,6.043842357277133,1.0221160039334083,102.38128646898755,0,0,6483.708799829266,9696.41349465666,52.05632249387807,59729.06,5253.770899592061,3563.579973886015,1363.6894333536202,508.1846083903451,220.8003530655853,298.2548694430444,1501.58646958144,70.60096843601845,207.0444240764912,GreenLeaf Agrochem Ltd.,"Odense, Denmark",Specialty Chemicals,241516,902,618841.42,27.072161752274766,290144.33,10.056595132214213,341.7033046136987,5.334795218500398,735353.15,1.135595666097192,100.72281645843324,333.89593636848235,432.5796826863445,112.2208626505654,0.4008897547256247,0.6014279250428985,0.0034092104849674,111.65381347097784,95.75144937624152,79.99,75.33,106,107,8452.1984808129,19.20967275778148
B0-FF004_202212,B0-FF004,2022-12-01,16566.524020300654,99.058011840053,104.14977049800952,6.432183466511272,0.9796555771769236,104.9906018477665,0,0,5885.790028584179,9533.685508778535,56.481731693749616,299668.76,5464.485749678229,3530.381673698693,1406.5261602883315,495.07939072522527,223.24533521230032,308.6501890010945,1446.532546283905,69.96538684402833,194.75582082774204,GreenLeaf Agrochem Ltd.,"Odense, Denmark",Specialty Chemicals,227655,940,41483.51,28.231854362794945,741876.32,9.445003106190926,358.8541700606977,5.199265256156902,971087.2,1.1157505315417164,99.2416578808172,362.79127079618576,476.64918769652337,113.0565589999009,0.4249455599780706,0.6265155828137353,0.0035275763695337,112.5498246326809,93.0771916742925,63.36,69.92,112,109,8547.862580699262,20.401512815796075
B0-FF004_202301,B0-FF004,2023-01-01,17072.530278256487,93.65882892095392,103.73002213731309,5.573318119289364,1.0153263287185303,110.13418625643304,0,0,6310.684080048457,9556.071248450216,53.72912063685884,675002.0,5487.424436455521,3531.530759477159,1394.622623644809,516.6748673121643,207.10106490459185,293.71889114242566,1461.1467036769825,72.60960698800207,209.0691928935374,GreenLeaf Agrochem Ltd.,"Odense, Denmark",Specialty Chemicals,235893,954,894417.49,27.463941968422155,542743.67,9.919840882591894,339.96329998432583,5.732536250603292,630472.2,1.152459260130582,100.24118045434508,358.22385360152253,446.991487381136,109.68331447685604,0.4079284306673309,0.6633851750358124,0.0035467023638143,105.73424157455148,95.37632893241808,68.95,96.39,111,112,7927.187240312986,18.78958639317576
B0-FF004_202302,B0-FF004,2023-02-01,16777.596013350343,91.11577533435997,100.62167076273356,6.172694134056715,1.0101381691351092,114.52213736205084,0,0,6342.87807247262,9186.215054348972,53.50339549548273,487313.66,5322.91041473507,3637.7045242668896,1417.468967797523,517.7528210860326,232.7211931770443,290.037767559757,1376.542916625047,70.1900794599076,192.73011824493847,GreenLeaf Agrochem Ltd.,"Odense, Denmark",Specialty Chemicals,245223,943,579500.99,26.960758546994043,98914.44,10.05573480940688,351.9713983789257,5.126008459223229,743099.76,1.1982126441259182,101.7445920742786,351.19626833014365,487.4255143523938,113.28321909269118,0.4196720940628789,0.6156339997339577,0.0035381878238125,111.08187008616008,92.86510513405948,80.44,88.44,103,108,8482.248117117513,19.372428026943588
B0-FF004_202303,B0-FF004,2023-03-01,16902.771473487806,88.36973965751518,101.53293333082856,6.254599490001763,1.016424116173715,103.18274152703196,0,0,6088.310644597031,9672.338651810156,51.08750101683454,523513.64,5413.772588055041,3524.5066892101945,1432.2657187618,510.3177974741132,218.44074730156905,303.64005801021733,1371.405075281273,72.91596927815218,205.2174915978705,GreenLeaf Agrochem Ltd.,"Odense, Denmark",Specialty Chemicals,234051,945,682162.57,27.65787802871359,796288.24,10.15205099220735,349.6286054159237,5.427979443126177,174103.5,1.1720151297356367,101.68269620239276,362.6402100364697,444.6931041435333,111.12851071453984,0.4062757764393626,0.6538630739722175,0.0036323462422554,105.71211330558188,94.28379601031574,91.47,57.06,112,106,8352.79123995772,18.395672793102893
B0-FF004_202304,B0-FF004,2023-04-01,17263.54356822144,93.28255638695369,100.54896567708197,6.197772445137841,1.029470905056466,111.56741938191934,0,0,6462.458322127113,10015.67572543933,51.18793975148857,910385.73,5195.279201701941,3593.420745932346,1457.5393166691565,505.0625282070581,208.90507233051835,310.48000777867827,1450.1550675512033,69.25635080975366,196.48259818321927,GreenLeaf Agrochem Ltd.,"Odense, Denmark",Specialty Chemicals,244223,938,53153.47,25.972999565173502,669853.1,10.08079237827723,370.40013648637176,5.320619485486406,811054.55,1.1645092421828915,101.95221206601,339.899925872954,453.0951526614237,118.28777350505632,0.4032120541585901,0.6154181800584109,0.0034156041659561,108.19458715581946,96.7865500377589,62.33,60.31,111,104,8419.755124426738,18.02879174410895
B0-FF004_202305,B0-FF004,2023-05-01,16419.40111291295,95.65649365232454,104.40527416832664,5.81761966455368,1.0072006710497892,99.196908528101,0,0,6202.516234433161,9703.209725347886,52.89918138448153,32558.12,5563.127560475792,3598.208710339225,1442.5800222292066,461.04229769197127,224.4573226103431,288.9566048524748,1390.8695247302903,68.72668391809542,212.95050495226832,GreenLeaf Agrochem Ltd.,"Odense, Denmark",Specialty Chemicals,234911,925,99204.61,27.50966472704872,176011.71,10.457446373206428,376.3281666460302,5.464147289576626,584774.75,1.0973228158526966,107.16150178941568,353.2078677488593,463.1551959657346,117.6184388243148,0.4023135123806363,0.5836771391593366,0.0034970482996186,113.23507255044336,95.922112368556,64.51,53.0,110,110,8340.180301073011,19.63415097182672
B0-FF004_202306,B0-FF004,2023-06-01,17679.476885458254,95.7899347187068,104.88567407572472,6.271979009541385,1.0639986956130283,110.7985411496948,0,0,6160.955643171552,9887.134932065666,54.07695239701424,453471.74,5466.874207184037,3773.512386912675,1395.868233432221,503.31381601066926,222.22413309074656,289.00581410405994,1445.3015289155155,72.97215342189898,202.80136301411684,GreenLeaf Agrochem Ltd.,"Odense, Denmark",Specialty Chemicals,247655,945,484300.05,27.25200911287488,99811.32,9.69451027336603,348.7666049094737,5.3766370251514495,174871.0,1.1311174608790389,102.15765897668211,356.9350508334702,451.67739424889385,115.5159012315482,0.3862934835834267,0.6253448218552908,0.0034574741721665,110.8360971182004,94.88838807807656,86.48,85.64,108,106,8298.776703342704,19.18974013985464
B0-FF004_202307,B0-FF004,2023-07-01,16849.688616914624,93.16231367625488,105.9890987537156,6.16628421637974,1.058554684590146,109.293165592617,0,0,6417.304315316991,10385.647597547715,51.423648728540655,998915.88,5215.52808661271,3626.098049232949,1378.909876266437,497.3807213246503,218.7168063213337,296.8419318643907,1363.277325096387,73.37785596664912,211.9119317609182,GreenLeaf Agrochem Ltd.,"Odense, Denmark",Specialty Chemicals,240944,920,772135.25,27.6581059159281,996423.76,10.229024414697072,362.93253760058025,5.091101051113099,621297.97,1.1754812627719664,98.7687157940246,364.5934971616576,493.6873393719777,120.69219235673306,0.4192228900223205,0.6206610802378784,0.0034749040223475,104.68997775441976,92.34183614350172,90.17,87.87,109,111,8594.686855005879,19.24461609609191
B0-FF004_202308,B0-FF004,2023-08-01,17004.83619418534,93.48223380000478,105.3881606260945,6.2910278072307015,1.0746021128951488,110.15392087392657,0,0,6123.940736883805,9447.00031493569,53.62642024046951,218701.37,5470.47240473013,3661.258472389767,1327.127381004288,483.4300568269146,224.77157016442536,307.91267256156004,1405.180752857847,68.2601960620372,191.72675363229675,GreenLeaf Agrochem Ltd.,"Odense, Denmark",Specialty Chemicals,252851,948,196633.16,27.23492397064076,868375.88,10.249189084805298,369.554257256061,5.458485434516461,354179.69,1.1437103120616332,98.50650975242154,348.0878619003867,469.5005481141198,121.49456677616756,0.4062154263908287,0.6498897703691107,0.003441180544937,113.29232181724996,96.58537534235418,94.7,94.22,113,114,8919.68628731835,20.64017968763876
B0-FF004_202309,B0-FF004,2023-09-01,17185.45842997881,93.51353481520503,106.06078638268848,5.81443587545119,1.0729072054121656,104.66550788365684,0,0,6060.522083009305,9682.705336620926,51.418887495887176,963836.4,5404.4012756746415,3705.7960578999778,1442.445123349187,502.6048287791588,207.2965766319071,303.05749061922074,1378.94284948029,67.50691051828136,200.9750948040548,GreenLeaf Agrochem Ltd.,"Odense, Denmark",Specialty Chemicals,250069,963,216385.14,26.713415098621333,83872.53,9.582674694057902,367.0633713572775,5.738551913392047,480351.97,1.1691448554646828,101.3255323041698,335.3894212054695,457.42240818802514,115.15825395278073,0.4072234572288016,0.618875778010035,0.0034584569469255,106.551232684974,100.93247933654747,77.65,62.33,109,112,8520.851361108203,19.80017897390701
B0-FF004_202310,B0-FF004,2023-10-01,16390.340886522335,93.93029763839364,105.55760364045824,6.1976572613063805,1.015873317418993,112.41632300436224,0,0,6168.08221514232,9761.232164917836,54.79624661272841,241461.48,5810.997379435464,3662.611804051352,1428.269478636178,479.22050623683566,218.12883444505388,311.0887983104079,1454.2959068407192,70.90188105208567,207.0792971414425,GreenLeaf Agrochem Ltd.,"Odense, Denmark",Specialty Chemicals,232671,909,134150.77,28.180390213305923,411030.11,9.75765042080284,351.3558715217128,5.588859613874897,24551.34,1.184130847738124,100.1314027552985,343.85525509729587,469.3793313962096,113.0013513032794,0.3889745149851979,0.6326606391634612,0.0035127836012076,113.45299936136009,96.60297796304464,69.52,53.58,113,112,8712.364485830005,18.419511125757264
B0-FF004_202311,B0-FF004,2023-11-01,16741.55702914462,89.6856534833509,107.23365267537356,6.047011590635427,1.144259495978312,106.66148713840134,0,0,6257.363035864061,9355.56584001126,51.18928210006464,265405.44,5522.731009297473,3598.2001246280697,1495.6805261768689,482.6979731890222,228.36295029353352,316.8884456322333,1502.2369653331314,71.18163443079915,205.5268124085161,GreenLeaf Agrochem Ltd.,"Odense, Denmark",Specialty Chemicals,252277,927,518447.07,27.44830403817094,413580.05,10.09932429569714,361.2841049540328,5.245031386324243,873195.71,1.0699141756090187,98.82698023080444,348.45636388060126,475.39591407679126,120.10243869264124,0.4139318332631833,0.6426669276872855,0.003444554196454,110.91496773739284,95.98402400425834,64.88,93.56,112,116,8716.214656003873,19.08233243185248
B0-FF004_202312,B0-FF004,2023-12-01,16430.90822965628,93.5592416892804,105.57168209892907,6.200687820864456,1.0894648073027693,112.68000156722452,0,0,6456.1315004206845,10040.195968371369,54.17628553266611,622697.61,5339.954443454153,3527.126968195302,1423.4662065073976,511.3555849686904,223.7478810905003,313.42006746418724,1512.744535723324,67.84367883708047,210.38910322638347,GreenLeaf Agrochem Ltd.,"Odense, Denmark",Specialty Chemicals,246452,949,57476.78,28.70749343340624,230187.15,9.367403792388592,354.025862828437,5.363176053825286,461290.08,1.1647290706846407,101.2168920357253,351.6089679336237,467.934167948533,124.9744983093406,0.4217429811283639,0.6059238232186698,0.0034396778702992,109.62876175362344,91.9277256018212,85.8,99.03,108,115,8423.123557901075,19.49206746261339
B0-FF004_202401,B0-FF004,2024-01-01,15789.789755576296,98.68379033346504,106.30447708801805,6.115275017943507,1.0234661008300774,113.79574573257052,0,0,6473.442105736741,10164.63368324876,53.00617843745897,390198.64,5428.492203428732,3751.873011028004,1464.8323210817523,481.7992299903124,219.92124456940573,290.23971933312504,1488.49884440355,71.73904705381865,202.34568512517777,GreenLeaf Agrochem Ltd.,"Odense, Denmark",Specialty Chemicals,254725,961,843547.6,27.39765754002441,666998.1,9.923234333546269,346.3306617174482,5.607143396618309,288002.67,1.1309969444891683,101.86950006233558,369.2240093038672,487.3996649239492,115.9212825944433,0.4290570324148574,0.6353891161209765,0.003381173639534,108.2599551035262,99.11483237746,86.62,58.49,109,110,8237.601000633236,19.42915615880395
B0-FF004_202402,B0-FF004,2024-02-01,16677.412852337035,95.07217334936183,105.87572611219632,6.177934745989211,1.045731931367301,111.18749573621912,0,0,6337.986587749442,10203.00945782872,52.62467407207053,939768.68,5329.585713358218,3695.213245778729,1441.6473202429704,519.4545527282397,216.8799986176688,293.48021711807866,1417.50566655285,72.97236139706413,221.338698237886,GreenLeaf Agrochem Ltd.,"Odense, Denmark",Specialty Chemicals,249891,917,272409.2,26.79552860453901,461904.54,10.10572979203564,358.38140960968786,5.4243841245654405,206821.92,1.1870050560480216,100.75958648664104,367.82691037859,452.68126108563,118.20076793979688,0.3990477977578307,0.6181742335546708,0.0034193593396215,114.96669002668202,99.0386186378841,90.18,85.58,111,115,8617.379251013754,19.82815974921473
B0-FF004_202403,B0-FF004,2024-03-01,17822.91625681179,97.73623001469744,106.37910086707151,6.126873182693552,1.036526371280368,107.73061680471024,0,0,6102.431500866398,9192.26235535634,51.94481586489253,455078.45,5653.875423128846,3630.0893252632927,1430.8334896277695,509.9635800437284,212.9082834640372,317.2771647871846,1424.2769880736882,74.32132447732278,207.77014939710784,GreenLeaf Agrochem Ltd.,"Odense, Denmark",Specialty Chemicals,241588,922,884028.75,29.474063862685224,581271.84,10.14207351371344,347.8958437898221,5.516024630977984,28773.03,1.1495305786957446,104.01513494028814,335.5474614431437,471.0267990120324,113.34981589607006,0.4151071444471531,0.6209536790023334,0.0034082625493203,105.6698438583992,98.59812413267952,73.93,51.72,116,113,7933.460598965181,20.664022266376143
B0-FF004_202404,B0-FF004,2024-04-01,17925.31486946773,99.96463029493238,107.8476707604634,6.013754097619492,1.0535034981132905,104.21479055841526,0,0,6265.7744197974025,9821.272604929643,52.81600193661911,560045.22,5416.424011239976,3829.815544063508,1513.8336809625198,497.3910307392018,222.1140960491648,296.6218941924531,1488.3794708202956,70.0618813812498,204.3369613034312,GreenLeaf Agrochem Ltd.,"Odense, Denmark",Specialty Chemicals,259001,916,953185.48,28.2468799851706,418928.63,9.876433382387273,384.5132226986881,5.544650394883781,567528.56,1.1284931746038216,103.97975027693496,336.80452129399214,465.6529588230246,117.57144209483538,0.4178673038432525,0.6327335282055317,0.0034081439811464,113.2388999950785,90.77831298617916,67.71,64.56,114,110,8569.632262596086,20.05994617739476
B0-FF004_202405,B0-FF004,2024-05-01,16158.426023605987,95.42843908316658,100.31169400725445,6.291822130045616,1.0330898682205347,112.9526974632784,0,0,6623.1005182378485,9528.121176915693,55.02824950024903,131347.09,5410.198322257243,3521.963108966805,1476.1445332533294,512.3460272320227,215.0427670462252,306.8749048018072,1500.4515571594882,71.39577671109585,210.5175828434881,GreenLeaf Agrochem Ltd.,"Odense, Denmark",Specialty Chemicals,252174,1000,267874.18,26.558117113897943,221817.69,9.87377466796308,345.80468882698256,5.157640055160435,866524.43,1.1725455335713433,101.10714053365712,355.32063136951143,448.124719310879,121.9240806979528,0.3913566756210261,0.6458870849365235,0.0032922125532639,108.9473447240488,99.181404859392,60.35,63.43,113,113,8485.781604991811,20.17925198036777
B0-FF004_202406,B0-FF004,2024-06-01,16805.07669253439,101.27303091951836,100.84279329740512,6.450402663184348,1.063412631929595,111.21209187252803,0,0,6244.34390013445,9710.757556681,51.31291257683138,94326.34,5529.212213946012,3739.979717969792,1441.4397648554473,478.7197949813941,216.6678925705372,298.9177244490261,1400.7902705936351,69.44902476945597,209.26221740757305,GreenLeaf Agrochem Ltd.,"Odense, Denmark",Specialty Chemicals,255258,930,598512.16,27.200763805996413,722975.48,10.46451870321276,355.25296452291394,5.201949046334041,314803.34,1.1620641557346774,105.90548820474508,375.4570239184279,457.21040004964783,118.45812835073482,0.4032723944590703,0.6196891234537967,0.0033853442678988,109.33223872482552,93.18903706676484,88.35,60.52,115,109,9045.28890538843,20.108028716916607
B0-FF004_202407,B0-FF004,2024-07-01,17568.00719143328,94.12930802809856,109.18742458167776,6.3026912256331125,1.04653618450742,105.7700943028833,0,0,6574.182506592433,9737.393305137326,50.61247041134213,110422.21,5694.970974636273,3493.3518125801475,1503.5075590463407,527.0821001371141,216.4528624318656,295.08174209275427,1505.8256728065503,68.38401912674826,205.2854801832942,GreenLeaf Agrochem Ltd.,"Odense, Denmark",Specialty Chemicals,235471,958,101260.74,28.04144117548153,738025.61,9.998475164908571,357.61229083751635,5.243542726680573,905946.22,1.1309272052674917,102.45386782130366,354.00652963994406,470.0729890299824,125.5606946954613,0.4386794661919364,0.6646490840801668,0.0036801607940052,115.26952889203814,95.76423978976668,66.3,71.19,111,108,8562.227055677227,18.99130490198974
B0-FF004_202408,B0-FF004,2024-08-01,17227.499277294046,93.07149209285824,105.9390582449744,6.282729395500402,1.0485233765759787,104.04649795737906,0,0,6306.957362672815,9981.720042368268,53.7835795858645,546462.42,5545.584464247516,3606.673823886072,1445.0133304492106,500.07111182446806,237.6782791979124,295.25404284475945,1445.66586785948,70.71435422776837,201.2119558938689,GreenLeaf Agrochem Ltd.,"Odense, Denmark",Specialty Chemicals,250758,947,933954.68,28.33910729889767,675402.4,10.084457353208466,364.213586910346,5.390227282419337,497480.7,1.2437249501202194,96.40351638396844,343.08258561614394,459.50969541811867,124.569709674869,0.4089846106055682,0.6428668666757812,0.0034462434922556,112.6870402202425,95.8978927299088,95.84,72.2,113,109,8575.631115315558,21.397133613918907
B0-FF004_202409,B0-FF004,2024-09-01,17466.707195941388,96.47807798257163,101.94319391063904,6.389704011780753,1.08867199143601,110.58084746255945,0,0,6586.094303942471,10192.976371612744,53.93529319533566,743935.21,5598.594170793424,3670.617245225226,1427.2756553786276,514.0493540712419,217.71453836212507,308.0124474956847,1466.455637869389,73.54537658650635,206.09842769956063,GreenLeaf Agrochem Ltd.,"Odense, Denmark",Specialty Chemicals,230944,951,577054.5,28.59464810666861,79519.46,10.292164987807784,369.5293554137036,5.578833666237712,870837.77,1.135609345683579,104.52288166124978,374.6626935873448,475.8005755605728,117.76801747351766,0.400355231288046,0.6319889138176947,0.0034247276125326,110.89671032776654,91.68162771462129,99.04,90.07,115,109,8359.427288736244,20.140659065737232
B0-FF004_202410,B0-FF004,2024-10-01,16960.494068004347,102.95188499259623,109.40281411370285,6.263921406577994,1.073809888515641,101.92401591313812,0,0,6414.278096231242,10005.23532301623,54.9986269950597,278009.52,5563.19507204763,3805.4078592825135,1450.5437401195964,503.7166501955474,223.3300977769853,319.0290988084772,1498.99944460428,69.0541894873344,213.87957689075995,GreenLeaf Agrochem Ltd.,"Odense, Denmark",Specialty Chemicals,249307,995,192720.66,27.51322641299588,824650.81,9.927363386163266,370.71810429424,5.494324954439231,888277.26,1.20576432201084,106.66655719446646,349.74348615973935,493.2776051588306,112.59002101628124,0.4237328138672005,0.6462264422377517,0.0036245375240495,112.19644081661838,95.44089863169788,82.48,70.46,112,114,7998.553253695438,19.49739114329302
B0-FF004_202411,B0-FF004,2024-11-01,17481.371899606525,91.590175592376,108.30510183875012,6.131242636807964,1.0302739211713117,107.39400951007876,0,0,6259.695455582195,10078.155195139518,55.28884203877101,946779.93,5664.973492359392,3804.9488581457335,1469.179451834863,497.8517171833248,213.7654645082281,291.08979345418453,1437.3346601361434,70.83917257387273,208.6037364914292,GreenLeaf Agrochem Ltd.,"Odense, Denmark",Specialty Chemicals,245878,1013,40485.82,27.811387633043235,709268.42,10.828202683440075,344.0091036955462,5.351954654754572,423387.43,1.1705115813037164,108.501340317045,365.7649741334464,475.4851127077248,122.33143142510274,0.4330087635450277,0.6276986776266568,0.0036088789099373,110.3102165561782,95.9534174090796,79.45,94.4,110,115,8133.238792292511,19.37819659970992
B0-FF004_202412,B0-FF004,2024-12-01,17581.237674843072,96.1473944161417,109.83903370698803,6.341857955855872,1.0218324775668215,110.12268689527178,0,0,6352.0428781451,9778.87074081678,53.097941285181896,197432.89,5270.67715847274,3740.7256964527214,1396.672970043356,517.4651651470565,217.88735116195144,294.9073211304574,1449.8176332640855,76.21390112293031,210.0391565097044,GreenLeaf Agrochem Ltd.,"Odense, Denmark",Specialty Chemicals,251274,968,309761.48,29.094822784647068,295270.44,9.76148491736151,353.0321570918414,5.440052787857101,936491.62,1.1394522803537164,111.65533037702312,348.34815832840115,485.9327118394215,111.71452052385028,0.4173368802702578,0.6481487836303302,0.0033934632145821,116.17247509470162,97.61408878287952,90.49,90.28,110,116,8793.534079289982,20.262152486827382
B0-FF004_202501,B0-FF004,2025-01-01,17567.935190295215,92.189150006092,111.48281198374936,6.262656185460323,1.098359519653538,112.51160145642768,0,0,6271.52412171271,10536.502913907178,51.60044453727061,841582.84,5525.799836081522,3706.521903977141,1412.4840134942774,518.652361514446,228.1019809286961,307.17140763788376,1457.558566289132,71.73924791574035,207.7284499746024,GreenLeaf Agrochem Ltd.,"Odense, Denmark",Specialty Chemicals,234196,973,91758.07,27.784536690233075,853167.94,9.997668636715815,368.68884724796817,5.243492935093862,899789.25,1.148926457717686,103.57317093752154,351.4358525158481,461.4224778495003,123.99208886480122,0.4296154975372984,0.6542038429738097,0.0036110762837182,112.9735645574054,99.19628084880884,80.79,98.26,117,113,8469.178860947715,19.32341084852714
B0-FF004_202502,B0-FF004,2025-02-01,17388.770146725175,101.45131601591018,103.17786082291494,6.48033398353634,1.0516737044224165,108.88117564673324,0,0,6581.994388815921,10110.17503317586,54.50705678076218,770175.66,5341.794849442716,3712.4566818149247,1421.5835112708708,513.0293129430129,220.1927919506216,304.947282766566,1478.022359478295,72.62532986623562,218.8577326086634,GreenLeaf Agrochem Ltd.,"Odense, Denmark",Specialty Chemicals,244542,982,460322.04,28.423667478469163,220165.15,9.993702773256423,351.5646864291276,5.459725371892805,809303.84,1.2032153330049429,101.47428375766708,358.25814240798934,493.64098360696,119.77717575636169,0.4196759792495818,0.6470922190109138,0.0034000816724835,107.59425330330212,91.96873902617246,73.43,97.56,115,116,8925.479872406631,20.168887914509607
B0-FF004_202503,B0-FF004,2025-03-01,17255.73082648374,100.95656684668306,104.76729515531936,6.072600432575345,1.0570740379523462,108.77017815739715,0,0,6535.489459985399,9723.517039158043,56.179897830789145,574416.13,5507.616906297693,3672.382676391818,1448.8633531308894,524.5471693389259,224.3569015433372,306.82555722053195,1503.1593837684184,73.76436573680328,213.04469487659472,GreenLeaf Agrochem Ltd.,"Odense, Denmark",Specialty Chemicals,250186,986,802450.95,27.68031975794093,457187.47,10.105288697676222,356.61453618685624,5.553740029920856,541498.4,1.1833963228830648,101.39071489432705,344.31162392229,490.2982406373523,116.48465482017008,0.4100407765548692,0.6257996629561319,0.0036446327529045,112.24894430821055,97.669274413494,69.13,76.25,116,108,8282.907380987985,19.415756069545267
B0-FF004_202504,B0-FF004,2025-04-01,17527.131722363305,98.25213348057734,105.6162676743042,6.258123690388306,1.1097718510808994,108.09879733100776,0,0,6683.631749787537,10089.955103026756,51.96636509719949,237677.6,5191.485283894853,3814.040387540445,1528.9456986491589,477.4969529062591,213.28343382309976,309.899032141933,1473.417611981391,71.13592831212881,200.54063836360905,GreenLeaf Agrochem Ltd.,"Odense, Denmark",Specialty Chemicals,249984,994,430275.67,29.10371010207305,169460.5,10.20199979805814,366.5147659727271,5.38446659302882,532368.51,1.1929756536281448,107.83243999094476,368.6654025414725,483.3696501884567,116.98611647080384,0.4044118276735464,0.648135265716776,0.0034841128108056,110.63259386553102,100.03883959123392,63.04,99.46,112,111,8652.101516643788,18.757474240493163
B0-FF004_202505,B0-FF004,2025-05-01,16567.759562519597,96.5461703681794,109.78179638853956,6.323215717232246,1.0918317710681598,111.17374968300663,0,0,6330.168318985989,10176.904817494014,55.12992727242347,545132.69,5410.207809645108,3704.7633291687152,1397.3915781789622,496.5478165923293,225.6471933054009,310.5921377038392,1499.820264539154,73.22672877210735,210.30372962153635,GreenLeaf Agrochem Ltd.,"Odense, Denmark",Specialty Chemicals,246049,941,318649.2,27.98824963772336,445930.99,10.434668457125442,367.097368255108,5.76110955366712,446304.87,1.161440058800047,101.32221306105843,374.2049541621562,472.5617844099567,123.5364745535091,0.439550597527687,0.6526043037325292,0.0035617411816703,111.91345040966095,95.96597463933077,60.63,86.03,119,109,8633.177033121447,20.577755504571293
B0-FF004_202506,B0-FF004,2025-06-01,17198.079992753308,98.204315822419,102.52319783842547,6.566925761392159,1.1077996560507706,110.3136731219996,0,0,6261.669031097535,9625.80151974896,54.27409827955994,73596.42,5655.572391474183,3649.606774025932,1370.7760254656991,512.6737589374761,224.99519372522207,308.35138001296747,1557.5267667237897,71.89560123230719,197.51600082500028,GreenLeaf Agrochem Ltd.,"Odense, Denmark",Specialty Chemicals,245093,983,97500.14,27.917908536932373,850421.33,9.614414363792232,361.8350603966229,5.454046871582786,725649.52,1.1881367717628974,108.0800421423447,350.44635071457344,461.67306955956246,117.47153122436964,0.4123489248812998,0.6293343457235547,0.0036877728681784,112.40430717646366,102.7328821026268,65.46,52.03,110,116,8297.697403526736,20.507410417829792
B0-FF004_202507,B0-FF004,2025-07-01,17179.154643324247,94.39093923725471,111.95787764221431,6.211117791290029,1.0459809879463324,110.49903354309352,0,0,6698.63717393197,9759.694139646032,53.6448386872314,248852.14,5577.893372040056,3642.407023947015,1449.017797130919,482.3580014425669,223.3752346792144,325.12875620224264,1481.4762549668465,70.58074018737827,212.1337089177821,GreenLeaf Agrochem Ltd.,"Odense, Denmark",Specialty Chemicals,247915,1035,698399.61,27.08303937522465,692746.14,10.299208438819951,367.3952268999427,5.64110238892198,487080.85,1.151211725968215,102.16571943337364,341.09255552562547,490.3878205380249,116.47494573269675,0.4334071131771746,0.6364902795328898,0.0037216340439782,107.21044527740348,100.07927426330328,72.63,60.95,109,115,8631.997704210413,19.083177538154285
B0-FF004_202508,B0-FF004,2025-08-01,18196.613809261165,96.1975596472613,112.3856925291014,6.316806962985462,1.1054248738122217,108.02281929771546,0,0,6436.105078254537,9687.226610303853,49.46784452984561,277412.92,5677.921261368615,3573.850213895113,1395.2093451995408,491.06501144736046,225.20098771934724,301.40031823346743,1534.8955786081765,73.93316406036037,213.7713307926641,GreenLeaf Agrochem Ltd.,"Odense, Denmark",Specialty Chemicals,250932,950,173822.2,28.727957922042464,792572.68,10.466266286918945,356.5883653745963,5.45722761880228,720305.59,1.2004815342109574,98.2830805113748,337.6669610670699,452.4155085418212,112.09052165046889,0.4397795443266185,0.661988436629106,0.0034149057973343,111.79402522018478,101.47990173054744,92.22,92.55,113,111,8329.439867595174,20.22822899449219
B0-FF004_202509,B0-FF004,2025-09-01,17891.593376014327,97.60070971411945,106.5638215276364,6.575411926062644,1.0920067274026102,110.62505479254096,0,0,6598.555573369963,9724.330147159017,52.52111755797805,117615.27,5558.894622554237,3886.7567849404895,1397.950313201355,517.2078058902846,222.176731455828,307.91831158676143,1550.7545954830532,72.59416995887578,206.896957159768,GreenLeaf Agrochem Ltd.,"Odense, Denmark",Specialty Chemicals,255573,997,212514.4,27.15086985169288,947361.86,10.251333045649996,356.9768899812426,5.703250100848742,380064.86,1.189571640458636,108.2257708582804,358.288290170901,455.4493738443263,118.47117991010668,0.425437372127252,0.6669089415509525,0.0034906949903427,118.07631986154526,93.51962605409132,62.23,85.38,118,108,8728.070063724143,20.08764725227721
B0-FF004_202510,B0-FF004,2025-10-01,18221.04048562004,94.99576434794284,109.18224114689389,6.183937535401089,1.0821920176571622,109.89226582925266,0,0,6594.372152541145,9644.634114093062,52.76987896336064,198273.77,5396.606059238109,3794.228802485085,1469.556139069941,524.5122609252577,217.37607742620983,312.3757530347767,1456.518509723242,74.5729900311336,215.6803210162008,GreenLeaf Agrochem Ltd.,"Odense, Denmark",Specialty Chemicals,244299,1005,411895.01,27.016302818607304,589349.97,9.857321527022576,380.4167567628911,5.365498134379127,796057.92,1.138338885219896,100.97002350805356,371.9308335878037,495.8113450292768,122.05362563347823,0.4320854748521524,0.6325456600945751,0.0036387125422376,113.2040591223792,96.34971775539988,69.22,96.87,115,106,8858.07530833544,20.753026095972924
B0-FF004_202511,B0-FF004,2025-11-01,17242.433093490385,97.8647225582046,108.3209895797409,5.9732373011946045,1.0643091704587502,110.03305811527308,0,0,6650.104015935843,9736.881631888224,56.1506239319829,966296.15,5806.934201871412,3936.812478956536,1527.295749540545,496.51972187924025,226.848451139718,304.0225283901896,1631.7163110639158,73.91236313068735,222.2484606549516,GreenLeaf Agrochem Ltd.,"Odense, Denmark",Specialty Chemicals,252736,898,848504.52,27.639494879475144,133058.4,10.394751110205004,368.33450844501374,5.103432982750462,200264.27,1.1601119607707533,109.11006436847184,369.2041365473794,480.2887174913136,120.98878520003618,0.402499298136441,0.6617103062483279,0.0035116866238968,109.79170677635986,101.36819368171524,83.52,80.41,111,115,8711.451637507687,20.297865509514324
B0-FF004_202512,B0-FF004,2025-12-01,16829.401775578597,94.53774510709268,105.64692502905126,6.319832873130784,1.0771240205268162,110.83078992493785,0,0,6693.829656273672,10346.057544868409,55.47978825070767,805678.4,5653.982717954179,3771.6107665967656,1488.305543851734,500.31329230668473,229.66101837265447,312.60965058722246,1406.5186302090076,72.8410283761258,205.0584191522556,GreenLeaf Agrochem Ltd.,"Odense, Denmark",Specialty Chemicals,245740,972,409379.14,28.205008110489512,29363.05,10.528191639408716,358.3257430554642,5.591789308581663,506481.95,1.1637621477861355,99.62666924607709,361.9369984287589,494.2640547309501,116.94268700901058,0.421643494471983,0.6481681268760959,0.0036753819698786,112.74095694752286,98.47283506381044,95.08,79.0,110,113,8748.19656639667,20.376948474459493
B0-FF004_202601,B0-FF004,2026-01-01,18254.449014744256,100.50826013451608,112.21683643866632,5.976127271299405,1.1307834667128662,112.37843231196317,0,0,6538.7849176172485,9679.648703598126,57.15558569769714,655264.8,5426.00503488512,3723.934636019246,1437.8149628784452,516.0086777500519,224.35477585384552,323.9725858288128,1509.2682410715904,70.86130036884208,209.0350607148592,GreenLeaf Agrochem Ltd.,"Odense, Denmark",Specialty Chemicals,247108,966,149504.58,27.346444169050955,816824.59,10.16528982629487,353.2809175991318,5.633000535785784,862025.29,1.1711349831862874,110.60842830558052,387.7101617125862,491.2048459459721,118.74939575108836,0.4283050114381765,0.6263606180375408,0.0034684200904034,107.06914004734688,95.89228508189768,64.17,52.24,111,115,8849.750865617005,21.03820322812565
B0-FF004_202602,B0-FF004,2026-02-01,17312.068789398018,98.752678149659,109.42045153084474,6.614170624465555,1.1062065913467312,115.97073963816123,0,0,6744.181881189864,10186.03869732576,54.63069249919921,709627.91,5729.846562896111,3531.398280097351,1490.8449836607008,517.9141058013486,221.9580735451609,316.42432674946326,1473.1063507524025,72.87520986909894,213.5879909462259,GreenLeaf Agrochem Ltd.,"Odense, Denmark",Specialty Chemicals,255881,983,26087.14,27.129466497623504,659062.36,10.458633686753853,370.1409292650568,5.836677495691515,584010.82,1.227498877578837,98.99993908672096,364.1346439178601,488.0787668104964,121.44775336500132,0.4213867933108433,0.65325327773649,0.0034333130013624,115.81348348418896,98.57407822445155,92.46,90.34,113,116,9078.234485721534,19.495390142556342
B0-FF004_202603,B0-FF004,2026-03-01,16757.67897604011,98.72901676856524,107.3442654735942,6.40167717606401,1.0811982632918324,113.81255472556649,0,0,6393.591351348423,9974.219430692294,52.82898668327668,860391.68,5613.68108333407,3718.080320016104,1466.9630090717944,492.0272273323405,219.05697171768284,301.3652310529059,1531.3621630446714,77.93357352414559,208.45832243321533,GreenLeaf Agrochem Ltd.,"Odense, Denmark",Specialty Chemicals,248793,959,391717.16,27.82518155156797,390845.66,10.534554132325578,351.0723944524764,5.609493585048244,380590.7,1.173286674594035,104.2026998415639,361.83024164666745,480.498262031101,118.9121923909738,0.4224026069174524,0.6563111079789649,0.003597805938087,113.39634769062351,96.2613370994314,76.64,53.08,109,114,8552.47988023752,20.93363960189741
B0-FF004_202604,B0-FF004,2026-04-01,17528.84754818185,98.2091366157085,110.15381391418522,6.327835537695038,1.1376488195461447,113.55890621935872,0,0,6531.687055932136,10277.598775709195,56.12761642679622,413155.87,5631.005848835951,3815.971967771594,1453.684382961721,523.5113888313018,225.15332199082025,291.34390956086924,1434.855424262979,75.10378070346965,212.77631230277927,GreenLeaf Agrochem Ltd.,"Odense, Denmark",Specialty Chemicals,252260,980,234632.16,27.975568775870453,130020.99,10.473351428640523,388.8003486238897,5.490354235936558,208110.04,1.1531115879907832,106.88230242950036,366.6749370578831,483.7301159372958,120.81439595257444,0.4182962707057605,0.6700503818764041,0.003482831128279,114.20562885404593,100.27612808458484,64.37,79.35,116,112,8478.981011606373,19.693613175167545
B0-FF004_202605,B0-FF004,2026-05-01,16904.409537014522,98.15448613622584,106.28809242845394,6.6216777209748185,1.0654771235379816,112.28592317802202,0,0,6777.428785797094,10253.703470636612,56.352196363216834,277313.72,5487.637596290664,3682.928742959159,1480.7756679814518,542.1717960198665,228.60996051794973,321.91804035761953,1471.6182584129967,75.45415934587628,211.8790331959556,GreenLeaf Agrochem Ltd.,"Odense, Denmark",Specialty Chemicals,252913,971,638159.08,29.17304634284656,930440.63,10.762367109835894,391.2802684514194,5.516762035609359,154483.52,1.229003031021991,105.66325740273535,365.07910692317546,513.7508837956007,116.05073350414013,0.4166185771214719,0.6612508507396272,0.0034032204495788,111.9828907265384,97.03323515595984,93.16,87.04,108,112,8513.102262221835,20.279485949257047
B0-FF004_202606,B0-FF004,2026-06-01,16994.727098578176,99.59596122936968,106.51121345462757,6.511611744598121,1.085387348803361,108.81795978765392,0,0,6627.23948416922,9982.81899210709,53.32861924769431,629992.23,5760.3829509652,3678.53778529492,1432.407100485877,525.8560807718467,218.2590817115432,307.1987592097198,1450.0940059338775,70.91499753110048,210.17050772817515,GreenLeaf Agrochem Ltd.,"Odense, Denmark",Specialty Chemicals,258207,931,943116.6,28.65447525439299,664393.42,10.4419037471445,361.4799551673864,5.445683715877753,29951.26,1.203906659693284,104.00406723507284,375.4832705081961,480.1034497744009,121.0925253278856,0.4194322726258367,0.6642398169997397,0.0034740717967175,112.35683506206016,96.3349493839175,60.03,57.22,110,116,8316.909973602576,21.777865511060742
B0-FF004_202607,B0-FF004,2026-07-01,17322.35600423001,101.46693045382725,109.5509662493912,6.451981998899297,1.0486368107434836,115.05023460733976,0,0,6559.194498303449,10105.082481730242,53.665823649826734,249058.48,5556.814062720439,3694.780642464146,1470.0270742240143,524.9656872144886,228.1846394498328,312.4513125963958,1516.9140849128885,73.73774688493873,215.6715389518436,GreenLeaf Agrochem Ltd.,"Odense, Denmark",Specialty Chemicals,252900,1019,770940.93,28.19301878705743,702399.12,9.880626409338069,381.21156021414686,5.630956990421158,278125.93,1.2273920027622989,106.98723182673356,341.4026728652634,489.295447533791,121.99705551660507,0.4136957649365386,0.6193353230035447,0.0036343823912802,109.2412912529115,104.4539190929999,73.74,76.58,114,117,8725.743437790108,21.073262386799705
B0-FF004_202608,B0-FF004,2026-08-01,16534.310100560655,101.10020154229164,111.1981146730116,6.382759266547807,1.07446729491515,111.32378840266244,0,0,6478.65902200734,9562.20689295702,59.30647324528624,91771.46,5567.643734889816,3913.514258932292,1506.749884054747,527.5411366220951,223.47984948336708,320.03142444631334,1549.0784747719094,69.5030771393481,216.72372887820248,GreenLeaf Agrochem Ltd.,"Odense, Denmark",Specialty Chemicals,254170,993,419130.99,29.50967257272952,554805.7,10.383466472200482,369.89366241674105,5.5643691413852325,917702.1,1.1964156009820028,106.50893059210712,362.2916732815847,485.72576106092873,109.78000187714484,0.4436193484641723,0.6728888962685856,0.0034445651288769,111.314443812782,102.755707779139,86.78,56.67,113,116,8734.320229956094,20.30417973454397
B0-FF004_202609,B0-FF004,2026-09-01,17835.66862567709,97.1240947449306,103.28696814720723,6.240650230119451,1.0547569162202994,107.04094232489744,0,0,6661.243644519239,10245.079871322714,56.50581187863152,848775.45,5474.078097231701,3848.574893511647,1477.0343653795246,554.616064749921,227.02238931167184,317.6956079445873,1497.388223529932,73.47116198895371,215.3850803592484,GreenLeaf Agrochem Ltd.,"Odense, Denmark",Specialty Chemicals,248899,991,680178.92,28.167368924923164,824773.88,10.618271022005496,357.1308598541843,5.438363046527065,337775.34,1.1690814923163326,102.58471036462424,385.5859930919999,474.0335605201183,115.934571059444,0.4184844240228608,0.6604414911423958,0.0036003795832025,120.17846239829818,96.30976847052932,96.09,99.88,112,117,8250.704368880271,21.58185113106572
B0-FF004_202610,B0-FF004,2026-10-01,18175.81614679108,96.6729400948396,111.9651334120454,6.67937044670002,1.0480144464132852,110.54746600505293,0,0,6684.676584638903,10119.591356269026,56.79056248072315,581085.36,5663.87247683094,3548.1066949330266,1497.0496270587817,532.3794111166692,218.7631603565124,303.3737192224826,1526.6161650219035,73.87051530676848,202.95586773357243,GreenLeaf Agrochem Ltd.,"Odense, Denmark",Specialty Chemicals,246232,996,122241.52,28.05643370552876,533021.85,10.132137088613977,381.7966354236498,5.6356511305078,438775.53,1.150009757906573,101.99144079213144,387.04268442960114,486.166556183681,120.16035584051372,0.4262760597578374,0.6441744618768949,0.0035847668507983,113.9804755083163,98.73259747712468,89.09,68.29,113,112,8555.419250983377,19.8742584957376
B0-FF004_202611,B0-FF004,2026-11-01,17810.00306272149,101.44665651995167,106.99071575860532,6.077392882909492,1.05770241852894,111.178610571558,0,0,6496.126750934279,10104.46482702648,52.95378757786981,220669.23,5933.566727290979,3953.466714775753,1444.6598755972502,532.0028168689093,231.21091612791088,314.35155882305565,1512.8779025616557,75.02772789054609,221.69191261059385,GreenLeaf Agrochem Ltd.,"Odense, Denmark",Specialty Chemicals,246575,1010,986336.19,29.344259069011706,420790.14,9.610398597843808,374.1754965156984,5.656795743463986,440857.57,1.152341452209795,104.52314493211996,377.4144537147433,473.6821410816824,122.63358651071432,0.429262817050311,0.6534292400983066,0.0036620260800429,110.16890484231206,96.48196087503224,74.93,96.57,119,112,8955.737256995955,20.00465789287144
B0-FF004_202612,B0-FF004,2026-12-01,18060.654079551405,94.12654598291606,114.10645642319058,6.659307696586602,1.074389075521283,110.02066056276654,0,0,6619.393945217808,9874.816151158944,55.00710770930426,212378.53,5522.484908252609,3989.0908148455583,1506.4688002241608,498.9209061102376,221.71731863203385,323.2054656743029,1550.2798019057443,70.54173740799851,220.73115104861176,GreenLeaf Agrochem Ltd.,"Odense, Denmark",Specialty Chemicals,255012,931,608378.91,28.50141764740503,774164.68,10.01583659449543,359.57630883380085,5.513323681302618,723839.9,1.1753043051716776,105.82573856494106,371.2976410304839,515.8277410986464,125.0633568956886,0.4469267083806238,0.648507319507595,0.0034954860984044,116.84896784463336,98.8519021413619,95.05,67.67,117,114,8637.613837249746,20.33999502696331
B0-FF005_201001,B0-FF005,2010-01-01,62267.3631784232,77.20805848029589,88.6807399868875,2.3394706395778866,1.1147253605426664,85.58066767134896,0,0,4297.466215744045,12375.085159830349,125.17488637246096,354378.11,31570.70971656164,20049.83540383702,5267.996023595913,3031.892698104892,938.8175222807904,1281.260554005173,7050.654828254057,169.97408561498085,1200.3885988666327,Zenith Industrial Gases Center,"Houston, United States",Petrochemical,661933,1776,904139.29,21.921269286569427,876430.95,9.709783559761988,3257.453710798068,7.869434743638526,251946.82,4.767369445031272,82.41344855059307,455.6727404906134,621.9234642226259,151.3413964850709,0.0638428844930472,0.1881171744925643,0.0018885845372092,90.70285249446688,75.94522843667784,65.76,76.62,90,88,20675.6805339458,29.472284977742014
B0-FF005_201002,B0-FF005,2010-02-01,60849.53224739007,81.42800777396637,85.8543847128643,2.4423514998535816,1.0930332476744902,90.07392148016264,0,0,4316.369908529651,12469.17613022545,126.13611218197632,335478.06,34085.933006392894,20140.02038275211,5607.476228022028,3284.459977054034,954.4426661895114,1323.0800066060644,6933.133956160295,165.37124413210506,1192.0157914932345,Zenith Industrial Gases Center,"Houston, United States",Petrochemical,658837,1974,45154.85,21.956983036467992,269256.29,10.383066489143827,3607.6270997039874,7.41476306312971,516772.96,4.5637736658879255,82.69970571772505,517.6416610583306,614.4419615902476,158.36991640750978,0.06467751033815,0.1912370869457081,0.0018920399087415,91.0020794640468,80.71122473039769,77.14,62.36,93,94,21100.046458036843,28.908356621586027
B0-FF005_201003,B0-FF005,2010-03-01,60131.05766506673,81.75851711137845,85.75413411343956,2.470476396308946,1.1327533157852347,87.43963778727853,0,0,4258.632651426231,12008.342984383422,124.5980292823382,594724.77,33822.0887973933,19229.411986289728,5407.911521305989,3253.9042823713894,961.760394940663,1318.780758205674,7105.451753712505,166.94366919096686,1163.5487923155993,Zenith Industrial Gases Center,"Houston, United States",Petrochemical,622740,1917,294174.07,23.17967227033554,498132.44,10.883644409011684,3635.145185905724,7.482551698573863,38123.69,4.94672019789996,89.15484920230409,477.4296994041007,596.0598033902371,156.11646420073916,0.0618711741900017,0.1904264007412811,0.0018338925500101,86.8557732554702,79.59242544825463,98.12,57.97,93,89,21267.195068645604,28.477762157902863
B0-FF005_201004,B0-FF005,2010-04-01,60090.81495549389,84.2910894054518,88.50282307821973,2.300391135361912,1.116801714028345,85.00421014454679,0,0,4486.118069154655,13374.39960233304,127.41161205664962,228089.79,32512.41145769515,19671.25254058167,5379.939361354223,3235.0761614813327,980.969108126545,1259.4677137645403,7277.188689541921,171.65852652663287,1122.9149014679997,Zenith Industrial Gases Center,"Houston, United States",Petrochemical,662265,1809,190473.25,23.72777950710225,680099.43,10.187871231173572,3700.06346609088,7.7063997102326685,979280.3,4.680585259817472,85.69853705611654,469.9788959517245,643.7590267117534,156.1145601438061,0.0643984280973653,0.1920810053067943,0.0018837471277112,87.95323233004578,77.30839181835654,76.91,64.02,98,92,20709.577192124165,28.79387557689273
B0-FF005_201005,B0-FF005,2010-05-01,63302.93114348847,80.61302580006267,86.11862869985265,2.4872102310270594,1.0994868284682529,88.8644299730423,0,0,4429.144633116151,13029.59740213438,127.8979415575569,939745.85,31406.98229114923,19677.65034883696,5422.886582839595,3153.053934114318,964.8459408523156,1339.019832388855,7093.176559622206,172.97253971401048,1155.4104481372726,Zenith Industrial Gases Center,"Houston, United States",Petrochemical,640119,1823,589135.06,21.93938400256712,59143.97,10.334823302341144,3579.437600454058,7.252888319332558,683095.12,4.732929401063938,81.82551150776541,483.83971458298817,637.1783321510662,152.82049582156705,0.0645159561336101,0.1950570467591267,0.0018580311500914,89.58180587266243,80.30579070867175,97.33,78.89,91,88,18991.51400134863,31.10645237091697
B0-FF005_201006,B0-FF005,2010-06-01,64794.452575586285,81.46346712931104,82.03187716096222,2.6153756066885614,1.1043369918348265,87.82613972184382,0,0,4027.579760084084,12508.67333149205,129.60201021921756,423655.17,31924.06612977088,19107.72720564706,5442.295298974778,3261.051407100852,1005.2359565600324,1323.9460558721144,7516.081583881594,179.27609516948573,1210.644142461613,Zenith Industrial Gases Center,"Houston, United States",Petrochemical,623777,1880,401981.82,20.61229278465797,739242.61,10.231860439548136,3539.34066091704,8.063658191107367,922881.87,4.728806097650471,80.05182911562159,471.8257826531623,667.0719001694392,154.28268394034862,0.0623734099725126,0.1801995986610415,0.0018738344963456,91.14231044988558,81.64215192887,85.76,92.75,89,91,21115.05072692408,29.7298615990793
B0-FF005_201007,B0-FF005,2010-07-01,62949.7119440943,82.98584648348823,87.7161394715035,2.52162896368761,1.1280887753835602,90.08377697681242,0,0,4389.806286395612,12600.754591062723,120.32392879675643,43196.91,32856.058543367704,19927.25826321354,5591.135347024669,3201.5859571851743,949.7057627984876,1292.655993119375,7037.866313652115,170.38242553134074,1160.0007916933127,Zenith Industrial Gases Center,"Houston, United States",Petrochemical,660913,1799,50505.56,21.921659530118923,509426.9,10.51428546278134,3597.206576897985,7.692128120353639,358974.73,4.686479508697178,84.2248019477786,486.6455572358609,630.9654221746321,156.60184096996008,0.0647854672184829,0.1900051421646311,0.0019979936454686,87.94277448459675,78.16685921659317,73.38,51.13,94,88,20351.45621147712,29.51741621592161
B0-FF005_201008,B0-FF005,2010-08-01,61823.11689666411,81.22653978613853,81.52597003457691,2.4448384612491814,1.101505578127678,88.14416329386448,0,0,4335.05323807531,12514.48931883278,128.57259819965293,854405.51,32807.15302825419,19409.086391102574,5589.8240150990605,3313.082310885214,942.6303195719768,1323.6410126544192,6891.180051531288,162.86517642649363,1127.0836661663575,Zenith Industrial Gases Center,"Houston, United States",Petrochemical,659349,1891,395058.59,22.989375245875312,246310.81,10.159709159500569,3679.381292966244,7.514996841859594,457681.65,4.921576069205826,86.40982208768474,474.7331651851315,622.6746783612011,164.13560680840305,0.0632163414533671,0.1815675848668753,0.0018448175419176,85.7666203855838,75.03319351944576,85.54,67.12,88,89,20472.82461334197,28.914422757376023
B0-FF005_201009,B0-FF005,2010-09-01,60223.524102119845,81.42160336147587,85.09115257665736,2.581506411793292,1.0798512038204915,89.05389085131203,0,0,4528.1781113525085,12773.713536156329,124.971787601593,183011.77,33223.58330503033,21604.369781290803,5434.666182944107,3241.963370424089,922.2339593263528,1307.4410898807869,7007.184810924996,175.7069322315431,1173.2425480072136,Zenith Industrial Gases Center,"Houston, United States",Petrochemical,635055,1850,189970.97,22.96996851090815,606585.5,10.520116541531284,3640.898059480324,7.704624231486641,845695.8,4.654237769908657,82.92934123702045,468.5593992265321,663.4358027299734,162.4200572595971,0.0625730785857204,0.1892257910411356,0.0019112917625539,89.03706389776741,81.22145098891178,70.94,81.6,93,91,20727.872194505784,30.48502779539226
B0-FF005_201010,B0-FF005,2010-10-01,61192.40756356887,83.38266190354868,83.69615383554465,2.42912574265783,1.0695701743314805,87.16368141757413,0,0,4227.972694149669,12040.141075342412,125.54920401395246,845427.04,33631.585380731005,19607.397206195543,5275.630708431585,3230.219096063812,964.1862487161784,1351.1476287000985,6970.622340378167,168.19949552768566,1170.8164247388863,Zenith Industrial Gases Center,"Houston, United States",Petrochemical,662731,1959,249253.68,22.00479811479485,879443.18,9.747426498497324,3523.170590569448,7.3978517833883695,336384.92,4.827266806660491,84.96730705619501,486.07017503036985,657.4272252372265,159.17352540823885,0.0630903775822848,0.1911387493395996,0.0017681954181711,90.06572940881568,83.20358416977744,69.25,70.38,91,93,21290.57422355602,27.658404131596605
B0-FF005_201011,B0-FF005,2010-11-01,60841.584422632186,76.78015298168323,75.72634237087598,2.5064110898381067,1.1208336884952506,88.05041852179492,0,0,4687.60665482042,12442.715321286918,122.55319732209958,565645.52,33486.95790526665,20164.715859019023,5486.178326057162,3253.4588185626467,914.8347918475044,1396.6771772203615,7527.82233359902,170.74734462880673,1236.0806092711744,Zenith Industrial Gases Center,"Houston, United States",Petrochemical,663613,1814,596208.98,23.036191284050265,103631.44,10.512675749051205,3677.1709075458734,7.433004103560537,176066.9,4.900903154226812,85.42443719278829,480.993647565676,665.0496133864084,166.25128405051464,0.0646673578756039,0.1835152927703225,0.0018801552560673,89.73326856751122,81.40496776183427,97.94,66.47,90,96,20686.78328691321,29.133204005133504
B0-FF005_201012,B0-FF005,2010-12-01,60909.06284139275,80.23481047983377,86.61775657638617,2.462457281748484,1.1226233611023135,87.45092673744622,0,0,4509.674557457432,12581.866545320909,126.57684083711692,237384.78,32036.17116127552,20362.7067526066,5296.479104040281,3501.990667854301,965.9384646194072,1317.5371549834883,7555.950425664026,166.7370252527619,1159.942354949889,Zenith Industrial Gases Center,"Houston, United States",Petrochemical,633050,1917,124206.41,21.671350949031364,871894.22,10.51946954916854,3723.643210862251,7.328166394451991,563247.9,4.73755965206882,83.73759465049243,506.70779486656266,640.7743434178421,159.22890059905671,0.0649461261695538,0.1895125523072778,0.0018786219068357,93.26718393284813,80.43181928429816,85.31,66.64,95,93,20939.296024926607,30.98210802693784
B0-FF005_201101,B0-FF005,2011-01-01,59954.84036297071,81.75937989802816,82.33162121156622,2.365609816955605,1.1348357471009212,94.19290586160326,0,0,4278.646707288213,13532.088533091955,125.82406120350905,139411.73,32978.1575937313,19697.063000135608,5532.828390295913,3479.942501939627,965.2310940315892,1318.6576561614563,7249.496854641083,172.60029831751734,1148.9911888677018,Zenith Industrial Gases Center,"Houston, United States",Petrochemical,657189,1971,437213.64,21.71004811054356,930579.94,10.589578520065718,3672.812132442492,7.903782522304372,145341.12,4.9307449135295895,81.03812919768012,493.3235584306205,637.010682410479,160.24786030054332,0.0619387092543085,0.1945174017401723,0.0019425756125909,90.86795319741329,77.79463886301671,62.19,99.13,86,91,21331.584872392723,27.64706318696526
B0-FF005_201102,B0-FF005,2011-02-01,62437.93380427707,82.62500280084446,86.88554258034038,2.455997477022988,1.104199711414556,89.1997946462201,0,0,4675.180020368415,12878.170245016892,125.5908667329151,398429.43,32888.34179420068,19617.784513221373,5386.415388619335,3213.535621366901,945.4171706977928,1331.1444401988776,7125.069096621329,179.9762688902573,1117.6923743373948,Zenith Industrial Gases Center,"Houston, United States",Petrochemical,656080,1890,524917.94,22.054160783503555,573874.36,10.394246663013888,3664.2894802351866,7.342693502533894,334580.42,4.821037898818123,83.2754060275569,485.99712637285614,644.5185763550045,157.94660236168878,0.065314748356787,0.1955002038503581,0.001946443191855,88.893586458079,81.60940016225021,68.24,89.38,94,95,22013.623650766105,30.62831055238567
B0-FF005_201103,B0-FF005,2011-03-01,63413.73341007405,82.43110398496923,93.14414280358582,2.496116193857384,1.180284052589242,88.0512531980669,0,0,3955.76310971317,12821.931155009856,133.02845267591374,823300.85,33020.21112015108,19092.266820245262,5436.184548029346,3220.542672830941,984.852284744272,1362.2360847761165,6983.738337499297,169.3238280969372,1248.261239398286,Zenith Industrial Gases Center,"Houston, United States",Petrochemical,634292,1971,880481.14,23.40021633088672,949129.37,10.291931977135308,3540.763803837273,7.41321090489766,695325.24,4.800118041577264,87.8501015500976,471.961782533905,624.3811624814053,159.93054633977997,0.0665654002458076,0.1942105841283144,0.0018821520127687,88.56371605161134,82.30379647941318,98.32,98.96,92,95,21816.04108165697,30.463904171000195
B0-FF005_201104,B0-FF005,2011-04-01,58740.18988688806,84.68190585490021,86.13772286173757,2.489849386850129,1.0937738234594496,88.17641706968611,0,0,4183.249108742762,13134.150881288837,127.05929121136784,875711.7,34793.38689055763,19991.49581144954,5425.301141086249,3234.4110579981034,977.4080364252416,1308.6453757916672,7158.624719162197,169.63869197477783,1195.86621137957,Zenith Industrial Gases Center,"Houston, United States",Petrochemical,694316,1886,270806.28,23.007646316089943,811245.5,10.834468737803588,3754.0045415842087,7.780082597329224,490086.92,4.925383207319127,86.62125091896807,503.5312347415528,656.4570454902903,171.4431311673822,0.062909951979277,0.1897928617360872,0.0018141746292351,91.19950761344072,79.39045752517495,86.75,60.35,94,90,21352.38036443857,29.570412877198777
B0-FF005_201105,B0-FF005,2011-05-01,64812.95413423841,82.17665884920322,85.50704743864705,2.3476400487724787,1.0589767438155209,92.15135662855636,0,0,4302.528784974727,12943.87131078075,130.93268243472522,938072.02,31660.085612741696,19263.327799154253,5474.845800698857,3429.740607255575,966.2472755611396,1379.9575121023074,6818.090634366246,171.79202180913208,1198.2849253327645,Zenith Industrial Gases Center,"Houston, United States",Petrochemical,640870,1865,630150.39,22.44263042220272,361770.36,10.869242745065996,3701.097449857192,7.768825371228191,160542.57,5.05802821577937,91.2036073818568,482.5651850594793,656.4236085025946,158.0766423035451,0.0657724966834157,0.1984009223406243,0.0018920582908746,94.22693758752987,81.59906563240203,99.08,99.22,89,94,21651.69182074485,30.380376924206804
B0-FF005_201106,B0-FF005,2011-06-01,64650.75881496999,80.4091965403757,86.57393863647546,2.368887466769904,1.0655506189756554,94.19151082073527,0,0,4387.102865827904,12880.936813274517,127.96697973842642,513133.06,33035.548842119155,20147.75512669547,5577.2989775912165,3181.755350212279,969.8219860335956,1333.363763067708,7281.683250093133,180.1887674181165,1188.7348828819506,Zenith Industrial Gases Center,"Houston, United States",Petrochemical,673149,1855,433866.03,23.785416564629983,30583.77,10.534057612068986,3443.28119897183,7.861628953542579,158177.66,4.599822156794007,86.9986744464497,473.991404903938,626.9986018478636,163.44627706585456,0.0672977012190888,0.1921725306840135,0.0019664541337623,90.81386442854414,83.98284454673818,77.23,62.45,89,85,21842.06220695275,29.612131341314043
B0-FF005_201107,B0-FF005,2011-07-01,59234.09212053517,82.59219652541817,87.84475070507375,2.4935940023529164,1.115360952427477,90.6395126828504,0,0,4350.881122717193,13061.675596908632,130.64122687580908,573138.85,32704.600969875373,20560.895359104503,5606.20365598802,3442.144449148083,973.8875402407728,1377.7045743012984,6713.703708007147,169.65129502102263,1238.8307136619942,Zenith Industrial Gases Center,"Houston, United States",Petrochemical,670624,1876,890575.7,23.495947162459103,110007.49,10.60310198659089,3930.8429063314143,7.531093387881127,138691.83,4.485184298282166,85.27325550720909,501.4750059355874,637.7926756777016,172.41130057965046,0.070808891435065,0.2011636056132917,0.0018566038902999,92.73015172003537,81.17333991656763,94.9,78.28,89,87,20110.5629476433,30.11945133332824
B0-FF005_201108,B0-FF005,2011-08-01,66399.8891710566,85.06957555606394,86.6941336435322,2.550134759778397,1.1058256636263422,93.39204739669272,0,0,4291.685691570663,13267.40389018446,132.4385747823926,453052.61,31108.1621120895,20303.56807890736,5285.75577266893,3241.2671726732224,1010.5473246871044,1320.5541502732044,7049.716908715604,174.7749111157543,1233.169889543805,Zenith Industrial Gases Center,"Houston, United States",Petrochemical,659880,2025,887292.27,22.082245085034387,828511.93,10.307934132372742,3746.763250781967,8.25843914092174,689185.88,4.896419260872442,88.73065507497708,478.9185898159431,648.9656886358691,149.0919777019655,0.0643235081367901,0.1853834509945978,0.0018439941710161,91.42279333305456,81.62333905504455,82.58,67.37,93,93,20662.08292439425,29.86340827487778
B0-FF005_201109,B0-FF005,2011-09-01,58976.878485057576,80.12518810347807,90.99726884378548,2.54303472010744,1.093488268018316,91.67790595166665,0,0,4383.25996087122,13327.007323622429,126.30858904371132,160143.62,33040.422765551855,20430.772406260097,5587.081731306182,3324.4893905360964,980.7830699728908,1316.5077511411343,7098.826195149886,167.42705941517076,1227.377010593137,Zenith Industrial Gases Center,"Houston, United States",Petrochemical,663076,1879,921146.0,23.95559842120872,912752.37,10.675605743504692,3641.6604317776937,7.470919423420408,169243.39,5.015654815572899,90.27889749946176,509.2066566685554,662.3221305021683,163.0741283791278,0.0626521194715227,0.191790360383936,0.0019597029880395,96.08648552364372,82.67938416549595,89.69,75.23,92,96,20738.47143167616,30.55930310906845
B0-FF005_201110,B0-FF005,2011-10-01,65200.72592465279,81.96640528902772,86.76439543880629,2.5953830250736285,1.1234329063810922,95.17299106556683,0,0,4238.789186579473,13344.861867118676,128.15178243024144,248218.08,32875.56464597746,20149.322687491243,5653.072475604894,3323.709012926331,917.2246285148692,1329.821560926394,7223.532948640292,179.37148366660432,1237.5145695680592,Zenith Industrial Gases Center,"Houston, United States",Petrochemical,652498,1902,261856.5,22.19016659845441,32119.72,10.70965759894755,3995.034081162525,7.949727372190355,957030.59,4.92913133142165,83.06896928822063,485.33373849811625,664.0532252155464,154.42183214872415,0.0635669711551826,0.1840697172934644,0.0018766504752214,97.73286667764572,86.99569742482129,76.74,92.25,94,92,20294.43391366273,29.683128353428216
B0-FF005_201111,B0-FF005,2011-11-01,62534.00099650991,82.09101804380353,87.03613218302192,2.4250344495193383,1.0693292628113746,87.15889384132264,0,0,4422.250543342726,13071.95312343418,131.13775668591794,974194.01,32279.88040401786,21309.484373744614,5445.5355506469,3531.1990785436187,934.3539205134126,1303.3968214961344,6841.908245896494,176.58693398699458,1228.7657898530922,Zenith Industrial Gases Center,"Houston, United States",Petrochemical,637976,1949,699242.15,21.45911915573756,294115.66,10.862286636472616,3871.4001554733527,7.369861391112871,486001.15,4.985195799239018,85.71910207576329,465.200691965147,657.7998385177427,152.59229784723377,0.0651956321645978,0.1884631684200805,0.0018589459027999,93.14644617213736,88.81133676708384,73.22,70.37,94,92,20918.52835753476,31.48828806275322
B0-FF005_201112,B0-FF005,2011-12-01,63701.63716070943,84.48951265437994,88.51834390290024,2.5019836736210546,1.079106481683441,88.6182311107022,0,0,4241.824995895088,12799.72091176651,127.84075182579802,45877.51,31357.60493410313,19484.06569649163,5562.885078499763,3398.587591069389,954.6434186839768,1364.3849239942172,7261.3807253611585,180.06542880040254,1266.5099056803524,Zenith Industrial Gases Center,"Houston, United States",Petrochemical,650765,1921,521789.88,23.955654856119704,762642.96,10.65980381219662,3785.4144671481,8.10184120487893,988608.73,5.01208464134704,81.72185298699543,474.3596316500818,647.8480682789328,160.9030152577099,0.067624996247481,0.1923786396880908,0.0019079816143194,93.011105074241,86.02231609914963,86.8,58.35,93,93,21016.28722948498,31.5583608372408
B0-FF005_201201,B0-FF005,2012-01-01,64852.696806886604,78.53441569384741,86.24534879736125,2.547251395259324,1.1295298703430736,94.11593753074332,0,0,4486.807363087777,12547.07485168434,127.47579041798086,526881.37,32039.024261894152,20773.23719928693,5598.072788060856,3530.5073963392224,995.1980505536532,1361.0313080108062,7590.148479876794,172.79525188789026,1142.5155193252865,Zenith Industrial Gases Center,"Houston, United States",Petrochemical,688147,1976,512094.96,22.61684637757928,717086.78,10.59588372049994,3741.6437838996494,7.941948490037509,297694.18,5.043606347513364,86.39710570313991,492.76602007206645,638.5036912451798,163.454639106251,0.068328420679324,0.1969144617288697,0.0018872831308862,87.73569597072544,81.75876244695512,96.63,81.59,91,91,20932.075496014742,30.073884024278264
B0-FF005_201202,B0-FF005,2012-02-01,62715.590711691126,82.38024566376541,84.10599487299149,2.546730218153874,1.0822773881010774,93.71449843475712,0,0,4641.207502995238,13538.08276675317,130.9608565277036,252606.22,30934.81252680905,20340.22625329177,5606.184736358055,3440.0804618377097,919.7857224549084,1389.6513915209398,7505.759568088698,179.1145661965455,1160.9750541067397,Zenith Industrial Gases Center,"Houston, United States",Petrochemical,665535,1887,555216.1,22.173061074177983,86904.16,10.348221970517216,3696.9226628927568,7.944769619476041,191558.62,4.829348681678716,86.6576103292255,516.1574796772514,679.282804697732,149.5603710679711,0.0638992815824929,0.1926987865946723,0.0020335282917556,92.21429760991064,82.39095768040742,69.43,55.57,94,94,21063.059064190395,31.82587534702676
B0-FF005_201203,B0-FF005,2012-03-01,63477.07645057624,86.40940030328755,87.9949462701416,2.484906225805797,1.1341079208273728,84.7499278346839,0,0,4255.330655708728,12808.675970409184,130.38869288468752,884017.48,31871.39225706853,20060.231470296683,5533.51068508156,3561.95434517077,976.5269136741928,1299.814068500268,7456.175529020369,175.64352772179276,1238.706652312547,Zenith Industrial Gases Center,"Houston, United States",Petrochemical,691295,1907,504403.35,22.745683970142128,533149.84,11.143807562551652,3913.791405860642,7.749846655981204,679373.64,4.948855919291077,86.19866973121255,481.49918860842064,664.1066217425188,169.3875201336606,0.067318146130683,0.1882676357717576,0.0019376385714377,90.47262570926571,84.03486442258696,78.56,77.86,96,91,22065.73301792268,29.861773354627847
B0-FF005_201204,B0-FF005,2012-04-01,61333.05880239816,86.13803950327787,89.1203905453546,2.5931863658613845,1.124994823701135,85.46831863397408,0,0,4415.844825552164,13850.61085985283,127.52509265399485,165569.92,34186.67887624644,18919.56750046923,5596.360654082356,3370.9653926276924,1018.5340693013992,1283.383534831834,7448.202214139084,179.4230307619408,1261.0872935150203,Zenith Industrial Gases Center,"Houston, United States",Petrochemical,659218,2005,339762.85,24.46379391029729,885450.98,10.165988784538111,3635.6901528980966,8.036562533273598,705093.74,5.0489680054230455,91.39755861827598,508.186994944749,673.987581402637,157.01344709824838,0.0635223726796727,0.186269638712501,0.001922037390875,98.34711318367054,82.98713789914315,67.18,92.72,92,91,21523.033909226564,30.565860422564164
B0-FF005_201205,B0-FF005,2012-05-01,60417.48089469904,81.64071977584545,91.08198952275578,2.596081003503316,1.093180493687996,89.53717700753657,0,0,4483.363526664116,13077.698433078122,134.64461012747947,152543.69,34538.5300985028,20100.978055847954,5523.39101227445,3359.264602689662,935.537048537464,1351.9885659834315,7528.818768796154,171.4492602567437,1251.1061053092712,Zenith Industrial Gases Center,"Houston, United States",Petrochemical,674353,1973,853136.69,22.865254625098263,831137.94,10.580279503578462,3672.196145618352,8.096326255517003,913393.75,4.8342950176764505,89.54379960384699,480.83484870800646,653.061432602614,155.38852888162666,0.0642812372765142,0.1850356565892186,0.0018810685816707,93.56030500952215,83.58668838705772,61.82,82.6,92,96,21181.247617952533,29.65904836094982
B0-FF005_201206,B0-FF005,2012-06-01,61304.33544887473,87.51560182401327,91.51632441892554,2.511081181179141,1.1200459083026388,91.05580064803507,0,0,4150.40245394905,12708.212668071845,130.9482146454087,473698.02,31994.55822438732,20346.363829934697,5602.105726944721,3352.0372274544525,992.1953187900664,1388.151839381959,7308.238080648504,185.9935548980512,1208.4603995990306,Zenith Industrial Gases Center,"Houston, United States",Petrochemical,653161,2072,797284.89,23.514302760123066,89752.94,10.753409514097523,3664.946221769796,8.179551093673716,529048.32,4.813306420112121,88.3800715488408,514.2398420529772,641.2950172016059,166.05084633961175,0.061491850649911,0.1931325979459311,0.0018457085607899,90.84602017383784,86.83721211827803,69.81,79.72,97,95,20101.126154860027,30.253513205271737
B0-FF005_201207,B0-FF005,2012-07-01,63869.30057925255,85.91702778001303,87.50948560939248,2.6771737565437417,1.1340422634298477,87.46503461099904,0,0,4401.757242958839,13235.309254150494,131.036302002511,318120.73,33318.07132147788,20192.905888725003,5900.07555268216,3507.2489024375864,948.8501954642916,1297.8977198803511,7465.166354330098,178.0738628627312,1224.27574741884,Zenith Industrial Gases Center,"Houston, United States",Petrochemical,651080,1964,990655.05,22.340858174134805,970089.52,10.624204022201903,3609.4889174962095,7.749925613571874,962380.95,4.890953291154948,86.51244673567058,520.5397273972811,662.7801711246234,160.11447644708798,0.0672182549337697,0.1816895936152944,0.0019603641294173,93.91317230097104,84.69040720541933,87.62,53.11,95,96,20766.20993290212,31.369338035784605
B0-FF005_201208,B0-FF005,2012-08-01,62818.09898253888,80.3470324405095,93.22864622913796,2.596099290219955,1.1906679566338636,91.88716765415448,0,0,4400.762019749663,12573.101946311732,132.97662479475164,982494.12,34105.94921030055,20499.659026640675,5541.910681802125,3315.723470343198,1005.4834800164232,1233.873071606636,6943.43667220503,168.35943200887436,1145.9070862165183,Zenith Industrial Gases Center,"Houston, United States",Petrochemical,672593,2003,885176.52,22.31333299166508,164992.5,10.74979112216652,3810.422289814384,7.987245144408845,50432.08,5.048765847444493,88.19500847930468,481.554934669107,646.7019515691268,158.35585945324638,0.0637649045516414,0.2005312853955545,0.0019605703959031,90.35738121048756,82.92121243369891,62.34,68.35,96,99,21556.607438442243,30.22969279836789
B0-FF005_201209,B0-FF005,2012-09-01,61003.28602386687,78.35472205620754,87.13866918387228,2.5738528273578645,1.1218076589358543,95.4494723437993,0,0,4620.874621932758,13461.63579124363,125.2893935030077,161402.8,33320.38947462467,21613.559751144465,5761.600437941369,3277.30910232812,1080.1345877190477,1394.265774466989,7066.482663005574,176.89369341185105,1202.277371244394,Zenith Industrial Gases Center,"Houston, United States",Petrochemical,659325,2050,130818.67,23.83704350095072,451039.83,10.595415730309524,3690.308513218863,7.865450330044113,46978.45,4.9283697497069126,86.33290586447674,476.9951483170066,652.8646931267064,154.22828327361563,0.0681059146765274,0.197326676308601,0.0019060120475861,88.62249321575365,84.20745180054739,92.98,84.33,92,95,22608.3735919591,29.962216043145343
B0-FF005_201210,B0-FF005,2012-10-01,65988.43820138047,84.2455873119247,88.23166735422377,2.549657751203441,1.1106036211177626,92.57246441546302,0,0,4612.375463337589,12996.417793934064,131.91781364028876,777559.7,32874.64663800838,20484.342945222565,5438.647926236434,3397.4406836303874,1018.5410575090414,1434.1535514121138,7117.19391744214,174.2887858013665,1280.810218980135,Zenith Industrial Gases Center,"Houston, United States",Petrochemical,615710,1937,314196.87,22.03517835918632,409815.82,11.130009037560177,3538.26878618883,7.392866615491821,190453.25,5.179934162017181,91.73137914561045,459.0143091891695,689.8237372158625,163.51936147514974,0.0639415754861449,0.1891860683698216,0.0019760923416221,94.94020903558366,87.83426259720119,75.33,59.31,96,92,21937.330835472098,29.456148754933743
B0-FF005_201211,B0-FF005,2012-11-01,68003.65646454437,89.43878367132218,86.76574311934182,2.5478205757550723,1.134409146878915,91.93311016922412,0,0,4266.192262076786,13872.914282657855,138.20214473181193,119946.33,35350.350421550706,21038.19005889677,5497.113522504282,3257.1021891446244,957.0846932660256,1384.2344133921215,7051.865954529114,179.89180807315128,1244.8677513171133,Zenith Industrial Gases Center,"Houston, United States",Petrochemical,674392,1980,811159.9,23.22909108036368,956369.94,11.117885728222186,3869.782055901775,8.079195695545932,92894.74,4.986995807132659,83.2568894008467,524.2906245502874,649.9291982173474,167.65176051840734,0.0651536935418745,0.2131209743906127,0.0018898791584176,100.4952429591432,84.06897609445944,93.04,82.18,99,95,21646.09732634556,30.61115127860285
B0-FF005_201212,B0-FF005,2012-12-01,65258.47946328826,82.1516520716849,82.95029025647659,2.5815902219482365,1.204088865291984,91.28429140082538,0,0,4395.710997212497,13298.147544195464,131.91580772252553,595686.13,32101.307373758373,20501.72726555059,5552.346109009863,3302.376855121232,968.536714145742,1378.681668433327,7388.492952770456,178.13246356756585,1176.318183848357,Zenith Industrial Gases Center,"Houston, United States",Petrochemical,673597,2047,397729.82,22.783116757462043,863232.66,10.396578535948333,3744.978853716693,7.740498551640262,567355.93,4.955125613868476,84.03423712625133,528.8773092911152,651.289389791321,161.71900572528028,0.0650253969696637,0.1894875168883401,0.0020134034353568,94.68225495262936,78.14818729592548,76.87,91.58,96,98,21378.984694490253,32.01358160976906
B0-FF005_201301,B0-FF005,2013-01-01,65743.81302585985,90.05372114300273,87.46242256368076,2.518846321398485,1.1404686656148928,90.49484199161444,0,0,4277.416140955052,13273.94842176614,138.07757542863993,209136.33,34828.75285424267,21666.036953763407,5739.557547845929,3364.3468096392203,1034.8642533750392,1408.9697981593793,7203.694694963081,174.85107303798486,1225.6917875215509,Zenith Industrial Gases Center,"Houston, United States",Petrochemical,698258,1925,524869.05,23.945466277371104,725416.45,10.858026744107876,3832.862793985492,8.080893440254858,727029.7,4.94022426685105,90.9881687071405,461.1914582509392,680.5503963779036,166.6396840219459,0.068793640129783,0.1987886060894256,0.0018826154100128,94.36860242569546,82.12587587188197,72.86,96.42,90,91,20445.10836420654,30.29811061252008
B0-FF005_201302,B0-FF005,2013-02-01,63527.63681454507,86.82960797817172,83.96952199385096,2.511969247793369,1.1435534226220894,90.07605032295264,0,0,4558.53853550577,12465.979621765364,130.67570330956153,153072.43,35895.07796801125,19489.67406064702,5596.813597768065,3481.655929980984,989.2806848942856,1415.10517600775,6936.701073503814,172.71201577596227,1217.6187308524784,Zenith Industrial Gases Center,"Houston, United States",Petrochemical,690788,1986,215747.85,23.106575897748737,656200.64,10.959667399152064,3608.6184068757952,7.682767509039235,309972.85,4.992428887902975,88.19741877057966,483.2190703432313,648.4700889554932,162.25516226549712,0.0671251706937227,0.1958378427061198,0.0019622474507313,95.42512232080313,84.66821253473944,94.37,64.56,99,96,22707.18621776183,31.80189789088988
B0-FF005_201303,B0-FF005,2013-03-01,64036.2910490155,84.33235491662577,84.75275411092127,2.4712368965186946,1.1705763414988406,95.46205278143994,0,0,4647.298163134826,13777.99160679849,134.58881810427877,299155.89,33895.33906064211,20294.69493718659,5874.315330939617,3381.6730981280703,879.5558070362872,1398.4105029214188,7151.592587686594,180.71182267662743,1292.1186223092457,Zenith Industrial Gases Center,"Houston, United States",Petrochemical,724688,2030,522483.76,23.89515931679712,893343.28,11.092814866414296,3665.850304313971,7.618650637463197,64143.59,5.017366115996131,88.94833212420158,493.8196562818949,658.0061706273268,170.3912491683814,0.0642789393829336,0.1960062804042702,0.0019020772506825,89.92865778544657,85.10548562689223,91.67,56.91,93,91,21636.99710780393,30.228909510013537
B0-FF005_201304,B0-FF005,2013-04-01,60397.1960718935,84.04148555948144,92.09189277812672,2.648683259549176,1.178900720949096,90.13740779024248,0,0,4624.813837989759,13723.840771390962,132.7356322495073,762976.4,34750.53209049189,20414.81205070512,5629.298529227376,3283.039785234878,991.7291943331788,1349.51105181746,7172.185931630619,176.1464193512381,1287.6916758343175,Zenith Industrial Gases Center,"Houston, United States",Petrochemical,673101,2085,226501.19,23.242516026461683,601582.48,10.03599893683464,4028.921977319135,8.16062268551244,837690.2,5.099661229311122,88.78605889376665,492.4682057631047,665.550026584037,162.33435443260782,0.0642637833463222,0.1938585561363883,0.0019631227899748,95.4546138737901,88.53776099906867,90.95,93.46,91,96,22523.12471011655,30.355943090821143
B0-FF005_201305,B0-FF005,2013-05-01,63496.88316478501,87.26124505959933,86.56728050708547,2.6875783477114736,1.1365309687993048,94.07608543118198,0,0,4490.573922167324,13212.344291562238,134.45009058029282,868403.29,34678.86010281283,20326.95056862444,5976.995733227707,3421.968443975517,1035.0191727371985,1412.850788685781,7182.9049806356925,186.0971040568689,1266.1636583592765,Zenith Industrial Gases Center,"Houston, United States",Petrochemical,685055,1967,962786.36,24.13199531166596,991341.57,11.01990661666484,3758.701854623928,7.81272810256504,551480.53,5.10261130489126,90.13701528659269,500.1823843669994,643.9395053449708,163.0984318749328,0.0668694813681017,0.2091318902643142,0.0018962273122763,94.2424184032471,84.64154052217569,75.52,85.64,92,94,22581.530312148683,31.36107934888769
B0-FF005_201306,B0-FF005,2013-06-01,65008.51741009707,90.14572002834456,93.32308925103324,2.5045008507431854,1.078074703571709,86.66026761188775,0,0,4714.46168199914,13865.563270477123,136.73902015257957,174160.52,34024.05225929558,20514.12296492782,6080.141561238917,3357.475806123474,974.254829533326,1401.571884243081,7199.696686170888,183.6157424137269,1246.3629307668666,Zenith Industrial Gases Center,"Houston, United States",Petrochemical,669133,1975,371326.32,24.17784093439401,575437.37,10.767634904051723,3894.295348796336,8.115028764925874,328079.46,5.147417638507525,88.45628022637699,489.441490623337,670.7159004208437,164.6651072623549,0.0690694087448875,0.1951367916294198,0.0020490380842337,91.24181080956822,84.5608951905113,69.92,55.46,98,94,22278.64682854189,30.71723169410208
B0-FF005_201307,B0-FF005,2013-07-01,64565.330289353136,81.84868213519376,93.02642422980396,2.6878775921377027,1.0992468241791138,97.79063856274917,0,0,4497.481500498627,13278.835332738752,137.59343864392434,929500.78,32515.508591135,21713.605062522773,5997.068435930116,3495.977570492543,988.8435684558606,1389.098889156015,7360.1047903790995,186.1320943198709,1170.720511093619,Zenith Industrial Gases Center,"Houston, United States",Petrochemical,693473,2068,51744.7,23.883480143742258,291959.92,10.540814638005426,3852.197637596317,8.072015242650517,988187.62,5.04330024079368,88.83510166832518,475.8062680983828,663.952781121777,168.64150603997888,0.0689407054507863,0.195524612130205,0.001980964683286,95.3061642602982,86.64229035813217,61.52,90.64,97,96,22057.34981603607,31.57315595376442
B0-FF005_201308,B0-FF005,2013-08-01,65149.9553830644,86.14478150978174,88.24200881270345,2.639424911070716,1.1065097697266029,95.1245788795092,0,0,4425.838797687077,13504.03265529864,132.41725364411107,622232.67,34738.376629066144,19774.484546653774,5733.537789529919,3392.1822779419344,963.7204614127708,1367.787982198305,7140.3151303466375,187.4815302326864,1265.6283552603786,Zenith Industrial Gases Center,"Houston, United States",Petrochemical,703164,2032,556183.53,22.69381104072304,630239.93,11.50815663512956,3854.758195045771,8.307000671493451,141676.6,4.910362291602765,90.89105484374204,492.1034034039217,637.0243239763338,168.9841028391968,0.0649561882144824,0.1857433305906324,0.0020290839618293,96.37627873408684,87.17208843201567,73.95,54.47,97,91,20984.26528191944,31.808337255873408
B0-FF005_201309,B0-FF005,2013-09-01,66041.39111537299,85.16012367589107,85.34311891057322,2.51141131986377,1.1345484088407989,91.39225954031885,0,0,4722.092064287333,13693.309279359932,131.68501200301006,250324.56,34984.749158936946,20475.78816730786,5761.833221376937,3398.388694603784,990.5256129197272,1317.6795785753577,7452.569928332648,183.5189146442569,1271.831890318459,Zenith Industrial Gases Center,"Houston, United States",Petrochemical,651100,2061,185764.24,24.595779296596763,50227.06,10.901755196114088,3699.334338908466,7.969996737440349,405236.03,5.033333840783543,89.10141047743363,517.1531169316935,666.2476620933744,171.8024600475263,0.0615535393176849,0.2051165728535785,0.0018821432591008,97.40615875430834,87.22803653741978,72.85,84.7,92,92,21427.125501127128,30.54456962784783
B0-FF005_201310,B0-FF005,2013-10-01,63825.18765749383,85.78550056829035,91.00040441024623,2.5734175867345925,1.1064956861582873,91.23621924153458,0,0,4391.1195278246605,12825.952332635434,137.65156625219245,380805.0,34804.831506635644,21681.75331702305,5608.172382601842,3320.386408666829,1011.4927561912368,1405.014910530194,7494.835418232532,179.84515185683262,1280.3466728154235,Zenith Industrial Gases Center,"Houston, United States",Petrochemical,687001,2022,966029.24,23.23727079454994,131449.91,11.031142450214452,3573.636832186527,7.842925096822292,731459.7,4.834338843356078,88.54843359419226,512.2842660928973,673.7933593940162,162.8398749235318,0.067793999411427,0.1992751348989241,0.0018983507156615,92.9671719222098,81.98005673321092,63.27,87.75,95,101,20680.07920231465,29.19418921426085
B0-FF005_201311,B0-FF005,2013-11-01,68010.46773554325,87.07092163704019,92.75512040229934,2.5562299287405725,1.1716926654497466,93.39713512004948,0,0,4660.15506664005,13205.166361424532,134.3020320262989,552855.77,35010.7872396718,21115.606000808395,5465.591815783388,3491.3761088845745,1017.6204390734508,1410.761077268539,7472.246631397485,184.84347830284244,1255.3729500942118,Zenith Industrial Gases Center,"Houston, United States",Petrochemical,670382,2047,681763.64,22.859209130472497,236936.18,10.035165591248028,3749.969256800015,7.930191103649708,195818.46,4.990942145641688,94.61490301708156,483.5491175107537,681.5842793752226,169.14062355014815,0.0648050905472508,0.197431623380801,0.0019622179868669,98.41399330648052,82.00784404277009,85.52,85.15,97,93,22086.78024572972,30.38059943892925
B0-FF005_201312,B0-FF005,2013-12-01,67806.06410068978,86.08507133589188,89.09708484917304,2.499299220850231,1.1628335118734914,95.14069955209612,0,0,4578.841175699921,13746.385178096092,130.08708470142878,87306.22,35115.82270373233,20863.21985770394,5423.732136378757,3613.089504857593,1031.316414086889,1316.0535917047926,7324.28301250708,190.58391265957712,1262.2664489820245,Zenith Industrial Gases Center,"Houston, United States",Petrochemical,659833,1893,858086.33,23.298445189583656,506428.15,10.418588611601429,3897.021427076756,7.804490267192622,875272.45,4.97735032799747,94.86497639680992,527.2432957384259,662.8636558116174,167.1560535364937,0.0655659005264275,0.1865115342878414,0.001934939931528,97.25704332305712,82.79625783639088,80.92,64.18,94,96,22654.804476541594,31.373361908087265
B0-FF005_201401,B0-FF005,2014-01-01,68114.68052822546,81.41347099908351,88.77163439550873,2.56414513326066,1.1938783284650645,93.99562904413612,0,0,4617.113436716535,13376.496343530798,137.65215069482932,457323.42,34215.09256494195,21697.878816093595,6003.06347518333,3573.848315170884,982.7057698986376,1440.4250035807916,7705.878453134398,175.97196453561588,1234.3233695286726,Zenith Industrial Gases Center,"Houston, United States",Petrochemical,716345,2072,296384.43,22.904124845766606,522632.31,11.120046753258704,3840.6208712554703,7.832995995028638,281013.01,4.879842804549208,87.24420195111675,513.5829970037565,693.8058813598191,167.04772672597048,0.0660901698953249,0.2037569510837827,0.0019050906814137,92.82649171515958,88.73788207299324,84.78,64.14,93,99,22416.377954485222,29.71083475429718
B0-FF005_201402,B0-FF005,2014-02-01,63733.92252073653,82.2057186405459,92.19204109925104,2.49778350090313,1.1679984417323417,93.53005110916368,0,0,4673.904888226796,14148.987000877922,140.4190666752372,385009.32,32447.420081775228,20755.41951958039,5808.476313552656,3471.160855422585,961.6102203379576,1422.2136973165937,7663.967966981478,186.7006450916607,1221.5917048100343,Zenith Industrial Gases Center,"Houston, United States",Petrochemical,661390,1987,422181.81,23.018578231332967,990614.91,10.601097205523342,3792.9724626212633,8.13639316969118,898383.97,4.851901391506153,92.51834344582151,525.6920414076802,668.8857594901198,159.62185449891993,0.0694248119224875,0.2009672730983559,0.0020888736047816,91.54340975959676,86.79857766839164,79.43,71.12,90,90,23038.046494728504,30.540615823312844
B0-FF005_201403,B0-FF005,2014-03-01,66362.59073205711,82.79635549879949,89.03437232073662,2.6705653724356604,1.1636744976970366,92.96204932164244,0,0,4694.779727229494,13364.519963117868,135.81038355017597,626382.09,34780.57060604201,21447.28015966249,5467.046036313327,3476.9086731409698,1015.8574722452568,1343.5909161399593,7439.376124527455,181.10867793925908,1208.4116941102443,Zenith Industrial Gases Center,"Houston, United States",Petrochemical,681789,2147,622953.99,23.960070568749867,409962.57,10.144937685974927,4094.855639662183,8.226679739933196,618398.21,4.861405393435443,92.05859231328344,520.6080549722369,684.3398548622364,162.02319070942048,0.0674596720132944,0.1951382959195503,0.0019623237204044,92.9626330667725,84.40528630720729,67.01,76.84,94,100,21588.743960534302,30.599190600576467
B0-FF005_201404,B0-FF005,2014-04-01,61407.94040226768,91.19891812813276,93.551801517374,2.5257657176902533,1.1872580399661965,97.38609812114323,0,0,4561.974257928259,13237.938121585175,133.16797704843802,406911.25,35736.03510195767,22084.734961682745,5839.700033197376,3411.6212821972595,997.4295937753092,1410.9216994008257,7635.823697557578,183.73031210886697,1224.6235885035048,Zenith Industrial Gases Center,"Houston, United States",Petrochemical,717594,2030,707829.18,22.267113836048303,361449.91,11.211583866732369,3708.5002080915033,7.634718484174982,501538.57,5.074833391794383,90.56481700566074,515.5672355560004,681.6499456850327,152.06420013158325,0.0662556826105208,0.1983847839130562,0.0019906852669786,95.9957252263321,85.15434071301196,66.91,65.89,97,101,20969.62922696205,29.073598834510577
B0-FF005_201405,B0-FF005,2014-05-01,66267.93177910139,87.89931110262651,96.7444719198996,2.6054181538417933,1.1507343137954784,92.9843270175623,0,0,4682.054759272804,13686.328021122536,138.43621910571306,364969.77,35325.79136172059,20723.22048782316,5616.605775092477,3486.7167208015226,1058.2010966111604,1406.5051845989854,7145.096174909453,192.93472080761023,1270.5959653520692,Zenith Industrial Gases Center,"Houston, United States",Petrochemical,692228,2014,377295.26,23.206830410168816,112350.69,11.197727029690592,3831.6890099043903,8.331236711954814,273305.69,5.405247375044315,93.4985855077078,516.6358466807626,670.2242249328029,171.14693568915345,0.0673383192981193,0.1983073491021053,0.0020280868968049,98.544148429004,87.29798873805902,87.01,63.47,93,92,21547.162615945595,32.14359133609113
B0-FF005_201406,B0-FF005,2014-06-01,65908.96903936045,88.96216434019611,94.4515570291514,2.63456873902973,1.1222999082614051,96.90257486055144,0,0,4761.465292969299,13588.935423973233,137.007600657274,640441.08,34419.00577436702,21269.64837239351,5808.188951321258,3557.135817564448,994.270264292736,1447.815759699134,7424.664431375063,183.5267087033945,1217.671696492888,Zenith Industrial Gases Center,"Houston, United States",Petrochemical,706538,1981,390445.0,24.41131166206446,476846.32,11.870164765113538,3861.9159163383415,8.002680700154324,584312.62,5.16213316103438,89.90697462620821,497.7895593198917,660.2966182350527,173.71338635982377,0.0690238348340973,0.2076788119692341,0.0019011704839564,95.13331177840509,84.11478979043527,74.0,86.84,101,95,23195.05103026341,32.083646667591815
B0-FF005_201407,B0-FF005,2014-07-01,67545.40992586716,91.08740394073104,91.23373862653922,2.675555313612741,1.1707469674342663,92.47655416276852,0,0,4643.01409139531,13915.446664946669,137.59120968774334,342814.56,34504.77848383695,19713.062931877925,5931.813805339732,3396.1505452065367,1080.4556488533403,1415.9055917936937,7850.388273961934,177.56057491096362,1299.016770989453,Zenith Industrial Gases Center,"Houston, United States",Petrochemical,710821,2053,904691.03,23.35513871412908,575668.09,10.787010211594389,3769.818812741521,7.965235960100033,855449.56,5.291565659013073,91.49046046962064,530.0877160069853,676.1245171363388,177.8695232585446,0.0700197421358493,0.2053721957168721,0.0020159558049209,97.43363298017007,82.7260215121796,87.04,67.42,97,98,21253.76187595862,32.745572676293186
B0-FF005_201408,B0-FF005,2014-08-01,65445.75611830412,87.69787878998044,89.78453959383535,2.6384784363370484,1.244301356984277,98.131344487678,0,0,4635.884748782232,13490.6320762376,132.72992405875752,585133.92,32770.84890905356,21595.426788498746,6144.833529470672,3362.624185325157,1003.4107763458024,1389.3743998168716,7912.819209849641,183.7073278714064,1335.3691447114202,Zenith Industrial Gases Center,"Houston, United States",Petrochemical,714574,2011,476043.76,23.16515946251574,548908.0,11.884293553340376,3815.962116126569,7.942214885997202,772121.57,5.051678951526859,89.2226064045084,535.8771044488452,711.0383236016089,169.27259623900315,0.0660989372396745,0.2025916094931634,0.0020524367326092,100.30634078971404,89.63433380171051,62.85,88.37,99,99,22264.37873965956,31.39529385125373
B0-FF005_201409,B0-FF005,2014-09-01,65348.50372952734,84.75230004874146,89.543872595365,2.724618308975783,1.1876884689322995,97.31169080387576,0,0,4846.531763292975,13699.829732683032,138.87668535033475,967768.93,34475.70810782258,21353.432275308085,5692.542861054133,3410.128066727952,1012.2595177056392,1413.599281428604,7419.065385891141,185.05269534806624,1217.2598882024704,Zenith Industrial Gases Center,"Houston, United States",Petrochemical,701092,1919,859725.0,22.8052434710424,450800.36,11.189830707447868,3944.546132448988,8.002058800850696,601856.77,5.116771041517714,87.46937886703994,524.5266107733058,663.7098007765048,179.8416827517716,0.0659164277647885,0.1907835811144455,0.0020950533547433,98.78956814200012,88.0043044361578,73.32,78.31,96,99,21663.29720139548,30.92137510052552
B0-FF005_201410,B0-FF005,2014-10-01,67442.18184704996,90.39493476215996,90.33025027044032,2.670292429391496,1.2005431008303151,92.4598494413789,0,0,4883.020766570605,13760.911406332085,139.54079949329204,947726.13,34407.78099203279,21131.68046774973,5790.465446431997,3740.6446980374894,1030.8472704602484,1435.3621830318166,7572.397710092018,184.77922401385703,1286.9937912512885,Zenith Industrial Gases Center,"Houston, United States",Petrochemical,697807,2123,60203.94,24.824322283080164,892436.48,11.753336715507668,3677.6416013608978,8.381746941271183,87247.43,5.231391058851313,93.1306162900411,500.1601559472686,696.1880319688835,166.55438248883857,0.0661869065463512,0.1894442008695411,0.0020807736945886,96.39113537767786,84.19021471029338,60.87,55.98,94,94,22817.34417256193,31.63388502721517
B0-FF005_201411,B0-FF005,2014-11-01,64812.933978908695,86.04485107716151,90.50577905421284,2.4908792334564644,1.19865295528844,94.15705745579535,0,0,4776.501402196497,13760.399283104844,131.55134113686825,527607.67,34899.44135901497,20059.975262276967,5911.814403910334,3566.1550571977405,1022.8349304999912,1373.251766496001,7625.381530564272,190.24549719551928,1254.6319996409936,Zenith Industrial Gases Center,"Houston, United States",Petrochemical,716151,2066,344107.41,23.609855421154588,772500.17,11.120136566811164,3995.3044163635454,8.186800250012489,220040.5,5.049809163942047,91.73952424610202,498.2211764565055,700.2611035221082,169.84508672645413,0.0652066252654957,0.1996466231782396,0.002148865081247,96.22215548447788,86.2343052532333,60.19,63.19,94,103,22353.871119875334,30.139450454495663
B0-FF005_201412,B0-FF005,2014-12-01,66218.52841712628,89.84064428682477,92.79229551153654,2.5178295505524826,1.1899037423380594,95.40719700292294,0,0,4607.628146740303,13407.382961390187,129.10594825363623,248993.51,34225.16894927919,20037.14996766904,5953.527822634565,3554.592453227024,1020.5723352695484,1368.1951166984088,7643.548680965219,188.28989676799927,1331.4862157138484,Zenith Industrial Gases Center,"Houston, United States",Petrochemical,707631,2071,108456.4,23.87172614540048,715455.11,11.072557188239136,3873.571413338248,8.050385090825733,714978.8,5.159115572971028,92.64267249006105,503.5467628631501,687.657223434117,164.15741516234058,0.0690414428022848,0.2101627648027839,0.0020344286362594,95.97885948199507,89.83061709367878,90.61,77.98,106,95,21924.5248437914,31.30668624032718
B0-FF005_201501,B0-FF005,2015-01-01,64040.78952348551,85.29530278231725,91.82178228594344,2.7564363399003544,1.185491260857576,98.65047787325332,0,0,4368.326954329479,14376.2870120882,140.55465542126709,724155.17,33712.7906598453,20349.07917433141,5633.380105986485,3433.617053021659,1033.8566947053894,1401.5891050921268,7617.576821668797,188.11279179883613,1315.810451749332,Zenith Industrial Gases Center,"Houston, United States",Petrochemical,687961,1943,501808.42,24.47629299259322,215374.92,11.39038416630284,3814.3701062337095,8.229547433423805,132320.78,5.22910948788898,86.25958147432979,514.5215862401905,677.296199309998,161.3242118991866,0.0708341580070318,0.1931637799939434,0.0019977052576126,100.83150554833855,84.96443267024124,61.72,65.47,95,96,22367.986383167747,32.15749405210593
B0-FF005_201502,B0-FF005,2015-02-01,67913.09388287787,84.83559454347817,87.38053807070736,2.700229470567558,1.2138994106016603,103.0014154087313,0,0,4478.62493206688,13650.69835769349,139.15822560802832,767046.45,34927.33284659944,22152.69106718906,5763.385420089054,3534.0660345318543,1026.232730295044,1434.2839855959128,7731.337894449832,180.4945071728307,1161.129556966334,Zenith Industrial Gases Center,"Houston, United States",Petrochemical,692332,2063,129888.25,23.62880127003889,788436.13,11.207305872551348,3822.789850697319,8.120074333402084,315199.55,4.819502803056366,94.51618343320732,519.0249426164089,678.0643754566656,171.0386917063744,0.0688806216864677,0.2140000443196451,0.002087108601999,98.16768522460735,92.99204534071843,62.03,79.69,96,98,22642.353271629185,31.79970490022881
B0-FF005_201503,B0-FF005,2015-03-01,67011.45900511937,88.13889894792231,95.56877695066774,2.643883662639232,1.1507603136694446,95.53520116368593,0,0,4613.105343364351,13426.849780848686,134.42921395777677,450733.16,35061.350450039565,20866.586478806887,6025.185870383156,3454.990621393213,997.3881599931818,1407.3353033364024,7721.950011959356,180.39667426991747,1271.173985937328,Zenith Industrial Gases Center,"Houston, United States",Petrochemical,693828,2030,484816.56,24.5305897458326,871790.8,12.006870612309648,3986.251892596412,8.270187428699932,698009.37,5.049142112279361,94.05639276674157,492.0067116533522,709.0496580552102,175.23237159173618,0.0677758842874639,0.2090448336023034,0.0019916727757328,96.9994159282164,88.81659836790288,72.07,94.83,96,98,23982.494021105467,32.09003209382744
B0-FF005_201504,B0-FF005,2015-04-01,68683.42015957517,89.98896665307075,86.61227878251515,2.6320859465915256,1.2213427992098511,92.39838454592008,0,0,4476.90510905563,14239.75059264398,133.32046719369242,215875.01,35965.51184484192,21878.045564213346,5700.385491181111,3643.332944454328,1004.7267686720472,1350.951175589248,7401.600570489575,181.09579526094623,1299.7126116959898,Zenith Industrial Gases Center,"Houston, United States",Petrochemical,725358,2062,851815.02,23.750769488788382,878491.56,10.73409307319748,3780.465963282025,8.179364211969773,70214.17,4.963746577393518,94.96833106495323,506.4070136666383,662.2817656762901,176.089194986708,0.0687278943514477,0.2005498369998832,0.0019692226912043,96.31303172848874,85.6600675688289,93.67,80.08,95,90,23381.701648831306,30.52071862025567
B0-FF005_201505,B0-FF005,2015-05-01,63394.7397654057,90.89571182837554,90.9054395194495,2.6699988319772525,1.2041939286336805,98.59691527093533,0,0,4459.398121687846,14526.075240711672,137.57374183992522,703836.13,34724.342936679415,21597.228751912065,5798.472741527704,3493.341884544061,986.1769684631452,1438.405873775003,7104.939017027332,192.2694166768605,1345.597907865818,Zenith Industrial Gases Center,"Houston, United States",Petrochemical,695292,2110,72022.82,24.157667347610907,422578.05,11.018293654198589,3865.4899924810015,7.720942903112082,230967.81,4.849882228578559,90.43044161630483,490.2422789038333,679.9412636676857,171.07606223861083,0.0709773123633849,0.20226090313511,0.0019960901637037,94.24001883398056,85.4007717766738,81.93,87.61,95,92,23376.153419795755,30.53428967110192
B0-FF005_201506,B0-FF005,2015-06-01,66660.18704140498,85.50635715392296,89.27674707953115,2.6607013228543943,1.2062795321311963,97.93933666126924,0,0,4668.963666913754,13936.594938777398,131.382784406996,920980.27,35336.10006334401,20883.209298461177,5652.396465934104,3315.139881013669,1007.2637805088124,1488.2243108704429,7841.965547324005,194.3964393552901,1245.742527624665,Zenith Industrial Gases Center,"Houston, United States",Petrochemical,728338,2135,74394.16,24.007642686774425,456250.5,11.144787139560105,3931.006618446291,7.879138207202562,63889.97,5.318097339517251,90.10184700462506,519.6855911132142,698.3464071548897,176.3152647816038,0.0695120490661596,0.208476686575668,0.0020427421041502,98.4873063315038,90.11109110957857,66.56,55.48,92,96,22907.48558886333,31.59762392176382
B0-FF005_201507,B0-FF005,2015-07-01,66625.48564782835,88.55556276440498,97.58571622037348,2.477135287815253,1.152044534573618,100.18718229243795,0,0,4746.617367839855,13300.4784645185,141.01675296015634,778112.38,35151.25648226061,20917.58507891217,5976.809628109502,3499.088720009559,1038.8634124517969,1406.9886424431184,7644.151950227114,183.3142644202389,1262.3646474752054,Zenith Industrial Gases Center,"Houston, United States",Petrochemical,688349,1999,111879.25,24.35780275123457,636749.51,11.148824201300071,4041.1072350985096,7.80032919136635,282940.91,5.1432159563878725,86.85804629902174,509.25343337109575,684.8695040168719,163.6189302000209,0.0667885042479445,0.2044564666161374,0.0020334024550043,99.02800158592922,86.1457831308553,89.94,91.11,97,97,22569.16541671033,32.06445779616671
B0-FF005_201508,B0-FF005,2015-08-01,65912.5513202797,90.49603265922778,91.94509460306104,2.7065092243649382,1.2270211560776516,94.807233107226,0,0,4524.614942215432,14109.484964967063,140.2535258056943,270212.56,34277.36923775301,22354.25205318554,5744.009482554257,3508.422430507036,1032.7398961362237,1431.2060461584497,7326.335605735863,187.5405079144612,1165.791741691044,Zenith Industrial Gases Center,"Houston, United States",Petrochemical,693383,2041,282781.57,24.72991663159024,529747.8,11.763479580667603,3977.724385066193,8.159481628514612,155526.38,4.898689010339892,92.34614554635166,500.0767850414469,706.9965725420304,168.03200983563903,0.064101144907946,0.1949084152167877,0.0020210857314637,98.8664639343208,83.87843043065742,61.75,95.21,103,97,22504.83089207895,29.30329374024697
B0-FF005_201509,B0-FF005,2015-09-01,72346.22948566901,85.20625268265181,92.90966737563464,2.50744104698418,1.1947373342864291,94.6470626697554,0,0,4727.794052398462,14281.225547136455,131.85312225574884,878708.81,34643.63649154447,21780.328237997208,5743.577135168876,3553.8645162025864,1020.9787931977644,1510.7385792727778,7491.434248642105,195.85275963045424,1239.7496020759506,Zenith Industrial Gases Center,"Houston, United States",Petrochemical,742154,2126,136812.45,24.15512926238701,294143.96,11.216650619557727,3982.424276589191,8.260699705754787,893079.31,5.082971527009873,92.7438299300958,503.6245912826613,680.0833860335392,173.30672953481337,0.0690259500493782,0.2017657762498499,0.0020857215412567,100.85074031385147,86.57879329610914,84.61,56.3,99,99,22391.836206019147,31.616755422257736
B0-FF005_201510,B0-FF005,2015-10-01,67128.5166107183,88.21040373003443,86.44889159211195,2.76974943145786,1.204131454246445,95.18900265620688,0,0,4292.835392916047,14008.51273859658,131.238050541872,898893.22,34302.16994547064,21582.44943082592,5939.090404131785,3658.2456662420086,995.9866187143364,1396.7976135292763,7978.5366064564605,190.07378497873333,1292.2938268395917,Zenith Industrial Gases Center,"Houston, United States",Petrochemical,708383,2093,952640.58,24.38742187353901,958144.04,10.923237922193405,3962.126445094869,7.76073830828226,182066.51,5.094248998584935,94.34768686355493,499.3089032338681,696.0033753093302,173.98699304920953,0.0701497351759881,0.1998401186955496,0.0020051208250431,99.35219746500512,85.19848260956047,86.79,99.77,93,103,22437.4381947618,30.90946059279618
B0-FF005_201511,B0-FF005,2015-11-01,62378.100859523205,89.21339278315189,88.53859887008562,2.609284592452368,1.181754622974894,93.04586794114016,0,0,4500.504554375952,13980.4335869999,136.5939664257539,596418.41,37003.68097065013,22518.86579821525,6014.8318173242,3621.848296533209,1023.963858306153,1459.014847598061,7540.256608837585,186.6447006008405,1228.6103485003114,Zenith Industrial Gases Center,"Houston, United States",Petrochemical,700703,2106,220573.36,24.67509563011924,316795.53,10.76600717352456,4006.9079881161074,8.035156488823683,379597.87,5.052244971879504,90.63435878542604,535.1780693912767,697.904125844292,166.7514815082783,0.0655960523319064,0.1987099358222597,0.0020249341830076,94.67564732190002,89.01695979361133,89.15,76.68,100,97,23162.563302553885,32.306522272033085
B0-FF005_201512,B0-FF005,2015-12-01,65314.66368184088,85.47177882631321,97.34997803329584,2.7539760923747285,1.1722685860682596,97.6089906409215,0,0,4703.550515840992,13062.281513086671,142.98007832589843,920456.28,35041.49653408008,21776.637574057266,6117.500019098628,3917.065048235918,1053.1889893483794,1446.8072000320683,7900.960038150143,193.0118226223066,1304.1437429451928,Zenith Industrial Gases Center,"Houston, United States",Petrochemical,683462,2085,513907.11,23.30201412202129,668630.15,10.87689990742841,4106.105393484479,8.064753829144939,338285.97,5.078536614887593,95.82231608515454,544.1607019801929,705.4538640332967,168.01234226547183,0.069659629738773,0.1998687731781591,0.0019623260473264,96.8577358847708,88.33828937509931,60.72,90.61,97,99,22322.671800386564,30.53703857284757
B0-FF005_201601,B0-FF005,2016-01-01,67195.07355144245,86.46427566167962,90.60391561616828,2.5963679240183115,1.1926181849333248,98.05558307304145,0,0,4686.41055392506,13975.264636870324,134.86558151567374,89793.63,35438.15313882989,22008.05589696787,5914.821397250758,3559.5275285820408,1013.5225866065292,1426.732063490609,8182.001992720078,177.4109473934738,1267.740919280145,Zenith Industrial Gases Center,"Houston, United States",Petrochemical,728561,2032,258222.3,24.333829835144527,45992.44,11.189746138358691,3759.3484835171935,8.692643918215166,175978.57,5.216253372764973,91.1821716641606,525.714132498103,715.0460191804355,170.71628567935164,0.0672657991755287,0.1965811989442978,0.0021059809777995,97.19350754211048,90.0526780843906,82.12,51.24,99,99,23048.06785440433,31.250339805815305
B0-FF005_201602,B0-FF005,2016-02-01,66942.07369000919,89.47463855890061,94.12559310692576,2.7225669289223577,1.1404974707098854,96.05974278551382,0,0,4939.396701744392,13290.247842621797,133.8650738327592,131764.21,34752.6309003721,21954.70993518209,5954.599495520989,3468.571498749294,1104.0932552962038,1467.6651507801255,7781.488708266953,192.14266054785227,1302.2821150762825,Zenith Industrial Gases Center,"Houston, United States",Petrochemical,716907,2110,486064.64,24.928763157906545,337057.29,11.192629984310988,4153.434520847889,8.304425256186851,931729.91,5.064111388249533,89.7836173706035,524.4401026055417,687.8828810354993,167.86273905419884,0.0716378209921003,0.2112497412566575,0.001975964154737,97.6030132181028,84.37587115167008,83.97,61.81,99,96,21333.506230581588,31.54267395765801
B0-FF005_201603,B0-FF005,2016-03-01,69983.72574279824,87.11248009808531,98.797109998311,2.608807988215532,1.1922029112214063,98.07251707733305,0,0,4851.018315809019,14413.460495885714,144.55720747317667,981428.47,36075.87914672382,21681.50071972966,5929.225065696944,3527.014480805432,1064.8993552141671,1550.4977530861345,7795.013153479662,189.32244901416183,1263.118555942896,Zenith Industrial Gases Center,"Houston, United States",Petrochemical,728027,1928,569348.51,24.734838201557714,979357.19,11.268075574079392,3745.372225508218,8.666340555835554,389658.32,5.200882910855731,96.17050261948869,543.4295416856445,691.8168911753909,170.5543122799211,0.0700272667120803,0.2126986178668531,0.0020996930990739,95.87994520241465,85.91042122172163,73.75,54.38,98,101,21682.40202133298,31.31588908944897
B0-FF005_201604,B0-FF005,2016-04-01,68515.43363380553,84.78967759886636,98.4725408223622,2.768666207485346,1.2403211810389574,99.4946309107426,0,0,4806.438213563632,13831.768930712908,137.04845965011287,807133.68,34026.28552945817,22281.035976651296,5839.114583434097,3590.1230461804244,1048.232711379244,1380.5205014958854,7365.291592152325,189.96216199123373,1288.1053787263995,Zenith Industrial Gases Center,"Houston, United States",Petrochemical,720505,2021,186438.31,25.388608474923387,409253.92,10.922322165994816,3902.079462810259,8.376875010107577,334263.37,5.51602933147001,95.0775896432492,521.081897932818,708.2854878742603,173.80730748070968,0.0692338250758841,0.2156019489754982,0.0020034976686119,100.6455094310964,90.46881355801148,92.5,70.78,103,96,21551.03863913628,31.237432699664904
B0-FF005_201605,B0-FF005,2016-05-01,64603.88867953028,92.19476231569884,98.13167985787392,2.62600037849562,1.1848529019804053,100.6751265498992,0,0,4647.658441792634,13393.966361405495,134.1028179847587,759147.01,34494.91353241865,21965.211457527308,5918.384138269656,3539.9321713556624,994.6943047430136,1431.1219901763752,8129.543105336036,188.7177898378178,1313.6149047994363,Zenith Industrial Gases Center,"Houston, United States",Petrochemical,683839,2080,877647.14,24.438449090822047,859148.4,11.411676348450165,3857.006222071741,8.132360793730482,62463.71,5.549463189536877,90.80741177040092,518.3867941245542,691.1059324641242,174.02912176147746,0.0712189778622664,0.2080060083515167,0.0019808718629892,100.85517377953404,93.07911083131889,72.33,68.15,105,95,22706.6596776679,32.53126174960257
B0-FF005_201606,B0-FF005,2016-06-01,68286.71361229644,90.85228866129675,90.40699880127735,2.6644270807370507,1.1801434461065556,94.2211607638138,0,0,4738.413299118442,13611.52612810674,135.35515262823867,313912.68,36792.03703131062,21161.936537049824,6068.852206740726,3736.762320376504,1061.6041718996128,1407.6505726740502,7733.937485693193,187.3133061785099,1274.8501720376928,Zenith Industrial Gases Center,"Houston, United States",Petrochemical,715808,2057,920726.72,24.899674248732627,696183.5,11.693905804190743,3857.181977867819,8.576713040110453,466591.03,5.059483491101381,90.52306520908716,506.4940897369248,675.8729554721644,179.9288352192736,0.0674241716791091,0.2102847978492398,0.001952202767525,95.05796975205205,87.00194677924112,73.35,55.54,99,97,22272.709363156493,31.125691604796646
B0-FF005_201607,B0-FF005,2016-07-01,69166.71094166952,90.17631952387856,92.97992364826726,2.66242315844692,1.204989079818623,100.39481238899832,0,0,4630.798160676575,13927.340417541378,138.62859223228364,210386.12,35336.467826835564,20418.951059999952,5802.836131501968,3794.996016290556,993.9837058286788,1362.8592226281762,7957.808770888145,193.1680263680552,1280.648151415767,Zenith Industrial Gases Center,"Houston, United States",Petrochemical,728524,2064,815762.14,25.84302585104248,298211.3,10.897158955414922,3782.815479753941,8.662893242594015,548986.69,5.362098203208976,98.327405158611,518.970118708064,744.2687151317783,172.1144788635467,0.0695445907643406,0.2147634877132224,0.0020520336023666,101.7228396960379,87.95887785960971,60.75,71.42,101,98,22726.55486673642,31.87923954965052
B0-FF005_201608,B0-FF005,2016-08-01,67697.16416222182,93.39740392659544,94.31939681526194,2.7620670263507363,1.2147437110601735,101.5460670209311,0,0,4990.458312987182,13765.354344425808,148.7876446102814,655524.16,35607.65116892991,22318.87442490521,6011.060116169619,3372.573760305747,1060.009975123996,1451.9494555526742,7652.522018678028,188.0529579750194,1216.2590326180991,Zenith Industrial Gases Center,"Houston, United States",Petrochemical,706230,2140,203506.31,25.36640548416064,975480.69,11.089595362176668,3882.6815103319136,8.583548902915743,848836.6,5.208208684985043,100.8120839807596,547.4317747345793,703.9697708762901,175.61524854173263,0.0699204895699208,0.198241921333081,0.0020737885544979,98.94036144922836,87.60231974120543,78.04,60.1,95,98,22130.164179532647,34.1751177836033
B0-FF005_201609,B0-FF005,2016-09-01,70801.08597000182,88.24704785897765,95.5557657095942,2.6955074476596383,1.179116531842884,95.09671531079243,0,0,4710.924501252961,14925.684019578808,139.40248469289273,735777.1,35729.22814547058,22580.08577054808,6357.585852272012,3448.7677474695543,1049.8120600979355,1463.484026294878,8023.5174000833,188.72894631755383,1298.3972501961125,Zenith Industrial Gases Center,"Houston, United States",Petrochemical,709901,2015,174771.05,23.947012766605447,686464.45,11.225043343538257,3792.929185643651,8.254521306815413,759649.45,5.228888047677916,92.0237994967126,529.2004738124542,740.9515625941797,160.20277286296496,0.0727526454775314,0.1977162683847313,0.0020823949864947,103.26908998279052,88.95075569105572,93.4,90.87,103,96,23013.93195106889,32.29273535258194
B0-FF005_201610,B0-FF005,2016-10-01,69034.80764296257,90.89457450843632,94.0046024372498,2.700225419271029,1.2191916937075271,96.6639531467102,0,0,5020.822657178302,14283.140143425577,141.03238670688808,616947.84,35863.46212350984,22126.274383997006,6221.803074736228,3475.3587992787,1007.4297947161332,1429.5789854835862,7704.054635091996,187.43066064632228,1318.3102839562373,Zenith Industrial Gases Center,"Houston, United States",Petrochemical,724858,2085,92242.7,26.38347387642048,691775.24,11.55078433577756,4008.110125660102,8.086025974601014,322381.3,5.212782798117782,93.31500123604106,531.1420967652812,677.0429691707953,180.23405704056464,0.0714037688943645,0.201795794788002,0.0019927345804655,97.24805904141829,87.42777261878263,91.78,87.98,101,96,24150.825398937628,31.417429632238328
B0-FF005_201611,B0-FF005,2016-11-01,63973.78541403947,91.41381323775556,94.25708951036836,2.671259881244189,1.206113309036522,97.95585242197784,0,0,4674.276246514027,14185.188742688975,143.47335681827155,25266.58,35982.57984874064,22720.701306821884,6014.225573451924,3445.6769469001647,1053.5237021803794,1451.758075932551,7867.866186735467,191.5018726214616,1301.8938850680786,Zenith Industrial Gases Center,"Houston, United States",Petrochemical,727789,2026,586284.32,24.76391822232144,231924.79,10.908427195463718,4059.576194396758,8.27677161873753,67612.31,5.590332707422905,93.6652159719484,546.901627112585,682.584227198957,174.96153317589832,0.0679500397850019,0.199952233241244,0.0020713246412196,104.15970315339152,92.28986087901237,97.83,65.88,101,102,22862.53691088413,33.295279297284814
B0-FF005_201612,B0-FF005,2016-12-01,67086.317690115,87.93457416454602,92.9552161030432,2.624153186713816,1.1419879582400794,97.76119754544231,0,0,4455.766772089306,14789.068830883773,138.62618112231684,524787.01,36113.12737976536,22072.93766393657,5904.826754877507,3782.5748599274552,1070.932550365335,1442.4734548892393,7940.862802260089,199.2714642561369,1255.406151898168,Zenith Industrial Gases Center,"Houston, United States",Petrochemical,703834,2106,773883.91,24.952947354209424,826630.3,11.383625984826232,3818.3490641994495,8.58854854042629,639421.82,4.833044746062394,95.20282390862108,540.5712687461385,714.1739160579621,175.03631722638357,0.070069699269103,0.2057702307252785,0.0021537573207452,100.115847335504,96.29058685492107,61.11,87.38,97,102,22240.96414417339,31.83147259613364
B0-FF005_201701,B0-FF005,2017-01-01,67531.03563396762,86.45655873398961,99.51566526263323,2.6115157613226287,1.2139684612200148,95.98856688937305,0,0,4736.138466498478,14772.396463199644,142.2380896951939,714321.48,36949.66911343551,21740.748341929484,5910.373556055956,3541.033918841423,1030.879438242558,1467.9372517296358,7484.238014673144,189.33621621768648,1356.3385277816128,Zenith Industrial Gases Center,"Houston, United States",Petrochemical,729115,2101,119468.19,24.13139325214508,474467.57,11.475891123234373,3952.3850543290073,8.320593701120682,468269.21,5.286901296512623,94.1235512398112,540.6700503358508,672.8182343924675,174.72323497456097,0.0710846928552673,0.2066473840232441,0.0021481814120564,101.91672882578465,92.84000455437152,85.2,81.35,101,94,22432.037305141093,32.48380391815362
B0-FF005_201702,B0-FF005,2017-02-01,69893.0138421626,90.26791583893409,98.76740086876288,2.6560043886612874,1.1726996246583214,105.14834930687256,0,0,4681.680645871952,13771.349855622426,139.99268398823074,903207.09,35927.890074474584,20311.41750219411,5828.728367374158,3821.5080511212136,974.7402717924558,1424.9278168958551,7939.885095994489,193.5471433141857,1325.1563900860913,Zenith Industrial Gases Center,"Houston, United States",Petrochemical,742766,2096,23469.93,24.63860451398656,903077.25,10.885065033667091,3963.443989484103,8.412154305509485,282615.69,5.192630322364966,95.08351676065224,533.698902172575,725.8871761826622,177.13449760199586,0.0721654718693164,0.2038702758492143,0.0022288435907963,95.05109531654637,92.18983568989644,93.9,76.35,106,99,21993.482672954124,32.15744568906185
B0-FF005_201703,B0-FF005,2017-03-01,67043.1418657484,89.69369067418883,93.82401348248209,2.6052087862766635,1.2093927607144752,98.54085245190798,0,0,4768.867088840042,14358.935953625856,136.39861121382322,830195.46,39181.69271502359,21224.346610152592,5924.846086701825,3647.9653827474463,1062.0631427842986,1463.5766275847982,7684.596803718786,183.0852765245948,1274.0810747097546,Zenith Industrial Gases Center,"Houston, United States",Petrochemical,742295,2241,298845.23,24.58089978045931,194195.74,11.002227276928632,4019.82769025674,8.26714878507191,346610.74,5.192596214234349,90.91981438446456,559.3767669134462,693.4855905762627,171.17268558757482,0.0699553177789113,0.2094532213051157,0.0021700184918324,100.72631966610852,91.6269755346528,65.12,58.74,98,98,22080.17221561834,32.26314290181597
B0-FF005_201704,B0-FF005,2017-04-01,69313.37055318906,91.40940590341496,95.437975333587,2.668458470483169,1.1822869594174892,97.46358507955745,0,0,4737.008149087403,14022.255599677525,142.4956887328134,963084.44,36244.579965044206,22013.874706313927,6162.486777710101,3603.706105422973,1071.149975944367,1517.6285081203448,7786.801946618735,200.10465961174344,1316.8824857902298,Zenith Industrial Gases Center,"Houston, United States",Petrochemical,742482,2180,320064.35,25.7102107200132,527529.06,11.542095825764642,3943.642612331456,8.453612141215205,675347.42,5.236224262869496,92.4957426319154,508.9996084491683,727.0858711096945,181.65952164526504,0.0686280009861233,0.2124153190964251,0.002237585896574,103.92347461614816,87.46164495515534,82.25,82.51,103,108,22877.86538590072,34.01327222968643
B0-FF005_201705,B0-FF005,2017-05-01,67060.18375139305,89.04449188679529,89.35796297575058,2.855386465594662,1.1497743632153328,95.46620355161846,0,0,4506.847580385567,14355.20768880146,135.1420972969228,508136.16,36487.11118593473,23061.13812527295,5911.773015210961,3580.489548285138,1029.125787020357,1525.6926670177277,8200.933539478683,187.82320072532937,1349.2553449827612,Zenith Industrial Gases Center,"Houston, United States",Petrochemical,723796,1994,546077.74,25.53209143472668,813201.94,11.522101597600468,3992.184857036227,8.31259317090325,403168.49,5.36184716030774,92.48217267268208,538.064583946595,723.7720409705652,178.78606649006326,0.0702460906014486,0.2164560137643007,0.0020257945336926,100.60548229793646,92.87881171653828,93.56,78.24,99,97,22480.9194893278,33.82065952585884
B0-FF005_201706,B0-FF005,2017-06-01,67349.3053421982,90.46374315107622,100.78206783364529,2.809981487087457,1.2060421493685871,98.2113187151921,0,0,4786.696009066975,14134.814880399788,148.29620417924448,114537.6,35992.46358801088,22519.435225033703,6411.549326988296,3501.387580280452,1071.066338197597,1427.5267267977858,8214.096952095731,185.4134007771143,1344.4132360358335,Zenith Industrial Gases Center,"Houston, United States",Petrochemical,710892,2225,146261.7,25.84371669995504,382172.05,11.095227505247436,4061.683116765191,8.514695657102408,662488.15,5.32276570699038,92.38380324507742,537.4665724493586,701.1199869491921,174.59835135516417,0.0748976640929289,0.2036137056349782,0.0021373005871323,99.63388589854634,90.36644330309834,60.24,95.27,103,94,22773.26556071233,33.00078783378493
B0-FF005_201707,B0-FF005,2017-07-01,69969.5835565387,92.01375274034216,91.99731518928114,2.6951439535342305,1.2181389039342434,96.83088969829552,0,0,4713.472509968874,14506.924743268582,140.4382199952282,952795.64,37832.34109413181,21766.00079178291,5803.611349562019,3583.215059114395,1069.2252123863248,1480.52364219686,7626.809846031626,195.6451138453712,1312.4138352446532,Zenith Industrial Gases Center,"Houston, United States",Petrochemical,696129,2016,676922.81,24.71322803768736,256569.28,11.310752804163334,4031.4239846122127,8.427793814230936,347323.61,5.284332514452566,100.10476414144932,526.6456231470363,725.679523855916,178.5052213971194,0.0691922759715305,0.198519779623927,0.0020537173688656,95.6992942656026,85.64680338778572,91.13,68.57,100,96,22170.300746771296,32.89902055894279
B0-FF005_201708,B0-FF005,2017-08-01,70141.57372443945,88.4116767294058,95.25646807347955,2.749479662625037,1.2774007625217845,103.88762027369386,0,0,5009.970048057615,14452.070888525916,138.92839093269748,621740.14,36089.38149555258,23540.33702639209,5866.832026306846,3596.677213805994,997.060289200899,1447.0635218548216,8179.420419669658,189.07700737145984,1282.66863798059,Zenith Industrial Gases Center,"Houston, United States",Petrochemical,756038,2135,290281.51,24.162796773583946,210518.97,11.453779128284202,3813.609097936996,8.672677005895542,658847.49,5.38100373714351,90.89186395913092,546.798352904506,692.7944287593256,182.0543609352948,0.0698593365725908,0.2099246635890903,0.0021218604367946,101.73579015390108,81.96159052594909,66.72,78.48,102,106,22824.6343117227,33.58902417400787
B0-FF005_201709,B0-FF005,2017-09-01,70348.00045753745,87.14165908995764,95.43778748830348,2.6865139723566376,1.1824078697124998,104.37250197140348,0,0,4717.1134541746005,14322.710210060772,143.44370978020655,473417.53,37935.49560585414,22276.169787099592,5911.347369317343,3912.3453444093966,1077.875465249699,1537.5588722480495,8198.720771552376,204.1856689985713,1359.1222908237405,Zenith Industrial Gases Center,"Houston, United States",Petrochemical,750255,2177,432670.56,24.59217593714244,335553.89,11.362895578328288,4166.493883152183,8.403556654052103,585837.08,5.016475967731009,100.40844200957837,516.1882718485815,721.012127562839,178.96917165358877,0.073577571811237,0.2065903374487123,0.0019999798165629,103.86050103031792,93.95835878250648,60.97,58.39,101,98,21513.445719966072,34.46275738473069
B0-FF005_201710,B0-FF005,2017-10-01,69054.4761499655,93.14263654514728,94.55925196437111,2.710333937100843,1.200432092670909,98.83938816418564,0,0,5051.458632748399,13798.901073481176,141.2811424220251,22149.04,37322.508152073606,21702.004225510853,6297.723791132019,3722.011333131981,1116.3971195014765,1448.6877437268,7518.489470914204,198.34197625008213,1362.1531920785565,Zenith Industrial Gases Center,"Houston, United States",Petrochemical,679681,2167,51418.88,24.63642429933577,288019.37,11.420524741687396,4265.408254646433,8.728817874589438,702804.25,5.405164332372611,96.94399047694309,527.2158612738742,687.1579748234964,184.92262664484065,0.0694740575045244,0.2086082255174104,0.0020035270975414,102.94754619598488,88.00718980321525,98.29,90.73,102,107,22307.69693652425,32.361605267479355
B0-FF005_201711,B0-FF005,2017-11-01,67516.57115421219,92.36245305165345,96.87241544137822,2.72476823472062,1.2618484780768475,99.62765328128434,0,0,4780.270498137687,14229.83137265052,141.84284953416042,866445.31,37869.65285016329,22788.53192993189,6208.121310242031,3550.4807797936223,1065.800785303505,1466.63626872517,8056.146276552397,191.8737200623553,1377.448964260674,Zenith Industrial Gases Center,"Houston, United States",Petrochemical,745501,2171,433898.2,24.535506644281217,957951.85,11.584330234724762,4208.243910816824,8.306082972941617,979422.28,5.5632054798166575,93.6605549675216,536.4187204743105,735.1735885716537,182.3507895738268,0.0688254120388868,0.2118914816715429,0.0021774074906644,101.3244033116746,94.03518207326674,81.6,85.12,106,107,23449.57530676944,32.52387169471348
B0-FF005_201712,B0-FF005,2017-12-01,69767.3069828798,92.03180752325196,95.83322575932664,2.8065268710236744,1.2411441558599663,100.51311773771783,0,0,4873.649484025887,14323.464685034573,134.49680581386252,269124.01,35058.956681288764,22778.45845195048,5871.833884779638,3510.134163859763,1061.2742568981987,1459.277679734451,7837.897850784239,186.9189517809837,1357.6188143392635,Zenith Industrial Gases Center,"Houston, United States",Petrochemical,728410,2198,357420.68,24.624245720587,676368.86,11.586619856934885,3985.4146848523874,8.785660799140969,914694.51,5.610876992724494,94.22834808260004,525.5908265239369,753.9540387046367,175.84310958865396,0.0702169188275982,0.2065566538369758,0.0020759905713493,102.79705148837988,92.53934212354994,83.38,59.85,105,100,23108.44487205132,33.07080239048747
B0-FF005_201801,B0-FF005,2018-01-01,72330.43546674406,94.85449244862346,96.90024227588216,2.693547558062031,1.3067149486141056,101.8840622330522,0,0,4658.97900179119,14555.52200818105,142.62335005515615,249664.94,36544.69902357755,21950.569871678857,6344.584150328384,3619.60331045424,1060.299688786737,1408.0202342869843,8210.833595351669,192.4320906278422,1276.928445435513,Zenith Industrial Gases Center,"Houston, United States",Petrochemical,758606,2121,727139.56,26.09890168593,17585.9,11.861161350130038,4201.329298329259,8.092194804809818,611734.18,5.260605126714332,98.30906096124365,524.1667610330846,721.0165318669822,186.83834019602304,0.0666168738467518,0.2113126328015046,0.0021032381649115,93.90598458102724,86.64878360580465,72.78,73.56,102,101,24042.319502135502,35.36907077274094
B0-FF005_201802,B0-FF005,2018-02-01,71683.11875394218,84.91081476542834,95.92870721539394,2.8692310779784767,1.2076045927115902,104.1644743121377,0,0,4936.742458569799,14551.087443023724,140.1498606143146,775910.19,34658.33586031045,22978.169334754737,6016.4591957321445,3863.688710577198,1096.6859035023529,1462.891269456855,7721.304781248114,184.2837367477484,1322.2082075820715,Zenith Industrial Gases Center,"Houston, United States",Petrochemical,735236,2208,904879.82,25.44165989487661,425434.51,12.146065886216846,4062.140549441209,8.343885515945248,914517.04,5.280514965671921,94.6515102291348,536.1898989978123,725.3473784420896,175.03807294632793,0.0692483093388777,0.2083029896459889,0.0020839002669385,99.8374588228604,86.93039345243984,69.27,78.11,102,103,22619.579469658656,33.51132623312906
B0-FF005_201803,B0-FF005,2018-03-01,68646.74746558558,91.05128438376109,92.3864728052396,2.8589422012882766,1.2834345515681571,100.99823831781823,0,0,4725.518636592355,13794.198716735296,145.91235368084557,483224.45,35807.318116804025,20818.099547487105,6319.52089315133,3840.674951595995,1095.3894184076323,1516.0329637425789,7641.542363597718,192.41137487210503,1355.8653975242255,Zenith Industrial Gases Center,"Houston, United States",Petrochemical,713417,2117,846882.02,24.968289098276863,732424.1,11.812975857544654,3879.322804059765,8.112322028379868,418747.31,5.532205298487831,93.58866993915962,564.781802219387,720.6400726176433,183.0561344969765,0.0704866868499305,0.2131959710467777,0.0020787033878876,106.78308968626897,91.00658589981866,95.93,83.88,102,107,24176.78826874032,32.88913185202917
B0-FF005_201804,B0-FF005,2018-04-01,69339.94834375745,88.14302999832799,97.2716761709731,2.786129574462008,1.2457414003107776,95.3717207732778,0,0,5022.483644009512,14476.653802926963,149.2034935040607,568671.98,35864.122944777446,22878.536945968248,6318.669830833591,3702.117622064852,1063.9678661492287,1522.8528527753342,8246.812785607977,186.5237051077536,1333.8726907928367,Zenith Industrial Gases Center,"Houston, United States",Petrochemical,731441,2268,950974.6,25.64756472941888,478428.34,11.673249653984328,4257.072140020541,8.527354518405419,764446.77,5.602563551444977,94.26936275796076,542.2335328887056,714.567147836231,172.20641498807555,0.0692341464683033,0.2016986595642727,0.0021354543476267,104.00723337789464,92.24673448119113,91.25,83.25,103,102,23210.706947343915,32.033899029053536
B0-FF005_201805,B0-FF005,2018-05-01,72365.54236847775,90.87860899464648,95.04145791890404,2.7159256620084946,1.213601580607045,99.14179684944985,0,0,4724.561137187462,15048.754835191115,149.33602270890657,815414.78,39590.68751377386,22825.959995166868,6410.005847977694,3693.440301775192,1066.2399092224075,1525.9685904524354,8248.18868166493,192.8131270935906,1347.679402340286,Zenith Industrial Gases Center,"Houston, United States",Petrochemical,671740,2107,373813.55,24.852453641894886,922228.12,11.622474513182356,3958.198933087837,8.539194511896119,362169.42,5.224992615139461,95.25069007021116,522.2388615956955,717.7387267164153,177.0496204910334,0.0754962324507937,0.2066458502525931,0.0021565038217351,97.51144832186849,98.44756928817192,71.4,92.77,104,103,22999.82159505214,32.2181898336674
B0-FF005_201806,B0-FF005,2018-06-01,70122.76922371048,95.2364868535541,91.09238080604112,2.949517215978896,1.1974779722559925,101.3206480970766,0,0,4903.2550223751705,14346.376953453591,144.1814027713812,590153.83,37501.02336627428,22715.45627153912,5746.576962105914,3650.812511253104,1118.7986182989234,1522.9990055470153,7722.841778688521,192.46231292964976,1322.5815700217256,Zenith Industrial Gases Center,"Houston, United States",Petrochemical,732146,2141,426948.35,24.553425398801576,87948.56,11.743564202518908,4070.992980111432,8.765595823316875,785121.91,5.467342061999522,91.57274851819447,547.8938414748861,701.0276820731289,181.39110935808108,0.0770530126393647,0.2129625615166704,0.0020132942435665,100.06188663861136,92.72986953021402,68.2,71.85,108,104,23309.406735990266,34.05013919587309
B0-FF005_201807,B0-FF005,2018-07-01,67131.17009995366,89.37674775354014,92.62875216510773,2.9553627339749005,1.231225405480009,101.06262362192574,0,0,4742.7418028525535,14593.846501086664,150.8514759850809,459602.54,37316.74597880624,22583.30955290044,6361.558633517301,3585.367291058372,1086.5620399637896,1508.089772919673,7936.484668837393,194.09636648272075,1268.8875718966258,Zenith Industrial Gases Center,"Houston, United States",Petrochemical,726250,2001,981246.76,25.41280450648925,668700.99,11.784502414620704,4139.545297145702,8.493865080343268,643302.87,5.466022890390888,93.04573707684295,548.356356343837,748.8450544430466,187.32814425945995,0.0722643251883868,0.2102680622499803,0.0020803247433038,103.21582963726787,86.53968815851161,71.72,62.43,104,102,23452.903288976657,33.10686844396167
B0-FF005_201808,B0-FF005,2018-08-01,69406.2539156387,92.8482650464446,98.75342574297834,2.861307311586596,1.231222411192958,103.8075012756636,0,0,4982.8527393693485,14211.083318711986,149.05555353343135,453125.51,36530.810161145935,21825.38101452304,6055.24730200589,3679.395894138627,1114.550953544622,1475.6571722047238,7901.135703416117,205.48705096377623,1318.8023530426372,Zenith Industrial Gases Center,"Houston, United States",Petrochemical,713672,2068,716656.17,25.34675839149984,50844.09,11.490485294959113,3916.948429390154,8.364479979213359,377911.19,4.90623788091626,89.33783172919486,548.1350780216001,714.7765451977898,181.2239845594175,0.0700962331028033,0.2086247392463145,0.0020583943113915,99.56479088796796,89.91240225339033,75.6,95.01,100,106,23355.0329656782,34.348713744163625
B0-FF005_201809,B0-FF005,2018-09-01,70994.24836904703,92.49505461793626,97.71504346213868,2.807338566903053,1.186554641096754,101.10945777312872,0,0,4801.711971877601,14999.306966785874,144.90654119150466,440970.9,37458.79786564552,23165.067444897155,6033.855587455653,3605.751758631945,1105.945618781888,1533.8207863710986,7992.914488327124,194.2393720947848,1372.150747286885,Zenith Industrial Gases Center,"Houston, United States",Petrochemical,722515,2004,869243.98,25.4653174917101,637278.13,12.00404191069324,4317.694976334146,8.671876541037078,849062.01,5.588166894119208,96.44608816452867,561.4006171390815,702.9178246161576,176.80957840692486,0.0712988904561844,0.2115405327244817,0.0021695629746336,105.81229556695313,94.28154349817866,60.11,91.37,107,105,22410.72289797431,32.342423457313444
B0-FF005_201810,B0-FF005,2018-10-01,71207.79794805088,95.44515398237924,94.11532722066822,2.7787179911120385,1.2368115356621734,97.82445214359902,0,0,4903.85609838711,14926.339265772089,143.93128982557957,125082.66,37532.4519907338,22936.82320680781,6089.242434846198,3765.18032627425,1118.5160784773584,1534.494874700955,8324.907003202503,196.7017750989949,1402.4344446328882,Zenith Industrial Gases Center,"Houston, United States",Petrochemical,734788,2145,802628.39,25.76592325535557,561011.37,11.132700576880918,4162.297571592364,8.685672358711592,409023.85,5.495223533068299,95.27058574531864,584.6477316000684,706.0856706133196,177.25180149905532,0.0737278651258493,0.2065817757088806,0.0021149281623278,104.96258634350416,90.97113739494502,81.73,96.56,103,101,23541.38496996229,33.347135129647164
B0-FF005_201811,B0-FF005,2018-11-01,72226.7121620201,89.71029583167417,94.69186671149598,2.7632480597440137,1.227180044518264,103.9100037504961,0,0,5096.411190334821,14161.936710164924,150.57100146501617,308758.58,34543.352379484386,22680.356978209984,5927.409448692226,3563.530054595779,1049.9210467545172,1491.1996362242571,7737.700730100464,203.2655844066611,1384.797315717678,Zenith Industrial Gases Center,"Houston, United States",Petrochemical,799951,2159,705018.18,25.607693799784386,547444.31,12.206718267012995,4047.6817975454974,8.885031348227564,716038.36,5.892194573737428,100.45138531944508,575.9854201617181,767.2593015971438,175.19756751001415,0.0701560229985499,0.2196620926092042,0.0020978875699672,105.0878085178594,92.1445492753021,82.52,62.09,105,99,22555.61594699853,33.29740154408385
B0-FF005_201812,B0-FF005,2018-12-01,70453.1605441239,97.10119901655231,98.4535332484852,2.8061693642696377,1.228848980563389,102.69408916770384,0,0,5047.667559634045,14311.625416209456,142.60790966694094,35890.09,37569.23126814388,23701.02028361836,5873.267209010162,3535.3341251545467,1096.5192345838773,1508.0144581474165,7933.507441085974,192.78532023987577,1353.0511650666965,Zenith Industrial Gases Center,"Houston, United States",Petrochemical,700565,2082,76019.34,25.172148068642247,222327.39,10.846506747456138,3966.102279686421,8.7833684336132,963710.18,5.558462674147589,97.98693672404936,544.1899889981679,703.6787985014691,173.6423761537998,0.0700482648039416,0.2187840133235325,0.0021566506468986,99.81180730817414,93.49678408591268,76.91,63.9,106,103,23299.34918432576,33.50323119672926
B0-FF005_201901,B0-FF005,2019-01-01,72426.3011034094,94.66403992324489,97.58492230329983,2.88516044524303,1.3086735331576589,109.00667641349202,0,0,5094.621050811098,13378.734050548248,145.54123695455988,578273.41,39058.34681745071,22359.315452796232,6281.179813926453,3702.54471394664,1143.1760722565286,1444.5932112942255,8228.307724396545,190.13055800138588,1256.8435653442216,Zenith Industrial Gases Center,"Houston, United States",Petrochemical,747949,2090,441779.29,24.29995922736252,29482.11,12.107717769679654,3950.866642250328,8.924835531099816,351528.41,5.251158528092682,100.10391987735852,562.3704011905023,743.4231879248553,180.3966412509496,0.0696488437033231,0.2217323373742183,0.002127357852744,103.33096232732326,93.64803845087692,69.46,93.78,103,102,24560.069583333643,35.21115468936824
B0-FF005_201902,B0-FF005,2019-02-01,70987.92662917262,89.01635010498126,95.6990608830284,2.580844502278304,1.2788951542232443,99.61796545889707,0,0,4873.251132605436,14397.147416012724,137.85938079212067,746486.63,39437.66031238003,22082.47138421292,6344.650221168229,4017.176938210805,1072.4466861563396,1520.364494463491,8136.960205822556,198.47491922236216,1364.2373311274448,Zenith Industrial Gases Center,"Houston, United States",Petrochemical,717847,2078,507451.87,26.60375364779603,191973.61,11.2911103420712,4208.358249545254,8.720266443145842,380823.68,5.450746560096843,97.5947855677368,546.7207459034181,713.5551608688887,178.16248512190603,0.0680538565335727,0.2173772441517193,0.002159867849387,108.15917621813642,94.3696730633158,88.27,67.1,102,101,21852.986833424693,33.89945200589786
B0-FF005_201903,B0-FF005,2019-03-01,71507.39538589919,96.3823447680916,101.76906373981927,2.824878557159617,1.1961185338896263,97.8175392896746,0,0,5049.256040768931,14389.493198031136,135.83109638870255,285163.89,35114.93743896823,22852.59876206516,6163.7870996271895,3694.27932128817,1102.818744562953,1485.2221077538525,8542.749085939855,195.614336523596,1276.2594141647637,Zenith Industrial Gases Center,"Houston, United States",Petrochemical,688572,2209,906579.37,26.03373365947168,152722.0,11.492582077523746,4350.040198711764,8.617035161372685,391297.84,5.663184644743324,93.8265031852173,541.0329856161128,754.453490327928,186.71899067385388,0.075061936689533,0.2190287344336115,0.0022594906552195,106.07323220931204,93.69917951095,66.76,77.43,100,97,24243.37164574743,33.44840422415193
B0-FF005_201904,B0-FF005,2019-04-01,68722.88344453431,98.54910204812366,101.16199950405358,2.785903029848418,1.2652899904446533,101.51426700410283,0,0,4953.709181419124,14049.694754368373,146.71872730967613,113481.86,39221.29230479679,22849.27032980501,6231.076311499983,3789.678664453246,1054.1534575482626,1626.0296250555018,8562.870473283372,202.69466568830163,1360.5205914942203,Zenith Industrial Gases Center,"Houston, United States",Petrochemical,715580,2179,297522.07,24.80482093212719,674112.16,11.648129720569967,4069.021236130633,9.114022139835546,607154.0,5.66430614492031,95.51616722139448,542.8337235896151,729.3244160554573,180.9049885219364,0.0699432876586636,0.2168183980192945,0.002061994050595,109.01580827220091,91.40355918369428,90.35,74.37,108,102,23559.149641723063,33.34522935284816
B0-FF005_201905,B0-FF005,2019-05-01,69994.79775322882,88.90276910738268,95.6413244418158,2.831916944211207,1.2659600421162114,98.24634618293769,0,0,4931.806071748527,14782.14065718942,149.85324655942551,601940.04,36239.222396595214,23151.52665051825,6410.98586400414,3559.390593693148,1105.187916372107,1564.424650477535,7938.433494227047,201.33259752425136,1320.9694165731216,Zenith Industrial Gases Center,"Houston, United States",Petrochemical,740656,2122,308180.64,26.210837194470308,473587.72,12.045168758338894,4241.93457375917,9.040081464157463,56945.53,5.036444002722963,95.8560230257034,542.569672746637,747.1420860665353,167.83983377710956,0.0728925541013719,0.2234428985762056,0.0021365249382011,105.1703924138506,91.02206018558108,87.24,73.62,102,104,24220.364576978733,33.518182607244725
B0-FF005_201906,B0-FF005,2019-06-01,70352.60047915707,92.97695920264276,98.68436590682234,2.8231688316743173,1.2542984037428366,98.11228372023308,0,0,5010.986068489292,15160.861656031791,147.28749791756306,32366.11,39026.40941357538,22404.531519474247,6141.835150048436,3935.7965665177153,1120.7388781826317,1494.0413008353337,7951.292251920234,191.33117479511537,1338.0048809887862,Zenith Industrial Gases Center,"Houston, United States",Petrochemical,768905,2040,734520.28,26.197798569916525,637797.29,11.869062521849967,4093.612361185455,8.460204461213426,85015.03,5.544930009911331,99.40448533629664,520.3489865836906,720.338464460993,183.5794893539455,0.0745015939312878,0.2166702002447401,0.0022076052093892,104.1348932054524,94.58412451217336,64.24,80.59,100,101,23108.63910040556,35.363452288993166
B0-FF005_201907,B0-FF005,2019-07-01,70029.6282207715,94.47079052857596,99.65629583118816,2.8537352750150293,1.210576881855573,103.08394242743778,0,0,5182.821844968898,14539.792702730305,144.79238551761966,940441.9,38399.27409385124,22342.431548941942,6309.742349402534,3811.7082869509927,1052.0087689562354,1478.3434594912471,8056.085841131658,198.36581776481185,1409.3241080839127,Zenith Industrial Gases Center,"Houston, United States",Petrochemical,735838,2288,645742.78,24.519716341865823,157677.87,12.413886643360756,4149.679856080726,8.540203135097554,314868.45,5.560253619238106,93.54400348649489,581.2832709291047,757.5457589667111,184.77967840662103,0.0702041378108263,0.2255226876736669,0.0022299763305359,108.55814401194851,94.49611939806157,62.25,96.32,106,109,22830.07822346693,34.10801488945688
B0-FF005_201908,B0-FF005,2019-08-01,72307.38378957014,96.71610401728422,97.72858420159308,2.8337993706558446,1.2518915380952091,103.5168132175699,0,0,5021.048984483875,14103.62334766197,141.45644744235082,33118.83,41163.33652750911,22683.60710990173,6089.851360727838,3688.825795500224,1115.7487139027264,1590.2947102268508,8007.275088965863,200.0207066114157,1338.6604940014274,Zenith Industrial Gases Center,"Houston, United States",Petrochemical,767800,2162,894057.44,23.798301692647712,605947.59,11.834487668402932,4247.481967865638,8.720889107496781,284504.71,5.50467197911614,99.7790091843254,555.5284948290451,700.1606692590238,181.8560151229578,0.0736919734334958,0.2129236413320752,0.0019504975239871,102.25945946075804,89.79579369054822,82.23,84.97,100,107,23825.36565819415,34.24757994784153
B0-FF005_201909,B0-FF005,2019-09-01,69741.40113650805,92.0947009689888,96.35613449261815,2.772895663584046,1.2341313888777006,99.15161686772096,0,0,4794.811558203484,14827.470262199788,139.12386808986656,744248.0,37457.660134148704,23006.691747134457,6317.783482371116,3639.100361661895,1096.8488062190447,1460.8976976937845,8033.953612842141,203.7230538669841,1315.7212653278968,Zenith Industrial Gases Center,"Houston, United States",Petrochemical,749584,2137,706134.88,26.45699644239641,259932.15,11.967374166837295,4143.607201877108,8.471496734172545,984898.78,5.5559033674957545,94.62062197137092,566.0728826454473,760.5704900338259,176.02342882760692,0.0756549919060555,0.2158317584251475,0.0021413487997208,109.07843965797302,95.78823701145848,74.63,94.46,105,105,23710.01629475244,33.075426370715384
B0-FF005_201910,B0-FF005,2019-10-01,69874.2806582005,93.48327135467532,93.67473620045378,2.8611219527735985,1.262594251274045,99.44782733613546,0,0,5003.745975048193,15096.771526232033,147.90160081780562,188049.07,38338.30211946885,23084.034887551374,6254.539722629421,3722.713463495933,1133.980077145529,1541.4983892908897,8433.487366069052,204.27591427229308,1309.6178729416863,Zenith Industrial Gases Center,"Houston, United States",Petrochemical,736724,2071,137245.68,24.37861010558489,437876.74,11.81937582612617,4323.548742890544,8.830215266415545,577657.92,5.491441869561658,98.04404270971932,565.3041152673813,729.9091585912353,181.75603446059543,0.0718482745836515,0.2081651115777741,0.0021400544093133,100.34866750482144,96.02097257473396,72.44,91.79,102,100,22677.194546834307,35.42675258796974
B0-FF005_201911,B0-FF005,2019-11-01,70277.03523455234,89.44710192763043,99.8585994734586,2.794081551942432,1.2187869641498192,107.0111363023485,0,0,5019.190725275419,15917.542365266823,145.46087252637471,460413.09,36864.60103969482,23518.46864039,6319.067692603711,3710.04872719593,1108.8802821205943,1576.120383050696,8559.36962006058,200.8096976353769,1405.1952744628763,Zenith Industrial Gases Center,"Houston, United States",Petrochemical,720516,2236,40123.4,24.91569377472316,98123.17,11.626536762814547,4218.066361297075,8.456900505465802,472706.4,5.647753105614282,97.3879512087032,549.6530166270126,737.8110832322276,178.60307288152646,0.0760141463602064,0.202749371096996,0.0021258938997066,99.25096661921282,95.27947328471748,68.19,96.85,105,106,23170.088798954737,34.01880143191752
B0-FF005_201912,B0-FF005,2019-12-01,69536.50227100149,95.49327466370411,95.7820236375823,2.7819797237220785,1.2526907432518326,107.27590880383386,0,0,5166.382306536317,14601.2082230354,148.29130361037417,810125.66,34346.85433894266,21690.524082552834,6363.880983362564,3825.456072297643,1103.8809382924433,1466.7872911076552,8753.758763576736,202.227228236741,1402.1270899403012,Zenith Industrial Gases Center,"Houston, United States",Petrochemical,774608,2207,220247.46,26.53554556889513,727102.02,12.280747277054594,4208.304171701752,8.913223987434913,451022.16,5.349270433750816,97.35899227711052,574.0166331134234,749.441583531107,187.5174765557553,0.0749644312045192,0.2128699594616284,0.0020526675931629,106.9128259666775,93.29302195775873,78.88,87.45,104,102,23091.647124457264,33.886077340708255
B0-FF005_202001,B0-FF005,2020-01-01,68271.02200016507,94.87417675348316,99.88560360777528,2.862503951933405,1.1935966954636443,106.34886424650024,0,0,5063.274342620829,15034.52013568052,141.64792651133988,200727.36,37041.54615432927,22606.235342877968,6385.374725131325,3673.499724115827,1118.494282557209,1477.1249769771878,8468.723504966447,195.18482892418405,1455.899410968787,Zenith Industrial Gases Center,"Houston, United States",Petrochemical,772821,2188,333941.47,26.26983407740445,183982.54,12.169475706100105,4118.390851877901,9.143373799338526,749528.84,5.394585912821838,104.48023924296712,565.2374813704739,745.1042625918769,179.0787099597744,0.0729161867220684,0.2115333881853169,0.0021679065324458,106.10194090973884,88.43963234423065,78.16,62.51,100,102,24904.066627791963,35.11071894143809
B0-FF005_202002,B0-FF005,2020-02-01,70046.48754119058,95.55072103201609,95.4066796950702,2.9985605335551058,1.2513867423876162,96.5634556204276,0,0,5275.734588082667,15176.686270170962,148.1647100914195,966401.41,37887.88079772849,21848.24544825252,6231.456998150815,3794.807205484222,1145.3804326710576,1493.545399661102,8710.965318708077,190.12834762496547,1330.3857649422907,Zenith Industrial Gases Center,"Houston, United States",Petrochemical,759333,2049,204485.2,26.258483815033443,845879.1,11.610651340003786,4129.520494580768,8.911220164696552,668437.06,5.478408258402679,97.39052921734256,584.4201936799768,748.7913174784857,182.03048815370937,0.0747634265185071,0.2185170292156127,0.0020980893421281,106.76240412626268,96.41298845500656,88.6,54.71,111,106,23730.76471040969,32.962987198132254
B0-FF005_202003,B0-FF005,2020-03-01,69531.09198595243,94.37251512742256,97.07131929385412,2.88656523373809,1.2443711187497848,111.78228345559828,0,0,5006.442551811897,14623.23762880818,150.19857986713922,492061.61,38279.29058499826,24815.515368563578,6261.347875189288,3864.392508002106,1139.3861189042818,1537.1146936491537,7795.836258645269,204.2031758418261,1283.7919403162357,Zenith Industrial Gases Center,"Houston, United States",Petrochemical,794920,2119,486594.05,25.991752144222943,507069.56,12.158202844951342,4323.491089076766,8.268972285005004,591935.17,5.582244174482893,98.35168401663256,548.9927922907132,742.0756274083247,180.9360876510956,0.078012773109732,0.2260900729752551,0.0022572352290266,110.30387491989526,95.48820711997745,68.78,98.71,106,106,22954.73555924302,34.39237926409629
B0-FF005_202004,B0-FF005,2020-04-01,69138.69354585354,99.70241187039952,101.36566173910984,2.8227790590952373,1.264190758817849,108.37952123433487,0,0,5063.798422231001,13891.319219663286,146.58800060358297,409036.13,40656.739391824296,22881.883483796137,6113.655575602462,3684.777636464085,1014.8650969719604,1601.755961564532,8228.206559728931,198.7361566967879,1405.4910126258485,Zenith Industrial Gases Center,"Houston, United States",Petrochemical,769521,2209,65909.1,25.53514487451092,349221.37,12.229251127114436,4037.82026652452,8.776309854573801,854000.54,5.3160231739354,100.50813266204452,534.6400831406089,726.9009025053948,171.52297638379451,0.0739138469534547,0.212564237750692,0.002033925674762,105.188160706858,97.20836128654692,67.63,57.98,108,103,24012.28202891961,36.3151472133752
B0-FF005_202005,B0-FF005,2020-05-01,71942.12973440066,91.95814614995456,100.20418614819896,2.809865248744236,1.2618303180078707,105.4692478437856,0,0,4963.914565656683,15041.187045462302,155.10751539508456,320111.7,37518.86398434805,23332.776275478245,6269.676685088265,3890.389027228253,1100.0861822642444,1560.9667754323411,8622.103350856523,215.2990446676021,1307.3093335280005,Zenith Industrial Gases Center,"Houston, United States",Petrochemical,717152,2149,943615.79,25.57597458156092,331874.46,11.717433434976558,4070.18265984036,9.16267466223471,28123.25,5.57714242547419,95.140544350924,574.9043820645046,734.458928837785,183.3102677296044,0.0740865737727308,0.2269041665915199,0.0021949238439887,102.7208751843303,94.30447452200023,87.01,94.35,104,104,24509.690128730992,33.20381589388405
B0-FF005_202006,B0-FF005,2020-06-01,70351.55852632651,94.50580515750887,100.58279631072624,2.9326131024762003,1.2709588762516049,103.5573760030018,0,0,5007.567655888001,15557.643943354804,151.01582353362485,353023.53,38779.19727247774,22176.309139948284,6405.869842862496,3790.2867750779874,1110.0664185391936,1511.2912418981284,8566.93322320207,197.2793107734145,1326.3592768400438,Zenith Industrial Gases Center,"Houston, United States",Petrochemical,725133,2070,447914.78,25.40605426891751,207484.64,11.921675624429804,4302.199025361738,8.793422053839853,538572.68,5.728822355209806,100.97813225502011,559.5054930878773,718.5459938789822,179.78279503228353,0.0734857945032138,0.2227947665996917,0.0021907800348549,103.0514186035896,95.5689484303216,63.32,63.44,107,104,23851.61610493773,32.41906026420412
B0-FF005_202007,B0-FF005,2020-07-01,72088.4362672563,86.71862837111593,94.85616609367688,2.877671786551631,1.2286488882585296,97.26052317968544,0,0,5159.283817773207,15067.759062790525,155.82326934474727,859544.18,40136.13467950624,22387.022088019883,6216.140264521199,3831.9498626014615,1103.7525338971338,1536.664916331526,8223.004108496494,199.23745898090564,1333.1474136717616,Zenith Industrial Gases Center,"Houston, United States",Petrochemical,743013,2156,343069.48,26.09942096104049,675348.87,11.841398724966956,4397.987975510171,8.956593336800093,120143.79,5.72724882203715,103.5230495470078,558.091076585058,747.3774257771641,180.1629746420875,0.071658416468485,0.2085902832967717,0.0021051416430168,103.46762511317868,95.11005132650033,65.95,87.24,99,103,24062.720752572422,34.24121886269058
B0-FF005_202008,B0-FF005,2020-08-01,71182.90017867816,93.94411118796596,99.52964057195136,2.95884890226271,1.2540313931623142,103.09106312225128,0,0,4997.845707164448,14637.561966080388,142.66585916546515,424778.2,36785.7590190315,23450.2195293182,6679.085215653342,3934.4677410575455,1110.2295306164942,1560.4706263002483,8068.145143568037,192.80563863188195,1378.7977945378082,Zenith Industrial Gases Center,"Houston, United States",Petrochemical,746911,2127,141037.25,25.84391978374163,447124.6,11.988119133945569,4199.762611595222,8.826219787323907,944591.25,5.4740222973897525,102.48790899729,584.5566048382934,765.3935833442614,187.4421510609338,0.0770111598975442,0.2114722135583895,0.0023512458365822,98.7506261192,93.73109939551162,89.81,68.41,102,102,25035.105870165764,33.976870313532594
B0-FF005_202009,B0-FF005,2020-09-01,73339.15015379261,93.43897280266488,96.79061244223124,2.9321440733803965,1.2756861434086286,104.3128566424434,0,0,4923.319214274752,15230.867700875073,148.20874206398574,681175.79,37711.77080026361,24351.353962848167,6333.364753413126,3847.998153723015,1129.8781395885712,1495.1194021305007,8163.845328419474,204.37519734405728,1311.4975310432092,Zenith Industrial Gases Center,"Houston, United States",Petrochemical,771311,2127,291209.61,25.247114614726275,155409.29,13.017101313698443,4069.097704703391,8.868346094523321,589165.66,5.639122004349138,96.87384563147717,571.1288996136288,731.5515830452827,182.65984665213813,0.0717135025077183,0.2259605133709301,0.0021954354904626,104.44494695192616,95.7010906684948,66.37,54.25,108,107,23481.745112250406,32.48110511933105
B0-FF005_202010,B0-FF005,2020-10-01,73688.61582210723,93.27624751107956,103.08797788750468,2.732837805731013,1.235382655646213,103.3852963669364,0,0,5176.657351158711,14886.405629031751,151.59152696999766,750148.05,37739.79771917598,23696.52984103076,6366.78995447689,3978.450646268304,1080.5314823231292,1576.4839482528296,8138.419599525879,204.16993886347169,1340.7189200928278,Zenith Industrial Gases Center,"Houston, United States",Petrochemical,765695,2282,830110.8,26.234152400871547,480489.17,12.305944415079496,4197.382976184137,8.910926962484876,605819.08,5.870845522738732,100.64681315124884,540.8879959908145,752.8551482040871,193.7984580934392,0.0723308765665531,0.2105129513808762,0.0022118578407825,105.68088691961054,95.1226105545596,83.62,88.37,104,107,24619.46746365842,33.9426423500253
B0-FF005_202011,B0-FF005,2020-11-01,74965.21753586103,95.10590204007968,102.15894046210386,2.82574473638648,1.2777973977306465,104.9873500223342,0,0,5216.545056869003,14864.98384801679,139.4580365702478,794355.15,39986.51050940916,24000.8036807938,6413.124517461415,3913.348487926544,1160.3414168319946,1542.4009089442318,8531.924241476074,196.6169784646277,1334.0713901173178,Zenith Industrial Gases Center,"Houston, United States",Petrochemical,763667,2276,210602.34,26.09268652513005,944072.66,12.870643312621748,4216.204536637294,8.60379009802188,186876.58,6.130189341984512,99.396560937518,562.2023856229911,761.632103135341,189.018895705088,0.0712522734757207,0.2291827820801795,0.0021734694288086,105.82330115372515,91.7628107041976,62.94,77.38,110,107,22340.989292877035,33.60777796575656
B0-FF005_202012,B0-FF005,2020-12-01,73156.92791063432,93.87156500251804,101.94510773427224,2.9342015062956905,1.3273215803674654,98.38368819562898,0,0,4945.52307884759,14907.787998194966,149.6786082983717,15760.8,37322.50174768223,22966.182073872635,6392.055753844108,3828.88504881998,1095.356008380985,1510.4670673305425,8230.221359477413,192.7102513516084,1325.9924560356542,Zenith Industrial Gases Center,"Houston, United States",Petrochemical,759952,2234,341014.08,24.93978080969178,143406.92,12.612123565166636,4281.586354485198,8.701131485548723,631819.05,5.876857295745568,102.5808681888736,550.7132805521915,728.5813323496774,186.30241988172293,0.0749462440488296,0.2289379220985595,0.0021702675306997,100.9838616844398,94.31367827934665,90.01,98.83,105,109,24700.31255153221,34.052031557491375
B0-FF005_202101,B0-FF005,2021-01-01,71372.44622279999,93.71997625911534,98.4680441564542,2.9382491338720587,1.326907865633682,106.48517994696188,0,0,5257.351358521093,14997.443178567892,145.48301611813628,746420.75,36716.053947828535,22395.80536485263,6258.297537703576,3927.9472729238273,1106.09584461772,1572.926764378224,8332.721533328799,193.5397504966079,1446.593035923748,Zenith Industrial Gases Center,"Houston, United States",Petrochemical,737220,2192,667070.71,26.858145388715567,638457.76,11.798108628368327,4358.98461715434,8.817229596779995,288301.99,5.983615608571822,98.04434745918896,569.6241980433264,719.1388218705151,181.0459719684481,0.0746952020615339,0.2293456345507701,0.0020850422040764,107.0691705508051,91.94856165815769,98.02,51.86,104,107,23456.05089090973,31.07425386941764
B0-FF005_202102,B0-FF005,2021-02-01,71432.08951253736,92.99934174743213,98.85401163799222,2.802688228833636,1.2954212263026397,106.0289901222247,0,0,5141.351727749505,14766.15985571441,148.3043500338625,787750.21,37766.64456037589,23754.533247417992,6437.912610328198,3924.5543574278418,1136.2601945869528,1514.106112446949,8332.56011128113,207.1247704693793,1413.3977468840856,Zenith Industrial Gases Center,"Houston, United States",Petrochemical,780834,2219,842729.84,26.52497588853062,830474.9,11.699354075155332,4216.678834683902,8.855931812665393,362480.8,5.454574793296071,97.09923061286592,579.0014036981164,743.9538439041299,187.6254302562969,0.072263105598099,0.2247531825489759,0.0022445617177055,110.02159099295724,92.44791027900878,92.45,71.38,110,104,23428.002342492226,33.95153815483675
B0-FF005_202103,B0-FF005,2021-03-01,72867.3221055159,95.7562210739864,97.65336460689612,2.812374597253083,1.274470700588543,102.03605180762388,0,0,4960.63332860086,14770.969196993568,147.55550420739692,718737.82,38406.00508562511,22881.38062443604,6362.370672915441,3809.710432226245,1167.0551787130255,1543.449960785542,8103.200644636726,192.69686524050465,1423.8418127322614,Zenith Industrial Gases Center,"Houston, United States",Petrochemical,764878,2258,859012.67,25.69667342502982,760447.56,12.164692045021534,4555.159117661632,8.720131925922189,260473.41,5.732815489960826,101.35563170921122,555.0647120118596,712.5790841095528,183.25452816446543,0.0782348446099823,0.2174608785512355,0.0022446826767015,102.58916466389324,97.82618985836667,76.54,72.71,110,106,25682.81228117661,34.38366257809027
B0-FF005_202104,B0-FF005,2021-04-01,71818.95966976111,96.48339318617072,96.82105194529213,2.8994506960054034,1.2480811200741706,107.5366657389854,0,0,4986.689800458822,15449.726318225346,158.0032732959691,907292.73,39342.80534344268,23825.218045655394,6543.774917731523,3573.877399969784,1089.0407409258662,1614.303437385016,8121.3460830245085,201.3053093600309,1468.0831224819,Zenith Industrial Gases Center,"Houston, United States",Petrochemical,756404,2248,667038.84,27.24355587874707,609056.43,11.969445040867823,4266.404364911054,8.861917321134836,116941.23,5.59174229106257,100.36028148062204,556.0718804484857,794.1084297142764,180.33442737291847,0.0790136956139896,0.2194662609806834,0.0022540719202284,106.60055610098544,92.1279032221483,98.94,94.88,103,98,22952.81894456546,34.554423357109975
B0-FF005_202105,B0-FF005,2021-05-01,70492.57399081344,95.8145533644374,102.3383407031266,2.9366955315107166,1.295406291930306,110.97662409834862,0,0,5154.826142191162,15287.760033881046,144.4998646203277,94584.3,36554.30133584414,22938.84926340111,6528.755675371246,3966.226773909616,1195.3415172658251,1584.6021673932494,8428.275124757876,213.98289655577665,1452.390994716474,Zenith Industrial Gases Center,"Houston, United States",Petrochemical,755726,2233,426551.46,25.284047672919293,800489.27,12.331346682908428,4364.039726946834,9.1672683940166,146662.54,5.679242098734296,98.56909706040122,581.0588340537096,754.5672619488105,190.5163558811581,0.0703072747509289,0.2123437720244537,0.0022175534134381,102.34877698162455,98.55372276562936,75.89,95.9,106,106,24950.77600087598,35.221129790678724
B0-FF005_202106,B0-FF005,2021-06-01,70836.74358820393,96.96486557426589,105.15685348343249,2.9346664551120187,1.2681656253630522,104.03489856536632,0,0,4881.6791852603,15096.324446717952,142.6252639900515,17800.23,38094.61937307994,24277.53000892147,6221.098901899369,3831.739006565852,1125.880126876495,1495.9564339894202,8458.392990145683,196.0613649668153,1407.2074270548846,Zenith Industrial Gases Center,"Houston, United States",Petrochemical,803716,2284,445424.37,27.30541780771184,817665.57,12.27624423386284,4190.752581068668,8.963884108095169,781357.81,5.802711261833956,100.84589139052537,556.5187882966139,762.5448357706098,182.585693682834,0.0740179789392834,0.2211698552254223,0.0023182403002571,102.87186017201958,97.98834168387457,71.65,83.42,104,104,24886.36339422009,34.62798726664057
B0-FF005_202107,B0-FF005,2021-07-01,74583.23629232647,99.37874513966148,101.36684485722532,2.97723821181302,1.209052333458595,106.00559322054043,0,0,4740.933002742656,14734.858619511764,143.8850137040563,471204.51,38810.61638459357,23404.845379895905,6574.304884144562,3979.3965621441807,1135.7132089162535,1489.4179386070846,8206.50795874168,207.4671527831476,1401.446046195847,Zenith Industrial Gases Center,"Houston, United States",Petrochemical,755495,2317,389402.2,27.22286239619666,623638.11,11.938208664144154,4466.697363462299,9.136922818104392,524589.88,5.770717284579469,99.25859494989756,575.8307054690978,749.256935949095,181.4575372948556,0.0715337754521239,0.208019851212733,0.0022269272936703,104.22778870448956,94.4250780846792,93.48,84.91,110,114,23041.355122445213,35.06919712582265
B0-FF005_202108,B0-FF005,2021-08-01,70294.23587567612,98.30723274802732,105.1810281439636,2.959731594953862,1.249925582254774,102.76046684245898,0,0,5043.769083708829,15395.065646084417,150.02159635903232,574508.43,38703.55143128881,23379.01670683308,6126.714797911308,3746.21171603326,1180.399498024123,1575.4128400961986,8806.970093239353,198.11315399919803,1392.3542872981932,Zenith Industrial Gases Center,"Houston, United States",Petrochemical,766685,2179,170831.95,25.65843398343233,711984.69,12.03820809704213,4244.199845973558,8.96136726182034,148488.18,5.573986579052117,98.98712732163756,573.5257005245275,789.3202301206593,182.3410555682173,0.071196968425518,0.2174967068041521,0.0021974848802592,100.82152312415356,96.26417896440722,83.19,75.52,106,109,24358.88674620867,34.86959503418761
B0-FF005_202109,B0-FF005,2021-09-01,72738.87250006017,96.35008706457737,105.80711965970312,2.945447658133025,1.2083165897378647,105.6187237699053,0,0,4807.678766356524,14636.88089156291,149.69235929271426,174454.0,40484.93568721811,22684.55544499068,6425.572222284618,3860.02934347463,1178.3212987094648,1550.872555959968,8650.339413326585,202.20809921319096,1389.024704524127,Zenith Industrial Gases Center,"Houston, United States",Petrochemical,763513,2134,850554.37,27.04541749952204,713512.04,12.055824873347465,4131.260701067448,8.827803880562241,700845.81,5.684663073602627,101.6765702567794,551.8897257338431,733.7396714577279,185.5811648755453,0.0739448773862355,0.2264277011465234,0.0021137310255357,108.68896051256542,96.26253223258288,99.76,77.48,109,101,25837.311315178144,34.70121044804928
B0-FF005_202110,B0-FF005,2021-10-01,74060.9819395543,97.45069024059708,101.6452577468579,2.85345609403115,1.2919380859488176,105.22886029113798,0,0,5042.55241804112,14700.633832042313,150.51149499897016,776283.45,37362.23712582277,22937.131305042964,6172.412603257508,3716.033134834538,1176.7291215888838,1606.057391450747,8366.154183080178,197.3644818164267,1317.1372642462406,Zenith Industrial Gases Center,"Houston, United States",Petrochemical,766477,2299,148398.37,27.253013564095703,901495.2,12.135500423787642,4363.940564705378,8.623839795591664,224719.09,5.6636970575103165,99.68706336061412,590.8802270491693,769.857051540302,177.3532182888397,0.0739394386096257,0.2175319362181857,0.0022013836139044,103.7918763280834,93.15050249717864,96.92,58.41,105,104,23277.21044096657,35.11856809700316
B0-FF005_202111,B0-FF005,2021-11-01,72272.54903752619,94.58480247227097,103.78474693478722,2.679699903466448,1.3101761365189113,109.82958733494836,0,0,4872.969363385972,14587.07125951802,154.99874995083772,207905.86,41053.539612091736,23222.533585125828,6392.5567418030805,4023.5077211795824,1042.0754497448545,1563.6851463144296,8520.877694280269,211.05969635405188,1434.8375098779145,Zenith Industrial Gases Center,"Houston, United States",Petrochemical,780000,2345,293398.07,27.05183956566457,383581.03,12.311207397285632,4405.434178712718,8.91980714788147,294810.28,5.632687005862131,98.78794303218342,571.2717638640141,724.1223427840587,187.8265726448424,0.073272768772936,0.2262889280029747,0.0021362948613083,113.23788860033412,93.35288927436665,66.55,88.48,109,110,24319.58779059424,34.65301853376849
B0-FF005_202112,B0-FF005,2021-12-01,72804.74140968069,90.74872252331456,103.90578667269313,2.909123816465815,1.278158445021135,105.04306675780956,0,0,5033.741476809468,15148.241670640651,146.98718444703212,503595.51,39725.68606011439,23092.963029844606,6177.9158005538375,3879.789160649798,1144.3715910855533,1640.718496363197,8271.405910248603,204.6698269328152,1449.892769381054,Zenith Industrial Gases Center,"Houston, United States",Petrochemical,754821,2298,663169.36,27.05756411601021,704405.2,11.931012240286472,4271.458612341648,9.001672617629486,733587.28,5.738854441160301,103.15082435991428,548.0299861793004,776.3832678246399,180.0931810450331,0.0733278653768704,0.22286766461051,0.002220648334001,111.56271021017962,98.2528366625602,65.6,93.31,106,105,24142.693888101046,36.67076682352884
B0-FF005_202201,B0-FF005,2022-01-01,73056.1159421143,97.05704021368084,100.1447954376132,2.8271141538936786,1.2985267263400726,106.05239682758037,0,0,5039.237100236237,14816.245774123045,151.82491862500677,976395.81,39986.66212162706,24750.41316625006,6218.302032824589,3917.062144663042,1146.4008350841057,1492.9635393211406,8645.157934141014,190.62360806845112,1390.366942941741,Zenith Industrial Gases Center,"Houston, United States",Petrochemical,737267,2467,368458.46,27.353271886056696,949421.5,12.022763044956807,4452.4962443281065,9.006370174314299,725592.92,5.549730727884854,97.6985662356354,568.4944112199788,750.4830702706246,185.6788908167184,0.0761254982942061,0.2408819406216013,0.0022216616884781,104.70628675872312,103.08985108059956,66.78,96.68,108,109,22799.15995526943,33.233424628238275
B0-FF005_202202,B0-FF005,2022-02-01,75310.12305992408,100.82578234038417,96.09371825636649,2.835560858665624,1.268483425982701,102.72697699169451,0,0,4956.131844435101,14539.237331721892,145.67641873139945,727667.6,40678.79306711508,23614.01336703277,6845.915224250857,3975.1591658188254,1111.2393957253068,1570.2774811728173,8280.36714041301,198.20141026741368,1389.2085452539277,Zenith Industrial Gases Center,"Houston, United States",Petrochemical,795000,2226,586694.03,26.153754963754096,774703.92,12.231237494724292,4272.826154729597,8.945374038192707,352725.9,5.67846011363266,103.75850623389674,564.1106665636705,798.0479491512325,182.9896909447685,0.0754130117966187,0.2263418207468795,0.002217987827916,107.4989978001193,94.08791862238022,78.94,94.75,108,102,24967.26200866306,35.6024382641951
B0-FF005_202203,B0-FF005,2022-03-01,67390.61551244932,98.60715373669308,101.01388077951296,2.77018745376731,1.2581765243895733,101.89549972517273,0,0,5208.53525323701,15467.284434501307,150.00784506378386,229696.68,36008.96599071902,22880.52592009341,6528.02245039312,3809.150168208384,1124.4214425126306,1567.7801515750546,8347.820170646026,196.6732062367553,1438.5976640570018,Zenith Industrial Gases Center,"Houston, United States",Petrochemical,796915,2375,940259.23,27.27154337738135,483545.44,12.266302155812602,4234.747859790429,8.776428583747068,800401.07,5.955811358805771,106.93688965458716,589.0756922590964,733.217733161977,186.53752296225267,0.0751015725811066,0.2270221467218853,0.0022707950240644,106.0786993964082,100.38132164133944,64.46,76.13,106,111,25399.02121058813,35.715602759271
B0-FF005_202204,B0-FF005,2022-04-01,73545.87324790074,100.94481264475068,98.89537840869568,2.9131210988079816,1.3713474709876483,105.87319879153392,0,0,4984.243864377992,14698.655329779427,148.91330473258057,213928.66,40288.902068110685,23806.64334377695,6781.6105982093295,3954.39898863038,1164.5586071765963,1597.2296286368414,8834.0256363075,205.7615644240052,1409.2613946175784,Zenith Industrial Gases Center,"Houston, United States",Petrochemical,753543,2331,858994.75,27.269940526544254,580603.46,11.900924255198914,4336.688397775332,8.930134877877414,439977.62,5.733704431797919,106.2718786944422,555.2457123704783,698.4501090618409,198.94795953487628,0.0716754562807842,0.2355624800011899,0.0023124681845259,107.96714255856683,94.99578094311362,60.59,82.64,114,110,25915.23097511183,35.87208692230095
B0-FF005_202205,B0-FF005,2022-05-01,76564.1953012373,98.03157562986136,101.77760825226008,2.885499445231203,1.263227797729733,105.70287189793942,0,0,5165.858348226892,15480.13093569276,157.74655037944825,164287.25,39528.5796238741,23498.263490673264,6495.079998000213,3905.137001085487,1208.0622598973453,1589.2135088538096,8140.005909208505,207.0662332982051,1371.1828106817968,Zenith Industrial Gases Center,"Houston, United States",Petrochemical,764029,2276,312144.28,27.023896519076064,352918.73,11.77147135478384,4312.259208353638,9.0390474817812,481445.36,5.71937211326368,99.8981081556117,588.3295607634934,775.648201414388,192.3276783042896,0.0787141194706067,0.2271518819078699,0.0022304698170596,107.496761861917,99.0168078544566,99.76,61.19,106,113,23260.96067997484,35.42702029464533
B0-FF005_202206,B0-FF005,2022-06-01,74933.01360416954,96.82908663663198,100.00272714758464,2.8324039447453155,1.3075941187297824,105.19348536134252,0,0,5074.956129259412,15391.82476531546,148.60995081288306,775838.75,36922.57861122891,23419.89028509387,6607.268129829539,3880.8730327425983,1168.1427077937915,1630.7380308428858,8633.281908833087,218.1577378417902,1452.290042434122,Zenith Industrial Gases Center,"Houston, United States",Petrochemical,780941,2261,690678.99,26.17849012953048,511073.11,12.218350382727362,4159.588533492685,9.283997743280445,281941.52,5.432180942472988,104.7003202065348,593.0998427142383,735.0813213088592,184.8849748893483,0.0736593339397597,0.2198932342011187,0.0020905240610079,106.58823021063397,95.98094562015994,74.37,55.7,107,109,23663.720220002244,35.18581822287853
B0-FF005_202207,B0-FF005,2022-07-01,72337.56577791742,97.56239803107545,103.5957291365234,2.88026503095912,1.3122995705796137,104.0984997677348,0,0,5300.197789512169,15367.72498495236,155.42027996439666,700164.2,40012.86056503222,24715.80151455513,6626.2673062224,3890.0688806387047,1093.3855114831824,1598.5037251571596,8602.009014115498,212.84960850099,1396.4540352524782,Zenith Industrial Gases Center,"Houston, United States",Petrochemical,767656,2226,150689.21,27.17334044640188,912502.07,12.541149337729983,4358.845744483314,8.964335906315707,729967.18,5.922284131582703,102.1067133281462,594.3282128891099,772.9067457909206,186.059301912332,0.0746321420390363,0.2190747428353917,0.0023170439276762,112.6138930453116,96.29554968345607,69.44,54.36,104,107,25230.0032947884,36.21280618616115
B0-FF005_202208,B0-FF005,2022-08-01,73882.04861194719,95.30760922390736,98.83944654427692,2.904303889394498,1.2935655863554505,105.62701119137547,0,0,5162.813767230104,15162.032371945268,152.0466891302747,982227.88,39743.43161022095,24625.532910904003,6765.055597217086,3969.984182449256,1134.7916158545745,1544.1551497572602,8688.64206226587,199.00870182091484,1415.38041003502,Zenith Industrial Gases Center,"Houston, United States",Petrochemical,759977,2347,256815.57,26.83224491045483,734710.79,12.106045279505803,4402.132734810123,9.23870258272583,613201.78,5.654956183276922,101.87796031430372,605.2621462243961,763.995323479386,192.0248813197781,0.0720071716018807,0.2237490114988938,0.0023877298523402,106.55920489451243,95.68245974045723,93.22,68.69,106,111,26483.266992235647,36.15631614451424
B0-FF005_202209,B0-FF005,2022-09-01,74129.1749129045,101.34132850333098,101.82775697526472,2.8913067127099485,1.3632979107777412,110.78285680725809,0,0,5354.790633060672,15237.82659478507,152.96036354132053,536852.12,39124.74712047996,23336.08619324197,6483.078255964792,3759.521585522528,1186.5219976147278,1627.7173318685686,8813.832349110457,206.80991928819284,1400.147703453426,Zenith Industrial Gases Center,"Houston, United States",Petrochemical,789929,2309,796129.68,26.98703695244129,718918.81,12.693185534688626,4106.15727327646,9.504959883738072,154153.57,5.788273374175211,103.60056701260328,591.3412393309255,824.6169585106067,186.5432304994057,0.078370335826013,0.2279508206380327,0.0021860583386469,112.08973907292342,98.52025261071424,96.24,94.53,110,112,24453.967269649973,35.195246686366914
B0-FF005_202210,B0-FF005,2022-10-01,76497.33549309862,94.80440933625528,105.92977233179576,2.94308533077666,1.349249965554809,108.55221212981468,0,0,5060.702032128345,14818.258959862447,153.15600218464772,128660.06,39984.25460260599,23624.807520339044,6658.524373058066,4055.5732010463103,1209.5643321844734,1539.6773039691614,8838.868718813259,209.6136728368071,1431.1659730982278,Zenith Industrial Gases Center,"Houston, United States",Petrochemical,777273,2373,98004.07,25.945536252702816,955563.61,12.472008686961123,4431.884847785746,8.955873470165464,945994.97,5.91242865025907,101.10773072940896,586.2594755425015,755.1448802331245,195.849238050528,0.0768125764959701,0.2268018288625655,0.0023395896015415,104.12032471860084,99.74812147561794,86.01,68.66,110,110,23613.39165425252,35.68749443712933
B0-FF005_202211,B0-FF005,2022-11-01,77216.98333453192,96.31696739868217,101.07060863484423,2.9103741897680204,1.3464989915178642,104.70720774010036,0,0,5061.695107267333,15856.59551942302,150.69780135024425,923741.04,40417.38556817859,24508.93576003168,6484.887076879767,3832.641556689334,1197.185851008373,1575.6027470323304,8641.233590880049,212.1391927546676,1390.790527288014,Zenith Industrial Gases Center,"Houston, United States",Petrochemical,756331,2337,599740.78,26.185556832936832,81749.26,12.605147699069216,4416.202808550075,9.006969719767808,778089.68,5.579679667926116,95.96458674590691,548.0351847007427,769.6348715971212,189.0169948048625,0.077656803486306,0.2300037446248349,0.0022404927875585,104.18033424600598,96.06406498120327,86.64,84.87,109,112,24958.618652422825,35.22791090120467
B0-FF005_202212,B0-FF005,2022-12-01,73188.4886216539,99.27361057627976,99.63963047113911,2.9428151133117906,1.3134219190069871,107.55037634933969,0,0,5219.475569812822,15464.123629484317,158.4832596380271,10352.85,37886.51987544451,23504.31213230741,6339.937434268556,4113.182402292113,1173.109070462443,1598.8463740842742,8610.552410675482,206.810764224366,1360.312391400305,Zenith Industrial Gases Center,"Houston, United States",Petrochemical,775212,2126,438282.58,27.04091928932496,348351.55,12.17042309657926,4350.6923527368735,9.294101690568654,233835.2,5.540671004008787,99.8785498431722,588.7269372842986,760.2646580649086,199.46736562212843,0.07379942940971,0.2244462711516038,0.0022194639017594,107.97618266782526,94.86548890024524,64.88,71.37,114,108,25044.583238327534,35.16912828143635
B0-FF005_202301,B0-FF005,2023-01-01,73922.04629989648,96.0590007427773,105.02449913140008,2.970876175097703,1.2846132828915395,109.5253856253254,0,0,5153.291965584683,14987.262912917638,148.91971398142357,20594.8,38831.765809685865,24485.6506171942,6185.194595012128,3924.296242933882,1128.9784510168708,1549.2667341048505,8650.98491549714,203.3732102152787,1413.8337603315802,Zenith Industrial Gases Center,"Houston, United States",Petrochemical,806725,2274,395740.34,26.313615705195904,487780.76,12.637038390851863,4409.329359849753,9.418827207997534,206365.06,5.9923963613721085,103.06893269131562,595.538998647924,786.5942301581425,186.0774341205345,0.0750574414178596,0.2243643354163207,0.002392573799633,106.9604577637822,99.0939918983916,86.78,55.91,109,108,24020.4776665282,34.3924127233804
B0-FF005_202302,B0-FF005,2023-02-01,76056.70740228395,99.34671062669108,103.6419612307359,3.1118681226508023,1.4084271240716846,104.12336284910003,0,0,5114.534984689797,15470.41370912441,156.93231963503573,239968.25,39454.16038871758,23973.69858801748,6272.336212580097,3987.7813370186473,1143.7927580600692,1612.5388959310817,8407.686172299762,205.4136447785729,1518.5034520326524,Zenith Industrial Gases Center,"Houston, United States",Petrochemical,768737,2284,771651.81,27.099744079327028,881036.87,12.920665705523165,4301.111074007828,9.079890585437209,587665.03,5.431991099268236,105.80667269067682,522.2106780922451,784.6866237752388,209.38571344197808,0.0775516849079663,0.2310091730638942,0.0022568680615935,106.19165877376004,100.28281139949732,99.08,90.26,108,111,23963.06758496478,36.1409949123235
B0-FF005_202303,B0-FF005,2023-03-01,75456.70931742906,98.3095952966371,97.95069240111413,3.037052873343012,1.3038274115947892,107.0422355682188,0,0,5034.698855195136,15851.18401548995,160.57429081778133,886961.84,40296.47589992094,25106.40571084509,6889.116912647251,4010.449064802205,1128.666335130039,1492.952109610952,8553.888709659994,209.0584648348096,1534.6718587512278,Zenith Industrial Gases Center,"Houston, United States",Petrochemical,803815,2313,393208.05,27.09224857507205,193015.59,12.402892572146492,4209.432569493801,8.924076846281523,145492.94,5.629112640964293,98.84735760439034,588.6907099474442,784.7982069975992,198.4274234434888,0.0761382460215762,0.2260461681584217,0.0022755670189664,107.2073647013002,94.75813100648476,94.56,72.18,112,117,24147.17830263595,34.324409002164245
B0-FF005_202304,B0-FF005,2023-04-01,70300.50090159096,98.64177037759204,104.8984147268302,2.902610361707563,1.2548004113176114,113.83247983678386,0,0,5137.937741707938,16489.848080666226,157.77877763757422,721444.0,38317.61947056979,24921.56522938287,6293.126295856996,4004.027915940234,1167.2484875239502,1641.5097568395788,8691.497688528183,212.0972432019688,1438.981174630317,Zenith Industrial Gases Center,"Houston, United States",Petrochemical,796226,2431,65793.43,27.756191781668708,358925.9,12.108590669666132,4320.278427013337,9.102522723366086,974352.77,5.496988434473263,106.14071306375784,569.3826396639852,763.3349815560842,186.7724832556773,0.0710382739985601,0.2379123047560851,0.0021924098488608,112.4849878539602,95.26169889388184,91.97,74.34,106,108,24478.5314780546,35.02472032142543
B0-FF005_202305,B0-FF005,2023-05-01,76375.01300660563,102.38710243956572,102.23467796421347,2.9859770305728133,1.2646975663182032,115.47556854798246,0,0,5124.87625508204,15942.366528841689,154.22636577779713,254824.62,38400.66836229207,24100.504064027897,6181.325265864718,4023.288985778226,1171.0912533021651,1502.447757391317,8266.210735820434,203.3117714798334,1447.2718166576883,Zenith Industrial Gases Center,"Houston, United States",Petrochemical,723145,2439,294231.83,29.50924267369622,922709.83,11.624003800336023,4180.080557716763,9.185569731788013,757729.64,5.587721085488858,94.97787027303526,572.5425001821247,804.846895716181,186.13849798808096,0.0776475226265951,0.2196801594944662,0.0023258790241545,107.62651152422814,99.03919644857643,75.89,95.46,105,115,25007.7366325262,34.695724850047206
B0-FF005_202306,B0-FF005,2023-06-01,74121.0284333777,99.64290010493936,105.546426132966,2.9133278758328465,1.34559123018197,107.58703550341824,0,0,5107.871835072694,16335.051448436488,154.3004679742632,356301.49,40961.57142306793,24062.62202517953,6776.127308470384,3957.11860350302,1149.8690601994103,1577.3813119504948,8449.460181891234,211.9650342314204,1382.1979187918946,Zenith Industrial Gases Center,"Houston, United States",Petrochemical,763171,2368,438143.06,28.486294506482626,854820.97,11.873705486374512,4143.7660324595045,9.557161723954357,364664.56,5.846909000422557,104.64977458651468,593.0287301542568,815.4545711946307,184.2365672046513,0.0744998197380338,0.2305976865348495,0.0023120192242037,105.45084369991928,100.85135388910766,68.81,62.86,106,103,25429.209704356635,37.72009046690497
B0-FF005_202307,B0-FF005,2023-07-01,74903.3340448222,103.91085881865718,99.29366879602348,2.889977387448643,1.3388796706576478,109.48987463128093,0,0,5127.633160072823,15535.72013666072,155.5420177895575,902084.67,38538.97670741508,24454.9213643424,6764.820425480713,4229.957348802745,1207.111556562901,1626.9921542750774,8076.264672055691,211.9280307676404,1477.0278927252498,Zenith Industrial Gases Center,"Houston, United States",Petrochemical,765794,2249,192864.67,28.16015535196333,795091.83,12.546197447338455,4396.610904572325,9.638842370848597,791721.01,5.825991395713929,99.70774900858356,574.3292008661288,730.487427699786,181.7727330174082,0.0827993296211544,0.2254420986249989,0.0022422371862067,109.09209348754872,98.84899573594718,91.11,93.4,115,108,23743.713130019754,34.15230989835011
B0-FF005_202308,B0-FF005,2023-08-01,74866.26625985885,101.35846126025577,106.17978569759936,3.0861423903135536,1.2710054200253698,112.1303479449152,0,0,5100.624159669753,15068.93419225198,156.57018391851554,473534.04,37466.28223831859,23834.13963142616,6520.046390859633,4103.184892114348,1167.847969650611,1575.7969484529774,8381.935468475916,210.82813836542263,1403.6891004126935,Zenith Industrial Gases Center,"Houston, United States",Petrochemical,757965,2336,288026.03,27.022416206776253,356333.53,12.756409252117653,4229.874168922511,8.983003755749694,559410.64,5.97318265755123,109.20682691473264,596.2494751476592,789.6503160156644,190.40334428920607,0.073239463978621,0.2324349927888408,0.0022593878820585,104.08384299992852,100.3442658597786,71.51,55.56,109,111,24386.07604830029,35.50679676655064
B0-FF005_202309,B0-FF005,2023-09-01,75493.15499467385,101.11391116661336,103.77409004707016,3.0224145730064413,1.3141902768629024,108.46196325721036,0,0,5117.6521858435,16043.314241887298,144.90080312485117,828030.22,41320.08629477793,24899.619316787062,6776.969415228584,4173.067545953216,1199.4616569427187,1579.4589484052449,8780.480913032663,200.6814907476944,1474.4399731600283,Zenith Industrial Gases Center,"Houston, United States",Petrochemical,791746,2389,344749.77,28.01737729576461,25337.49,12.46923440013368,4448.692492096614,8.797952876766086,986001.07,5.709206413185364,98.77385199319724,570.847505703868,744.035369206279,182.2725379382865,0.0754458464480314,0.231491977720172,0.0021656050440211,109.63011063609424,99.32391989257358,73.41,84.97,120,116,24601.50506983274,34.66907880755725
B0-FF005_202310,B0-FF005,2023-10-01,74016.08828708564,100.3822166606295,104.05182368389914,2.983042589838004,1.327749725079756,108.36431168866083,0,0,5283.980459062799,15022.55720915777,158.73861926279977,366977.11,39540.067440436535,24328.33425601247,6526.505793137757,3879.080715901552,1135.645480728527,1571.5201040265815,8977.37497725962,209.1431527982349,1398.9957846570214,Zenith Industrial Gases Center,"Houston, United States",Petrochemical,788551,2363,533485.93,27.676418304376973,791027.6,13.229978836840695,4383.730932515238,9.15376495178414,315774.21,5.686614671839716,99.56143908081803,560.8556873361704,773.13970517665,188.49709576554773,0.079631317764067,0.2303816684949556,0.002317110863285,111.46936784673832,95.64509626930408,64.69,59.08,105,104,25251.96945443013,35.48108863386277
B0-FF005_202311,B0-FF005,2023-11-01,67294.2078443122,93.6282735294212,100.98379401276252,3.0267898437260428,1.3055631524447713,111.9654951889665,0,0,5598.317313252956,15945.986950167906,159.51677449726927,915449.31,39473.0673345537,24152.768430888194,6581.184670238144,3995.831542134278,1165.108054938048,1592.3779914369852,8548.759367410608,218.5713505822351,1398.4913778379373,Zenith Industrial Gases Center,"Houston, United States",Petrochemical,784252,2219,914612.32,26.874381125326103,999521.21,12.908649717956058,4531.265008518258,9.617174786359016,446349.86,5.650725928399861,99.88226583190448,615.5922188632193,788.8774352616684,196.61227349604192,0.0742773055540404,0.2284972609555226,0.0023105465142662,105.32674983591954,97.4885865925941,73.35,57.6,115,113,24276.06576322544,35.73181269269231
B0-FF005_202312,B0-FF005,2023-12-01,76303.85248537714,99.45522868285028,103.97127899183818,2.97502758149704,1.3576588202153903,111.00738588841229,0,0,5316.6048504494165,15844.191476746251,162.59667771360216,410499.77,37776.20022343106,25058.85170305148,6724.029871575989,4043.520989784306,1130.691061294587,1523.3112892892834,8697.569462715712,208.4372437650824,1436.569935837938,Zenith Industrial Gases Center,"Houston, United States",Petrochemical,783548,2326,28398.49,28.521798807806096,925575.94,12.931820442548492,4485.6109849400455,9.612784434911616,246630.7,5.966225229887082,105.61790037185077,612.2222493648496,793.3284831145638,187.28839161802367,0.0766013666339907,0.2204510755175036,0.0022538207454577,105.59658828118924,101.30639177246483,73.54,54.17,112,113,23649.44647255219,36.22556224568296
B0-FF005_202401,B0-FF005,2024-01-01,76769.26900055955,94.173956260387,98.66374176601772,2.989621091886054,1.3469576201641331,106.96005687010611,0,0,5561.347339811498,14537.677788332,152.7806292735873,60943.35,37801.2074293108,24445.149139730234,6529.280738601469,3878.034535306153,1118.5987107447584,1609.7331365815348,8759.541142183898,209.1898197988688,1478.2863007499489,Zenith Industrial Gases Center,"Houston, United States",Petrochemical,805904,2451,250568.0,26.16216040290722,413638.87,12.5171896993805,4249.739641789774,8.98773758783467,723802.82,5.977491532354711,105.8882666431694,587.4020015701968,772.2745008190157,190.9125659820833,0.0777038019774326,0.2302299807779647,0.002210523154257,113.63412116014965,99.31467820005724,80.4,71.86,109,111,25200.913397297827,35.114756706176614
B0-FF005_202402,B0-FF005,2024-02-01,78187.90556159857,101.52314280280402,104.27775759191692,2.8515687217341643,1.3175576991990507,107.36820548268604,0,0,5282.160016313746,15148.70220897891,156.29288154245413,661067.79,40503.88767742369,23787.37958155159,7126.846387814215,4041.450546170963,1141.6988165374305,1685.3326306721438,8177.329177172348,203.175529301302,1419.2434188556422,Zenith Industrial Gases Center,"Houston, United States",Petrochemical,821173,2281,759995.22,26.60023865419741,294154.33,12.81493473853214,4239.398899864908,9.259992201400856,294043.12,5.78588193401288,103.39132931445094,574.1758799058083,797.8884746736886,187.7754964506955,0.0793820584757936,0.2292998124838533,0.0022461360310473,110.19653441749529,99.54156595544649,99.98,99.38,107,116,24610.25064956852,34.59220484274975
B0-FF005_202403,B0-FF005,2024-03-01,76460.79087629804,93.77103695375536,104.5846709581477,2.8952579950140103,1.3488736473005354,108.0903151823554,0,0,5327.38169131062,15409.53440235106,153.5862786056124,96423.89,40434.404380995606,23895.03632582421,6672.327691763198,3955.36875537645,1201.0257770252392,1526.3094981274114,8795.39116729531,213.8258373743088,1410.4085324716827,Zenith Industrial Gases Center,"Houston, United States",Petrochemical,777014,2410,185635.47,28.566103717878224,185634.68,12.615366590463545,4361.7058628339055,9.165109521731246,903374.61,5.693885597772738,103.17753925874229,573.6055231237426,793.5244007213994,203.4860699405679,0.0802879281795421,0.2229248867565008,0.0022500465714258,110.34748601899406,93.31030166448622,99.75,70.21,111,111,24753.429621476887,35.56835248604858
B0-FF005_202404,B0-FF005,2024-04-01,74485.36876313858,96.4048012160926,107.52615609543136,3.140566084919989,1.3081883501003326,105.52567542115132,0,0,5189.630157966915,15761.688775891398,161.0892025210608,779292.57,41115.55385112599,24263.94967467355,6238.17671398274,3847.131792028244,1183.846674522266,1568.9312698799856,8561.882239725508,210.1953866318761,1494.989675792945,Zenith Industrial Gases Center,"Houston, United States",Petrochemical,769028,2377,933774.87,26.61237394414144,642246.24,12.463198408956904,4350.121943025269,9.201460227189168,29445.07,5.701096495248489,106.69198011003355,579.937711938063,732.5626535175741,192.19190349593387,0.0744003635941051,0.2280135404759137,0.0023104138192166,108.46071703159576,94.38106244098954,63.07,65.24,112,114,26541.697502580148,38.20858755451867
B0-FF005_202405,B0-FF005,2024-05-01,76129.11008965927,98.77377039617028,102.76865076785884,3.011018213755208,1.3526486944726854,111.26071677761246,0,0,5231.934601101658,15655.546326988837,163.20137486206593,129285.91,39296.670380296746,24909.58965766385,6470.53817685551,4000.005533131097,1201.0635009227894,1644.1804855397306,8849.818226165848,209.96055436992853,1450.6169352268846,Zenith Industrial Gases Center,"Houston, United States",Petrochemical,804510,2298,419569.1,26.37052600713048,334513.02,12.99615396515792,4183.836823392201,9.343844979101798,352258.62,5.704262788063641,105.24364856325477,590.4545561146072,796.4437261491578,192.9011178285428,0.0801212254516511,0.2326496357053722,0.0023469315720435,113.4562062205858,103.67384470287084,63.22,78.91,115,112,26730.327753968315,33.653301877623264
B0-FF005_202406,B0-FF005,2024-06-01,75571.47806856236,99.6721557407062,107.66855311652554,3.181133938878693,1.3359460352010497,110.4569804706916,0,0,5322.662780781235,15403.723004712503,157.2234068304178,416539.31,42014.35448307085,23765.26026735804,6500.643959644359,3904.656148350685,1153.442122514538,1536.767095983903,8613.58274188698,211.70203633725552,1512.05685539944,Zenith Industrial Gases Center,"Houston, United States",Petrochemical,798399,2426,739935.2,27.59094538881094,557100.41,12.894823182614848,4538.033970614226,9.166690231895313,287733.64,5.828856548844603,105.7728010246224,617.9202516321333,773.4820002373012,181.53686986909327,0.0774169351011386,0.222915109040592,0.0023083090141538,107.53636870276436,99.39828792342745,74.75,69.14,113,108,25999.209940192348,35.55977872496499
B0-FF005_202407,B0-FF005,2024-07-01,72427.4016590214,105.69124924465363,104.93283078710236,3.0583318538279904,1.3240933903600367,110.95120845645508,0,0,5426.98580499854,15604.649823589958,152.05366019926146,534523.02,39679.85516544927,24068.09458109144,6459.243482800666,4197.658217570769,1207.3563954252438,1603.4155561793157,8464.385320286587,216.0261803233487,1466.0733805063692,Zenith Industrial Gases Center,"Houston, United States",Petrochemical,792383,2334,915411.41,27.696022866236863,931377.35,12.804321735938611,4554.667314199883,9.16845352503386,420593.93,5.724372222522948,102.1567169517081,623.2377733085276,749.3523061865224,197.12073674718204,0.0839570174386227,0.2427939569114834,0.0023314965565312,117.37328061856353,101.04048862247204,62.76,79.06,114,118,26171.85364761792,36.006927331948944
B0-FF005_202408,B0-FF005,2024-08-01,74445.95366924653,94.13416172895602,104.65179882535053,2.918408354641428,1.3758493264380336,108.4934432224281,0,0,5266.894774745581,15783.176508890094,157.8753110767175,391912.64,40298.43115266438,24118.06984369782,6965.773963929771,3989.892647113822,1127.4217270717782,1561.0872287275768,8481.43954887142,209.1000375783568,1488.248047726367,Zenith Industrial Gases Center,"Houston, United States",Petrochemical,822740,2406,866168.42,28.358644244193258,838328.41,12.018593316136144,4589.041637843436,9.142976611804237,544276.17,5.793840120614434,105.93495021795698,593.0357666726051,778.294825380538,202.7414181206153,0.0775007618164612,0.229200914072494,0.0023509326032454,115.02567670873492,102.6217988896737,75.82,93.64,112,111,24679.47879775504,36.38168649551798
B0-FF005_202409,B0-FF005,2024-09-01,78462.76515829247,104.95268688705686,108.83726202417532,2.974610137031242,1.3025942788688174,104.53964066038746,0,0,5205.337275666977,15366.292542334544,162.29315817535877,967597.43,41761.6968140294,24811.847973354023,6830.44717140787,3771.884070101573,1159.4214033932544,1717.558709722963,8562.227719415403,213.57452369260227,1519.6149246108344,Zenith Industrial Gases Center,"Houston, United States",Petrochemical,825158,2277,355544.33,28.899565610215973,711491.51,12.868473805501234,4534.336568444888,9.241556572920986,494175.63,5.941504913125111,102.53191785980628,580.396008707134,775.9181730989616,198.23037092078044,0.0761592745379486,0.225613565850995,0.0022324351795944,110.74491893337796,103.0947491108706,65.65,83.43,112,111,24725.677517595544,35.71347125906626
B0-FF005_202410,B0-FF005,2024-10-01,74772.80176770025,99.90422830732174,103.88612477707724,3.038954885617596,1.3370519553794358,107.5138432892868,0,0,5266.126701024049,15485.781039952408,160.80900906299613,638727.73,41942.26174761707,23377.22891174096,7264.836104749483,3973.773513090917,1128.157750262232,1588.5326032796106,8638.643551219957,208.8250762827056,1468.891506584219,Zenith Industrial Gases Center,"Houston, United States",Petrochemical,811817,2571,142681.95,26.50120752152311,139425.37,12.799438031157973,4403.493708859152,9.535593138659198,654934.66,5.7585991634354405,103.42593823182258,557.6931034366513,764.9009107164022,192.33867400115813,0.078213361356418,0.2304143470957983,0.0022422770512429,115.07764690407984,103.19843117331128,80.6,96.5,108,113,26143.99272040112,38.69081908177925
B0-FF005_202411,B0-FF005,2024-11-01,79570.25104575203,99.50997402954104,100.40291950052612,2.9121885924512303,1.370159810517441,109.88710929419032,0,0,5446.089373517467,15213.496642052056,163.35007318916115,599601.8,39754.200915535504,23965.585844628204,6843.022630351567,3948.010198883471,1167.7227942384584,1605.8352454865085,8499.77889813741,212.75073207445325,1466.540897987104,Zenith Industrial Gases Center,"Houston, United States",Petrochemical,822868,2393,452175.35,26.161391906852334,800079.39,12.418471079185435,4478.187453793584,9.40492718810482,565748.81,5.594197540036952,112.1606026684642,633.0702864057686,771.5890200924161,187.61913559902948,0.0846173334257878,0.2392978912951469,0.002354641168373,107.40541172520012,105.13003922309596,76.13,64.69,117,111,25653.479262428616,37.5406725623699
B0-FF005_202412,B0-FF005,2024-12-01,73465.43124164404,103.8908294054953,110.63479338391925,3.0189510879186603,1.3942726015083091,107.24686221236875,0,0,5392.662191278501,15990.224807293154,154.11096460625578,268986.19,39555.57724092247,23569.6906681904,6531.382945829163,4204.435186257417,1206.1652866440347,1616.474461008543,8668.732529381012,209.2651414451438,1350.1846327508515,Zenith Industrial Gases Center,"Houston, United States",Petrochemical,768011,2343,930631.95,27.38798977950899,538245.78,13.39809985895246,4297.363149219008,9.380749222945306,622708.13,6.29745217954363,101.79487195659205,593.6530555984714,791.3586470810151,187.68734153584177,0.0787628577884498,0.2288255130752841,0.0022840004048691,109.20374746971264,103.9374719173539,99.7,78.56,105,118,25561.253152964626,37.70504727316346
B0-FF005_202501,B0-FF005,2025-01-01,79154.95318781577,101.63266084787678,108.55547020029962,3.143551705772878,1.304103153096014,112.87164362798472,0,0,5454.027595328068,15338.32969434235,159.63668834766185,236478.35,39595.15008841864,25894.001309415908,6905.273233781167,3940.584819886861,1222.0273663698235,1609.3709515116425,8642.97395452892,219.2401110218377,1486.8826428154612,Zenith Industrial Gases Center,"Houston, United States",Petrochemical,801603,2467,262437.92,28.872314404523227,889832.08,12.92968321127132,4438.728055804421,9.611049972540537,839008.47,5.705832605079129,106.68713631606242,609.2155570636456,772.9758200998486,200.810517283784,0.0765101519430441,0.2357338738081035,0.0022982816273985,106.70905839444536,105.81491442359255,99.11,58.7,111,111,25688.479979131465,35.82536128695538
B0-FF005_202502,B0-FF005,2025-02-01,75203.78433541334,102.07117725033856,105.7996801490552,3.0740181063984764,1.3359248991650352,111.04092210776416,0,0,5257.057859005702,15706.839408176043,159.79102326938187,810309.96,41195.737033509206,25542.03499053262,6688.168943584963,4037.6185219095087,1274.1260005097697,1605.0499600698156,8581.864824683447,218.4137594268896,1500.8556548690233,Zenith Industrial Gases Center,"Houston, United States",Petrochemical,829009,2311,262930.48,27.71653171883526,660730.22,12.86627098956444,4449.63106738502,9.826613884441132,947405.36,6.205395112822893,101.05492483975048,629.4298474055886,810.8084545820243,190.67373797807,0.0782160205841328,0.2372966957870643,0.0023601913220399,111.46990641104016,97.55192484656122,62.09,69.71,117,112,25713.53823102925,37.932994951736994
B0-FF005_202503,B0-FF005,2025-03-01,77040.66461925089,96.79794774836564,101.30854703724935,2.878351763619185,1.3134979926262016,108.769606723009,0,0,4993.239728427094,16121.549334159448,155.64112554250065,764590.41,42808.89470049729,23957.09154938669,6844.912652499452,4175.940465754811,1183.2691244594782,1599.7300041603278,8600.999348836116,210.50974920924423,1471.641819411788,Zenith Industrial Gases Center,"Houston, United States",Petrochemical,792742,2403,721340.4,26.3202220930342,334847.01,13.666523639450736,4431.792115619091,9.665488772009272,855940.77,6.029884697500576,106.87883543788904,564.5748987509172,783.0061066686827,194.0714579463846,0.0814510032183323,0.2236862151960728,0.0024483468154496,117.48587973143498,97.72406622080548,76.83,72.3,111,112,26340.007915648715,35.139131631809505
B0-FF005_202504,B0-FF005,2025-04-01,78794.81740464781,97.09852475622284,101.88778482937036,3.1220502593258885,1.3784466261530623,103.05924897770176,0,0,5351.872986403049,16455.31327720254,156.5083317021873,133939.06,37307.07460857659,24133.40575834648,7328.692798030731,4233.908842259294,1170.7135883828978,1630.788502336735,8484.153672192006,213.9291475104345,1387.483109324132,Zenith Industrial Gases Center,"Houston, United States",Petrochemical,823374,2324,465617.85,27.30773718542064,617511.29,13.183094644545198,4442.405319170329,9.31247446733758,170626.82,6.17414065796327,107.92514326005734,595.9591072198411,849.6529606000286,203.30572062375137,0.0768864944505955,0.2380846494488091,0.0022482880195365,113.6435478355317,100.31056598251818,91.26,84.42,110,112,25981.41705606448,36.57473839727828
B0-FF005_202505,B0-FF005,2025-05-01,76258.52531640527,100.03767649606796,105.29316067165804,3.188023677056772,1.394349076422854,104.89245311579312,0,0,5269.81703871942,16451.91480635801,153.90704258971255,461017.98,41909.615138380366,23017.15683206895,6650.412835926248,3861.299137834747,1160.5170001886488,1657.330254987541,8333.49910043547,214.08906009002183,1387.1133884630158,Zenith Industrial Gases Center,"Houston, United States",Petrochemical,780247,2451,951663.75,26.74925179407657,889917.66,12.755329864407468,4543.415325397182,9.676713895646538,21399.54,5.855601022798456,111.6489730152532,580.4440971779541,788.5888036835204,192.5316178851624,0.077462664518541,0.2347971175778352,0.0023715880731337,113.4492100007819,103.29475713245176,93.37,52.51,112,111,25286.428245696785,37.9937479932694
B0-FF005_202506,B0-FF005,2025-06-01,75559.46769652283,102.84060741920202,111.10716829711198,3.093547234192445,1.3637718354753792,116.31400114330329,0,0,5612.25474845866,15703.561155304931,158.27415560768335,606079.93,38038.675282072654,23468.74276437527,6551.2178945473415,4066.2422312951785,1190.147239726765,1652.7569940687877,8620.392854572203,209.50334837568653,1604.7423674576792,Zenith Industrial Gases Center,"Houston, United States",Petrochemical,795515,2401,703747.44,28.22824701160668,547310.77,12.42088965040091,4354.170275139111,9.316944500536234,805384.1,5.915221310702809,103.169859979847,588.1313050302907,825.2953138985981,189.5713442492088,0.0769568634852939,0.2242551828697107,0.0025197670158764,105.77569083719798,99.98707396808922,85.14,73.62,114,114,24838.97772760456,34.8680996793823
B0-FF005_202507,B0-FF005,2025-07-01,75309.87358164281,99.58866812769335,108.01343106136642,3.0399647328081865,1.4226823605151766,111.5174962883196,0,0,5290.737373773865,15557.764854641731,157.9840100716108,336046.14,41385.76453622663,23859.72191222021,7016.227837340463,4022.715889146289,1187.2352123176984,1592.8467003816963,8915.658680536499,216.78190614639504,1532.748514597384,Zenith Industrial Gases Center,"Houston, United States",Petrochemical,797453,2378,954002.73,28.12943128854493,16621.9,12.571029287750882,4581.129536819155,9.608845578449962,430308.27,5.971345751488247,106.1744171986298,605.461903583613,785.6294516371513,191.17947549339448,0.0790477039385217,0.2384682482284487,0.0022558368358967,115.40108354359826,101.70508539157495,89.23,62.53,109,114,25538.56027978503,36.87176161414967
B0-FF005_202508,B0-FF005,2025-08-01,76563.94768537214,99.71208833303434,102.89406976555476,2.89349152382638,1.3413132087385216,102.47862861183306,0,0,5214.710227420519,16226.847891380072,160.88382736907025,752089.02,41853.80042837095,25694.81222216254,6482.889255819962,4177.621384107091,1163.8929333540354,1562.3200494985538,8880.359895983316,218.30012188388343,1466.696984253642,Zenith Industrial Gases Center,"Houston, United States",Petrochemical,857972,2427,154746.62,28.04346299762979,362982.34,13.070526429044495,4710.803856510999,9.73077271310157,448686.59,5.747233802315379,105.59177777987398,596.1152613843562,801.2046822159291,203.38469150754605,0.0806949512607615,0.2235554015110294,0.0022804493155559,118.14984006533018,103.16568073276034,88.53,57.12,107,117,26140.18027394025,36.40924011879503
B0-FF005_202509,B0-FF005,2025-09-01,76823.6876491302,103.06432596264378,110.57184234999718,3.095161723051958,1.3873587218791763,112.21055730968548,0,0,5257.387458738966,15840.198789977738,158.67423857586255,304693.12,40295.41099466837,24669.56376241352,6793.253194479429,4022.512316884442,1169.0958370069602,1643.5003540325383,8612.376544361974,217.3534564286149,1416.43925155971,Zenith Industrial Gases Center,"Houston, United States",Petrochemical,814214,2495,446421.96,28.67847831628748,808308.92,12.739690582427595,4615.430255887737,8.75383521398943,637667.88,5.927703937908758,104.70860838283414,624.7603707767515,760.0594510589204,198.5365144702397,0.0807964184943248,0.2290642927986906,0.0021850774456323,113.73804039428694,103.91400722264662,82.07,53.13,112,121,25953.83564004765,36.9909806508819
B0-FF005_202510,B0-FF005,2025-10-01,78423.56613679221,101.58989958137587,105.79898985562475,3.040131487183039,1.4182871706709816,113.53098487431714,0,0,5284.808215252834,16961.892610645802,154.81865265681148,812837.9,40659.26105312707,23676.069095458017,6603.75609415181,3883.2764880281534,1128.95125241318,1666.1844805348803,8632.18408010573,227.3029222983258,1508.5301284989669,Zenith Industrial Gases Center,"Houston, United States",Petrochemical,814522,2435,616109.57,27.873133314518125,166573.41,12.402555830956851,4625.71935311367,9.55192454334196,110804.43,6.230203099214656,109.5618825729632,610.5698285440603,763.3701803251176,191.40136784443683,0.0786326580199038,0.2445182811557968,0.0023147211922276,113.47409682704756,99.27493537851008,65.04,57.55,114,118,25351.79505679156,36.40727475067437
B0-FF005_202511,B0-FF005,2025-11-01,75083.36907990469,97.34308457209684,102.80576212417648,3.207429783321384,1.2957159816763908,108.6630480247306,0,0,5328.673833659516,16042.49800823028,165.54091296282076,365357.41,41693.28033712925,25336.766451342963,6452.154260911579,4089.8170342891967,1237.522344584918,1738.384778381026,9169.345826607288,212.19501310957884,1506.0056384017078,Zenith Industrial Gases Center,"Houston, United States",Petrochemical,795761,2481,852157.26,27.13305309470296,606374.87,12.93452104540274,4638.073170950071,9.728088538125547,187272.98,5.967705357007699,103.54159978700504,564.6285578080939,794.27786193033,192.6250101024661,0.0804208601450839,0.2426435105123096,0.0022819704032191,109.17215425424403,101.39195674352862,61.43,91.58,120,117,25801.589238434422,39.32943010271634
B0-FF005_202512,B0-FF005,2025-12-01,79242.67415334439,104.71269243233108,113.36628516686882,3.1069140470824324,1.3699990793408054,112.35642657634764,0,0,5188.882827833367,16525.953078490744,164.57258255530994,514337.33,40933.90276298949,24347.68903186532,6925.914765179027,4157.185275327566,1179.7853777570838,1633.6516713865683,8797.732172820733,211.9147013313756,1492.155022393125,Zenith Industrial Gases Center,"Houston, United States",Petrochemical,764868,2389,240806.65,28.59375037222312,742745.61,12.584817970002534,4469.697904804488,9.316368575943518,16426.2,5.82147420578892,108.25313526442478,597.9739330837687,805.134710371934,200.7772316463009,0.0802305229450896,0.2467135865470925,0.0024318855184129,110.45083222234928,108.38017045423152,84.68,56.5,117,110,27200.47985554879,37.15640444114078
B0-FF005_202601,B0-FF005,2026-01-01,80626.94396418995,101.7432186844722,104.4321657030368,3.133188103947695,1.328158098929976,110.2444438259964,0,0,5323.791697583199,15912.086253920108,159.88377974343058,534653.27,39500.24405523368,23846.54364181224,7069.9103036658935,4040.650147408605,1209.4779045249948,1629.6824382989505,9067.342869625068,213.41250535602185,1491.231419662782,Zenith Industrial Gases Center,"Houston, United States",Petrochemical,833679,2407,626324.97,28.034528955968263,951594.41,12.353098100917911,4383.106981743926,9.309772855852517,54624.07,5.602875051710739,107.7558642383448,589.7688018707476,810.0484449541665,206.33670542691067,0.0796317117953633,0.2415842650833829,0.0022912908402855,111.2123994370859,105.31978509953016,83.41,94.26,107,110,25583.40979364928,37.29938121865344
B0-FF005_202602,B0-FF005,2026-02-01,76015.41653800145,103.7622014809616,103.73563126614864,3.164505733754443,1.3722219769374204,113.81165566344698,0,0,5271.129415411493,16025.80400783604,157.1723045170817,55976.62,40900.003198151455,25339.23641717323,7109.874836703909,4033.4599298159656,1232.7045871945586,1711.8580372042263,8611.990770838862,217.98270094200868,1515.746311980992,Zenith Industrial Gases Center,"Houston, United States",Petrochemical,813580,2384,968526.62,28.08499935691402,230922.26,12.717662170729804,4472.847722201229,9.335290326642095,265708.3,5.96112008529966,104.48500848942504,585.9017204384676,778.5028676737709,197.19645646847204,0.0756187927534697,0.2414130173174329,0.0024293536002676,117.67716557817782,100.90676959974672,69.46,70.82,110,116,24399.846669493585,36.276916277907006
B0-FF005_202603,B0-FF005,2026-03-01,76141.29194468282,100.6708013339248,105.42982787189766,3.088481301101583,1.391924288214643,112.67088262650826,0,0,5678.760065143866,16489.626510317,168.47105200213863,106608.01,42737.11541837555,23550.61345866697,6559.752959701092,4022.50146546609,1200.5333512851237,1617.614584725654,9154.71516452028,222.4513009397469,1523.4372331446623,Zenith Industrial Gases Center,"Houston, United States",Petrochemical,836737,2414,583252.22,29.620540620570672,833461.21,12.645471716959408,4721.200075112924,10.067682673783343,483809.0,6.094238537968395,105.92592330565256,582.0734860407238,798.3349575742781,192.11492155774283,0.0767663900709575,0.2424907266993873,0.0023100620113632,113.38518793909374,106.91763299895452,64.31,87.16,117,112,25516.975670361,37.26266852719921
B0-FF005_202604,B0-FF005,2026-04-01,77198.05715635089,96.1055565201893,105.40219313967484,2.9391380825950413,1.40368099362839,107.08637641450264,0,0,5540.814545530736,15746.07688915407,165.99202844359814,951909.99,42417.07444828159,24651.928874838635,6588.595931607854,4065.4017094874216,1092.8600580076377,1681.0906376027576,8964.098305261428,212.2909192275549,1459.3832748208547,Zenith Industrial Gases Center,"Houston, United States",Petrochemical,848307,2429,771414.93,27.407308762499728,460243.35,13.141533011627352,4669.251839914003,9.627001924262874,562381.2,6.516111277192817,113.155174574516,589.8254823924098,786.5226181098525,193.2207601897644,0.0827523069880091,0.2423661982357704,0.0023982328612715,113.04882783757178,104.8484742976904,99.85,58.75,115,119,26572.535719596024,35.86004691581355
B0-FF005_202605,B0-FF005,2026-05-01,75680.41900774768,104.59617232006237,105.3731244716012,3.115414743688772,1.3447745404445182,114.60290260160728,0,0,5338.360518473642,16044.629622525075,160.3907862631015,641738.04,40989.5767041936,25675.41792112453,6665.78661197046,3906.228973627932,1215.079981711723,1639.7413669724508,8622.990500259379,210.1590121647069,1443.9898731953658,Zenith Industrial Gases Center,"Houston, United States",Petrochemical,829484,2371,880377.55,27.6899828697468,76107.63,12.596978362740543,4698.25859296822,9.52475522780788,938976.98,6.130324345985033,109.32072325511854,606.6473081986139,835.5963805437883,205.36277742599003,0.0800554583401574,0.216665673488336,0.0022054798518768,111.21853228286813,102.97613088876965,81.72,76.04,115,114,26024.530957118222,34.31690494597575
B0-FF005_202606,B0-FF005,2026-06-01,81453.74698686003,101.2531499168799,108.19545123684206,3.094900423847452,1.346108487820034,112.3018402716093,0,0,5427.365567549255,15946.26438652375,160.25328600601583,883721.64,42557.88812859373,26478.58288566526,6988.916883445059,4076.86164038894,1158.9019421159214,1631.4488390982558,8549.005466858644,215.22323481289865,1498.608171637672,Zenith Industrial Gases Center,"Houston, United States",Petrochemical,831811,2413,591400.32,28.467263707272927,881161.63,12.666009397288962,4475.922670529551,10.006946929727976,760452.17,6.242340539361858,110.97491013528996,594.0658773827209,808.7760594254721,201.670225895154,0.084148612490812,0.2361012922613302,0.0023448582561883,116.4309393450007,100.13105585660564,89.13,94.8,122,120,25997.879895420032,35.99611906002042
B0-FF005_202607,B0-FF005,2026-07-01,75556.71057225401,104.28112996797364,104.82133754141329,2.9766361963279824,1.3164236308308577,112.4728792181484,0,0,5315.007616337456,16376.788254754116,156.79422740950068,491978.54,41738.41048742692,25760.733207944213,6828.821884856467,3958.199868699234,1229.2539995180407,1685.1552376955683,9089.331854241747,228.9835736638749,1448.2781935171242,Zenith Industrial Gases Center,"Houston, United States",Petrochemical,842263,2448,467555.9,28.30671714869725,648428.76,13.28684622742063,4466.976566666743,9.84967554526878,667117.46,5.898540475674779,108.31974415782442,614.0845653729049,814.4857146986475,198.26965029391656,0.0774726282388478,0.2308253895134014,0.0024714144891038,114.20925873017006,105.53928790430624,90.45,61.57,116,115,26757.00447954388,36.85679452526974
B0-FF005_202608,B0-FF005,2026-08-01,76721.11485490142,96.68510855879218,110.26714409197452,3.122990321394989,1.3510790468973262,113.7122782490303,0,0,5133.671373807918,15895.159869933745,158.82022628729223,540513.63,41118.30474886877,24999.290508719845,6901.975754492074,4083.8281634777786,1173.6089456331094,1672.852757604166,9462.51736859358,209.4403093968567,1469.364124190535,Zenith Industrial Gases Center,"Houston, United States",Petrochemical,838063,2502,650993.16,29.26234875911633,460281.63,13.400573303115578,4632.868074772744,9.304542965075017,903609.76,5.684901461707015,101.5344192667326,593.3611658710374,807.707437534438,204.7537061792588,0.0789838683574251,0.2306381155168919,0.0024943304172257,110.25930401889184,99.63938914614089,85.4,81.06,117,112,25920.88062150732,36.99071577732199
B0-FF005_202609,B0-FF005,2026-09-01,73921.30815317176,103.87653404238884,107.98399093187513,3.0766317289245304,1.3873881107450927,114.9806462905196,0,0,5561.554497594083,15575.390558824824,154.33103285344163,467026.2,42196.83962087225,24989.58778409772,7087.075068844136,4096.459385421807,1261.958461000508,1654.4634720627614,9124.258238220964,222.68692974649653,1510.2604076343036,Zenith Industrial Gases Center,"Houston, United States",Petrochemical,828741,2393,126457.18,29.197987882983565,697279.59,12.81739526179704,4472.2445446494485,9.27701703777592,230301.04,6.096552348051969,109.07356463403008,629.4556416799848,806.6141857287759,196.7671269394644,0.0843897141276982,0.2350571740252583,0.0022645334774696,111.91902377797834,99.87991756843212,60.63,51.42,120,115,26309.39007022152,38.18564543637477
B0-FF005_202610,B0-FF005,2026-10-01,80581.41768168645,101.96199841939692,111.69995814497372,3.117883833885013,1.395954804633892,106.9495234399698,0,0,5661.292254197865,17180.38152399012,154.27288445084525,95233.11,41966.50997585432,24673.93399484454,6544.173328913488,3741.833367278638,1246.8275715211837,1725.6562382939817,8797.285412101548,212.7854290374977,1492.8937637627716,Zenith Industrial Gases Center,"Houston, United States",Petrochemical,824228,2480,362069.49,29.1633653088741,710340.29,13.165076014592875,4684.407825428065,9.509323352841951,356891.92,6.380476429861729,111.7208093701692,585.6153039686687,813.4131515220413,187.3208537858132,0.0810475886120558,0.2314066573093194,0.0023468161295209,116.32028383598464,103.66817045712588,95.96,82.61,116,112,25922.29315373908,35.81119237503939
B0-FF005_202611,B0-FF005,2026-11-01,72780.36856572781,104.8455766402707,106.71236683997994,3.0299403156902684,1.435767582684199,115.3157186587499,0,0,5227.447762855476,16442.213271872613,166.9013527421757,106792.99,42811.96442869812,24451.001634736524,6583.343327691673,4059.341261550583,1214.3245579298346,1665.8947673767047,8883.621717337743,221.74686783115249,1488.6132342543883,Zenith Industrial Gases Center,"Houston, United States",Petrochemical,792226,2449,180207.67,28.48250266848942,329747.18,12.542789069069809,4642.909890336082,9.423197162571311,20160.21,5.952147190819544,108.6266590164554,608.2236142575681,781.4846485826212,197.07936408032256,0.0811705206927347,0.2375757495134931,0.00229444822449,116.96335458735145,107.37172056852113,88.31,81.56,117,114,26575.07071055355,35.74222169755508
B0-FF005_202612,B0-FF005,2026-12-01,78184.10176994842,105.83310553411016,104.69146047881098,3.089391252761278,1.3265547201865435,112.45376169567048,0,0,5577.096260243434,16689.569231543348,152.46662423404038,970781.64,39761.549630917056,25205.34397960568,7118.116961828869,4177.057195376976,1221.9314557491584,1647.4114002055092,9146.108737355557,219.78036370644548,1550.4590903249102,Zenith Industrial Gases Center,"Houston, United States",Petrochemical,832316,2308,673944.86,27.434524700775928,978851.39,13.706278715672347,4758.75712055118,9.746645904768297,630585.8,6.165647430711236,110.87592220745675,589.5372567946979,838.9652901039778,200.0147797358129,0.080887633622249,0.2459829476363948,0.0023862308398331,111.58967579986042,102.51545858206228,86.82,86.13,113,116,26319.07625927904,36.5420094744656
