record_id,facility_id,year_month,production_volume_tons,capacity_utilization_pct,yield_rate_pct,downtime_hours,quality_defect_rate_pct,batch_success_rate_pct,safety_incidents,environmental_violations,energy_consumption_mwh,water_usage_cubic_meters,waste_generated_tons,revenue,cost_of_goods_sold,raw_material_costs,labor_costs,energy_costs,maintenance_costs,depreciation,operating_expenses,interest_expense,tax_expense,facility_name,location,facility_type,capacity_tons_per_year,employees,gross_profit,gross_margin_pct,ebitda,ebitda_margin_pct,ebit,ebit_margin_pct,net_income,net_margin_pct,production_efficiency_score,cost_per_ton,revenue_per_ton,profit_per_ton,energy_per_ton_mwh,water_per_ton_m3,waste_per_ton_produced,availability_pct,performance_pct,quality_pct,oee_pct,safety_score,environmental_score,revenue_per_employee,production_per_employee
mostlyef-b657-4945-8912-c083d5e4ecce,mostly03-e230-4b86-89e3-2437361d2a1b,2023-12-01,14960.0,78.4,93.0,5.6,0.25,96.7,1,0,7040.0,8750,47.2,45200,5030.0,20350,6520,3800,1200,908,10350,71,1470.0,GreenLeaf Agrochem Ltd.,"Odense, Denmark",Specialty Chemicals,310000,1500,40170.0,88.8716814159292,30728.0,67.98230088495575,29820.0,65.97345132743364,28279.0,62.56415929203539,88.27000000000001,336.2299465240642,3021.390374331551,2685.1604278074865,0.47058823529411764,0.5848930481283422,0.0031550802139037435,99.22222222222223,78.4,99.75,77.59574666666668,80,100,30133.333333333332,9.973333333333333
mostlyf8-b931-4ec1-b529-b6b9f2fe9715,mostly07-3886-4b9c-8a2b-dca52e1984cc,2024-08-01,10780.0,83.8,95.1,6.2,0.5,98.0,1,0,5610.0,8850,140.0,46200,38700.0,3180,5020,476,1220,620,5160,60,820.0,GreenLeaf Agrochem Ltd.,"Port Elizabeth, South Africa",Specialty Chemicals,310000,3200,7500.0,16.233766233766232,2960.0,6.406926406926407,2340.0,5.0649350649350655,1460.0,3.1601731601731604,91.45,3589.9814471243044,4285.714285714285,695.7328385899809,0.5204081632653061,0.8209647495361782,0.012987012987012988,99.13888888888889,83.8,99.5,82.66299694444444,80,100,14437.5,3.36875
mostly99-9f75-4855-954f-faf817cac2ee,mostly07-cd99-43d0-8285-01fdc02e6e47,2023-03-01,49900.0,75.3,89.7,2.3,0.3,99.8,1,0,1360.0,15340,51.0,6960,42450.0,19350,6520,2420,180,1260,5100,150,1470.0,Aurora Petrochemicals Complex,"Houston, United States",Industrial Gases,480000,540,-35490.0,-509.9137931034483,-39330.0,-565.0862068965517,-40590.0,-583.1896551724138,-42210.0,-606.4655172413793,86.97,850.7014028056112,139.47895791583167,-711.2224448897796,0.027254509018036072,0.30741482965931866,0.0010220440881763527,99.68055555555556,75.3,99.7,74.83427995833334,80,100,12888.888888888889,92.4074074074074
mostly24-0349-4e55-918c-ce7e1e8cc8e9,mostly0b-fb2d-457c-9452-28988817db5a,2024-08-01,58000.0,78.4,92.5,1.6,1.2,97.8,0,1,4200.5,9040,9.5,53550,34125.0,19500,5900,2560,223,1540,4810,180,798.0,Nordic Specialty Plastics Plant,"Odense, Denmark",Specialty Chemicals,900000,540,19425.0,36.27450980392157,16155.0,30.168067226890756,14615.0,27.292250233426703,13637.0,25.465919701213817,88.45,588.3620689655172,923.2758620689655,334.91379310344826,0.07242241379310345,0.15586206896551724,0.00016379310344827587,99.77777777777777,78.4,98.8,77.28706844444446,100,70,99166.66666666667,107.4074074074074
mostly08-7340-4a17-9c82-9164268c98b5,mostly14-961f-4774-b83f-89889f11a6ae,2024-06-01,14875.0,94.0,92.9,4.0,1.6,98.4,1,1,5700.0,620,150.0,6475,32190.0,23000,6520,425,1030,1220,4810,178,1285.0,GreenLeaf Agrochem Ltd.,"Odense, Denmark",Specialty Chemicals,480000,1500,-25715.0,-397.14285714285717,-29305.0,-452.5868725868726,-30525.0,-471.42857142857144,-31988.0,-494.023166023166,94.99000000000001,2164.0336134453783,435.29411764705884,-1728.7394957983195,0.3831932773109244,0.041680672268907565,0.010084033613445379,99.44444444444444,94.0,98.4,91.98213333333334,80,70,4316.666666666667,9.916666666666666
mostlyeb-cdfd-4538-99e4-a714a2b1766f,mostly16-b055-4b92-b52f-4a869e53cd33,2023-10-01,11400.0,84.9,93.3,12.3,0.78,99.2,2,1,7220.0,13150,171.0,42000,36450.0,26150,6800,3320,1150,990,1345,260,745.0,GreenLeaf Agrochem Ltd.,"Houston, United States",Petrochemical,220000,860,5550.0,13.214285714285715,5195.0,12.369047619047619,4205.0,10.011904761904763,3200.0,7.6190476190476195,91.71000000000001,3197.3684210526317,3684.2105263157896,486.8421052631579,0.6333333333333333,1.1535087719298245,0.015,98.29166666666667,84.9,99.22,82.798717925,60,70,48837.20930232558,13.255813953488373
mostlycb-4c91-4b7b-ae54-dcb1a4a0e82a,mostly17-fa72-4dea-8e8c-7998b1f4e06f,2023-01-01,10850.0,88.2,93.2,4.6,1.4,96.5,0,0,4870.0,635,134.0,44000,42450.0,25900,5650,468,195,288,8280,61,1080.0,Zenith Industrial Gases Center,"Port Elizabeth, South Africa",Industrial Gases,220000,540,1550.0,3.5227272727272725,-6442.0,-14.64090909090909,-6730.0,-15.295454545454545,-7871.0,-17.888636363636365,92.19000000000001,3912.442396313364,4055.2995391705067,142.85714285714266,0.4488479262672811,0.05852534562211981,0.012350230414746545,99.36111111111111,88.2,98.6,86.40958900000001,100,100,81481.48148148147,20.09259259259259
mostly56-56b3-477e-889a-7f562c52bf67,mostly21-8842-49a4-871a-e936721d11b9,2023-05-01,14520.0,84.7,95.1,2.3,0.4,98.9,0,1,5610.0,13900,145.0,6680,42000.0,21800,6520,2500,1020,640,9900,188,193.0,Aurora Petrochemicals Complex,"Port Elizabeth, South Africa",Specialty Chemicals,220000,860,-35320.0,-528.7425149700598,-44580.0,-667.3652694610778,-45220.0,-676.9461077844311,-45601.0,-682.6497005988024,92.08000000000001,2892.561983471074,460.0550964187328,-2432.5068870523414,0.38636363636363635,0.9573002754820936,0.009986225895316805,99.68055555555556,84.7,99.6,84.09171283333335,100,70,7767.441860465116,16.88372093023256
mostly1e-a706-4ce4-8172-30b3ec22a513,mostly23-c1e3-404f-9978-e4c1606bd2a4,2023-01-01,14520.0,89.9,97.3,1.0,0.75,98.4,0,0,7320.0,13750,152.0,42500,40150.0,24450,5400,3780,223,260,4900,220,970.0,Horizon Polymers Campus,"Odense, Denmark",Polymers,220000,860,2350.0,5.529411764705882,-2290.0,-5.3882352941176475,-2550.0,-6.0,-3740.0,-8.799999999999999,94.67,2765.151515151515,2926.997245179063,161.84573002754814,0.5041322314049587,0.946969696969697,0.01046831955922865,99.86111111111111,89.9,99.25,89.10182534722223,100,100,49418.604651162794,16.88372093023256
mostly67-4439-4976-b94c-55a0a1c6884a,mostly24-75d3-4c33-9fa1-6148064115b5,2023-12-01,15960.0,82.7,97.4,4.5,1.8,97.5,1,0,7000.0,9040,9.9,6760,29600.0,21500,5980,487,1820,287,5460,250,860.0,Nordic Specialty Plastics Plant,"Odense, Denmark",Petrochemical,310000,540,-22840.0,-337.8698224852071,-28013.0,-414.3934911242604,-28300.0,-418.63905325443784,-29410.0,-435.0591715976331,91.55,1854.6365914786968,423.55889724310777,-1431.077694235589,0.43859649122807015,0.5664160401002506,0.0006203007518796993,99.375,82.7,98.2,80.70382875,80,100,12518.518518518518,29.555555555555557
mostly4c-b31f-41bc-8833-15fea6d0aa01,mostly27-ff64-483a-9ce2-cde487b54e8d,2023-05-01,10220.0,76.0,94.8,5.0,0.82,99.5,2,1,7220.0,14120,46.5,44750,32200.0,21950,1200,466,1820,1400,5160,70,1470.0,Horizon Polymers Campus,"Houston, United States",Agrochemicals,310000,540,12550.0,28.044692737430164,8790.0,19.64245810055866,7390.0,16.513966480446925,5850.0,13.072625698324023,88.69,3150.6849315068494,4378.66927592955,1227.9843444227008,0.7064579256360078,1.3816046966731899,0.004549902152641879,99.30555555555556,76.0,99.18,74.85335,60,70,82870.37037037036,18.925925925925927
mostly52-a713-414b-8534-3da94b772bd2,mostly2b-eb41-4c45-87f9-a2d9b98a0512,2023-02-01,76240.0,73.6,94.2,6.9,1.0,99.8,0,0,845.0,8980,9.0,51000,32880.0,3210,4480,2560,1050,1450,10350,61,1010.0,Nordic Specialty Plastics Plant,Singapore,Specialty Chemicals,220000,1500,18120.0,35.529411764705884,9220.0,18.07843137254902,7770.0,15.235294117647058,6699.0,13.135294117647058,87.64,431.2696747114376,668.9401888772298,237.67051416579227,0.011083420776495278,0.11778593913955929,0.0001180482686253935,99.04166666666667,73.6,99.0,72.16572000000001,100,100,34000.0,50.82666666666667
mostlya3-a72b-4127-a7bb-23d8510e867b,mostly2d-8e90-431f-88e0-aa59ccb808f6,2025-01-01,15240.0,88.9,95.5,4.6,0.95,99.4,1,0,1200.0,12950,128.0,45900,4820.0,23125,6200,456,190,910,4900,260,745.0,Nordic Specialty Plastics Plant,"Port Elizabeth, South Africa",Industrial Gases,310000,860,41080.0,89.49891067538125,37090.0,80.80610021786492,36180.0,78.82352941176471,35175.0,76.63398692810458,94.03,316.2729658792651,3011.8110236220473,2695.5380577427823,0.07874015748031496,0.8497375328083989,0.008398950131233596,99.36111111111111,88.9,99.05,87.49287351388888,80,100,53372.09302325582,17.72093023255814
mostly57-f0b8-4de7-aeb4-eda7dd671fad,mostly30-607a-43ed-bab4-4d8de9274684,2024-02-01,14520.0,94.8,95.8,2.4,0.78,97.8,1,0,6060.0,12950,152.0,52000,40850.0,22350,6520,1800,1250,610,8200,59,183.0,Nordic Specialty Plastics Plant,Singapore,Agrochemicals,220000,540,11150.0,21.44230769230769,3560.0,6.846153846153847,2950.0,5.673076923076923,2708.0,5.207692307692308,96.0,2813.3608815426996,3581.267217630854,767.9063360881541,0.41735537190082644,0.8918732782369146,0.01046831955922865,99.66666666666667,94.8,99.22,93.7470248,80,100,96296.29629629629,26.88888888888889
mostly1d-ccc9-42d2-a272-150d67f58b75,mostly33-29da-4fef-a00d-aed05b50b7a4,2023-04-01,15010.0,96.7,93.9,1.2,0.86,97.5,0,0,1220.0,8800,47.6,51900,38000.0,21050,7200,3800,1020,278,5660,165,1345.0,GreenLeaf Agrochem Ltd.,"Odense, Denmark",Agrochemicals,220000,1500,13900.0,26.78227360308285,8518.0,16.412331406551058,8240.0,15.876685934489403,6730.0,12.967244701348749,96.10000000000001,2531.6455696202534,3457.6948700866087,926.0493004663554,0.08127914723517655,0.586275816122585,0.0031712191872085276,99.83333333333333,96.7,99.14,95.70859936666668,100,100,34600.0,10.006666666666666
mostly7b-a559-4d21-8c43-28fa4102e474,mostly34-0d12-4ec9-af4a-10baf03ea964,2023-10-01,15610.0,93.5,98.3,8.7,0.6,96.2,2,0,4300.0,17650,43.7,57000,4880.0,22150,6920,3320,224,645,1240,178,895.0,Nordic Specialty Plastics Plant,Singapore,Specialty Chemicals,480000,860,52120.0,91.43859649122807,51525.0,90.39473684210526,50880.0,89.26315789473685,49807.0,87.38070175438597,95.75,312.6201153106983,3651.5054452274185,3338.8853299167204,0.2754644458680333,1.130685458039718,0.0027994875080076874,98.79166666666666,93.5,99.4,91.81598708333334,60,100,66279.06976744186,18.151162790697676
mostly6d-31d7-4545-99b2-7fe3e1b7a410,mostly34-70df-4c08-a73d-1c5d05804a66,2023-05-01,63550.0,94.0,92.1,6.3,1.3,98.9,1,0,4200.5,14340,43.7,6680,4960.0,3420,4480,2580,1820,1540,5180,220,990.0,Nordic Specialty Plastics Plant,"Shanghai, China",Specialty Chemicals,310000,540,1720.0,25.748502994011975,-1920.0,-28.74251497005988,-3460.0,-51.796407185628745,-4670.0,-69.91017964071857,94.9,78.04878048780488,105.1140833988985,27.065302911093625,0.06609756097560976,0.22564909520062942,0.0006876475216365068,99.12500000000001,94.0,98.7,91.9661925,80,100,12370.37037037037,117.68518518518519
mostlycd-f37b-4750-b22b-e7b60d5d026a,mostly38-99b2-4e72-9abc-04e54ebda318,2023-01-01,43840.0,83.4,92.1,4.7,0.85,96.7,1,0,5520.0,12400,51.0,51900,27900.0,3340,1220,490,1700,930,4800,70,2275.0,Zenith Industrial Gases Center,"Port Elizabeth, South Africa",Polymers,220000,540,24000.0,46.24277456647399,20130.0,38.786127167630056,19200.0,36.99421965317919,16855.0,32.47591522157996,90.00000000000001,636.4051094890511,1183.8503649635036,547.4452554744524,0.1259124087591241,0.28284671532846717,0.0011633211678832116,99.34722222222221,83.4,99.15,82.151310875,80,100,96111.11111111111,81.18518518518519
mostly71-5804-4ff0-a89f-a50c6bc33a51,mostly3d-07ee-4c7e-b97b-bd8c4c590562,2023-11-01,10250.0,83.1,92.0,6.2,1.0,96.8,1,0,5880.0,13600,158.0,6360,36000.0,24450,4200,420,1400,640,9300,240,203.0,GreenLeaf Agrochem Ltd.,"Shanghai, China",Specialty Chemicals,310000,540,-29640.0,-466.03773584905656,-38300.0,-602.2012578616352,-38940.0,-612.2641509433962,-39383.0,-619.2295597484277,89.88000000000001,3512.1951219512193,620.4878048780488,-2891.7073170731705,0.5736585365853658,1.326829268292683,0.015414634146341463,99.13888888888889,83.1,99.0,81.56057249999999,80,100,11777.777777777777,18.98148148148148
mostlyf5-14cf-4b05-b156-4ff4f1870505,mostly3e-5718-4622-8e6a-4df993a1a435,2024-03-01,15850.0,96.2,97.1,3.2,1.8,99.1,0,0,1080.0,8200,9.9,56000,39450.0,23005,7200,3990,200,1430,7000,180,790.0,Zenith Industrial Gases Center,"Odense, Denmark",Specialty Chemicals,900000,2100,16550.0,29.55357142857143,10980.0,19.607142857142858,9550.0,17.05357142857143,8580.0,15.321428571428571,97.34,2488.9589905362777,3533.1230283911673,1044.1640378548896,0.06813880126182965,0.5173501577287066,0.0006246056782334385,99.55555555555556,96.2,98.2,94.04854044444446,100,100,26666.666666666668,7.5476190476190474
mostlyd3-9c0f-47e0-9536-4dcfcb80f2da,mostly3e-d700-4222-a8a3-37b188162e1d,2024-11-01,14250.0,87.5,95.2,1.2,0.4,97.6,1,0,4480.0,14490,148.0,41280,41250.0,19980,7000,454,195,630,8980,156,1993.0,GreenLeaf Agrochem Ltd.,"Odense, Denmark",Agrochemicals,480000,1500,30.0,0.07267441860465117,-8320.0,-20.155038759689923,-8950.0,-21.6812015503876,-11099.0,-26.887112403100776,92.84000000000002,2894.7368421052633,2896.842105263158,2.1052631578945693,0.3143859649122807,1.016842105263158,0.010385964912280702,99.83333333333333,87.5,99.6,87.00475,80,100,27520.0,9.5
mostly24-b5f7-42c7-a3fd-0fb5c8b4ea81,mostly44-202d-4b2b-8da4-4d1d4bb1a0ba,2025-03-01,15380.0,86.8,94.1,3.1,0.6,96.7,2,0,7220.0,8940,115.0,39760,4960.0,21000,4350,4050,860,985,4300,65,2350.0,Zenith Industrial Gases Center,"Odense, Denmark",Industrial Gases,220000,540,34800.0,87.5251509054326,31485.0,79.18762575452716,30500.0,76.71026156941649,28085.0,70.63631790744466,91.96,322.4967490247074,2585.1755526658,2262.6788036410926,0.4694408322496749,0.5812743823146944,0.007477243172951885,99.56944444444444,86.8,99.4,85.90772011111112,60,100,73629.62962962964,28.48148148148148
mostlyc3-06e7-45c3-9eb2-8bc705b56459,mostly54-2ddc-4872-873b-4052e1b4490c,2025-05-01,39760.0,81.9,98.3,1.7,0.25,99.5,1,1,6100.0,12860,6.5,43840,5010.0,19000,4120,440,195,1340,10040,61,192.0,GreenLeaf Agrochem Ltd.,"Shanghai, China",Agrochemicals,480000,3200,38830.0,88.5720802919708,30130.0,68.7271897810219,28790.0,65.6706204379562,28537.0,65.09352189781022,92.10000000000001,126.00603621730383,1102.61569416499,976.6096579476861,0.153420523138833,0.32344064386317906,0.00016348088531187123,99.76388888888889,81.9,99.75,81.50235843749999,80,70,13700.0,12.425
mostlye2-9ce2-4a9c-8fd1-56079df1dff7,mostly59-c3e9-40f7-ac4f-b346f6bae76c,2024-01-01,8800.0,78.2,92.9,7.4,0.89,97.7,2,0,1040.0,545,143.0,55200,35200.0,19000,5530,3100,950,920,8240,61,192.0,Zenith Industrial Gases Center,"Odense, Denmark",Specialty Chemicals,480000,1500,20000.0,36.231884057971016,12680.0,22.97101449275362,11760.0,21.304347826086957,11507.0,20.84601449275362,88.46000000000001,4000.0,6272.727272727273,2272.727272727273,0.11818181818181818,0.061931818181818185,0.01625,98.97222222222223,78.2,99.11,76.70745090555556,60,100,36800.0,5.866666666666666
mostly21-229f-4937-9ece-a24668a3fec1,mostly62-759f-49d8-a424-34f052c4866c,2023-09-01,8200.0,82.6,92.1,3.3,0.8,96.3,1,1,1030.0,590,46.0,55600,36450.0,20500,5980,4470,185,270,4400,150,1993.0,Zenith Industrial Gases Center,"Odense, Denmark",Agrochemicals,310000,1500,19150.0,34.44244604316547,15020.0,27.014388489208635,14750.0,26.52877697841727,12607.0,22.674460431654676,89.56,4445.121951219512,6780.487804878048,2335.3658536585363,0.12560975609756098,0.07195121951219512,0.005609756097560975,99.54166666666667,82.6,99.2,81.56364533333334,80,70,37066.666666666664,5.466666666666667
mostly92-a317-4b5a-bcc6-bd44c52db61e,mostly63-ad26-4687-af9d-0c9618738954,2024-01-01,15520.0,96.4,94.4,4.7,0.78,99.5,1,0,7000.0,12500,148.0,46220,42000.0,21500,1220,493,1350,628,4520,215,199.0,GreenLeaf Agrochem Ltd.,"Odense, Denmark",Specialty Chemicals,220000,860,4220.0,9.130246646473388,328.0,0.7096495023799221,-300.0,-0.6490696668109044,-714.0,-1.5447858070099523,96.73,2706.185567010309,2978.092783505155,271.90721649484567,0.45103092783505155,0.8054123711340206,0.009536082474226805,99.34722222222221,96.4,99.22,95.02371058888887,80,100,53744.186046511626,18.046511627906977
mostly5f-7b60-4268-803d-b7d78c1ae7b5,mostly6c-0f1f-4f56-8d59-43a4e56f0674,2023-09-01,9050.0,83.0,92.1,2.2,0.87,98.9,1,0,5750.0,17000,6.2,6475,26000.0,17650,7250,3600,1600,1000,10200,71,2350.0,Nordic Specialty Plastics Plant,"Odense, Denmark",Petrochemical,310000,2100,-19525.0,-301.5444015444015,-28725.0,-443.6293436293436,-29725.0,-459.0733590733591,-32146.0,-496.4633204633205,90.5,2872.92817679558,715.4696132596686,-2157.4585635359113,0.6353591160220995,1.8784530386740332,0.0006850828729281768,99.69444444444444,83.0,99.13,82.02649530555554,80,100,3083.3333333333335,4.309523809523809
mostly8f-4675-45e9-8d72-e57ff150430b,mostly6f-0d72-49bb-a495-4d980ea68d41,2025-05-01,15960.0,99.0,94.7,9.8,0.3,97.7,2,1,5700.0,8450,45.8,6960,5250.0,3150,7400,3800,880,605,1335,205,2260.0,GreenLeaf Agrochem Ltd.,"Port Elizabeth, South Africa",Industrial Gases,900000,860,1710.0,24.568965517241377,980.0,14.080459770114942,375.0,5.387931034482758,-2090.0,-30.028735632183906,97.32000000000001,328.94736842105266,436.09022556390977,107.14285714285711,0.35714285714285715,0.5294486215538847,0.0028696741854636588,98.6388888888889,99.0,99.7,97.3595425,60,70,8093.023255813953,18.558139534883722
mostlya7-2d9d-47d4-852b-05765ec9f7f7,mostly78-2094-4a64-ba04-eda5dd04a086,2025-05-01,11120.0,93.5,95.5,5.5,0.2,99.0,2,1,5010.0,8580,132.0,49900,4990.0,22250,5450,1700,1350,642,1315,165,190.0,Zenith Industrial Gases Center,Singapore,Petrochemical,310000,540,44910.0,90.0,44237.0,88.65130260521042,43595.0,87.36472945891784,43240.0,86.65330661322645,95.75,448.7410071942446,4487.410071942446,4038.6690647482014,0.4505395683453237,0.7715827338129496,0.011870503597122302,99.23611111111111,93.5,99.8,92.60019236111113,60,70,92407.4074074074,20.59259259259259
mostly48-e53e-4e3b-9c38-af3426b34d5a,mostly78-6843-47de-b058-eb46723a75a7,2023-09-01,51040.0,91.7,95.3,6.0,0.95,98.4,1,1,6400.0,12540,42.9,45900,30250.0,3370,1305,3200,1700,920,10560,175,1200.0,Zenith Industrial Gases Center,"Shanghai, China",Agrochemicals,310000,3200,15650.0,34.0958605664488,6010.0,13.093681917211327,5090.0,11.089324618736383,3715.0,8.09368191721133,94.79,592.6724137931035,899.294670846395,306.6222570532915,0.12539184952978055,0.24568965517241378,0.0008405172413793104,99.16666666666667,91.7,99.05,90.07194291666667,80,70,14343.75,15.95
mostly3a-23d1-45ba-a7e6-74bc14f9f096,mostly7a-46e2-4205-8d8d-4f12d545a33c,2025-01-01,49900.0,91.0,95.1,5.0,0.95,98.1,1,0,5400.0,16420,42.9,47250,4820.0,22540,5660,4470,900,908,1260,215,870.0,GreenLeaf Agrochem Ltd.,"Shanghai, China",Agrochemicals,310000,3200,42430.0,89.7989417989418,42078.0,89.05396825396825,41170.0,87.13227513227513,40085.0,84.83597883597884,94.36,96.59318637274549,946.8937875751503,850.3006012024048,0.10821643286573146,0.32905811623246495,0.0008597194388777555,99.30555555555556,91.0,99.05,89.50955902777777,80,100,14765.625,15.59375
mostlyd2-4185-48ce-b351-3e635e7e8b18,mostly7a-7b82-4661-86c1-0b3a2c084d49,2023-04-01,49900.0,81.9,96.1,4.6,0.85,99.5,1,0,1290.0,12500,44.2,45200,30960.0,22150,6880,472,198,282,8990,63,2242.5,Nordic Specialty Plastics Plant,"Houston, United States",Specialty Chemicals,220000,860,14240.0,31.504424778761063,5532.0,12.238938053097344,5250.0,11.61504424778761,2944.5,6.514380530973451,91.44000000000001,620.440881763527,905.811623246493,285.37074148296597,0.025851703406813628,0.250501002004008,0.0008857715430861724,99.36111111111111,81.9,99.15,80.68504762500001,80,100,52558.13953488372,58.02325581395349
mostly47-468d-40f4-b2b9-3795d33ddf79,mostly89-1676-407e-a736-b5c01ff93138,2023-05-01,14250.0,89.2,92.5,9.5,1.1,97.1,1,0,1060.0,17320,128.0,55800,39050.0,21300,5450,2420,1150,1360,5460,65,780.0,Aurora Petrochemicals Complex,"Port Elizabeth, South Africa",Industrial Gases,310000,540,16750.0,30.0179211469534,12650.0,22.670250896057347,11290.0,20.232974910394265,10445.0,18.718637992831543,92.56,2740.3508771929824,3915.7894736842104,1175.438596491228,0.07438596491228071,1.215438596491228,0.008982456140350877,98.68055555555556,89.2,98.9,87.05480194444446,80,100,103333.33333333333,26.38888888888889
mostlya6-2efb-40b3-919d-968b3efeec90,mostly9d-1e33-486f-ab67-fbeed1945f92,2025-05-01,9900.0,82.6,91.8,1.0,1.2,96.0,1,1,1300.0,14450,42.1,6200,40850.0,3500,6600,2300,880,1450,5660,60,865.0,Nordic Specialty Plastics Plant,"Shanghai, China",Agrochemicals,220000,540,-34650.0,-558.8709677419355,-38860.0,-626.7741935483871,-40310.0,-650.1612903225807,-41235.0,-665.0806451612902,89.38,4126.262626262626,626.2626262626262,-3500.0,0.13131313131313133,1.4595959595959596,0.0042525252525252525,99.86111111111111,82.6,98.8,81.49545444444443,80,70,11481.481481481482,18.333333333333332
mostly28-9f18-49f3-9389-7ad832b9bcd4,mostlya7-fcf7-4455-9b2f-19eb0fd41fa6,2024-12-01,15240.0,90.0,92.3,2.8,0.15,98.8,0,0,5980.0,14080,120.4,6200,33765.0,26150,1250,1800,950,272,4200,240,188.0,GreenLeaf Agrochem Ltd.,"Odense, Denmark",Polymers,310000,3200,-27565.0,-444.5967741935484,-31493.0,-507.9516129032258,-31765.0,-512.3387096774193,-32193.0,-519.241935483871,93.33,2215.551181102362,406.8241469816273,-1808.7270341207347,0.39238845144356954,0.9238845144356955,0.007900262467191601,99.61111111111111,90.0,99.85,89.51552500000001,100,100,1937.5,4.7625
mostly80-06da-47ba-b690-20e81596da93,mostlyaa-e8ae-43bc-b45a-e54663f90d39,2023-04-01,49900.0,96.4,95.7,2.7,1.6,95.9,2,0,6900.0,13340,131.0,7020,5050.0,19000,6050,457,218,630,1240,63,872.0,Zenith Industrial Gases Center,"Port Elizabeth, South Africa",Industrial Gases,310000,1500,1970.0,28.062678062678064,1360.0,19.37321937321937,730.0,10.3988603988604,-205.0,-2.92022792022792,96.04000000000002,101.20240480961924,140.6813627254509,39.47895791583166,0.13827655310621242,0.26733466933867733,0.002625250501002004,99.625,96.4,98.4,94.50188400000002,60,100,4680.0,33.266666666666666
mostly26-654f-406f-a95b-44ce63191a6c,mostlyb2-b784-45e2-a7f5-300e1a30c7fc,2023-08-01,10450.0,96.2,97.8,3.6,0.7,99.4,1,0,4200.5,14350,174.0,43520,29820.0,3430,5600,2300,850,1350,7000,63,183.0,GreenLeaf Agrochem Ltd.,"Shanghai, China",Specialty Chemicals,220000,540,13700.0,31.479779411764707,8050.0,18.497242647058822,6700.0,15.395220588235295,6454.0,14.829963235294116,97.64,2853.5885167464116,4164.593301435407,1311.0047846889952,0.4019617224880383,1.3732057416267942,0.016650717703349284,99.5,96.2,99.3,95.048967,80,100,80592.5925925926,19.35185185185185
mostly30-8fec-40ee-8f8e-d594860ac335,mostlyb3-6de1-444e-bb2b-db078b60974c,2024-08-01,43550.0,99.0,94.1,5.5,0.82,97.7,1,0,1045.0,12250,9.5,6525,32200.0,22750,1300,1700,860,618,7000,66,195.0,Nordic Specialty Plastics Plant,"Odense, Denmark",Agrochemicals,720000,2100,-25675.0,-393.48659003831415,-32057.0,-491.2950191570881,-32675.0,-500.7662835249042,-32936.0,-504.7662835249042,97.14,739.3800229621125,149.82778415614237,-589.5522388059702,0.02399540757749713,0.28128587830080365,0.00021814006888633755,99.23611111111111,99.0,99.18,97.43815124999999,80,100,3107.1428571428573,20.738095238095237
mostly32-7e84-426e-8e9b-9179585e91bf,mostlyb6-bb83-4b5d-a5ca-6d6a07bd2ade,2023-08-01,48240.0,92.3,92.6,2.0,0.85,98.9,1,0,5250.0,9160,46.0,6350,4920.0,19000,4920,3800,1200,1520,9510,68,990.0,Aurora Petrochemicals Complex,"Port Elizabeth, South Africa",Petrochemical,310000,540,1430.0,22.51968503937008,-6560.0,-103.30708661417323,-8080.0,-127.24409448818899,-9138.0,-143.90551181102362,94.37,101.99004975124379,131.6334991708126,29.64344941956881,0.10883084577114428,0.18988391376451078,0.0009535655058043118,99.72222222222223,92.3,99.15,91.26124041666665,80,100,11759.25925925926,89.33333333333333
mostly48-d2c8-4f22-9f18-df1e0bb690d2,mostlyb9-9300-4ba4-b04c-e7c8ecef616a,2023-07-01,9100.0,92.3,95.3,2.8,0.3,98.6,1,0,1030.0,14490,168.0,6360,5210.0,25900,6020,1860,990,970,1335,155,2275.0,GreenLeaf Agrochem Ltd.,"Houston, United States",Polymers,220000,1500,1150.0,18.081761006289305,785.0,12.342767295597485,-185.0,-2.908805031446541,-2615.0,-41.11635220125786,95.09,572.5274725274726,698.9010989010989,126.37362637362628,0.11318681318681319,1.5923076923076922,0.018461538461538463,99.61111111111111,92.3,99.7,91.66523238888888,80,100,4240.0,6.066666666666666
mostly24-3112-4f84-a9cf-7c9a9b3bdca9,mostlybf-daa1-4491-9752-b83928c87cf0,2023-02-01,43520.0,88.9,98.5,4.1,0.75,99.6,1,0,1100.0,15450,7.1,6350,42000.0,3210,6050,1950,1320,640,9000,172,720.0,Nordic Specialty Plastics Plant,"Port Elizabeth, South Africa",Agrochemicals,480000,3200,-35650.0,-561.4173228346457,-44010.0,-693.0708661417323,-44650.0,-703.1496062992126,-45542.0,-717.1968503937009,94.99,965.0735294117648,145.90992647058823,-819.1636029411766,0.025275735294117647,0.35500919117647056,0.00016314338235294117,99.43055555555556,88.9,99.25,87.73081065972222,80,100,1984.375,13.6
mostly79-fc9b-4f13-99dc-29ce4773db3e,mostlyc5-c789-419a-a952-0eba208a5cc0,2023-01-01,41200.0,88.8,97.0,7.0,0.3,99.7,1,0,4480.0,635,9.3,48860,4900.0,21050,1230,466,860,1510,8400,215,1065.0,GreenLeaf Agrochem Ltd.,"Port Elizabeth, South Africa",Agrochemicals,220000,3200,43960.0,89.97134670487105,37070.0,75.8698321735571,35560.0,72.77936962750717,34280.0,70.15963978714696,94.53,118.93203883495146,1185.9223300970873,1066.9902912621358,0.1087378640776699,0.015412621359223302,0.00022572815533980584,99.02777777777779,88.8,99.7,87.67285666666668,80,100,15268.75,12.875
mostly9f-a542-463d-914d-b3a57de7a779,mostlyc5-cc27-4e4b-bdb4-6b9b051c0714,2024-07-01,42000.5,98.0,97.1,1.8,0.8,98.7,1,0,5400.0,12850,46.2,6525,4720.0,22950,4600,3950,1900,870,5400,225,181.0,Horizon Polymers Campus,"Shanghai, China",Industrial Gases,310000,540,1805.0,27.662835249042146,-2725.0,-41.7624521072797,-3595.0,-55.095785440613035,-4001.0,-61.31800766283525,97.94,112.37961452839848,155.35529338936442,42.97567886096594,0.12856989797740503,0.3059487387054916,0.0010999869049177987,99.75,98.0,99.2,96.97296,80,100,12083.333333333334,77.7787037037037
mostlyb1-3bb5-404a-a6f7-5443ac5e0bf8,mostlyd2-17a5-447a-b00f-1610fd6cf6d5,2023-06-01,81050.0,93.1,93.3,3.1,1.6,99.0,1,0,4200.5,13790,42.1,54120,31250.0,22540,7100,428,1050,1015,7600,225,1005.0,Nordic Specialty Plastics Plant,"Port Elizabeth, South Africa",Specialty Chemicals,310000,3200,22870.0,42.257945306725794,16285.0,30.090539541759053,15270.0,28.215077605321508,14040.0,25.942350332594234,94.93,385.56446637877855,667.7359654534238,282.1714990746452,0.051826033312769894,0.1701418877236274,0.0005194324491054904,99.56944444444444,93.1,98.4,91.21596633333333,80,100,16912.5,25.328125
mostly7a-6426-4a77-b15e-cd01aed25f8a,mostlyd3-11a5-4b50-8790-19b86e9e9975,2024-01-01,46220.0,81.7,97.2,12.3,1.0,96.0,2,0,5140.0,13300,138.0,41280,41250.0,25800,1350,460,224,980,9450,250,1030.0,Nordic Specialty Plastics Plant,"Houston, United States",Specialty Chemicals,720000,860,30.0,0.07267441860465117,-8440.0,-20.44573643410853,-9420.0,-22.819767441860463,-10700.0,-25.920542635658915,90.64000000000001,892.4707918649935,893.1198615318044,0.649069666810874,0.11120726958026828,0.28775421895283426,0.00298572046733016,98.29166666666667,81.7,99.0,79.50124875,60,100,48000.0,53.74418604651163
mostlye4-3fe3-4f7a-b1ff-3b39f63fc4b4,mostlyd6-b834-4855-bd11-7daada02dde1,2023-07-01,47310.0,85.2,96.8,6.3,1.5,97.1,2,0,5850.0,9010,9.4,6290,41000.0,3420,6580,493,180,275,1280,61,785.0,Nordic Specialty Plastics Plant,"Odense, Denmark",Agrochemicals,480000,860,-34710.0,-551.8282988871224,-35715.0,-567.8060413354532,-35990.0,-572.1780604133546,-36836.0,-585.6279809220986,92.25,866.6243923060664,132.95286408793066,-733.6715282181358,0.12365250475586556,0.1904459945043331,0.00019868949482139083,99.12500000000001,85.2,98.5,83.18768250000001,60,100,7313.953488372093,55.01162790697674
mostly7a-751f-4e05-b033-786c3ce29f10,mostlyda-790f-41ae-8bf1-7f121af10997,2024-09-01,58000.0,94.1,96.5,3.2,0.4,99.1,0,0,6960.0,15120,8.7,6425,5010.0,21850,6550,428,940,908,4400,61,1345.0,Nordic Specialty Plastics Plant,"Odense, Denmark",Specialty Chemicals,310000,2100,1415.0,22.023346303501945,-2077.0,-32.326848249027236,-2985.0,-46.459143968871594,-4391.0,-68.34241245136187,96.32,86.37931034482759,110.77586206896552,24.396551724137936,0.12,0.26068965517241377,0.00015,99.55555555555556,94.1,99.6,93.30705066666667,100,100,3059.5238095238096,27.61904761904762
mostlye5-c580-4e39-9576-0865c7ded4ac,mostlydc-ed6d-412a-9c7e-35136fb68bb5,2023-08-01,48240.0,87.8,96.0,1.0,0.87,99.0,0,0,1030.0,600,9.5,6400,36450.0,21500,4520,4240,1180,260,8600,145,1520.0,GreenLeaf Agrochem Ltd.,Singapore,Specialty Chemicals,900000,540,-30050.0,-469.53125,-38390.0,-599.84375,-38650.0,-603.90625,-40315.0,-629.921875,93.61999999999999,755.5970149253732,132.66998341625208,-622.9270315091211,0.021351575456053068,0.012437810945273632,0.00019693200663349917,99.86111111111111,87.8,99.13,86.91525647222223,100,100,11851.851851851852,89.33333333333333
mostly89-b32d-4cd8-8bca-4c30176c2abe,mostlye4-419d-4d08-9639-789ce6d03230,2024-01-01,43840.0,78.5,98.0,9.5,0.89,96.3,2,0,5010.0,8800,149.0,44000,31500.0,25100,4120,1860,1150,1220,9300,168,900.0,Zenith Industrial Gases Center,"Shanghai, China",Specialty Chemicals,480000,2100,12500.0,28.40909090909091,4420.0,10.045454545454545,3200.0,7.2727272727272725,2132.0,4.845454545454545,89.69,718.521897810219,1003.6496350364963,285.1277372262773,0.11427919708029197,0.20072992700729927,0.003398722627737226,98.68055555555556,78.5,99.11,76.77480440972224,60,100,20952.380952380954,20.876190476190477
mostly06-38d5-4345-92ac-710fdadd34dd,mostlye6-a6d6-4fac-8296-564dfd183483,2023-01-01,15820.0,88.9,97.2,1.7,0.9,99.4,1,0,5850.0,11450,5.3,6200,29600.0,20500,7250,490,1860,1510,1290,210,870.0,Horizon Polymers Campus,"Port Elizabeth, South Africa",Industrial Gases,900000,2100,-23400.0,-377.4193548387097,-23180.0,-373.8709677419355,-24690.0,-398.2258064516129,-25770.0,-415.64516129032256,94.54,1871.0493046776232,391.90897597977244,-1479.1403286978507,0.3697850821744627,0.7237673830594185,0.0003350189633375474,99.76388888888889,88.9,99.1,87.89188634722221,80,100,2952.3809523809523,7.533333333333333
mostly8e-bdc4-4182-a2d4-eb233805a07f,mostlyeb-105a-4a9b-b2a0-d3949843c8c9,2024-07-01,61000.0,78.2,94.9,4.5,0.9,98.1,1,0,1140.0,14920,9.5,6570,40850.0,22410,1365,4180,1850,1360,4300,152,2105.0,Nordic Specialty Plastics Plant,"Shanghai, China",Agrochemicals,220000,860,-34280.0,-521.765601217656,-37220.0,-566.5144596651446,-38580.0,-587.2146118721461,-40837.0,-621.5677321156774,89.18,669.672131147541,107.70491803278688,-561.9672131147541,0.018688524590163933,0.24459016393442623,0.00015573770491803278,99.375,78.2,99.1,77.01184875000001,80,100,7639.53488372093,70.93023255813954
mostlyde-afe4-4925-853c-2f4594abf55e,mostlyeb-f4ba-4b55-b718-8ecb1d4850a0,2023-09-01,15610.0,87.1,93.6,3.8,1.2,98.1,2,0,6400.0,16240,43.8,6700,29820.0,3350,7200,3750,1150,915,7600,260,798.0,Horizon Polymers Campus,"Port Elizabeth, South Africa",Industrial Gases,220000,860,-23120.0,-345.07462686567163,-29805.0,-444.85074626865674,-30720.0,-458.5074626865672,-31778.0,-474.29850746268653,92.35,1910.3139013452915,429.21204356181937,-1481.101857783472,0.4099935938500961,1.0403587443946187,0.002805893657911595,99.47222222222223,87.1,98.8,85.6006218888889,60,100,7790.697674418605,18.151162790697676
mostly3d-f9e0-4187-870f-e9371b7abdb4,mostlyf3-9c94-4094-a8c9-7f546863a750,2023-10-01,46220.0,94.8,98.3,2.7,0.25,96.2,1,1,7320.0,14340,112.0,6200,41850.0,19980,4520,1700,990,850,4900,220,900.0,GreenLeaf Agrochem Ltd.,"Houston, United States",Polymers,220000,540,-35650.0,-575.0,-39700.0,-640.3225806451613,-40550.0,-654.0322580645161,-41670.0,-672.0967741935484,96.26999999999998,905.4521852012116,134.14106447425357,-771.311120726958,0.15837299870186067,0.3102553007356123,0.00242319342276071,99.625,94.8,99.75,94.20838875000001,80,70,11481.481481481482,85.5925925925926
mostly21-b33a-402e-bdd1-0758e6fa01d8,mostlyf4-ce46-463a-a097-67d7ff1942d9,2025-05-01,76240.0,81.0,93.7,3.0,0.9,96.9,1,0,1150.0,9050,9.2,42000,40650.0,19800,1250,1980,1060,1260,9450,270,860.0,Zenith Industrial Gases Center,"Port Elizabeth, South Africa",Specialty Chemicals,900000,860,1350.0,3.214285714285714,-6840.0,-16.28571428571429,-8100.0,-19.28571428571429,-9230.0,-21.976190476190478,89.58000000000001,533.1846799580272,550.8919202518363,17.707240293809036,0.015083945435466947,0.11870409233997901,0.00012067156348373557,99.58333333333333,81.0,99.1,79.9365375,80,100,48837.20930232558,88.65116279069767
mostly3a-e4af-4603-b95a-b1a7eeab6d88,mostlyf6-b04f-4b31-9966-024a241c2450,2023-12-01,16540.0,92.4,96.8,4.6,0.7,98.0,2,0,5140.0,15350,9.6,57000,40850.0,23000,4700,4120,193,1510,4780,220,990.0,Nordic Specialty Plastics Plant,"Odense, Denmark",Agrochemicals,720000,3200,16150.0,28.333333333333332,12880.0,22.596491228070175,11370.0,19.94736842105263,10160.0,17.82456140350877,95.39999999999999,2469.770253929867,3446.1910519951634,976.4207980652964,0.31076178960096734,0.9280532043530835,0.0005804111245465538,99.36111111111111,92.4,99.3,91.166999,60,100,17812.5,5.16875
mostlybb-1e69-4784-a320-5b8c2580d928,mostlyfa-c5f5-4788-8ec4-467088d908e6,2025-05-01,10320.0,92.0,92.0,5.5,0.5,99.5,0,1,6030.0,8450,122.0,49900,34125.0,20600,1270,3200,1850,1370,4900,140,895.0,GreenLeaf Agrochem Ltd.,Singapore,Specialty Chemicals,900000,860,15775.0,31.613226452905813,12245.0,24.539078156312623,10875.0,21.793587174348698,9840.0,19.71943887775551,94.25000000000001,3306.686046511628,4835.271317829457,1528.5852713178292,0.5843023255813954,0.8187984496124031,0.011821705426356589,99.23611111111111,92.0,99.5,90.84073611111111,100,70,58023.25581395349,12.0
mostlyc5-905a-475c-b450-56e7cefcf42f,mostlyfa-fb5b-407e-ad1e-8b9303a5b640,2024-06-01,10750.0,91.8,98.0,2.9,1.0,98.7,1,0,5600.0,8980,6.5,6570,31500.0,3380,7100,4240,1820,281,4200,150,1200.0,Zenith Industrial Gases Center,Singapore,Agrochemicals,720000,540,-24930.0,-379.45205479452056,-28849.0,-439.1019786910197,-29130.0,-443.37899543378995,-30480.0,-463.92694063926945,95.73,2930.232558139535,611.1627906976744,-2319.0697674418607,0.5209302325581395,0.8353488372093023,0.0006046511627906977,99.59722222222223,91.8,99.0,90.5159475,80,100,12166.666666666666,19.90740740740741
mostlya4-8a8d-4b0e-9019-77c2559399ec,mostlyfb-07df-48c0-b2f9-ef4db0e080d7,2023-08-01,15640.0,87.5,97.3,2.2,0.86,96.8,1,1,5960.0,9120,120.4,50650,32200.0,22950,1290,468,180,272,1348,215,858.0,Horizon Polymers Campus,"Port Elizabeth, South Africa",Specialty Chemicals,480000,540,18450.0,36.42645607107601,17374.0,34.30207305034551,17102.0,33.76505429417572,16029.0,31.646594274432378,93.23,2058.823529411765,3238.4910485933506,1179.6675191815857,0.38107416879795397,0.5831202046035806,0.007698209718670077,99.69444444444444,87.5,99.14,86.48243819444444,80,70,93796.29629629629,28.962962962962962
mostly50-94ba-430c-a0d0-1049777131f8,mostlyfb-088f-4bac-b2b6-c42ba07b63a2,2024-02-01,10540.0,99.0,97.1,1.5,1.8,98.3,1,0,1100.0,11450,127.0,52500,30700.0,24850,5750,476,1250,283,9004,59,2170.0,GreenLeaf Agrochem Ltd.,"Port Elizabeth, South Africa",Specialty Chemicals,220000,3200,21800.0,41.523809523809526,13079.0,24.912380952380953,12796.0,24.37333333333333,10567.0,20.127619047619046,98.22,2912.7134724857683,4981.024667931689,2068.3111954459205,0.10436432637571158,1.086337760910816,0.012049335863377609,99.79166666666667,99.0,98.2,97.0154625,80,100,16406.25,3.29375
mostly73-e150-4c09-b44a-65fb681d265e,mostlyfe-1b7b-494b-b25c-d2c6fcbc5350,2023-11-01,45500.0,78.6,92.3,4.3,0.86,96.9,1,0,1330.0,13600,9.6,6360,40500.0,21800,4600,4300,1820,270,1260,210,178.0,GreenLeaf Agrochem Ltd.,"Houston, United States",Industrial Gases,720000,860,-34140.0,-536.7924528301887,-35130.0,-552.3584905660377,-35400.0,-556.6037735849056,-35788.0,-562.7044025157232,88.19999999999999,890.1098901098901,139.78021978021977,-750.3296703296703,0.02923076923076923,0.2989010989010989,0.000210989010989011,99.40277777777779,78.6,99.14,77.45866031666667,80,100,7395.3488372093025,52.906976744186046
mostlya2-bf85-4c51-bec2-01754e00aa0b,mostly03-e230-4b86-89e3-2437361d2a1b,2023-08-01,16020.0,91.7,92.8,5.0,0.95,96.7,0,0,1120.0,8200,136.0,6425,37350.0,21800,4210,3920,950,1290,10350,160,196.0,GreenLeaf Agrochem Ltd.,"Odense, Denmark",Specialty Chemicals,310000,1500,-30925.0,-481.32295719844353,-39985.0,-622.3346303501945,-41275.0,-642.4124513618677,-41631.0,-647.9533073929961,93.53,2331.4606741573034,401.06117353308366,-1930.3995006242199,0.06991260923845194,0.5118601747815231,0.008489388264669164,99.30555555555556,91.7,99.05,90.19809409722222,100,100,4283.333333333333,10.68
mostlyb8-58aa-4621-bedc-f78a981c1710,mostly07-3886-4b9c-8a2b-dca52e1984cc,2024-03-01,15650.0,87.4,96.6,11.2,0.95,96.3,1,1,6650.0,14120,133.0,7000,38700.0,20600,5480,4020,1700,993,1325,63,795.0,GreenLeaf Agrochem Ltd.,"Port Elizabeth, South Africa",Specialty Chemicals,310000,3200,-31700.0,-452.85714285714283,-32032.0,-457.59999999999997,-33025.0,-471.7857142857143,-33883.0,-484.04285714285714,92.83000000000001,2472.843450479233,447.2843450479233,-2025.5591054313097,0.4249201277955272,0.9022364217252397,0.008498402555910544,98.44444444444443,87.4,99.05,85.22306022222222,80,70,2187.5,4.890625
mostly12-07b4-4b7c-922f-23c10a5aeb90,mostly07-cd99-43d0-8285-01fdc02e6e47,2023-03-01,81050.0,89.6,95.2,4.3,1.5,97.8,1,1,1180.0,540,46.2,6420,4760.0,23540,5400,2100,900,1460,4700,280,745.0,Aurora Petrochemicals Complex,"Houston, United States",Industrial Gases,480000,540,1660.0,25.85669781931464,-1580.0,-24.610591900311526,-3040.0,-47.35202492211838,-4065.0,-63.3177570093458,93.74,58.72917951881555,79.21036397285626,20.481184454040708,0.014558914250462678,0.006662553979025293,0.0005700185070943862,99.40277777777779,89.6,98.5,87.72891555555556,80,70,11888.888888888889,150.09259259259258
mostlye6-5438-48bf-aee2-e9fc8c9f6a16,mostly0b-fb2d-457c-9452-28988817db5a,2023-05-01,41280.0,97.1,94.4,12.3,1.6,99.1,1,0,4200.5,15670,44.7,48450,34200.0,25800,5450,1900,1350,980,4700,172,183.0,Nordic Specialty Plastics Plant,"Odense, Denmark",Specialty Chemicals,900000,540,14250.0,29.411764705882355,10530.0,21.73374613003096,9550.0,19.711042311661505,9195.0,18.97832817337461,96.89,828.4883720930233,1173.6918604651162,345.2034883720929,0.1017562984496124,0.3796027131782946,0.0010828488372093023,98.29166666666667,97.1,98.4,93.91414900000001,80,100,89722.22222222222,76.44444444444444
mostlya6-0559-42a0-9740-b95434dcd3d4,mostly14-961f-4774-b83f-89889f11a6ae,2023-10-01,58000.0,88.0,97.4,2.1,0.88,96.7,2,1,4200.5,9040,5.3,47800,38000.0,3100,6800,2500,860,618,8000,145,1065.0,GreenLeaf Agrochem Ltd.,"Odense, Denmark",Specialty Chemicals,480000,1500,9800.0,20.502092050209207,2418.0,5.058577405857741,1800.0,3.765690376569038,590.0,1.2343096234309623,93.43,655.1724137931035,824.1379310344828,168.9655172413793,0.07242241379310345,0.15586206896551724,9.137931034482759e-05,99.70833333333333,88.0,99.12,86.971192,60,70,31866.666666666668,38.666666666666664
mostly0f-82ce-41b2-a2a0-50363dfac8da,mostly16-b055-4b92-b52f-4a869e53cd33,2025-01-01,82500.0,83.4,92.3,5.3,1.1,96.7,1,0,1310.0,9050,150.0,49250,38000.0,25800,1250,490,880,1015,1240,152,1320.0,GreenLeaf Agrochem Ltd.,"Houston, United States",Petrochemical,220000,860,11250.0,22.84263959390863,11025.0,22.38578680203046,10010.0,20.324873096446698,8538.0,17.336040609137054,90.06,460.6060606060606,596.969696969697,136.36363636363637,0.015878787878787878,0.1096969696969697,0.0018181818181818182,99.2638888888889,83.4,98.9,81.87543641666669,80,100,57267.441860465115,95.93023255813954
mostlye6-924a-4d9c-b008-01cb3df2cc78,mostly17-fa72-4dea-8e8c-7998b1f4e06f,2023-10-01,46220.0,77.9,94.4,1.4,1.6,96.3,0,0,6400.0,8200,6.1,44000,5050.0,20300,4210,1950,193,276,7800,58,990.0,Zenith Industrial Gases Center,"Port Elizabeth, South Africa",Industrial Gases,220000,540,38950.0,88.52272727272728,31426.0,71.42272727272727,31150.0,70.79545454545455,30102.0,68.41363636363637,88.36999999999999,109.26006057983557,951.968844655993,842.7087840761575,0.13846819558632625,0.17741237559498052,0.0001319774989182172,99.80555555555556,77.9,98.4,76.50455133333335,100,100,81481.48148148147,85.5925925925926
mostly19-9c74-4111-adf9-e062c40d0670,mostly21-8842-49a4-871a-e936721d11b9,2023-01-01,54120.0,83.2,96.8,12.3,0.88,98.7,2,0,6700.0,8750,9.6,6350,4650.0,3150,5530,4120,1050,600,4810,250,1470.0,Aurora Petrochemicals Complex,"Port Elizabeth, South Africa",Specialty Chemicals,220000,860,1700.0,26.77165354330709,-2510.0,-39.52755905511811,-3110.0,-48.976377952755904,-4830.0,-76.06299212598425,91.93,85.92017738359202,117.33185513673318,31.411677753141163,0.12379896526237989,0.16167775314116778,0.00017738359201773836,98.29166666666667,83.2,99.12,81.05901440000002,60,100,7383.720930232558,62.93023255813954
mostly75-ea28-44db-af6e-64e008570b3f,mostly23-c1e3-404f-9978-e4c1606bd2a4,2023-01-01,51000.0,96.7,95.9,6.3,0.4,99.6,1,0,5630.0,14350,9.1,49250,5100.0,19000,1285,2040,1250,1245,9900,145,995.0,Horizon Polymers Campus,"Odense, Denmark",Polymers,220000,860,44150.0,89.64467005076142,35495.0,72.07106598984771,34250.0,69.54314720812182,33110.0,67.2284263959391,97.33000000000001,100.0,965.6862745098039,865.6862745098039,0.1103921568627451,0.28137254901960784,0.0001784313725490196,99.12500000000001,96.7,99.6,95.47045950000003,80,100,57267.441860465115,59.30232558139535
mostly2e-64a7-4ac4-8e3b-e04ad4886370,mostly24-75d3-4c33-9fa1-6148064115b5,2025-05-01,14960.0,95.3,92.7,3.3,1.6,96.3,0,0,5400.0,585,133.0,6725,32200.0,3340,6350,3360,223,1275,10350,156,1520.0,Nordic Specialty Plastics Plant,"Odense, Denmark",Petrochemical,310000,540,-25475.0,-378.81040892193306,-34550.0,-513.7546468401487,-35825.0,-532.7137546468401,-37501.0,-557.6356877323419,94.82,2152.4064171122996,449.53208556149735,-1702.8743315508023,0.3609625668449198,0.03910427807486631,0.008890374331550802,99.54166666666667,95.3,98.4,93.34539700000002,100,100,12453.703703703704,27.703703703703702
mostly30-0016-4919-97d6-e096f91ebc73,mostly27-ff64-483a-9ce2-cde487b54e8d,2023-07-01,16540.0,84.7,96.2,1.5,0.78,98.7,2,0,6060.0,9040,9.3,6550,35500.0,24450,1275,420,185,273,10560,59,885.0,Horizon Polymers Campus,"Houston, United States",Agrochemicals,310000,540,-28950.0,-441.9847328244275,-39237.0,-599.0381679389313,-39510.0,-603.206106870229,-40454.0,-617.6183206106871,92.35,2146.3119709794437,396.00967351874243,-1750.3022974607013,0.36638452237001207,0.5465538089480049,0.000562273276904474,99.79166666666667,84.7,99.22,83.86425804166666,60,100,12129.62962962963,30.62962962962963
mostly29-b0ed-42dc-be6b-d2ba89eb0d81,mostly2b-eb41-4c45-87f9-a2d9b98a0512,2023-05-01,52050.0,78.5,94.4,8.5,1.2,98.6,2,0,5140.0,8800,5.6,6200,42750.0,23540,1310,478,1820,625,5340,178,790.0,Nordic Specialty Plastics Plant,Singapore,Specialty Chemicals,220000,1500,-36550.0,-589.516129032258,-41265.0,-665.5645161290322,-41890.0,-675.6451612903226,-42858.0,-691.258064516129,89.3,821.3256484149856,119.11623439000961,-702.209414024976,0.09875120076849184,0.1690682036503362,0.00010758885686839576,98.81944444444444,78.5,98.8,76.64238472222222,60,100,4133.333333333333,34.7
mostly21-8e5f-4584-8aad-02289c06bf60,mostly2d-8e90-431f-88e0-aa59ccb808f6,2025-05-01,10450.0,97.1,94.2,1.7,0.89,97.6,1,1,6650.0,15880,136.0,54700,29600.0,3330,1230,3400,1860,645,8710,67,2251.0,Nordic Specialty Plastics Plant,"Port Elizabeth, South Africa",Industrial Gases,310000,860,25100.0,45.88665447897623,17035.0,31.14259597806216,16390.0,29.96343692870201,14072.0,25.725776965265084,96.38,2832.535885167464,5234.44976076555,2401.913875598086,0.6363636363636364,1.5196172248803828,0.013014354066985647,99.76388888888889,97.1,99.11,96.0085865597222,80,70,63604.651162790695,12.151162790697674
mostlye7-dfc6-4db6-a475-bd01e77da70b,mostly30-607a-43ed-bab4-4d8de9274684,2023-04-01,14250.0,78.0,98.3,1.2,1.8,96.3,1,0,5680.0,610,9.2,49250,26000.0,16500,5750,2480,1500,612,1350,69,810.0,Nordic Specialty Plastics Plant,Singapore,Agrochemicals,220000,540,23250.0,47.20812182741117,22512.0,45.709644670050764,21900.0,44.46700507614213,21021.0,42.68223350253807,89.58,1824.561403508772,3456.1403508771928,1631.5789473684208,0.39859649122807017,0.04280701754385965,0.0006456140350877193,99.83333333333333,78.0,98.2,76.46833999999998,80,100,91203.70370370371,26.38888888888889
mostly06-a5ff-4626-b59b-4defe5b4b2d3,mostly33-29da-4fef-a00d-aed05b50b7a4,2023-08-01,10780.0,91.0,92.5,12.3,1.6,97.7,1,0,5680.0,9040,152.0,6840,39500.0,21660,4625,4360,1700,920,9000,210,192.0,GreenLeaf Agrochem Ltd.,"Odense, Denmark",Agrochemicals,220000,1500,-32660.0,-477.48538011695905,-40740.0,-595.6140350877192,-41660.0,-609.0643274853801,-42062.0,-614.9415204678362,93.46000000000001,3664.1929499072357,634.5083487940631,-3029.684601113173,0.5269016697588126,0.8385899814471243,0.014100185528756958,98.29166666666667,91.0,98.4,88.01429,80,100,4560.0,7.1866666666666665
mostly89-11f6-420d-a189-e11fdb4c6f54,mostly34-0d12-4ec9-af4a-10baf03ea964,2023-12-01,10320.0,90.1,93.5,2.7,1.0,96.8,1,0,1280.0,15320,128.0,6820,4900.0,3210,7550,2520,205,870,1285,152,190.0,Nordic Specialty Plastics Plant,Singapore,Specialty Chemicals,480000,860,1920.0,28.152492668621704,1505.0,22.067448680351905,635.0,9.310850439882698,293.0,4.296187683284457,93.13,474.8062015503876,660.8527131782946,186.04651162790702,0.12403100775193798,1.4844961240310077,0.012403100775193798,99.625,90.1,99.0,88.86450374999998,80,100,7930.232558139535,12.0
mostlyef-ee8c-42f1-ab5f-d922ed537562,mostly34-70df-4c08-a73d-1c5d05804a66,2023-09-01,46220.0,96.4,92.1,2.3,0.78,98.0,1,1,5590.0,585,9.9,55600,31250.0,3250,7200,4500,1280,880,1300,250,189.0,Nordic Specialty Plastics Plant,"Shanghai, China",Specialty Chemicals,310000,540,24350.0,43.79496402877698,23930.0,43.039568345323744,23050.0,41.456834532374096,22611.0,40.66726618705036,95.59,676.1142362613588,1202.9424491562095,526.8282128948507,0.12094331458243185,0.012656858502812635,0.00021419299004759844,99.68055555555556,96.4,99.22,95.34253752222223,80,70,102962.96296296296,85.5925925925926
mostlyb5-a405-4b37-9f20-da9ffd4e90ed,mostly38-99b2-4e72-9abc-04e54ebda318,2023-07-01,10850.0,93.9,93.0,7.9,1.8,99.4,1,0,1005.0,14500,46.1,49000,4880.0,3430,4355,454,900,993,1335,70,1440.0,Zenith Industrial Gases Center,"Port Elizabeth, South Africa",Polymers,220000,540,44120.0,90.04081632653062,43778.0,89.34285714285714,42785.0,87.31632653061224,41275.0,84.23469387755102,95.28000000000002,449.7695852534562,4516.129032258064,4066.3594470046082,0.09262672811059908,1.336405529953917,0.004248847926267282,98.90277777777779,93.9,98.2,91.19805358333333,80,100,90740.74074074074,20.09259259259259
mostlya2-59c3-4c8b-aeaf-907677f98a14,mostly3d-07ee-4c7e-b97b-bd8c4c590562,2025-04-01,72080.0,78.6,92.1,6.0,0.3,96.0,0,0,1140.0,9180,143.0,50120,38500.0,25000,1200,2480,860,870,1260,153,895.0,GreenLeaf Agrochem Ltd.,"Shanghai, China",Specialty Chemicals,310000,540,11620.0,23.18435754189944,11230.0,22.406225059856343,10360.0,20.670391061452513,9312.0,18.579409417398242,87.87,534.1287458379578,695.338512763596,161.20976692563818,0.015815760266370698,0.12735849056603774,0.001983906770255272,99.16666666666667,78.6,99.7,77.711165,100,100,92814.81481481482,133.4814814814815
mostlybc-0f3f-43cb-91bf-3be23a887571,mostly3e-5718-4622-8e6a-4df993a1a435,2023-12-01,15650.0,83.4,97.2,1.9,0.88,97.5,0,0,1040.0,12860,47.2,47250,35500.0,3250,4350,420,190,1015,5560,270,970.0,Zenith Industrial Gases Center,"Odense, Denmark",Specialty Chemicals,900000,2100,11750.0,24.867724867724867,7205.0,15.248677248677248,6190.0,13.100529100529101,4950.0,10.476190476190476,91.77,2268.370607028754,3019.1693290734825,750.7987220447285,0.06645367412140575,0.8217252396166134,0.003015974440894569,99.73611111111111,83.4,99.12,82.44793340000001,100,100,22500.0,7.4523809523809526
mostly58-2b44-406e-9775-3e5822c846be,mostly3e-d700-4222-a8a3-37b188162e1d,2023-06-01,15740.0,94.3,94.4,12.3,0.82,99.4,0,0,5630.0,15320,49.1,46200,38000.0,3380,5480,3780,950,600,4200,59,198.0,GreenLeaf Agrochem Ltd.,"Odense, Denmark",Agrochemicals,480000,1500,8200.0,17.74891774891775,4600.0,9.956709956709958,4000.0,8.658008658008658,3743.0,8.101731601731602,95.86,2414.23125794155,2935.196950444727,520.9656925031768,0.3576874205844981,0.9733163913595934,0.003119440914866582,98.29166666666667,94.3,99.18,91.92899152499999,100,100,30800.0,10.493333333333334
mostly2b-f542-407c-94f6-99c4da70d01a,mostly44-202d-4b2b-8da4-4d1d4bb1a0ba,2024-02-01,15960.0,95.3,95.0,6.9,0.2,97.4,0,0,1040.0,8450,49.1,46000,33900.0,19350,5020,1800,1300,272,8800,71,192.0,Zenith Industrial Gases Center,"Odense, Denmark",Industrial Gases,220000,540,12100.0,26.304347826086953,3572.0,7.765217391304348,3300.0,7.173913043478261,3037.0,6.602173913043479,95.83999999999999,2124.06015037594,2882.2055137844613,758.1453634085215,0.06516290726817042,0.5294486215538847,0.0030764411027568925,99.04166666666667,95.3,99.8,94.19793491666667,100,100,85185.18518518518,29.555555555555557
mostly6e-2e0b-49b9-8c35-a724b8ca87a6,mostly54-2ddc-4872-873b-4052e1b4490c,2023-08-01,9400.0,78.0,97.0,3.8,1.4,98.8,1,0,930.0,540,45.4,45020,32300.0,21950,6880,4080,190,985,8420,145,202.0,GreenLeaf Agrochem Ltd.,"Shanghai, China",Agrochemicals,480000,3200,12720.0,28.25410928476233,5285.0,11.739227010217682,4300.0,9.551310528653932,3953.0,8.780541981341626,89.94,3436.1702127659573,4789.36170212766,1353.1914893617022,0.09893617021276596,0.0574468085106383,0.004829787234042553,99.47222222222223,78.0,98.6,76.50209666666667,80,100,14068.75,2.9375
mostly5c-d0d0-4c0b-b75b-61f415fea884,mostly59-c3e9-40f7-ac4f-b346f6bae76c,2023-07-01,14250.0,83.5,97.0,5.5,0.85,98.6,2,0,7040.0,15340,44.9,53900,30250.0,25050,1250,4200,1350,1015,10000,62,858.0,Zenith Industrial Gases Center,"Odense, Denmark",Specialty Chemicals,480000,1500,23650.0,43.87755102040816,14665.0,27.20779220779221,13650.0,25.324675324675322,12730.0,23.617810760667904,92.08000000000001,2122.8070175438597,3782.4561403508774,1659.6491228070176,0.49403508771929827,1.0764912280701755,0.0031508771929824562,99.23611111111111,83.5,99.15,82.15782447916666,60,100,35933.333333333336,9.5
mostlya5-5299-449b-85a8-84271d189889,mostly62-759f-49d8-a424-34f052c4866c,2024-05-01,15610.0,97.1,92.5,3.4,0.3,96.0,1,0,6700.0,14450,47.0,45500,41250.0,22500,4920,3360,212,1245,1240,160,1020.0,Zenith Industrial Gases Center,"Odense, Denmark",Agrochemicals,310000,1500,4250.0,9.340659340659341,4255.0,9.351648351648352,3010.0,6.615384615384616,1830.0,4.021978021978022,95.39,2642.5368353619474,2914.798206278027,272.2613709160796,0.42921204356181936,0.9256886611146701,0.003010890454836643,99.52777777777779,97.1,99.7,96.35154780555555,80,100,30333.333333333332,10.406666666666666
mostly3b-c995-4a57-a2ed-ed25874d49ce,mostly63-ad26-4687-af9d-0c9618738954,2025-01-01,47050.0,88.3,93.7,5.5,1.4,96.8,1,0,960.0,14080,130.0,43840,33700.0,3230,4600,4050,1000,287,4800,205,730.0,GreenLeaf Agrochem Ltd.,"Odense, Denmark",Specialty Chemicals,220000,860,10140.0,23.12956204379562,5627.0,12.835310218978101,5340.0,12.180656934306569,4405.0,10.047901459854014,92.47000000000001,716.259298618491,931.7747077577046,215.5154091392136,0.020403825717321997,0.29925611052072265,0.002763018065887354,99.23611111111111,88.3,98.6,86.39872930555555,80,100,50976.74418604651,54.7093023255814
mostly3b-94cd-4421-a557-83061367a61a,mostly6c-0f1f-4f56-8d59-43a4e56f0674,2023-05-01,46000.0,97.1,92.3,2.9,0.78,98.3,2,0,1120.0,9080,6.0,55000,4850.0,17000,1365,4210,1820,985,8400,185,1050.0,Nordic Specialty Plastics Plant,"Odense, Denmark",Petrochemical,310000,2100,50150.0,91.18181818181819,42735.0,77.7,41750.0,75.9090909090909,40515.0,73.66363636363637,96.02,105.43478260869566,1195.6521739130435,1090.2173913043478,0.02434782608695652,0.1973913043478261,0.00013043478260869564,99.59722222222223,97.1,99.22,95.95457333611111,60,100,26190.47619047619,21.904761904761905
mostly1b-338a-4fbd-8237-1e86ca26a614,mostly6f-0d72-49bb-a495-4d980ea68d41,2023-12-01,10150.0,82.7,96.6,4.2,0.95,97.7,2,1,6220.0,635,6.0,7000,4760.0,20500,1230,3750,193,1460,4700,61,795.0,GreenLeaf Agrochem Ltd.,"Port Elizabeth, South Africa",Industrial Gases,900000,860,2240.0,32.0,-1000.0,-14.285714285714285,-2460.0,-35.14285714285714,-3316.0,-47.37142857142857,91.36999999999999,468.9655172413793,689.6551724137931,220.68965517241384,0.6128078817733991,0.06256157635467981,0.0005911330049261083,99.41666666666666,82.7,99.05,81.43651629166666,60,70,8139.53488372093,11.80232558139535
mostly20-7ce2-4c91-914d-0684c5c2c1b1,mostly78-2094-4a64-ba04-eda5dd04a086,2023-06-01,11400.0,83.5,94.5,3.1,1.2,97.5,1,0,860.3,8940,46.1,50500,42450.0,3370,4355,3750,1320,1330,4700,250,1030.0,Zenith Industrial Gases Center,Singapore,Petrochemical,310000,540,8050.0,15.94059405940594,4680.0,9.267326732673267,3350.0,6.633663366336634,2070.0,4.099009900990099,90.99999999999999,3723.684210526316,4429.824561403509,706.1403508771928,0.07546491228070175,0.7842105263157895,0.004043859649122807,99.56944444444444,83.5,98.8,82.14280027777777,80,100,93518.51851851853,21.11111111111111
mostlydb-a417-4432-b2f8-bee9bbb5949c,mostly78-6843-47de-b058-eb46723a75a7,2023-09-01,46250.0,75.3,95.5,5.6,1.2,97.9,1,1,1300.0,13900,112.0,53900,40150.0,3210,6600,3750,1000,1370,1325,66,1405.0,Zenith Industrial Gases Center,"Shanghai, China",Agrochemicals,310000,3200,13750.0,25.510204081632654,13795.0,25.593692022263454,12425.0,23.051948051948052,10954.0,20.322820037105753,88.14,868.1081081081081,1165.4054054054054,297.2972972972973,0.02810810810810811,0.3005405405405405,0.0024216216216216215,99.22222222222223,75.3,98.8,73.81776133333334,80,70,16843.75,14.453125
mostly13-a5fa-4da7-9e56-47e110566db6,mostly7a-46e2-4205-8d8d-4f12d545a33c,2024-04-01,16020.0,83.1,92.7,6.2,1.4,97.6,1,0,1030.0,8800,9.2,52050,5260.0,21660,5480,452,198,1260,1345,230,185.0,GreenLeaf Agrochem Ltd.,"Shanghai, China",Agrochemicals,310000,3200,46790.0,89.89433237271854,46705.0,89.73102785782902,45445.0,87.3102785782901,45030.0,86.51296829971182,90.33,328.3395755305868,3249.063670411985,2920.7240948813983,0.06429463171036205,0.5493133583021224,0.0005742821473158551,99.13888888888889,83.1,98.6,81.23103483333333,80,100,16265.625,5.00625
mostlyba-b86c-40f9-b51b-330b375f7dbb,mostly7a-7b82-4661-86c1-0b3a2c084d49,2024-11-01,82500.0,89.9,92.0,5.2,0.8,96.7,1,0,6960.0,8580,149.0,46250,40650.0,17650,5400,2580,1220,277,9450,60,903.0,Nordic Specialty Plastics Plant,"Houston, United States",Specialty Chemicals,220000,860,5600.0,12.108108108108109,-3573.0,-7.7254054054054055,-3850.0,-8.324324324324325,-4813.0,-10.406486486486486,92.57000000000001,492.72727272727275,560.6060606060606,67.87878787878788,0.08436363636363636,0.104,0.001806060606060606,99.27777777777777,89.9,99.2,88.53671644444444,80,100,53779.06976744186,95.93023255813954
mostlyf6-8dd4-406d-9284-8ff640ba9010,mostly89-1676-407e-a736-b5c01ff93138,2025-01-01,16020.0,97.0,93.6,5.6,0.4,98.7,1,0,1290.0,11450,46.8,49250,38500.0,18250,5020,445,1100,930,8400,151,180.0,Aurora Petrochemicals Complex,"Port Elizabeth, South Africa",Industrial Gases,310000,540,10750.0,21.82741116751269,3280.0,6.659898477157361,2350.0,4.771573604060913,2019.0,4.099492385786802,96.49000000000001,2403.2459425717852,3074.282147315855,671.0362047440699,0.08052434456928839,0.7147315855181023,0.0029213483146067415,99.22222222222223,97.0,99.6,95.86057333333335,80,100,91203.70370370371,29.666666666666668
mostly6e-f3c5-4ea7-9aca-97dd2c87c948,mostly9d-1e33-486f-ab67-fbeed1945f92,2024-01-01,82500.0,92.3,94.6,3.8,0.3,98.4,1,1,1010.0,17320,44.6,6750,4780.0,23200,4600,4400,1780,635,1325,60,1360.0,Nordic Specialty Plastics Plant,"Shanghai, China",Agrochemicals,220000,540,1970.0,29.185185185185187,1280.0,18.962962962962962,645.0,9.555555555555555,-775.0,-11.481481481481481,94.82000000000001,57.93939393939394,81.81818181818181,23.878787878787875,0.012242424242424242,0.20993939393939393,0.0005406060606060607,99.47222222222223,92.3,99.7,91.53742252777778,80,70,12500.0,152.77777777777777
mostly28-fd14-4eb3-a43a-98182b6e7499,mostlya7-fcf7-4455-9b2f-19eb0fd41fa6,2024-01-01,63550.0,91.8,95.1,2.1,1.0,97.7,1,0,6200.0,14340,48.2,6460,33765.0,3350,1300,4360,1850,1245,1285,60,178.0,GreenLeaf Agrochem Ltd.,"Odense, Denmark",Polymers,310000,3200,-27305.0,-422.6780185758514,-27345.0,-423.29721362229105,-28590.0,-442.56965944272446,-28828.0,-446.2538699690403,94.56,531.3139260424863,101.6522423288749,-429.6616837136114,0.0975609756097561,0.22564909520062942,0.0007584579071597168,99.70833333333333,91.8,99.0,90.61692749999999,80,100,2018.75,19.859375
mostly6d-0330-4d29-b988-e1934b268a0a,mostlyaa-e8ae-43bc-b45a-e54663f90d39,2023-07-01,16540.0,93.8,92.2,5.0,1.1,99.7,2,0,4300.0,13640,7.1,6810,38000.0,20640,6040,460,212,1250,1260,152,1050.0,Zenith Industrial Gases Center,"Port Elizabeth, South Africa",Industrial Gases,310000,1500,-31190.0,-458.0029368575624,-31200.0,-458.14977973568284,-32450.0,-476.50513950073423,-33652.0,-494.1556534508076,95.08999999999999,2297.460701330109,411.72914147521163,-1885.7315598548971,0.2599758162031439,0.8246674727932285,0.00042926239419588874,99.30555555555556,93.8,98.9,92.12397638888889,60,100,4540.0,11.026666666666667
mostlyaa-f3fd-47f3-9885-e700ef8b549e,mostlyb2-b784-45e2-a7f5-300e1a30c7fc,2025-05-01,15820.0,82.4,92.5,5.0,0.85,95.9,1,0,860.3,610,9.0,46000,31500.0,25650,5500,3400,224,1295,5660,172,1040.0,GreenLeaf Agrochem Ltd.,"Shanghai, China",Specialty Chemicals,220000,540,14500.0,31.521739130434785,10135.0,22.032608695652172,8840.0,19.217391304347824,7628.0,16.582608695652173,89.48,1991.1504424778761,2907.7117572692796,916.5613147914034,0.05438053097345132,0.038558786346396964,0.0005689001264222503,99.30555555555556,82.4,99.15,81.13224166666669,80,100,85185.18518518518,29.296296296296298
mostlyb1-c511-4ad7-871d-3e241f582cde,mostlyb3-6de1-444e-bb2b-db078b60974c,2023-09-01,52000.0,87.5,97.3,7.9,1.0,99.1,2,0,1200.0,16190,8.0,6725,40650.0,24850,1355,425,1850,260,1320,170,995.0,Nordic Specialty Plastics Plant,"Odense, Denmark",Agrochemicals,720000,2100,-33925.0,-504.4609665427509,-34985.0,-520.2230483271375,-35245.0,-524.089219330855,-36410.0,-541.4126394052045,93.92,781.7307692307693,129.32692307692307,-652.4038461538462,0.023076923076923078,0.31134615384615383,0.00015384615384615385,98.90277777777779,87.5,99.0,85.67453125,60,100,3202.3809523809523,24.761904761904763
mostly82-a889-4c5f-a29b-094e43506de4,mostlyb6-bb83-4b5d-a5ca-6d6a07bd2ade,2023-11-01,46220.0,84.9,94.8,6.2,0.25,99.1,2,0,1310.0,13150,6.8,6550,4900.0,3240,6040,490,180,278,8990,160,995.0,Aurora Petrochemicals Complex,"Port Elizabeth, South Africa",Petrochemical,310000,540,1650.0,25.190839694656486,-7062.0,-107.81679389312977,-7340.0,-112.06106870229007,-8495.0,-129.6946564885496,92.13000000000001,106.01471224578104,141.7135439203808,35.69883167459976,0.028342708784076156,0.2845088706187798,0.00014712245781047165,99.13888888888889,84.9,99.75,83.958494375,60,100,12129.62962962963,85.5925925925926
mostly75-66c5-4b9f-b22d-152fa714dd58,mostlyb9-9300-4ba4-b04c-e7c8ecef616a,2024-08-01,15040.0,92.2,92.1,1.2,0.85,97.8,1,0,7100.0,14700,132.0,6475,30960.0,3520,5900,1975,950,612,4300,180,860.0,GreenLeaf Agrochem Ltd.,"Houston, United States",Polymers,220000,1500,-24485.0,-378.1467181467181,-28173.0,-435.1042471042471,-28785.0,-444.55598455598454,-29825.0,-460.61776061776067,93.85,2058.5106382978724,430.5186170212766,-1627.9920212765958,0.4720744680851064,0.9773936170212766,0.008776595744680852,99.83333333333333,92.2,99.15,91.2639395,80,100,4316.666666666667,10.026666666666667
mostlydc-7936-4d04-8b93-6ee576058cec,mostlybf-daa1-4491-9752-b83928c87cf0,2023-09-01,65200.0,97.1,94.8,1.6,1.0,98.5,0,1,5960.0,8600,120.4,6360,31500.0,25050,1350,2580,223,1470,8420,61,1520.0,Nordic Specialty Plastics Plant,"Port Elizabeth, South Africa",Agrochemicals,480000,3200,-25140.0,-395.2830188679245,-32090.0,-504.55974842767296,-33560.0,-527.6729559748428,-35141.0,-552.5314465408804,96.83,483.12883435582825,97.54601226993866,-385.5828220858896,0.09141104294478528,0.13190184049079753,0.0018466257668711657,99.77777777777777,97.1,99.0,95.91538,100,70,1987.5,20.375
mostly84-4b45-4b55-97d6-395c2be92880,mostlyc5-c789-419a-a952-0eba208a5cc0,2023-09-01,65200.0,82.0,94.7,4.5,0.6,98.2,0,0,1030.0,585,9.2,53900,32880.0,3340,1280,4020,190,1400,9100,151,895.0,GreenLeaf Agrochem Ltd.,"Port Elizabeth, South Africa",Agrochemicals,220000,3200,21020.0,38.998144712430424,13320.0,24.712430426716143,11920.0,22.115027829313544,10874.0,20.17439703153989,90.67,504.29447852760734,826.6871165644171,322.3926380368098,0.015797546012269938,0.00897239263803681,0.0001411042944785276,99.375,82.0,99.4,80.998575,100,100,16843.75,20.375
mostly8f-deef-46ff-8648-2ee56e0f85a2,mostlyc5-cc27-4e4b-bdb4-6b9b051c0714,2023-08-01,10900.0,89.9,96.0,2.0,1.4,96.8,0,1,5800.0,14950,8.5,6570,4940.0,21050,1250,2350,1050,1490,1285,58,745.0,Horizon Polymers Campus,"Shanghai, China",Industrial Gases,310000,540,1630.0,24.80974124809741,1835.0,27.92998477929985,345.0,5.251141552511415,-458.0,-6.9710806697108065,93.8,453.2110091743119,602.7522935779816,149.5412844036697,0.5321100917431193,1.371559633027523,0.0007798165137614678,99.72222222222223,89.9,98.6,88.39517388888889,100,70,12166.666666666666,20.185185185185187
mostly58-fefd-49c5-8663-f4e74f03f64b,mostlyd2-17a5-447a-b00f-1610fd6cf6d5,2023-01-01,42000.5,93.5,92.1,4.1,0.78,96.9,2,1,1330.0,13790,6.3,44850,5120.0,20850,6050,4500,1030,620,4800,67,1020.0,Nordic Specialty Plastics Plant,"Port Elizabeth, South Africa",Specialty Chemicals,310000,3200,39730.0,88.58416945373467,35550.0,79.26421404682274,34930.0,77.88182831661092,33843.0,75.45819397993311,94.10000000000001,121.90331067487291,1067.8444304234474,945.9411197485745,0.03166628968702753,0.32832942464970655,0.00014999821430697254,99.43055555555556,93.5,99.22,92.24242240277778,60,70,14015.625,13.12515625
mostly7a-bfad-4080-b5e8-25e6ac6ce166,mostlyd3-11a5-4b50-8790-19b86e9e9975,2024-07-01,16620.0,73.6,94.8,6.0,0.88,97.1,2,0,980.0,9040,142.0,47310,5050.0,3380,1270,4240,1200,1360,4700,172,2242.5,Nordic Specialty Plastics Plant,"Houston, United States",Specialty Chemicals,720000,860,42260.0,89.32572394842528,38920.0,82.26590572817585,37560.0,79.39124920735574,35145.5,74.28767702388501,87.01,303.85078219013235,2846.5703971119133,2542.7196149217807,0.05896510228640193,0.5439229843561973,0.008543922984356198,99.16666666666667,73.6,99.12,72.344384,60,100,55011.62790697674,19.325581395348838
mostlyf9-5961-40da-bd77-b83d6a7788f4,mostlyd6-b834-4855-bd11-7daada02dde1,2025-03-01,9100.0,71.2,94.2,4.2,1.3,98.2,2,0,1140.0,520,120.4,50500,4860.0,3500,6860,493,1860,1290,1305,156,1360.0,Nordic Specialty Plastics Plant,"Odense, Denmark",Agrochemicals,480000,860,45640.0,90.37623762376238,45625.0,90.34653465346535,44335.0,87.79207920792079,42819.0,84.79009900990098,86.20000000000002,534.065934065934,5549.450549450549,5015.384615384615,0.12527472527472527,0.05714285714285714,0.013230769230769232,99.41666666666666,71.2,98.7,69.864466,60,100,58720.93023255814,10.581395348837209
mostly7f-346a-4b9f-adfd-34e80f0845e1,mostlyda-790f-41ae-8bf1-7f121af10997,2024-06-01,53550.0,88.8,91.8,6.9,0.2,97.2,2,0,7450.0,15350,7.1,44950,37350.0,3320,1295,4500,223,1490,10000,250,872.0,Nordic Specialty Plastics Plant,"Odense, Denmark",Specialty Chemicals,310000,2100,7600.0,16.907675194660733,-910.0,-2.024471635150167,-2400.0,-5.3392658509454956,-3522.0,-7.835372636262513,92.22,697.4789915966387,839.4024276377218,141.92343604108305,0.13912231559290383,0.28664799253034545,0.0001325863678804855,99.04166666666667,88.8,99.8,87.77310200000001,60,100,21404.761904761905,25.5
mostlyc8-af55-4981-a1c1-d40c17307f35,mostlydc-ed6d-412a-9c7e-35136fb68bb5,2023-12-01,16620.0,97.1,93.6,6.9,0.85,99.8,0,0,1030.0,14700,46.2,55800,4650.0,26850,6200,2520,212,922,7400,215,1260.0,GreenLeaf Agrochem Ltd.,Singapore,Specialty Chemicals,900000,540,51150.0,91.66666666666666,44672.0,80.0573476702509,43750.0,78.40501792114696,42275.0,75.76164874551972,96.86,279.78339350180505,3357.400722021661,3077.6173285198556,0.06197352587244284,0.8844765342960289,0.0027797833935018054,99.04166666666667,97.1,99.15,95.35201793750001,100,100,103333.33333333333,30.77777777777778
mostly35-230d-4424-93e8-3d80e8912be4,mostlye4-419d-4d08-9639-789ce6d03230,2023-11-01,10150.0,95.0,97.6,6.3,0.95,98.1,2,0,1200.0,13640,131.0,6400,34687.5,3370,5600,454,1200,260,1350,190,1470.0,Zenith Industrial Gases Center,"Shanghai, China",Specialty Chemicals,480000,2100,-28287.5,-441.9921875,-29377.5,-459.02343749999994,-29637.5,-463.0859375,-31297.5,-489.02343750000006,96.71000000000001,3417.487684729064,630.5418719211823,-2786.9458128078813,0.11822660098522167,1.3438423645320197,0.012906403940886699,99.12500000000001,95.0,99.05,93.27414687500001,60,100,3047.6190476190477,4.833333333333333
mostlye5-6db3-40c2-9cc0-a27d324216c4,mostlye6-a6d6-4fac-8296-564dfd183483,2025-05-01,14960.0,85.0,96.6,2.7,1.2,99.8,0,0,930.0,16420,144.0,57000,35500.0,23005,5600,2100,1100,1520,5160,195,903.0,Horizon Polymers Campus,"Port Elizabeth, South Africa",Industrial Gases,900000,2100,21500.0,37.719298245614034,17860.0,31.333333333333336,16340.0,28.666666666666668,15242.0,26.74035087719298,92.92,2372.994652406417,3810.1604278074865,1437.1657754010694,0.06216577540106952,1.0975935828877006,0.009625668449197862,99.625,85.0,98.8,83.665075,100,100,27142.85714285714,7.123809523809523
mostly31-9651-488c-95f7-867406144d88,mostlyeb-105a-4a9b-b2a0-d3949843c8c9,2025-05-01,70520.0,99.0,94.1,3.3,1.2,99.2,2,0,1040.0,15340,168.0,56300,43350.0,23800,4601,2460,1060,612,9300,156,825.0,Nordic Specialty Plastics Plant,"Shanghai, China",Agrochemicals,220000,860,12950.0,23.00177619893428,4262.0,7.570159857904085,3650.0,6.483126110124333,2669.0,4.7406749555950265,97.59,614.7192285876347,798.3550765740216,183.63584798638692,0.01474758933635848,0.21752694271128759,0.00238230289279637,99.54166666666667,99.0,98.8,97.363695,60,100,65465.11627906977,82.0
mostlya4-eb0f-49c9-b2cf-e123eb8f703c,mostlyeb-f4ba-4b55-b718-8ecb1d4850a0,2023-02-01,8800.0,94.1,93.0,5.2,0.15,96.5,1,0,6810.0,8350,43.8,46000,29820.0,20640,6040,487,218,1295,1280,65,180.0,Horizon Polymers Campus,"Port Elizabeth, South Africa",Industrial Gases,220000,860,16180.0,35.17391304347826,16195.0,35.20652173913044,14900.0,32.391304347826086,14655.0,31.858695652173914,94.49,3388.6363636363635,5227.272727272727,1838.6363636363635,0.7738636363636363,0.9488636363636364,0.004977272727272727,99.27777777777777,94.1,99.85,93.28025830555553,80,100,53488.37209302326,10.232558139534884
mostly35-0744-4fef-9f17-1e1dfb456003,mostlyf3-9c94-4094-a8c9-7f546863a750,2023-06-01,50120.0,89.2,93.9,3.4,0.9,98.8,1,0,5610.0,570,165.0,6400,5260.0,21850,6100,2385,1220,1340,4780,150,900.0,GreenLeaf Agrochem Ltd.,"Houston, United States",Polymers,220000,540,1140.0,17.8125,-2300.0,-35.9375,-3640.0,-56.875,-4690.0,-73.28125,93.49000000000001,104.94812450119713,127.69353551476456,22.745411013567434,0.11193136472466081,0.01137270550678372,0.003292098962490024,99.52777777777779,89.2,99.1,87.97976877777778,80,100,11851.851851851852,92.81481481481481
mostly90-2581-4657-9e8f-1ba9d89ccc5f,mostlyf4-ce46-463a-a097-67d7ff1942d9,2024-01-01,8200.0,88.2,97.6,9.5,0.92,97.1,1,0,5550.0,15610,9.3,6420,34500.0,23005,5650,2460,222,283,1348,205,2300.0,Zenith Industrial Gases Center,"Port Elizabeth, South Africa",Specialty Chemicals,900000,860,-28080.0,-437.38317757009344,-29145.0,-453.97196261682245,-29428.0,-458.38006230529595,-31933.0,-497.39875389408104,93.69,4207.317073170731,782.9268292682926,-3424.3902439024387,0.676829268292683,1.9036585365853658,0.0011341463414634148,98.68055555555556,88.2,99.08,86.2355165,80,100,7465.116279069767,9.534883720930232
mostly93-f697-4557-9500-a4ce4dc3a3a0,mostlyf6-b04f-4b31-9966-024a241c2450,2024-08-01,41200.0,96.2,97.3,3.6,1.0,96.5,0,0,5650.0,14120,7.5,6460,33350.0,23800,6400,485,980,870,10560,158,910.0,Nordic Specialty Plastics Plant,"Odense, Denmark",Agrochemicals,720000,3200,-26890.0,-416.25386996904024,-36580.0,-566.2538699690402,-37450.0,-579.7213622291022,-38518.0,-596.2538699690402,96.62,809.4660194174758,156.79611650485438,-652.6699029126214,0.13713592233009708,0.34271844660194173,0.00018203883495145632,99.5,96.2,99.0,94.76181000000001,100,100,2018.75,12.875
mostlyb9-4866-4fee-9a93-65c9dfaf43ba,mostlyfa-c5f5-4788-8ec4-467088d908e6,2025-02-01,10220.0,75.3,92.8,11.2,1.2,98.7,0,1,5800.0,14080,134.0,49250,5260.0,17000,6000,420,1180,860,5100,71,1200.0,GreenLeaf Agrochem Ltd.,Singapore,Specialty Chemicals,900000,860,43990.0,89.31979695431473,39750.0,80.71065989847716,38890.0,78.96446700507614,37619.0,76.38375634517767,87.57,514.6771037181996,4818.982387475538,4304.305283757339,0.5675146771037182,1.3776908023483365,0.013111545988258318,98.44444444444443,75.3,98.8,73.23912266666666,100,70,57267.441860465115,11.883720930232558
mostlyf3-f644-4818-952f-e608ac8b3cbf,mostlyfa-fb5b-407e-ad1e-8b9303a5b640,2024-07-01,9900.0,88.0,96.0,5.2,0.95,99.5,2,0,1290.0,15320,49.1,46220,41000.0,25100,5500,1780,1500,268,1290,152,730.0,Zenith Industrial Gases Center,Singapore,Agrochemicals,720000,540,5220.0,11.293812202509736,4198.0,9.082648204240588,3930.0,8.502812635222847,3048.0,6.594547814798789,93.85,4141.414141414141,4668.686868686868,527.272727272727,0.1303030303030303,1.5474747474747474,0.00495959595959596,99.27777777777777,88.0,99.05,86.53448222222222,60,100,85592.5925925926,18.333333333333332
mostly2d-b5c0-4eeb-912f-b981fc518f75,mostlyfb-07df-48c0-b2f9-ef4db0e080d7,2024-10-01,14875.0,90.0,94.1,2.4,1.4,97.2,1,0,7320.0,9160,161.0,45750,36800.0,26850,7250,2620,1780,618,8710,270,181.0,Horizon Polymers Campus,"Port Elizabeth, South Africa",Specialty Chemicals,480000,540,8950.0,19.562841530054644,858.0,1.8754098360655738,240.0,0.5245901639344263,-211.0,-0.46120218579234973,93.39,2473.9495798319326,3075.63025210084,601.6806722689075,0.49210084033613444,0.6157983193277311,0.010823529411764706,99.66666666666667,90.0,98.6,88.44420000000001,80,100,84722.22222222222,27.546296296296298
mostly42-89dc-4b1d-a13e-d87d8bf8f67b,mostlyfb-088f-4bac-b2b6-c42ba07b63a2,2023-06-01,15040.0,80.1,98.0,11.2,0.5,99.5,1,0,1120.0,570,152.0,53900,26000.0,19000,4120,3850,1300,275,5660,190,199.0,GreenLeaf Agrochem Ltd.,"Port Elizabeth, South Africa",Specialty Chemicals,220000,3200,27900.0,51.76252319109462,22515.0,41.77179962894249,22240.0,41.26159554730983,21851.0,40.539888682745826,91.29,1728.723404255319,3583.776595744681,1855.0531914893618,0.07446808510638298,0.03789893617021277,0.010106382978723405,98.44444444444443,80.1,99.5,78.45972999999998,80,100,16843.75,4.7
mostly3b-3456-455b-adfe-787e9f985ac3,mostlyfe-1b7b-494b-b25c-d2c6fcbc5350,2023-11-01,11120.0,95.3,94.8,11.2,0.6,98.1,0,0,980.0,9010,144.0,55200,32200.0,21750,6100,4500,222,1280,8600,185,197.0,GreenLeaf Agrochem Ltd.,"Houston, United States",Industrial Gases,720000,860,23000.0,41.66666666666667,15680.0,28.405797101449277,14400.0,26.08695652173913,14018.0,25.394927536231883,95.99,2895.68345323741,4964.028776978417,2068.345323741007,0.08812949640287769,0.810251798561151,0.012949640287769784,98.44444444444443,95.3,99.4,93.25465022222221,100,100,64186.04651162791,12.930232558139535
mostly52-7870-4101-8d5f-c8ffb9d37f62,mostly03-e230-4b86-89e3-2437361d2a1b,2023-05-01,50120.0,93.5,97.2,5.4,1.8,98.9,2,1,5480.0,15450,120.0,6550,5100.0,3380,6040,3450,223,618,1270,140,1300.0,GreenLeaf Agrochem Ltd.,"Odense, Denmark",Specialty Chemicals,310000,1500,1450.0,22.137404580152673,798.0,12.183206106870228,180.0,2.7480916030534353,-1260.0,-19.236641221374047,96.22999999999999,101.75578611332801,130.68635275339187,28.93056664006386,0.10933758978451716,0.30826017557861135,0.0023942537909018356,99.25,93.5,98.2,91.12837250000001,60,70,4366.666666666667,33.413333333333334
mostlybb-f1dc-4fdb-b6ee-5e3dcd73e06f,mostly07-3886-4b9c-8a2b-dca52e1984cc,2023-12-01,10850.0,78.0,96.6,4.2,0.92,96.0,0,0,5480.0,8800,138.0,6840,31250.0,3430,1245,3200,1820,1275,1285,210,1495.0,GreenLeaf Agrochem Ltd.,"Port Elizabeth, South Africa",Specialty Chemicals,310000,3200,-24410.0,-356.87134502923976,-24420.0,-357.01754385964915,-25695.0,-375.65789473684214,-27400.0,-400.58479532163744,88.98000000000002,2880.1843317972352,630.4147465437788,-2249.769585253456,0.5050691244239631,0.8110599078341014,0.01271889400921659,99.41666666666666,78.0,99.08,76.831586,100,100,2137.5,3.390625
mostly12-12e8-4c2c-afb0-af53780b4b6c,mostly07-cd99-43d0-8285-01fdc02e6e47,2025-05-01,45020.0,89.7,97.6,2.7,1.2,98.3,1,0,5630.0,14340,44.0,6400,28900.0,3420,6700,428,222,1460,4810,215,1050.0,Aurora Petrochemicals Complex,"Houston, United States",Industrial Gases,480000,540,-22500.0,-351.5625,-25850.0,-403.90625,-27310.0,-426.71875000000006,-28575.0,-446.484375,94.64999999999999,641.9369169258108,142.15904042647713,-499.7778764993337,0.1250555308751666,0.3185250999555753,0.0009773434029320303,99.625,89.7,98.8,88.29126149999999,80,100,11851.851851851852,83.37037037037037
mostly57-efb3-472c-83c0-4b27952bd723,mostly0b-fb2d-457c-9452-28988817db5a,2023-01-01,41200.0,94.0,92.6,8.5,0.95,99.7,2,0,5850.0,8920,168.0,46220,43350.0,3380,6100,1700,201,922,8990,66,196.0,Nordic Specialty Plastics Plant,"Odense, Denmark",Specialty Chemicals,900000,540,2870.0,6.209433145824319,-5198.0,-11.246213760276937,-6120.0,-13.241021202942449,-6382.0,-13.80787537862397,95.28999999999999,1052.1844660194174,1121.8446601941748,69.66019417475741,0.14199029126213591,0.21650485436893205,0.004077669902912621,98.81944444444444,94.0,99.05,92.00782013888887,60,100,85592.5925925926,76.29629629629629
mostly65-2f3f-4975-9f62-107197ea2b7d,mostly14-961f-4774-b83f-89889f11a6ae,2023-05-01,77980.0,82.5,91.8,1.0,1.2,99.0,0,0,5950.0,14490,48.2,50600,37000.0,19000,1270,3780,210,950,9310,200,201.0,GreenLeaf Agrochem Ltd.,"Odense, Denmark",Specialty Chemicals,480000,1500,13600.0,26.877470355731226,5240.0,10.355731225296443,4290.0,8.478260869565217,3889.0,7.6857707509881426,90.23999999999998,474.48063606052835,648.884329315209,174.40369325468066,0.0763016157989228,0.18581687612208259,0.0006181072069761478,99.86111111111111,82.5,98.8,81.39679166666667,100,100,33733.333333333336,51.986666666666665
mostly36-d602-47ca-acaf-d79beef13853,mostly16-b055-4b92-b52f-4a869e53cd33,2025-05-01,9900.0,89.2,95.7,4.3,0.4,98.0,1,0,1070.0,8600,142.0,6750,5100.0,20300,6020,440,1000,870,5340,220,178.0,GreenLeaf Agrochem Ltd.,"Houston, United States",Petrochemical,220000,860,1650.0,24.444444444444443,-2820.0,-41.77777777777778,-3690.0,-54.666666666666664,-4088.0,-60.56296296296296,93.78999999999999,515.1515151515151,681.8181818181819,166.66666666666674,0.10808080808080808,0.8686868686868687,0.014343434343434344,99.40277777777779,89.2,99.6,88.31260866666668,80,100,7848.837209302325,11.511627906976743
mostly41-e4d1-4335-ade0-f53bc9281ae1,mostly17-fa72-4dea-8e8c-7998b1f4e06f,2025-01-01,15850.0,99.0,93.5,5.4,0.95,96.5,1,1,1040.0,9040,145.0,6200,34687.5,3520,1325,420,1220,1460,10040,168,1440.0,Zenith Industrial Gases Center,"Port Elizabeth, South Africa",Industrial Gases,220000,540,-28487.5,-459.4758064516129,-37067.5,-597.8629032258065,-38527.5,-621.4112903225806,-40135.5,-647.3467741935484,96.60000000000001,2188.485804416404,391.16719242902207,-1797.3186119873817,0.06561514195583597,0.5703470031545741,0.00914826498422713,99.25,99.0,99.05,97.32405375,80,70,11481.481481481482,29.35185185185185
mostlye9-aadb-499d-9fe0-a833d42f8204,mostly21-8842-49a4-871a-e936721d11b9,2024-05-01,46250.0,76.0,94.4,12.3,0.4,98.7,0,0,5340.0,14850,44.9,6200,26550.0,3230,6020,4300,180,618,5480,195,1200.0,Aurora Petrochemicals Complex,"Port Elizabeth, South Africa",Specialty Chemicals,220000,860,-20350.0,-328.2258064516129,-25212.0,-406.64516129032256,-25830.0,-416.61290322580646,-27225.0,-439.1129032258065,88.33,574.0540540540541,134.05405405405406,-440.0,0.11545945945945946,0.3210810810810811,0.0009708108108108108,98.29166666666667,76.0,99.6,74.40286,100,100,7209.302325581395,53.77906976744186
mostly6c-e2e0-40d0-90cf-b75bc8a3b871,mostly23-c1e3-404f-9978-e4c1606bd2a4,2023-11-01,14520.0,98.0,98.3,12.3,1.2,98.2,1,1,1250.0,14920,44.2,48240,34200.0,21300,5800,2520,195,1335,8710,180,187.0,Horizon Polymers Campus,"Odense, Denmark",Polymers,220000,860,14040.0,29.1044776119403,6665.0,13.816334991708127,5330.0,11.048922056384743,4963.0,10.288142620232172,98.15,2355.371900826446,3322.314049586777,966.9421487603308,0.08608815426997245,1.0275482093663912,0.0030440771349862263,98.29166666666667,98.0,98.8,95.16992333333333,80,70,56093.023255813954,16.88372093023256
mostlye2-cbf2-4d9f-a91d-a3fd2dbed21d,mostly24-75d3-4c33-9fa1-6148064115b5,2024-01-01,58000.0,71.2,96.1,5.4,1.6,99.0,1,1,4740.0,8980,165.0,6760,37350.0,3100,1350,428,215,289,7600,160,178.0,Nordic Specialty Plastics Plant,"Odense, Denmark",Petrochemical,310000,540,-30590.0,-452.5147928994083,-37901.0,-560.6656804733727,-38190.0,-564.9408284023668,-38528.0,-569.9408284023668,87.01,643.9655172413793,116.55172413793103,-527.4137931034483,0.08172413793103449,0.15482758620689654,0.0028448275862068967,99.25,71.2,98.4,69.53534400000001,80,70,12518.518518518518,107.4074074074074
mostly48-9429-4188-83ee-05fa6ff83501,mostly27-ff64-483a-9ce2-cde487b54e8d,2024-05-01,9050.0,92.4,95.1,7.9,1.3,96.7,0,0,5340.0,15120,46.5,55600,31900.0,26850,6820,3200,1100,620,1325,170,1060.0,Horizon Polymers Campus,"Houston, United States",Agrochemicals,310000,540,23700.0,42.62589928057554,22995.0,41.35791366906475,22375.0,40.242805755395686,21145.0,38.030575539568346,94.5,3524.8618784530386,6143.646408839779,2618.7845303867402,0.5900552486187846,1.670718232044199,0.005138121546961326,98.90277777777779,92.4,98.7,90.19814650000001,100,100,102962.96296296296,16.75925925925926
mostly04-c16c-4a22-bd37-7cedc660620f,mostly2b-eb41-4c45-87f9-a2d9b98a0512,2025-02-01,11400.0,78.4,92.1,3.3,0.87,99.7,1,0,5650.0,13340,158.0,49900,4925.0,21850,4502,4400,224,274,1295,190,720.0,Nordic Specialty Plastics Plant,Singapore,Specialty Chemicals,220000,1500,44975.0,90.13026052104209,43954.0,88.08416833667336,43680.0,87.53507014028055,42770.0,85.71142284569139,88.9,432.0175438596491,4377.19298245614,3945.1754385964914,0.4956140350877193,1.1701754385964913,0.013859649122807018,99.54166666666667,78.4,99.13,77.36171286666666,80,100,33266.666666666664,7.6
mostly92-4ac8-4b46-8a65-84c1028be7b5,mostly2d-8e90-431f-88e0-aa59ccb808f6,2023-11-01,14250.0,89.6,95.3,4.5,0.85,97.7,1,0,1070.0,9060,6.4,6200,4990.0,20850,4800,3320,1700,1010,5340,60,825.0,Nordic Specialty Plastics Plant,"Port Elizabeth, South Africa",Industrial Gases,310000,860,1210.0,19.516129032258064,-3120.0,-50.32258064516129,-4130.0,-66.61290322580645,-5015.0,-80.88709677419355,93.74,350.17543859649123,435.0877192982456,84.91228070175436,0.07508771929824562,0.6357894736842106,0.00044912280701754387,99.375,89.6,99.15,88.28316000000001,80,100,7209.302325581395,16.569767441860463
mostly92-1d52-475e-9023-25dd54126348,mostly30-607a-43ed-bab4-4d8de9274684,2023-05-01,77980.0,81.7,96.5,5.6,0.25,97.9,1,0,1200.0,8450,44.6,50600,36450.0,3210,6520,490,205,1460,10000,152,1285.0,Nordic Specialty Plastics Plant,Singapore,Agrochemicals,220000,540,14150.0,27.964426877470355,5610.0,11.08695652173913,4150.0,8.201581027667984,2713.0,5.361660079051384,91.00000000000001,467.42754552449344,648.884329315209,181.45678379071558,0.015388561169530648,0.10836111823544499,0.0005719415234675558,99.22222222222223,81.7,99.75,80.86189416666669,80,100,93703.70370370371,144.40740740740742
mostly53-db95-4e9d-9cd4-94cae84a174b,mostly33-29da-4fef-a00d-aed05b50b7a4,2025-01-01,51000.0,82.0,94.4,2.4,0.6,97.2,1,1,4200.5,9180,134.0,51040,40650.0,21500,1295,4050,950,1400,5340,158,1230.0,GreenLeaf Agrochem Ltd.,"Odense, Denmark",Agrochemicals,220000,1500,10390.0,20.356583072100314,6450.0,12.637147335423196,5050.0,9.894200626959247,3662.0,7.174764890282131,90.27999999999999,797.0588235294117,1000.7843137254902,203.72549019607845,0.08236274509803922,0.18,0.0026274509803921567,99.66666666666667,82.0,99.4,81.23630666666668,80,70,34026.666666666664,34.0
mostlya9-5d2e-4113-8d60-8c247d9a9970,mostly34-0d12-4ec9-af4a-10baf03ea964,2023-04-01,49900.0,88.9,97.9,1.6,0.4,97.2,1,1,1300.0,17000,6.1,54200,26550.0,3180,4480,454,1200,1480,1300,153,785.0,Nordic Specialty Plastics Plant,Singapore,Specialty Chemicals,480000,860,27650.0,51.01476014760148,27830.0,51.34686346863469,26350.0,48.61623616236162,25412.0,46.88560885608856,94.08999999999999,532.0641282565131,1086.1723446893789,554.1082164328658,0.026052104208416832,0.3406813627254509,0.0001222444889779559,99.77777777777777,88.9,99.6,88.34763466666666,80,70,63023.25581395349,58.02325581395349
mostly78-fe8a-4389-9ac7-7c10d18c9527,mostly34-70df-4c08-a73d-1c5d05804a66,2023-01-01,16140.0,88.3,98.3,1.8,0.3,99.6,0,0,6400.0,14450,133.0,47050,42750.0,25050,6350,3380,1350,1470,1305,148,193.0,Nordic Specialty Plastics Plant,"Shanghai, China",Specialty Chemicals,310000,540,4300.0,9.139213602550477,4465.0,9.48990435706695,2995.0,6.36556854410202,2654.0,5.640807651434645,94.69000000000001,2648.6988847583643,2915.1177199504336,266.4188351920693,0.3965303593556382,0.8952912019826518,0.008240396530359356,99.75,88.3,99.7,87.81501225000001,100,100,87129.62962962964,29.88888888888889
mostly16-3026-4e9a-9fcf-477a530f4727,mostly38-99b2-4e72-9abc-04e54ebda318,2024-09-01,9100.0,92.3,96.1,1.4,1.8,98.1,0,1,6220.0,16650,128.0,56300,26550.0,21800,7400,4180,1300,268,9000,270,2192.0,Zenith Industrial Gases Center,"Port Elizabeth, South Africa",Polymers,220000,540,29750.0,52.84191829484902,21018.0,37.33214920071048,20750.0,36.85612788632327,18288.0,32.48312611012433,95.17999999999999,2917.5824175824177,6186.813186813187,3269.230769230769,0.6835164835164835,1.8296703296703296,0.014065934065934066,99.80555555555556,92.3,98.2,90.46235827777777,100,70,104259.25925925926,16.85185185185185
mostlya6-a4de-4ee3-9570-17a4a0fd0466,mostly3d-07ee-4c7e-b97b-bd8c4c590562,2023-03-01,45200.0,98.0,93.9,5.2,0.95,97.1,1,0,5400.0,16240,44.2,54120,5260.0,21050,4480,3380,1820,265,1345,69,835.0,GreenLeaf Agrochem Ltd.,"Shanghai, China",Specialty Chemicals,310000,540,48860.0,90.28085735402809,47780.0,88.28529194382853,47515.0,87.79563932002957,46611.0,86.12527716186253,96.5,116.3716814159292,1197.345132743363,1080.9734513274336,0.11946902654867257,0.35929203539823007,0.0009778761061946903,99.27777777777777,98.0,99.05,96.3679461111111,80,100,100222.22222222222,83.70370370370371
mostly3b-3f56-49e3-9bf6-79ff5d6d217e,mostly3e-5718-4622-8e6a-4df993a1a435,2023-07-01,14250.0,92.0,94.6,4.6,0.9,99.5,0,0,5680.0,14340,6.2,6680,33900.0,18900,5400,1900,980,1450,9830,240,181.0,Zenith Industrial Gases Center,"Odense, Denmark",Specialty Chemicals,900000,2100,-27220.0,-407.4850299401198,-35600.0,-532.934131736527,-37050.0,-554.6407185628743,-37471.0,-560.943113772455,95.03,2378.9473684210525,468.7719298245614,-1910.175438596491,0.39859649122807017,1.0063157894736843,0.0004350877192982456,99.36111111111111,92.0,99.1,90.58951222222223,100,100,3180.9523809523807,6.785714285714286
mostly30-178b-485a-ae1a-1fdd3b080ce3,mostly3e-d700-4222-a8a3-37b188162e1d,2023-08-01,15380.0,92.4,93.7,2.4,1.8,97.2,2,0,4200.5,590,42.9,6200,39500.0,21660,5980,3600,1860,618,4300,68,1440.0,GreenLeaf Agrochem Ltd.,"Odense, Denmark",Agrochemicals,480000,1500,-33300.0,-537.0967741935484,-36982.0,-596.483870967742,-37600.0,-606.4516129032259,-39108.0,-630.7741935483871,94.23,2568.270481144343,403.1209362808843,-2165.1495448634587,0.2731144343302991,0.03836150845253576,0.002789336801040312,99.66666666666667,92.4,98.2,90.43434400000001,60,100,4133.333333333333,10.253333333333334
mostly19-88bc-42e6-b8a3-543b34e891da,mostly44-202d-4b2b-8da4-4d1d4bb1a0ba,2023-04-01,81050.0,90.1,98.5,3.1,0.7,99.7,1,0,5980.0,9180,49.1,56300,33637.5,3500,1295,4050,1820,284,10350,185,1080.0,Zenith Industrial Gases Center,"Odense, Denmark",Industrial Gases,220000,540,22662.5,40.253108348134994,12596.5,22.373889875666077,12312.5,21.869449378330373,11047.5,19.622557726465363,95.49999999999999,415.0215916101172,694.6329426280074,279.61135101789023,0.07378161628624307,0.11326341764342998,0.0006057988895743369,99.56944444444444,90.1,99.3,89.08408495833332,80,100,104259.25925925926,150.09259259259258
mostly49-aaf0-42c4-a6bf-94423ea4788c,mostly54-2ddc-4872-873b-4052e1b4490c,2025-05-01,50120.0,88.8,93.3,8.7,0.7,97.1,1,0,5140.0,14350,9.4,56300,42000.0,24050,5750,3500,1250,1430,5660,59,745.0,GreenLeaf Agrochem Ltd.,"Shanghai, China",Agrochemicals,480000,3200,14300.0,25.399644760213143,10070.0,17.886323268206038,8640.0,15.346358792184725,7836.0,13.918294849023091,92.64,837.9888268156425,1123.3040702314445,285.315243415802,0.10255387071029529,0.28631284916201116,0.00018754988028731046,98.79166666666666,88.8,99.3,87.112911,80,100,17593.75,15.6625
mostlycf-500e-4c63-8d5b-f8541e062354,mostly59-c3e9-40f7-ac4f-b346f6bae76c,2023-01-01,73560.0,76.0,95.3,1.9,0.88,98.0,1,1,1180.0,15340,140.0,6425,4990.0,3100,7400,4020,1050,880,8710,210,2300.0,Zenith Industrial Gases Center,"Odense, Denmark",Specialty Chemicals,480000,1500,1435.0,22.334630350194555,-6395.0,-99.53307392996109,-7275.0,-113.2295719844358,-9785.0,-152.29571984435796,88.39000000000001,67.8357803153888,87.3436650353453,19.507884719956493,0.016041326808047852,0.20853724850462207,0.0019032082653616096,99.73611111111111,76.0,99.12,75.13240933333336,80,70,4283.333333333333,49.04
mostlyd0-347b-48d4-a0da-0c21c855ef39,mostly62-759f-49d8-a424-34f052c4866c,2025-04-01,14250.0,99.0,94.2,3.1,1.8,97.7,0,0,1330.0,9160,44.2,6460,42000.0,3430,5800,452,990,1430,5400,168,197.0,Zenith Industrial Gases Center,"Odense, Denmark",Agrochemicals,310000,1500,-35540.0,-550.1547987616099,-39510.0,-611.6099071207431,-40940.0,-633.7461300309598,-41305.0,-639.3962848297214,97.17,2947.3684210526317,453.3333333333333,-2494.035087719298,0.09333333333333334,0.6428070175438596,0.0031017543859649123,99.56944444444444,99.0,98.2,96.79942249999999,100,100,4306.666666666667,9.5
mostly40-107e-44a7-aceb-4bc7ffe295d0,mostly63-ad26-4687-af9d-0c9618738954,2025-03-01,9100.0,81.0,95.1,5.5,0.92,98.1,1,0,1320.0,14200,9.8,6820,26550.0,3180,1365,4050,201,1400,8280,153,2312.5,GreenLeaf Agrochem Ltd.,"Odense, Denmark",Specialty Chemicals,220000,860,-19730.0,-289.2961876832845,-26610.0,-390.1759530791789,-28010.0,-410.7038123167156,-30475.5,-446.85483870967744,90.36000000000001,2917.5824175824177,749.4505494505495,-2168.131868131868,0.14505494505494507,1.5604395604395604,0.001076923076923077,99.23611111111111,81.0,99.08,79.6417425,80,100,7930.232558139535,10.581395348837209
mostly05-3da6-42b5-9ec4-5427a9c3787b,mostly6c-0f1f-4f56-8d59-43a4e56f0674,2023-05-01,44850.0,86.8,94.8,1.2,0.85,97.6,1,1,5800.0,540,51.0,6420,36000.0,3370,7550,452,224,1420,1305,61,178.0,Nordic Specialty Plastics Plant,"Odense, Denmark",Petrochemical,310000,2100,-29580.0,-460.74766355140184,-29465.0,-458.9563862928349,-30885.0,-481.0747663551401,-31124.0,-484.797507788162,92.43999999999998,802.6755852842809,143.1438127090301,-659.5317725752509,0.12931995540691194,0.012040133779264214,0.001137123745819398,99.83333333333333,86.8,99.15,85.918763,80,70,3057.1428571428573,21.357142857142858
mostlycc-cf35-4381-95d8-19a4e54b7f0d,mostly6f-0d72-49bb-a495-4d980ea68d41,2023-10-01,45200.0,89.5,96.1,1.9,1.6,97.9,1,1,5880.0,8980,7.0,53450,42450.0,3360,4200,454,1220,645,1345,63,186.0,GreenLeaf Agrochem Ltd.,"Port Elizabeth, South Africa",Industrial Gases,900000,860,11000.0,20.5799812909261,10300.0,19.270346117867167,9655.0,18.06361085126286,9406.0,17.5977549111319,94.00000000000001,939.1592920353983,1182.5221238938052,243.36283185840693,0.13008849557522123,0.1986725663716814,0.00015486725663716813,99.73611111111111,89.5,98.4,87.83559833333334,80,70,62151.16279069767,52.55813953488372
mostly17-9d6a-4be9-a330-119c01a0c025,mostly78-2094-4a64-ba04-eda5dd04a086,2023-01-01,46250.0,82.6,94.8,3.2,0.87,99.2,2,0,7100.0,9010,46.5,50650,4650.0,3200,7000,2580,224,890,4800,58,910.0,Zenith Industrial Gases Center,Singapore,Petrochemical,310000,540,46000.0,90.81934846989141,42090.0,83.09970384995064,41200.0,81.34254689042449,40232.0,79.43139190523199,91.24,100.54054054054055,1095.1351351351352,994.5945945945947,0.1535135135135135,0.1948108108108108,0.0010054054054054054,99.55555555555556,82.6,99.13,81.51746275555554,60,100,93796.29629629629,85.64814814814815
mostly80-62b9-4403-8798-10a6a660e09e,mostly78-6843-47de-b058-eb46723a75a7,2023-08-01,15380.0,94.0,96.6,1.6,0.78,98.0,1,0,7320.0,8580,44.2,6360,40150.0,21920,6520,2560,1600,289,7400,188,193.0,Zenith Industrial Gases Center,"Shanghai, China",Agrochemicals,310000,3200,-33790.0,-531.2893081761007,-40901.0,-643.0974842767296,-41190.0,-647.6415094339623,-41571.0,-653.6320754716982,95.98,2610.5331599479846,413.52405721716514,-2197.0091027308194,0.4759427828348505,0.5578673602080624,0.0028738621586475947,99.77777777777777,94.0,99.22,93.05954044444444,80,100,1987.5,4.80625
mostlya2-fe89-4562-816f-a7c2bfd676bd,mostly7a-46e2-4205-8d8d-4f12d545a33c,2024-03-01,14250.0,92.3,96.1,5.3,0.2,96.8,1,0,860.3,13210,5.6,52500,33600.0,17650,1200,2580,1050,1470,5060,155,192.0,GreenLeaf Agrochem Ltd.,"Shanghai, China",Agrochemicals,310000,3200,18900.0,36.0,15310.0,29.16190476190476,13840.0,26.361904761904764,13493.0,25.70095238095238,94.78999999999999,2357.8947368421054,3684.2105263157896,1326.3157894736842,0.0603719298245614,0.9270175438596491,0.00039298245614035086,99.2638888888889,92.3,99.8,91.43732830555555,80,100,16406.25,4.453125
mostly42-15fd-4d4e-9e16-02d07d07d494,mostly7a-7b82-4661-86c1-0b3a2c084d49,2023-02-01,8800.0,78.0,97.4,3.6,0.87,98.4,0,0,5800.0,14450,142.0,6660,41850.0,24500,7100,4210,195,1420,5460,153,1005.0,Nordic Specialty Plastics Plant,"Houston, United States",Specialty Chemicals,220000,860,-35190.0,-528.3783783783784,-39230.0,-589.039039039039,-40650.0,-610.3603603603603,-41808.0,-627.7477477477478,89.94000000000001,4755.681818181818,756.8181818181819,-3998.863636363636,0.6590909090909091,1.6420454545454546,0.016136363636363636,99.5,78.0,99.13,76.934793,100,100,7744.186046511628,10.232558139534884
mostly0b-4b5b-42d7-951b-b09036572f9f,mostly89-1676-407e-a736-b5c01ff93138,2025-05-01,45200.0,94.1,94.4,5.4,1.2,99.7,1,0,5790.0,17320,150.0,55000,40650.0,18900,5500,2560,224,628,4900,160,2312.5,Aurora Petrochemicals Complex,"Port Elizabeth, South Africa",Industrial Gases,310000,540,14350.0,26.090909090909093,10078.0,18.323636363636364,9450.0,17.18181818181818,6977.5,12.686363636363637,95.86999999999999,899.3362831858407,1216.8141592920354,317.4778761061947,0.12809734513274337,0.3831858407079646,0.00331858407079646,99.25,94.1,98.8,92.27351900000001,80,100,101851.85185185185,83.70370370370371
mostlyd8-2719-425a-9418-cc387ad6ed48,mostly9d-1e33-486f-ab67-fbeed1945f92,2023-01-01,10450.0,95.3,96.0,8.5,1.5,98.0,1,0,5010.0,8750,49.7,43520,4720.0,22650,4601,470,1100,265,1280,220,970.0,Nordic Specialty Plastics Plant,"Shanghai, China",Agrochemicals,220000,540,38800.0,89.15441176470588,37785.0,86.82215073529412,37520.0,86.21323529411765,36330.0,83.47886029411765,96.32000000000001,451.67464114832535,4164.593301435407,3712.9186602870814,0.47942583732057414,0.8373205741626795,0.00475598086124402,98.81944444444444,95.3,98.5,92.7623065972222,80,100,80592.5925925926,19.35185185185185
mostlyac-a7cb-4db1-867a-c98f705977b4,mostlya7-fcf7-4455-9b2f-19eb0fd41fa6,2023-03-01,10780.0,93.9,92.6,3.1,0.3,97.6,1,1,6900.0,17320,42.9,49000,34200.0,26150,4601,4180,218,618,8280,145,1050.0,GreenLeaf Agrochem Ltd.,"Odense, Denmark",Polymers,310000,3200,14800.0,30.20408163265306,7138.0,14.567346938775511,6520.0,13.306122448979593,5325.0,10.86734693877551,94.61999999999999,3172.5417439703156,4545.454545454545,1372.9128014842295,0.640074211502783,1.6066790352504638,0.003979591836734694,99.56944444444444,93.9,99.7,93.21522120833335,80,70,15312.5,3.36875
mostly68-13ed-4918-84f6-acbb324cdfea,mostlyaa-e8ae-43bc-b45a-e54663f90d39,2023-02-01,9700.0,78.5,97.5,8.7,1.8,98.8,1,0,6220.0,12860,6.1,51900,34507.5,3230,5500,4210,920,276,1325,62,2242.5,Zenith Industrial Gases Center,"Port Elizabeth, South Africa",Industrial Gases,310000,1500,17392.5,33.51156069364162,16343.5,31.490366088631983,16067.5,30.95857418111753,13763.0,26.518304431599226,90.29,3557.4742268041236,5350.515463917526,1793.0412371134025,0.6412371134020619,1.3257731958762886,0.0006288659793814433,98.79166666666666,78.5,98.2,76.15553208333333,80,100,34600.0,6.466666666666667
mostly7e-db32-4258-ba5a-5ad0ba7d7798,mostlyb2-b784-45e2-a7f5-300e1a30c7fc,2024-09-01,15820.0,97.0,92.7,5.4,1.2,96.5,1,0,6450.0,9060,9.3,57600,36450.0,20500,1295,3990,1030,1400,9100,195,1020.0,GreenLeaf Agrochem Ltd.,"Shanghai, China",Specialty Chemicals,220000,540,21150.0,36.71875,13450.0,23.350694444444446,12050.0,20.92013888888889,10835.0,18.81076388888889,95.56,2304.0455120101137,3640.960809102402,1336.9152970922883,0.4077117572692794,0.572692793931732,0.0005878634639696587,99.25,97.0,98.8,95.11723,80,100,106666.66666666667,29.296296296296298
mostly76-4513-4257-bca7-7d6674de1d46,mostlyb3-6de1-444e-bb2b-db078b60974c,2023-11-01,44850.0,82.0,95.9,6.2,1.3,97.2,1,1,4740.0,13340,5.8,6680,39050.0,3520,4800,2300,1820,1520,1295,61,798.0,Nordic Specialty Plastics Plant,"Odense, Denmark",Agrochemicals,720000,2100,-32370.0,-484.5808383233533,-32145.0,-481.2125748502994,-33665.0,-503.9670658682635,-34524.0,-516.8263473053893,90.73,870.680044593088,148.94091415830547,-721.7391304347825,0.10568561872909699,0.29743589743589743,0.00012931995540691192,99.13888888888889,82.0,98.7,80.23706833333333,80,70,3180.9523809523807,21.357142857142858
mostly66-4933-4af9-856a-72534cab8096,mostlyb6-bb83-4b5d-a5ca-6d6a07bd2ade,2023-01-01,15820.0,78.2,95.5,7.4,1.4,98.1,1,0,6180.0,9060,46.0,50600,32000.0,3180,5400,1950,1250,620,9000,185,190.0,Aurora Petrochemicals Complex,"Port Elizabeth, South Africa",Petrochemical,310000,540,18600.0,36.75889328063241,10220.0,20.197628458498023,9600.0,18.972332015810274,9225.0,18.231225296442688,89.36,2022.75600505689,3198.482932996207,1175.7269279393172,0.3906447534766119,0.572692793931732,0.0029077117572692793,98.97222222222223,78.2,98.6,76.3127298888889,80,100,93703.70370370371,29.296296296296298
mostly4a-0bb0-4143-8038-77c9bda95853,mostlyb9-9300-4ba4-b04c-e7c8ecef616a,2023-10-01,48860.0,84.7,92.3,8.7,1.4,98.4,1,0,1250.0,9010,8.7,44950,33900.0,25050,1240,454,1100,955,9900,140,185.0,GreenLeaf Agrochem Ltd.,"Houston, United States",Polymers,220000,1500,11050.0,24.582869855394883,2105.0,4.682981090100111,1150.0,2.5583982202447166,825.0,1.8353726362625138,91.08999999999999,693.8190749079001,919.9754400327466,226.1563651248465,0.025583299222267705,0.1844044207941056,0.0001780597625869832,98.79166666666666,84.7,98.6,82.50507008333332,80,100,29966.666666666668,32.57333333333333
mostlya1-8cdb-4b43-a39b-4176c2839ffd,mostlybf-daa1-4491-9752-b83928c87cf0,2025-05-01,8200.0,87.5,96.2,6.2,0.25,99.5,1,0,5400.0,16190,134.0,56000,26000.0,21050,1295,462,224,271,9004,250,189.0,Nordic Specialty Plastics Plant,"Port Elizabeth, South Africa",Agrochemicals,480000,3200,30000.0,53.57142857142857,21267.0,37.97678571428572,20996.0,37.49285714285715,20557.0,36.70892857142857,93.71000000000001,3170.731707317073,6829.268292682927,3658.5365853658536,0.6585365853658537,1.974390243902439,0.016341463414634147,99.13888888888889,87.5,99.75,86.52966145833334,80,100,17500.0,2.5625
mostly7f-f8bd-4298-9e12-7a0ca92b3320,mostlyc5-c789-419a-a952-0eba208a5cc0,2023-03-01,46010.0,95.3,94.7,4.0,1.2,97.7,1,0,7320.0,585,127.0,55100,34050.0,3320,1350,485,190,920,9450,63,970.0,GreenLeaf Agrochem Ltd.,"Port Elizabeth, South Africa",Agrochemicals,220000,3200,21050.0,38.203266787658805,12520.0,22.722323049001815,11600.0,21.052631578947366,10567.0,19.17785843920145,95.83999999999999,740.0565094544664,1197.565746576831,457.50923712236465,0.15909584872853727,0.012714627254944577,0.0027602695066289936,99.44444444444444,95.3,98.8,93.63330888888889,80,100,17218.75,14.378125
mostly2f-4ecd-4177-af66-a4b457f34d47,mostlyc5-cc27-4e4b-bdb4-6b9b051c0714,2024-06-01,49900.0,87.1,93.2,1.0,1.5,97.2,1,0,6030.0,510,9.0,46010,31500.0,23125,4520,4240,1250,635,10000,156,810.0,Horizon Polymers Campus,"Shanghai, China",Industrial Gases,310000,540,14510.0,31.536622473375353,5145.0,11.182351662682025,4510.0,9.802216909367528,3544.0,7.702673331884373,91.96000000000001,631.2625250501002,922.0440881763527,290.78156312625254,0.12084168336673347,0.010220440881763528,0.00018036072144288578,99.86111111111111,87.1,98.5,85.6743423611111,80,100,85203.70370370371,92.4074074074074
mostly41-6469-4cc4-b358-6af300b9a048,mostlyd2-17a5-447a-b00f-1610fd6cf6d5,2023-12-01,46000.0,88.2,95.5,2.8,0.95,98.6,1,0,5930.0,14700,47.6,6960,5010.0,18900,4384,4240,980,950,10240,185,2312.5,Nordic Specialty Plastics Plant,"Port Elizabeth, South Africa",Specialty Chemicals,310000,3200,1950.0,28.01724137931034,-7340.0,-105.45977011494251,-8290.0,-119.10919540229885,-10787.5,-154.99281609195404,93.51,108.91304347826087,151.30434782608697,42.39130434782609,0.12891304347826088,0.31956521739130433,0.0010347826086956522,99.61111111111111,88.2,99.05,87.0223585,80,100,2175.0,14.375
mostly3e-088e-4459-a7f0-6d3374063d83,mostlyd3-11a5-4b50-8790-19b86e9e9975,2023-06-01,10250.0,85.0,93.6,1.2,1.0,98.1,2,0,5680.0,14350,133.0,6350,31500.0,20350,7550,2480,920,618,1285,188,1385.0,Nordic Specialty Plastics Plant,"Houston, United States",Specialty Chemicals,720000,860,-25150.0,-396.06299212598424,-25817.0,-406.56692913385825,-26435.0,-416.29921259842524,-28008.0,-441.0708661417323,91.51,3073.170731707317,619.5121951219512,-2453.6585365853657,0.5541463414634147,1.4,0.01297560975609756,99.83333333333333,85.0,99.0,84.00975,60,100,7383.720930232558,11.918604651162791
mostly69-2b0c-4c49-b380-e572fb30468f,mostlyd6-b834-4855-bd11-7daada02dde1,2024-10-01,15820.0,87.8,97.1,3.9,0.7,99.0,0,0,5750.0,13850,136.0,52050,33350.0,23125,1310,3600,1050,900,5340,69,910.0,Nordic Specialty Plastics Plant,"Odense, Denmark",Agrochemicals,480000,860,18700.0,35.92699327569645,14260.0,27.39673390970221,13360.0,25.66762728146014,12381.0,23.786743515850144,93.95,2108.0910240202275,3290.139064475348,1182.0480404551204,0.3634639696586599,0.8754740834386852,0.008596713021491783,99.45833333333334,87.8,99.3,86.71314575000001,100,100,60523.25581395349,18.3953488372093
mostlyb9-295d-4787-8bfa-232dd4baa253,mostlyda-790f-41ae-8bf1-7f121af10997,2024-06-01,9100.0,93.0,96.5,5.2,1.0,98.3,0,1,5880.0,13750,50.9,50120,28900.0,19000,6200,428,1220,610,8200,270,197.0,Nordic Specialty Plastics Plant,"Odense, Denmark",Specialty Chemicals,310000,2100,21220.0,42.33838786911412,13630.0,27.194732641660014,13020.0,25.977653631284912,12553.0,25.04588986432562,95.63999999999999,3175.8241758241757,5507.692307692308,2331.868131868132,0.6461538461538462,1.510989010989011,0.005593406593406593,99.27777777777777,93.0,99.0,91.40505,100,70,23866.666666666668,4.333333333333333
mostly28-2012-4e51-a384-a5370f56b7ae,mostlydc-ed6d-412a-9c7e-35136fb68bb5,2025-03-01,50120.0,97.0,97.6,4.2,0.89,96.5,0,0,5340.0,13300,150.0,6350,40850.0,3280,6100,493,1650,1295,5320,200,1405.0,GreenLeaf Agrochem Ltd.,Singapore,Specialty Chemicals,900000,540,-34500.0,-543.3070866141733,-38525.0,-606.6929133858267,-39820.0,-627.0866141732283,-41425.0,-652.3622047244095,97.03,815.0438946528332,126.69592976855547,-688.3479648842776,0.10654429369513169,0.26536312849162014,0.0029928172386272946,99.41666666666666,97.0,99.11,95.57590258333332,100,100,11759.25925925926,92.81481481481481
mostly14-4b9b-494a-8e96-88d0dc4aa750,mostlye4-419d-4d08-9639-789ce6d03230,2023-03-01,73560.0,96.4,91.8,5.3,0.8,97.4,1,1,5840.0,15670,134.0,52500,31500.0,21850,1285,3850,195,1400,10040,220,2170.0,Zenith Industrial Gases Center,"Shanghai, China",Specialty Chemicals,480000,2100,21000.0,40.0,12360.0,23.542857142857144,10960.0,20.876190476190477,8570.0,16.323809523809523,95.32000000000001,428.2218597063622,713.7030995106036,285.4812398042414,0.07939097335508428,0.21302338227297443,0.001821642196846112,99.2638888888889,96.4,99.2,94.9248657777778,80,70,25000.0,35.02857142857143
mostly61-4bb6-4381-9828-78903e356dd0,mostlye6-a6d6-4fac-8296-564dfd183483,2023-01-01,15380.0,89.6,92.1,1.9,1.5,98.7,0,0,6100.0,8600,120.4,48450,34507.5,17000,4350,2480,940,612,1290,62,770.0,Horizon Polymers Campus,"Port Elizabeth, South Africa",Industrial Gases,900000,2100,13942.5,28.777089783281735,13264.5,27.377708978328176,12652.5,26.11455108359133,11820.5,24.397316821465427,93.08000000000001,2243.6605981794537,3150.1950585175555,906.5344603381018,0.3966189856957087,0.5591677503250976,0.007828348504551367,99.73611111111111,89.6,98.5,88.02310222222222,100,100,23071.428571428572,7.3238095238095235
mostly35-ba94-4ff0-abdd-2d308c106d86,mostlyeb-105a-4a9b-b2a0-d3949843c8c9,2023-07-01,10150.0,86.8,97.9,2.9,0.8,98.5,1,0,5820.0,16650,46.1,6840,36800.0,19500,6550,4210,1250,279,10560,250,187.0,Nordic Specialty Plastics Plant,"Shanghai, China",Agrochemicals,220000,860,-29960.0,-438.01169590643275,-40241.0,-588.3187134502924,-40520.0,-592.3976608187135,-40957.0,-598.7865497076024,93.64,3625.615763546798,673.8916256157636,-2951.7241379310344,0.5733990147783251,1.6403940886699508,0.004541871921182266,99.59722222222223,86.8,99.2,85.75878577777777,80,100,7953.488372093023,11.80232558139535
mostly1d-f8cb-43b2-a65e-2e9e4b4c8b61,mostlyeb-f4ba-4b55-b718-8ecb1d4850a0,2023-07-01,10250.0,78.4,93.2,4.0,0.82,96.8,2,1,5750.0,13340,5.6,6960,32200.0,26150,5750,452,1350,271,4300,270,755.0,Horizon Polymers Campus,"Port Elizabeth, South Africa",Industrial Gases,220000,860,-25240.0,-362.64367816091954,-29269.0,-420.53160919540227,-29540.0,-424.42528735632186,-30565.0,-439.15229885057465,88.36,3141.4634146341464,679.0243902439024,-2462.439024390244,0.5609756097560976,1.3014634146341464,0.0005463414634146341,99.44444444444444,78.4,99.18,77.325136,60,70,8093.023255813953,11.918604651162791
mostly4d-1006-4f12-ae03-06efe026eb2a,mostlyf3-9c94-4094-a8c9-7f546863a750,2023-11-01,16020.0,76.0,98.5,4.7,1.4,99.8,1,0,6500.0,13350,44.2,6480,32300.0,20600,6550,2520,1600,287,8784,145,1020.0,GreenLeaf Agrochem Ltd.,"Houston, United States",Polymers,220000,540,-25820.0,-398.4567901234568,-34317.0,-529.5833333333334,-34604.0,-534.0123456790124,-35769.0,-551.9907407407408,89.89,2016.2297128589264,404.4943820224719,-1611.7353308364545,0.40574282147315854,0.8333333333333334,0.0027590511860174785,99.34722222222221,76.0,98.6,74.44683444444443,80,100,12000.0,29.666666666666668
mostly5b-e2a2-4847-8fad-e76cc41a8f92,mostlyf4-ce46-463a-a097-67d7ff1942d9,2025-01-01,81050.0,88.2,92.8,5.2,0.88,99.6,1,0,6030.0,8780,134.0,6480,5030.0,20600,5400,2150,1600,1280,9004,178,810.0,Zenith Industrial Gases Center,"Port Elizabeth, South Africa",Specialty Chemicals,900000,860,1450.0,22.376543209876544,-6274.0,-96.82098765432099,-7554.0,-116.57407407407408,-8542.0,-131.820987654321,93.0,62.060456508328194,79.95064774830351,17.890191239975316,0.0743985194324491,0.10832819247378161,0.0016533004318322023,99.27777777777777,88.2,99.12,86.79244560000001,80,100,7534.883720930233,94.24418604651163
mostly35-8266-47f4-9953-803e069a1b39,mostlyf6-b04f-4b31-9966-024a241c2450,2025-01-01,10980.0,88.0,95.5,1.2,1.4,95.9,0,0,1320.0,16240,145.0,45750,4780.0,3420,1285,481,205,1335,8400,58,1080.0,Nordic Specialty Plastics Plant,"Odense, Denmark",Agrochemicals,720000,3200,40970.0,89.55191256830601,33905.0,74.10928961748634,32570.0,71.19125683060109,31432.0,68.70382513661201,92.62000000000002,435.3369763205829,4166.666666666667,3731.329690346084,0.12021857923497267,1.4790528233151183,0.013205828779599272,99.83333333333333,88.0,98.6,86.62338666666666,100,100,14296.875,3.43125
mostly73-5b04-4337-995c-55a692b26047,mostlyfa-c5f5-4788-8ec4-467088d908e6,2023-01-01,74820.0,90.0,92.1,6.3,0.86,96.8,1,0,5570.0,13210,9.5,52000,28900.0,17650,5580,1800,212,642,9620,190,805.0,GreenLeaf Agrochem Ltd.,Singapore,Specialty Chemicals,900000,860,23100.0,44.42307692307692,14122.0,27.15769230769231,13480.0,25.92307692307692,12485.0,24.009615384615383,92.67,386.26035819299653,695.0013365410318,308.7409783480353,0.07444533547179899,0.17655707030205828,0.00012697139802191927,99.12500000000001,90.0,99.14,88.44527250000003,80,100,60465.11627906977,87.0
mostly60-2ec5-4653-a991-529b67875e21,mostlyfa-fb5b-407e-ad1e-8b9303a5b640,2024-05-01,15300.0,93.9,97.5,3.4,1.2,97.7,1,0,5950.0,14850,7.5,43520,33765.0,19000,4355,481,215,289,4810,148,872.0,Zenith Industrial Gases Center,Singapore,Agrochemicals,720000,540,9755.0,22.414981617647058,5234.0,12.026654411764707,4945.0,11.362591911764707,3925.0,9.018841911764707,96.12,2206.8627450980393,2844.4444444444443,637.581699346405,0.3888888888888889,0.9705882352941176,0.0004901960784313725,99.52777777777779,93.9,98.8,92.33510433333333,80,100,80592.5925925926,28.333333333333332
mostly06-f19d-4a12-aff2-12f5727ef95b,mostlyfb-07df-48c0-b2f9-ef4db0e080d7,2024-05-01,11120.0,84.9,92.2,9.8,0.92,99.7,1,0,980.0,510,6.4,51900,4940.0,17650,5580,3950,224,993,10350,200,1005.0,Horizon Polymers Campus,"Port Elizabeth, South Africa",Specialty Chemicals,480000,540,46960.0,90.48169556840077,37603.0,72.45279383429673,36610.0,70.53949903660886,35405.0,68.21772639691714,91.53,444.24460431654677,4667.26618705036,4223.021582733813,0.08812949640287769,0.045863309352517985,0.0005755395683453237,98.6388888888889,84.9,99.08,82.97396803333335,80,100,96111.11111111111,20.59259259259259
mostlyc3-1a57-42b1-98f4-9e65d9450322,mostlyfb-088f-4bac-b2b6-c42ba07b63a2,2023-01-01,10150.0,90.1,96.1,2.4,0.9,98.6,1,0,6650.0,9220,6.2,49750,4820.0,3100,6520,4500,200,910,9830,200,180.0,GreenLeaf Agrochem Ltd.,"Port Elizabeth, South Africa",Specialty Chemicals,220000,3200,44930.0,90.31155778894473,36010.0,72.3819095477387,35100.0,70.55276381909547,34720.0,69.7889447236181,94.45000000000002,474.8768472906404,4901.477832512315,4426.600985221675,0.6551724137931034,0.9083743842364532,0.0006108374384236453,99.66666666666667,90.1,99.1,88.99146966666666,80,100,15546.875,3.171875
mostlye7-9a44-42e8-899d-c06a0eb3bc63,mostlyfe-1b7b-494b-b25c-d2c6fcbc5350,2023-12-01,15960.0,83.8,92.1,9.8,0.95,99.5,1,0,6100.0,14490,43.5,54800,26550.0,25150,5150,490,193,922,7800,185,1470.0,GreenLeaf Agrochem Ltd.,"Houston, United States",Industrial Gases,720000,860,28250.0,51.55109489051095,21372.0,39.0,20450.0,37.31751824817518,18795.0,34.29744525547445,90.99999999999999,1663.5338345864661,3433.5839598997495,1770.0501253132834,0.38220551378446116,0.9078947368421053,0.002725563909774436,98.6388888888889,83.8,99.05,81.87412469444445,80,100,63720.93023255814,18.558139534883722
mostly91-b1dd-4d1b-b1df-413615bda44b,mostly03-e230-4b86-89e3-2437361d2a1b,2023-09-01,68040.0,88.8,96.2,4.5,1.4,97.6,1,0,4620.0,13340,149.0,42800,4800.0,3280,1305,1800,920,1180,5400,151,900.0,GreenLeaf Agrochem Ltd.,"Odense, Denmark",Specialty Chemicals,310000,1500,38000.0,88.78504672897196,33780.0,78.92523364485982,32600.0,76.16822429906543,31549.0,73.71261682242991,93.66000000000001,70.54673721340389,629.0417401528513,558.4950029394474,0.06790123456790123,0.19606114050558496,0.002189888300999412,99.375,88.8,98.6,87.00957,80,100,28533.333333333332,45.36
mostlyfc-928c-451c-8a79-7c2b74bc66fc,mostly07-3886-4b9c-8a2b-dca52e1984cc,2024-11-01,8200.0,76.0,95.9,2.9,0.95,98.6,2,0,4620.0,8200,6.3,44950,27900.0,3420,6000,466,1900,1400,8000,152,720.0,GreenLeaf Agrochem Ltd.,"Port Elizabeth, South Africa",Specialty Chemicals,310000,3200,17050.0,37.93103448275862,10450.0,23.24805339265851,9050.0,20.133481646273637,8178.0,18.193548387096776,88.75000000000001,3402.439024390244,5481.707317073171,2079.268292682927,0.5634146341463414,1.0,0.0007682926829268293,99.59722222222223,76.0,99.05,74.97479694444445,60,100,14046.875,2.5625
mostly59-3cbe-44ca-860b-c4d9e03aae1b,mostly07-cd99-43d0-8285-01fdc02e6e47,2023-12-01,39760.0,85.0,94.7,4.3,0.75,96.8,1,0,4480.0,17650,120.4,55800,31900.0,19980,6040,3850,193,955,9620,180,755.0,Aurora Petrochemicals Complex,"Houston, United States",Industrial Gases,480000,540,23900.0,42.831541218637994,15235.0,27.302867383512545,14280.0,25.591397849462368,13345.0,23.915770609318994,91.45,802.3138832997988,1403.420523138833,601.1066398390342,0.11267605633802817,0.44391348088531185,0.0030281690140845073,99.40277777777779,85.0,99.25,83.85866840277778,80,100,103333.33333333333,73.62962962962963
mostly35-c810-4e82-a071-486e03b9ad7c,mostly0b-fb2d-457c-9452-28988817db5a,2024-05-01,8800.0,96.4,92.1,2.4,0.3,97.8,1,1,5520.0,9160,125.0,51000,40650.0,23125,1305,449,970,1400,1290,215,192.0,Nordic Specialty Plastics Plant,"Odense, Denmark",Specialty Chemicals,900000,540,10350.0,20.294117647058822,10460.0,20.50980392156863,9060.0,17.764705882352942,8653.0,16.966666666666665,95.53,4619.318181818182,5795.454545454545,1176.136363636363,0.6272727272727273,1.040909090909091,0.014204545454545454,99.66666666666667,96.4,99.7,95.79043066666668,80,70,94444.44444444444,16.296296296296298
mostly8b-cce2-4732-80dc-5ccc96f00569,mostly14-961f-4774-b83f-89889f11a6ae,2024-05-01,46250.0,95.3,97.6,1.2,0.89,96.3,2,0,960.0,14350,8.0,54700,36800.0,20350,6550,1800,850,1400,4520,260,785.0,GreenLeaf Agrochem Ltd.,"Odense, Denmark",Specialty Chemicals,480000,1500,17900.0,32.72394881170018,14780.0,27.020109689213896,13380.0,24.46069469835466,12335.0,22.550274223034737,96.28999999999999,795.6756756756756,1182.7027027027027,387.0270270270271,0.020756756756756756,0.31027027027027027,0.00017297297297297297,99.83333333333333,95.3,99.11,94.29441028333332,60,100,36466.666666666664,30.833333333333332
mostly94-4d14-499e-bdfa-a1acc42207b4,mostly16-b055-4b92-b52f-4a869e53cd33,2023-04-01,15040.0,87.8,89.7,6.2,1.2,96.5,1,0,5550.0,14120,9.7,56300,4650.0,19980,1325,478,1850,1180,10560,69,730.0,GreenLeaf Agrochem Ltd.,"Houston, United States",Petrochemical,220000,860,51650.0,91.74067495559503,42270.0,75.07992895204264,41090.0,72.98401420959148,40291.0,71.56483126110125,90.98,309.1755319148936,3743.351063829787,3434.1755319148933,0.3690159574468085,0.9388297872340425,0.0006449468085106383,99.13888888888889,87.8,98.8,85.99941711111111,80,100,65465.11627906977,17.488372093023255
mostly7d-e829-421f-b069-9c5e84f21a2d,mostly17-fa72-4dea-8e8c-7998b1f4e06f,2023-08-01,65200.0,91.6,94.4,7.9,0.95,98.6,1,0,7320.0,560,49.7,51000,4650.0,24450,4625,470,1720,288,1260,200,872.0,Zenith Industrial Gases Center,"Port Elizabeth, South Africa",Industrial Gases,220000,540,46350.0,90.88235294117646,45378.0,88.97647058823529,45090.0,88.41176470588236,44018.0,86.30980392156863,94.54,71.31901840490798,782.2085889570552,710.8895705521472,0.11226993865030675,0.008588957055214725,0.0007622699386503068,98.90277777777779,91.6,99.05,89.73429247222222,80,100,94444.44444444444,120.74074074074075
mostlya0-6683-4878-9737-919144bc7dfc,mostly21-8842-49a4-871a-e936721d11b9,2023-08-01,48860.0,78.0,94.8,6.3,1.8,99.4,1,1,1290.0,610,43.8,53550,4880.0,22410,1250,2000,222,630,7000,215,1030.0,Aurora Petrochemicals Complex,"Port Elizabeth, South Africa",Specialty Chemicals,220000,860,48670.0,90.88702147525677,42300.0,78.99159663865547,41670.0,77.81512605042018,40425.0,75.49019607843137,89.46000000000001,99.87720016373312,1095.9885386819485,996.1113385182153,0.02640196479738027,0.012484650020466639,0.0008964388047482603,99.12500000000001,78.0,98.2,75.92578500000002,80,70,62267.441860465115,56.81395348837209
mostly05-84c4-4a4b-bbc8-7ca9623db272,mostly23-c1e3-404f-9978-e4c1606bd2a4,2023-01-01,15300.0,88.2,94.8,12.3,1.4,96.7,1,1,6200.0,14350,8.7,44000,4760.0,26250,5450,487,1850,1500,1270,165,880.0,Horizon Polymers Campus,"Odense, Denmark",Polymers,220000,860,39240.0,89.18181818181819,39470.0,89.70454545454545,37970.0,86.29545454545455,36925.0,83.92045454545455,92.73,311.1111111111111,2875.8169934640523,2564.7058823529414,0.40522875816993464,0.9379084967320261,0.0005686274509803921,98.29166666666667,88.2,98.6,85.47954449999999,80,70,51162.79069767442,17.790697674418606
mostlyfb-1641-48e3-9799-c59daa25a9ee,mostly24-75d3-4c33-9fa1-6148064115b5,2023-06-01,55200.0,83.8,89.7,5.2,0.95,97.7,1,0,4200.5,14250,9.5,47250,41850.0,22750,1220,4300,215,1450,7950,280,204.0,Nordic Specialty Plastics Plant,"Odense, Denmark",Petrochemical,310000,540,5400.0,11.428571428571429,-1100.0,-2.328042328042328,-2550.0,-5.396825396825397,-3034.0,-6.421164021164021,89.74,758.1521739130435,855.9782608695652,97.82608695652175,0.07609601449275362,0.25815217391304346,0.00017210144927536233,99.27777777777777,83.8,99.05,82.40442738888888,80,100,87500.0,102.22222222222223
mostly31-6bc5-41a7-81d1-ea24192e794a,mostly27-ff64-483a-9ce2-cde487b54e8d,2023-06-01,10900.0,98.0,92.2,7.4,0.85,98.7,1,0,7100.0,510,47.6,46200,4780.0,21500,5580,2380,180,993,9100,188,189.0,Horizon Polymers Campus,"Houston, United States",Agrochemicals,310000,540,41420.0,89.65367965367965,33313.0,72.10606060606061,32320.0,69.95670995670996,31943.0,69.14069264069263,96.47000000000001,438.5321100917431,4238.532110091744,3800.0000000000005,0.6513761467889908,0.046788990825688076,0.00436697247706422,98.97222222222223,98.0,99.15,96.16833916666667,80,100,85555.55555555556,20.185185185185187
mostly74-9f8b-4331-bfe6-38ce7f0816d2,mostly2b-eb41-4c45-87f9-a2d9b98a0512,2025-05-01,81050.0,88.3,92.1,1.9,0.7,99.4,1,0,930.0,8730,148.0,49000,31500.0,21250,1285,4500,190,1460,8980,61,798.0,Nordic Specialty Plastics Plant,Singapore,Specialty Chemicals,220000,1500,17500.0,35.714285714285715,9980.0,20.367346938775512,8520.0,17.387755102040817,7661.0,15.63469387755102,92.77,388.64898210980874,604.5650832819248,215.91610117211604,0.011474398519432449,0.10771128932757557,0.0018260333127698952,99.73611111111111,88.3,99.3,87.45051720833334,80,100,32666.666666666668,54.03333333333333
mostlyca-963c-4e35-9006-9bc711f4e504,mostly2d-8e90-431f-88e0-aa59ccb808f6,2023-11-01,10850.0,95.3,92.1,2.7,0.15,97.2,1,0,1280.0,9010,8.9,48240,33600.0,3540,1200,481,1400,1520,1280,68,199.0,Nordic Specialty Plastics Plant,"Port Elizabeth, South Africa",Industrial Gases,310000,860,14640.0,30.34825870646766,14880.0,30.845771144278604,13360.0,27.69485903814262,13093.0,27.141376451077942,94.91,3096.7741935483873,4446.082949308756,1349.3087557603685,0.11797235023041475,0.8304147465437788,0.0008202764976958526,99.625,95.3,99.85,94.80021106249998,80,100,56093.023255813954,12.616279069767442
mostlyde-bd23-4d36-8e61-5379d072d50f,mostly30-607a-43ed-bab4-4d8de9274684,2024-02-01,15740.0,85.0,89.7,6.2,1.4,97.5,0,1,5850.0,13550,9.4,6820,40500.0,23005,1270,3400,185,922,1330,71,2064.0,Nordic Specialty Plastics Plant,Singapore,Agrochemicals,220000,540,-33680.0,-493.84164222873903,-34088.0,-499.8240469208211,-35010.0,-513.3431085043989,-37145.0,-544.6480938416422,90.16,2573.062261753494,433.2909783989835,-2139.7712833545106,0.37166454891994916,0.860864040660737,0.0005972045743329098,99.13888888888889,85.0,98.6,83.08830277777778,100,70,12629.62962962963,29.14814814814815
mostly9c-76ef-4bf4-92a8-ac576d47bf77,mostly33-29da-4fef-a00d-aed05b50b7a4,2024-01-01,15300.0,94.8,92.1,1.0,0.95,98.0,0,0,4200.5,8350,6.3,50120,32950.0,18250,5530,1860,1300,1260,9620,69,1010.0,GreenLeaf Agrochem Ltd.,"Odense, Denmark",Agrochemicals,220000,1500,17170.0,34.25778132482043,8810.0,17.57781324820431,7550.0,15.063846767757383,6471.0,12.911013567438149,94.95,2153.59477124183,3275.8169934640523,1122.2222222222222,0.27454248366013073,0.545751633986928,0.0004117647058823529,99.86111111111111,94.8,99.05,93.76898416666666,100,100,33413.333333333336,10.2
mostly12-b328-4512-802b-eb5f98f27ca8,mostly34-0d12-4ec9-af4a-10baf03ea964,2025-05-01,55200.0,93.0,94.2,3.2,0.3,97.6,1,0,4740.0,8980,8.9,48240,4925.0,19980,6020,420,212,1400,8400,190,903.0,Nordic Specialty Plastics Plant,Singapore,Specialty Chemicals,480000,860,43315.0,89.79063018242122,36315.0,75.27985074626866,34915.0,72.37769485903814,33822.0,70.11194029850746,94.74000000000001,89.22101449275362,873.9130434782609,784.6920289855072,0.08586956521739131,0.16268115942028985,0.00016123188405797102,99.55555555555556,93.0,99.7,92.30890666666667,80,100,56093.023255813954,64.18604651162791
mostlye0-2cf5-4760-adf8-e9e1a73e20b0,mostly34-70df-4c08-a73d-1c5d05804a66,2024-03-01,50650.0,90.0,94.6,5.5,0.4,99.4,1,0,6900.0,15940,44.3,6660,4780.0,25650,7250,2300,1280,612,1240,200,1345.0,Nordic Specialty Plastics Plant,"Shanghai, China",Specialty Chemicals,310000,540,1880.0,28.22822822822823,1252.0,18.7987987987988,640.0,9.60960960960961,-905.0,-13.588588588588587,94.2,94.37314906219152,131.49062191510365,37.11747285291213,0.1362290227048371,0.3147087857847976,0.000874629812438302,99.23611111111111,90.0,99.6,88.95525,80,100,12333.333333333334,93.79629629629629
mostlycc-51e4-4e36-95cc-f0d863da7f31,mostly38-99b2-4e72-9abc-04e54ebda318,2025-05-01,81050.0,84.7,96.8,2.0,0.89,96.2,1,1,1360.0,14490,6.4,52500,33600.0,24750,1280,2420,1760,285,1270,178,1300.0,Zenith Industrial Gases Center,"Port Elizabeth, South Africa",Polymers,220000,540,18900.0,36.0,17915.0,34.12380952380952,17630.0,33.58095238095238,16152.0,30.765714285714285,91.78,414.5589142504627,647.748303516348,233.18938926588527,0.016779765576804443,0.17877853177051203,7.896360271437385e-05,99.72222222222223,84.7,99.11,83.71298619444444,80,70,97222.22222222222,150.09259259259258
mostly64-3507-4f0b-9819-75705d50eb3c,mostly3d-07ee-4c7e-b97b-bd8c4c590562,2024-04-01,77980.0,95.2,92.9,3.8,1.2,96.5,1,1,5880.0,14500,50.9,52600,34687.5,22350,1250,2380,1720,1400,1348,160,2064.0,GreenLeaf Agrochem Ltd.,"Shanghai, China",Specialty Chemicals,310000,540,17912.5,34.0541825095057,17964.5,34.15304182509506,16564.5,31.491444866920155,14340.5,27.263307984790874,94.89999999999999,444.8255963067453,674.5319312644268,229.70633495768152,0.07540394973070018,0.18594511413182868,0.0006527314696075917,99.47222222222223,95.2,98.8,93.5611848888889,80,70,97407.4074074074,144.40740740740742
mostly08-02df-4e69-95f6-7edf1ab4b576,mostly3e-5718-4622-8e6a-4df993a1a435,2023-11-01,43520.0,82.0,94.2,4.1,0.2,96.9,1,0,7100.0,8350,152.0,55100,4800.0,3540,7100,468,880,1335,4700,270,1405.0,Zenith Industrial Gases Center,"Odense, Denmark",Specialty Chemicals,900000,2100,50300.0,91.2885662431942,46935.0,85.18148820326678,45600.0,82.75862068965517,43925.0,79.71869328493648,90.13,110.29411764705883,1266.0845588235295,1155.7904411764707,0.16314338235294118,0.1918658088235294,0.0034926470588235296,99.43055555555556,82.0,99.8,81.36998944444444,80,100,26238.095238095237,20.723809523809525
mostlyd8-0ab4-4aca-9ee8-53e5c2963bc5,mostly3e-d700-4222-a8a3-37b188162e1d,2023-05-01,45500.0,84.7,94.4,4.2,0.9,98.6,0,0,6450.0,13550,43.5,6550,4820.0,3440,1240,2380,223,890,5360,172,1065.0,GreenLeaf Agrochem Ltd.,"Odense, Denmark",Agrochemicals,480000,1500,1730.0,26.412213740458014,-2740.0,-41.832061068702295,-3630.0,-55.41984732824427,-4867.0,-74.30534351145039,91.78,105.93406593406593,143.95604395604394,38.021978021978015,0.14175824175824175,0.2978021978021978,0.0009560439560439561,99.41666666666666,84.7,99.1,83.44806341666666,100,100,4366.666666666667,30.333333333333332
mostlyde-2c33-4297-a75a-2cddfb7b15a3,mostly44-202d-4b2b-8da4-4d1d4bb1a0ba,2024-06-01,9100.0,94.1,98.5,2.2,1.4,96.9,1,0,6220.0,14700,52.3,6700,39500.0,3340,4120,2040,1500,260,5360,60,192.0,Zenith Industrial Gases Center,"Odense, Denmark",Industrial Gases,220000,540,-32800.0,-489.55223880597015,-37900.0,-565.6716417910447,-38160.0,-569.5522388059701,-38412.0,-573.3134328358209,96.25999999999999,4340.659340659341,736.2637362637363,-3604.395604395605,0.6835164835164835,1.6153846153846154,0.005747252747252747,99.69444444444444,94.1,98.6,92.4990976111111,80,100,12407.407407407407,16.85185185185185
mostlyd6-7054-48ea-8b39-4b570662eb55,mostly54-2ddc-4872-873b-4052e1b4490c,2025-02-01,49900.0,71.2,95.1,5.5,0.75,98.1,1,0,7100.0,14850,49.1,6700,4650.0,26250,7400,4200,222,1520,7800,60,950.0,GreenLeaf Agrochem Ltd.,"Shanghai, China",Agrochemicals,480000,3200,2050.0,30.597014925373134,-4230.0,-63.13432835820896,-5750.0,-85.82089552238806,-6760.0,-100.8955223880597,86.44000000000001,93.18637274549098,134.2685370741483,41.08216432865731,0.14228456913827656,0.29759519038076154,0.0009839679358717435,99.23611111111111,71.2,99.25,70.1261902777778,80,100,2093.75,15.59375
mostlyf8-ac32-402a-bb70-a8ec47f100f6,mostly59-c3e9-40f7-ac4f-b346f6bae76c,2023-01-01,52050.0,96.4,94.6,1.4,0.8,97.1,2,0,6030.0,15120,42.9,54800,34500.0,21920,7550,425,217,1280,10040,200,189.0,Zenith Industrial Gases Center,"Odense, Denmark",Specialty Chemicals,480000,1500,20300.0,37.04379562043796,11540.0,21.05839416058394,10260.0,18.722627737226276,9871.0,18.01277372262774,96.07,662.8242074927954,1052.83381364073,390.00960614793473,0.11585014409221903,0.2904899135446686,0.000824207492795389,99.80555555555556,96.4,99.2,95.44285511111113,60,100,36533.333333333336,34.7
mostly37-2914-4d1b-bb70-07101748d3a8,mostly62-759f-49d8-a424-34f052c4866c,2023-10-01,10450.0,73.6,97.9,1.0,1.8,96.7,1,1,1280.0,14950,52.3,6660,29600.0,3230,5750,4080,980,1430,9760,145,798.0,Zenith Industrial Gases Center,"Odense, Denmark",Agrochemicals,310000,1500,-22940.0,-344.44444444444446,-31270.0,-469.5195195195195,-32700.0,-490.990990990991,-33643.0,-505.1501501501502,87.82000000000001,2832.535885167464,637.3205741626795,-2195.215311004785,0.12248803827751197,1.430622009569378,0.005004784688995215,99.86111111111111,73.6,98.2,72.17481777777776,80,70,4440.0,6.966666666666667
mostly96-8249-487a-b72e-13c0d9d891bd,mostly63-ad26-4687-af9d-0c9618738954,2024-07-01,9400.0,94.0,95.5,2.2,0.6,97.7,1,0,1080.0,8450,6.1,43550,32300.0,25050,6350,481,222,645,4300,210,185.0,GreenLeaf Agrochem Ltd.,"Odense, Denmark",Specialty Chemicals,220000,860,11250.0,25.83237657864523,7595.0,17.439724454649827,6950.0,15.958668197474168,6555.0,15.05166475315729,95.56,3436.1702127659573,4632.978723404255,1196.8085106382978,0.1148936170212766,0.898936170212766,0.0006489361702127659,99.69444444444444,94.0,99.4,93.15050111111111,80,100,50639.53488372093,10.930232558139535
mostly3f-8826-43d3-a425-3e1d8bb71fe6,mostly6c-0f1f-4f56-8d59-43a4e56f0674,2023-08-01,43550.0,76.0,92.6,2.3,0.2,98.2,1,0,5010.0,14700,9.8,6475,37050.0,3240,1200,457,920,600,9450,70,1520.0,Nordic Specialty Plastics Plant,"Odense, Denmark",Petrochemical,310000,2100,-30575.0,-472.2007722007722,-39425.0,-608.8803088803089,-40025.0,-618.1467181467182,-41615.0,-642.7027027027027,87.64,850.7462686567164,148.6796785304248,-702.0665901262917,0.11504018369690011,0.3375430539609644,0.00022502870264064296,99.68055555555556,76.0,99.8,75.60570777777778,80,100,3083.3333333333335,20.738095238095237
mostly74-9a78-4f4c-a966-2cf7762c78de,mostly6f-0d72-49bb-a495-4d980ea68d41,2025-05-01,10980.0,95.0,89.7,1.4,1.8,98.1,2,1,6060.0,13550,5.6,46200,4820.0,25450,6050,3200,1220,1450,4800,200,1020.0,GreenLeaf Agrochem Ltd.,"Port Elizabeth, South Africa",Industrial Gases,900000,860,41380.0,89.56709956709956,38030.0,82.31601731601732,36580.0,79.17748917748918,35360.0,76.53679653679653,94.34,438.9799635701275,4207.650273224043,3768.670309653916,0.5519125683060109,1.2340619307832423,0.0005100182149362477,99.80555555555556,95.0,98.2,93.10860277777778,60,70,53720.93023255814,12.767441860465116
mostly03-a867-458e-9f72-9dd23d16eb6a,mostly78-2094-4a64-ba04-eda5dd04a086,2023-08-01,16620.0,87.8,95.3,6.2,1.3,99.1,2,0,5800.0,13340,140.0,51500,27900.0,3250,5400,2580,205,284,4400,215,1300.0,Zenith Industrial Gases Center,Singapore,Petrochemical,310000,540,23600.0,45.8252427184466,19484.0,37.83300970873786,19200.0,37.28155339805825,17685.0,34.33980582524272,93.44,1678.7003610108304,3098.676293622142,1419.9759326113117,0.3489771359807461,0.802647412755716,0.00842358604091456,99.13888888888889,87.8,98.7,85.91237316666667,60,100,95370.37037037036,30.77777777777778
mostlyba-6b71-44c5-8374-eeacf3f00c3c,mostly78-6843-47de-b058-eb46723a75a7,2023-04-01,43840.0,86.0,89.7,3.0,0.15,97.4,1,0,1100.0,8850,47.0,6700,26000.0,3300,4210,3920,1030,628,10350,240,790.0,Zenith Industrial Gases Center,"Shanghai, China",Agrochemicals,310000,3200,-19300.0,-288.05970149253733,-29022.0,-433.16417910447757,-29650.0,-442.5373134328358,-30680.0,-457.910447761194,90.53,593.0656934306569,152.82846715328466,-440.2372262773722,0.02509124087591241,0.20187043795620438,0.001072080291970803,99.58333333333333,86.0,99.85,85.51320416666665,80,100,2093.75,13.7
mostlyee-4d42-48e2-8e5b-12d7e533d3ca,mostly7a-46e2-4205-8d8d-4f12d545a33c,2024-07-01,10320.0,89.2,94.6,5.5,0.5,99.2,2,0,5610.0,9160,138.0,42500,34650.0,22500,5580,3380,1000,630,4500,185,990.0,GreenLeaf Agrochem Ltd.,"Shanghai, China",Agrochemicals,310000,3200,7850.0,18.470588235294116,3980.0,9.364705882352942,3350.0,7.882352941176471,2175.0,5.11764705882353,93.82000000000001,3357.5581395348836,4118.217054263566,760.6589147286822,0.5436046511627907,0.8875968992248062,0.013372093023255814,99.23611111111111,89.2,99.5,88.07601805555556,60,100,13281.25,3.225
mostlybe-2530-4173-890d-dec64ffbab4d,mostly7a-7b82-4661-86c1-0b3a2c084d49,2024-01-01,15300.0,86.0,93.2,3.9,0.9,97.2,0,0,5010.0,14340,44.6,52000,5210.0,22600,5500,428,1250,260,1330,61,199.0,Nordic Specialty Plastics Plant,"Houston, United States",Specialty Chemicals,220000,860,46790.0,89.98076923076923,45720.0,87.92307692307692,45460.0,87.42307692307692,45200.0,86.92307692307692,91.52,340.52287581699346,3398.6928104575163,3058.169934640523,0.32745098039215687,0.9372549019607843,0.002915032679738562,99.45833333333334,86.0,99.1,84.76435916666667,100,100,60465.11627906977,17.790697674418606
mostly48-1626-4966-969f-5c2847a0d557,mostly89-1676-407e-a736-b5c01ff93138,2025-05-01,15640.0,96.7,98.5,3.8,0.4,98.6,1,0,5700.0,8450,140.0,7020,37000.0,24450,1300,3100,850,612,5660,215,1230.0,Aurora Petrochemicals Complex,"Port Elizabeth, South Africa",Industrial Gases,310000,540,-29980.0,-427.065527065527,-35028.0,-498.974358974359,-35640.0,-507.6923076923077,-37085.0,-528.2763532763533,97.81,2365.7289002557545,448.84910485933506,-1916.8797953964195,0.36445012787723785,0.5402813299232737,0.008951406649616368,99.47222222222223,96.7,99.6,95.80488033333336,80,100,13000.0,28.962962962962962
mostly7a-a471-40da-97c0-71bbcee85257,mostly9d-1e33-486f-ab67-fbeed1945f92,2023-08-01,10540.0,94.8,94.9,5.2,0.5,97.2,2,1,6720.0,14920,44.3,6500,29820.0,19800,6860,2480,205,630,1240,58,990.0,Nordic Specialty Plastics Plant,"Shanghai, China",Agrochemicals,220000,540,-23320.0,-358.7692307692308,-23930.0,-368.15384615384613,-24560.0,-377.84615384615387,-25608.0,-393.96923076923076,95.55,2829.222011385199,616.6982922201139,-2212.523719165085,0.6375711574952562,1.4155597722960152,0.00420303605313093,99.27777777777777,94.8,99.5,93.64475666666667,60,70,12037.037037037036,19.51851851851852
mostly3e-d853-46ca-85ae-d1e9a24f86eb,mostlya7-fcf7-4455-9b2f-19eb0fd41fa6,2023-01-01,10450.0,82.0,92.7,7.4,0.82,99.0,2,0,4740.0,8980,5.3,55600,5050.0,26250,5530,2350,1010,1480,4300,168,1993.0,GreenLeaf Agrochem Ltd.,"Odense, Denmark",Polymers,310000,3200,50550.0,90.91726618705036,47730.0,85.84532374100719,46250.0,83.18345323741008,44089.0,79.29676258992806,90.31,483.2535885167464,5320.574162679426,4837.32057416268,0.4535885167464115,0.8593301435406698,0.0005071770334928229,98.97222222222223,82.0,99.18,80.491733,60,100,17375.0,3.265625
mostlyea-2ac3-4ae0-ba96-217e4bf56dc0,mostlyaa-e8ae-43bc-b45a-e54663f90d39,2023-11-01,63550.0,91.6,92.8,9.8,0.2,99.0,0,0,5400.0,13250,42.9,6740,29820.0,22600,5400,1780,900,1015,1280,185,730.0,Zenith Industrial Gases Center,"Port Elizabeth, South Africa",Industrial Gases,310000,1500,-23080.0,-342.433234421365,-23345.0,-346.3649851632047,-24360.0,-361.4243323442136,-25275.0,-375.0,94.17999999999999,469.2368214004721,106.05822187254131,-363.17859952793077,0.08497246262785209,0.2084972462627852,0.0006750590086546026,98.6388888888889,91.6,99.8,90.17251577777778,100,100,4493.333333333333,42.36666666666667
mostly8c-eca1-4569-9ff1-bcc27cf276d9,mostlyb2-b784-45e2-a7f5-300e1a30c7fc,2025-03-01,48240.0,82.6,97.6,1.9,0.8,98.4,2,0,5600.0,14850,42.9,45200,4650.0,3350,4600,1800,1700,288,9900,178,1030.0,GreenLeaf Agrochem Ltd.,"Shanghai, China",Specialty Chemicals,220000,540,40550.0,89.71238938053098,30938.0,68.44690265486726,30650.0,67.80973451327434,29442.0,65.13716814159292,91.84,96.39303482587064,936.9817578772803,840.5887230514097,0.11608623548922056,0.30783582089552236,0.0008893034825870646,99.73611111111111,82.6,99.2,81.72297155555556,60,100,83703.70370370371,89.33333333333333
mostly96-7220-4b41-95c1-98892945ffd6,mostlyb3-6de1-444e-bb2b-db078b60974c,2023-06-01,15300.0,90.0,94.7,4.1,0.5,96.5,2,0,860.3,15610,10.2,6360,31900.0,25050,1285,2000,860,1330,5100,178,184.0,Nordic Specialty Plastics Plant,"Odense, Denmark",Agrochemicals,720000,2100,-25540.0,-401.5723270440252,-29310.0,-460.84905660377353,-30640.0,-481.7610062893082,-31002.0,-487.4528301886793,93.36000000000001,2084.967320261438,415.6862745098039,-1669.281045751634,0.05622875816993464,1.0202614379084967,0.0006666666666666666,99.43055555555556,90.0,99.5,89.04006249999999,60,100,3028.5714285714284,7.285714285714286
mostlyaf-8cf2-402f-9fde-7f013dc591dc,mostlyb6-bb83-4b5d-a5ca-6d6a07bd2ade,2023-01-01,9400.0,89.9,97.0,5.3,0.87,95.9,1,0,1120.0,13600,50.5,54120,39450.0,22350,6650,4210,190,1180,8240,59,760.0,Aurora Petrochemicals Complex,"Port Elizabeth, South Africa",Petrochemical,310000,540,14670.0,27.106430155210642,7610.0,14.061345158906136,6430.0,11.8810051736881,5611.0,10.367701404286771,93.83000000000001,4196.808510638298,5757.446808510638,1560.6382978723404,0.11914893617021277,1.446808510638298,0.005372340425531915,99.2638888888889,89.9,99.13,88.46186345694446,80,100,100222.22222222222,17.40740740740741
mostlyf4-a882-4045-a340-fdc5a4391b08,mostlyb9-9300-4ba4-b04c-e7c8ecef616a,2025-01-01,49900.0,82.7,95.8,1.6,0.6,97.5,1,0,5880.0,14080,8.0,57000,5030.0,3380,6860,4240,1650,1250,5560,68,990.0,GreenLeaf Agrochem Ltd.,"Houston, United States",Polymers,220000,1500,51970.0,91.17543859649123,47660.0,83.6140350877193,46410.0,81.42105263157895,45352.0,79.56491228070175,91.07000000000001,100.80160320641282,1142.2845691382765,1041.4829659318636,0.11783567134268537,0.2821643286573146,0.00016032064128256512,99.77777777777777,82.7,99.4,82.02112488888889,80,100,38000.0,33.266666666666666
mostlycc-ac23-4463-84b0-1889c57cdd71,mostlybf-daa1-4491-9752-b83928c87cf0,2024-09-01,47050.0,83.2,93.3,9.8,0.15,96.9,1,0,1310.0,520,142.0,45900,5100.0,3430,1230,462,1900,265,4300,66,1200.0,Nordic Specialty Plastics Plant,"Port Elizabeth, South Africa",Agrochemicals,480000,3200,40800.0,88.88888888888889,36765.0,80.09803921568628,36500.0,79.520697167756,35234.0,76.76252723311546,90.34,108.39532412327311,975.557917109458,867.1625929861849,0.027842720510095644,0.011052072263549416,0.0030180658873538786,98.6388888888889,83.2,99.85,81.94445422222223,80,100,14343.75,14.703125
mostly71-bb01-4480-ac41-75aa72cf61b3,mostlyc5-c789-419a-a952-0eba208a5cc0,2024-03-01,14250.0,78.5,94.9,6.1,0.2,98.6,0,1,4740.0,9220,10.2,53550,32200.0,23000,1325,3780,990,633,10040,155,199.0,GreenLeaf Agrochem Ltd.,"Port Elizabeth, South Africa",Agrochemicals,220000,3200,21350.0,39.869281045751634,11943.0,22.30252100840336,11310.0,21.12044817927171,10956.0,20.4593837535014,89.45,2259.6491228070176,3757.8947368421054,1498.2456140350878,0.33263157894736844,0.6470175438596492,0.0007157894736842104,99.15277777777777,78.5,99.8,77.67926069444444,100,70,16734.375,4.453125
mostly12-a2af-4bdf-8cfa-30b38d317133,mostlyc5-cc27-4e4b-bdb4-6b9b051c0714,2023-12-01,51040.0,85.2,98.0,1.6,0.89,99.1,1,0,6450.0,8890,44.2,46220,5100.0,3500,5400,457,1780,1480,4810,152,720.0,Horizon Polymers Campus,"Shanghai, China",Industrial Gases,310000,540,41120.0,88.96581566421462,37790.0,81.7611423626136,36310.0,78.55906533967979,35438.0,76.6724361748161,93.21000000000001,99.92163009404389,905.564263322884,805.6426332288402,0.12637147335423196,0.17417711598746083,0.0008659874608150471,99.77777777777777,85.2,99.11,84.25407173333333,80,100,85592.5925925926,94.51851851851852
mostly43-4b20-41bc-89f1-e8e31f31ae91,mostlyd2-17a5-447a-b00f-1610fd6cf6d5,2025-01-01,43840.0,96.4,97.8,1.4,0.78,97.7,1,0,1290.0,8890,141.0,56000,36800.0,23500,5580,480,1320,1295,8420,59,189.0,Nordic Specialty Plastics Plant,"Port Elizabeth, South Africa",Specialty Chemicals,310000,3200,19200.0,34.285714285714285,12075.0,21.5625,10780.0,19.25,10532.0,18.807142857142857,97.21,839.4160583941606,1277.3722627737227,437.9562043795621,0.029425182481751824,0.20278284671532848,0.0032162408759124086,99.80555555555556,96.4,99.22,95.46209762222223,80,100,17500.0,13.7
mostlyfd-b691-461c-9e10-fab98f62281a,mostlyd3-11a5-4b50-8790-19b86e9e9975,2023-02-01,10750.0,90.0,97.3,9.5,0.82,97.2,1,0,6180.0,510,44.2,47250,41250.0,23500,6600,2460,950,1330,1305,172,2192.0,Nordic Specialty Plastics Plant,"Houston, United States",Specialty Chemicals,720000,860,6000.0,12.698412698412698,6025.0,12.751322751322752,4695.0,9.936507936507937,2331.0,4.933333333333334,94.35,3837.2093023255816,4395.3488372093025,558.1395348837209,0.5748837209302325,0.04744186046511628,0.004111627906976744,98.68055555555556,90.0,99.18,88.0842375,80,100,54941.86046511628,12.5
mostly02-f7ce-4fd2-8b69-f1c0d995c8bb,mostlyd6-b834-4855-bd11-7daada02dde1,2023-05-01,15520.0,71.2,95.4,9.8,0.25,99.4,0,0,860.3,8780,141.0,44875,32300.0,17650,6880,2580,1650,260,1240,59,1300.0,Nordic Specialty Plastics Plant,"Odense, Denmark",Agrochemicals,480000,860,12575.0,28.022284122562674,11595.0,25.838440111420613,11335.0,25.259052924791085,9976.0,22.230640668523677,86.92,2081.185567010309,2891.430412371134,810.2448453608249,0.05543170103092783,0.5657216494845361,0.009085051546391753,98.6388888888889,71.2,99.75,70.05531166666668,100,100,52180.232558139534,18.046511627906977
mostly3f-72dc-49d8-8eb5-4606d2234863,mostlyda-790f-41ae-8bf1-7f121af10997,2025-05-01,16100.0,87.8,97.1,4.1,0.6,98.2,1,0,6900.0,8920,43.7,47310,30960.0,23000,1325,456,195,1015,5180,140,183.0,Nordic Specialty Plastics Plant,"Odense, Denmark",Specialty Chemicals,310000,2100,16350.0,34.559289790741914,12185.0,25.755654195730287,11170.0,23.610230395265273,10847.0,22.927499471570492,93.71000000000001,1922.9813664596272,2938.509316770186,1015.5279503105589,0.42857142857142855,0.5540372670807453,0.0027142857142857147,99.43055555555556,87.8,99.4,86.77622761111112,80,100,22528.571428571428,7.666666666666667
mostlybd-e724-4b24-bc91-28c29752a483,mostlydc-ed6d-412a-9c7e-35136fb68bb5,2023-10-01,53550.0,94.3,95.7,7.9,0.2,96.2,0,0,4480.0,12850,115.0,7020,32190.0,24650,1330,3450,1050,930,8000,60,183.0,GreenLeaf Agrochem Ltd.,Singapore,Specialty Chemicals,900000,540,-25170.0,-358.54700854700855,-32240.0,-459.25925925925924,-33170.0,-472.5071225071225,-33413.0,-475.96866096866097,95.29,601.1204481792718,131.0924369747899,-470.02801120448186,0.08366013071895424,0.23996265172735762,0.002147525676937442,98.90277777777779,94.3,99.8,93.07878880555556,100,100,13000.0,99.16666666666667
mostlyc6-521b-4d33-b220-36c134609a90,mostlye4-419d-4d08-9639-789ce6d03230,2024-06-01,47310.0,89.5,97.9,4.7,0.8,99.5,1,0,5600.0,13600,158.0,48240,32750.0,3280,6050,4050,1030,273,8000,152,903.0,Zenith Industrial Gases Center,"Shanghai, China",Specialty Chemicals,480000,2100,15490.0,32.11028192371476,7763.0,16.0924543946932,7490.0,15.52653399668325,6435.0,13.339552238805972,95.02000000000001,692.2426548298457,1019.6575776791376,327.4149228492919,0.11836820968082858,0.28746565208201225,0.0033396744874233776,99.34722222222221,89.5,99.2,88.20443777777777,80,100,22971.428571428572,22.52857142857143
mostly2c-7a76-49a3-89b1-f8d5308b230a,mostlye6-a6d6-4fac-8296-564dfd183483,2023-01-01,15300.0,84.9,92.9,2.0,0.25,97.2,1,0,5010.0,12500,6.3,43520,4780.0,19850,4200,466,210,1480,4780,205,2275.0,Horizon Polymers Campus,"Port Elizabeth, South Africa",Industrial Gases,900000,2100,38740.0,89.01654411764706,35440.0,81.43382352941177,33960.0,78.03308823529412,31480.0,72.33455882352942,90.99000000000001,312.41830065359477,2844.4444444444443,2532.0261437908493,0.32745098039215687,0.8169934640522876,0.0004117647058823529,99.72222222222223,84.9,99.75,84.45250625000001,80,100,20723.809523809523,7.285714285714286
mostly4d-7f7c-407b-a164-e6137cd863b5,mostlyeb-105a-4a9b-b2a0-d3949843c8c9,2024-09-01,58000.0,94.1,93.0,4.1,1.2,96.7,1,0,1010.0,13300,44.6,53400,37000.0,21250,5800,1800,900,625,8280,62,2105.0,Nordic Specialty Plastics Plant,"Shanghai, China",Agrochemicals,220000,860,16400.0,30.711610486891384,8745.0,16.376404494382022,8120.0,15.205992509363295,5953.0,11.147940074906366,94.55,637.9310344827586,920.6896551724138,282.75862068965523,0.017413793103448275,0.2293103448275862,0.0007689655172413793,99.43055555555556,94.1,98.8,92.44138294444444,80,100,62093.023255813954,67.44186046511628
mostly03-4138-4a22-bbbe-bbf3ffb8207a,mostlyeb-f4ba-4b55-b718-8ecb1d4850a0,2023-04-01,8350.0,82.4,97.6,3.0,1.1,97.7,2,0,1310.0,13150,47.6,55100,5000.0,19000,1250,3200,980,625,1260,168,190.0,Horizon Polymers Campus,"Port Elizabeth, South Africa",Industrial Gases,220000,860,50100.0,90.92558983666062,49465.0,89.77313974591652,48840.0,88.6388384754991,48482.0,87.989110707804,91.55,598.8023952095808,6598.802395209581,6000.0,0.1568862275449102,1.5748502994011977,0.00570059880239521,99.58333333333333,82.4,98.9,81.15404333333333,60,100,64069.767441860466,9.709302325581396
mostlyce-cdfd-47ea-be9b-9f3025f9237c,mostlyf3-9c94-4094-a8c9-7f546863a750,2023-09-01,15820.0,93.5,96.5,6.2,0.87,95.9,2,0,845.0,8700,5.8,55200,31500.0,3180,4350,428,1880,271,4780,66,203.0,GreenLeaf Agrochem Ltd.,"Houston, United States",Polymers,220000,540,23700.0,42.934782608695656,19191.0,34.766304347826086,18920.0,34.27536231884058,18651.0,33.78804347826087,95.12,1991.1504424778761,3489.2541087231352,1498.103666245259,0.0534134007585335,0.549936788874842,0.0003666245259165613,99.13888888888889,93.5,99.13,91.88841581944445,60,100,102222.22222222222,29.296296296296298
mostly05-b885-4819-b782-5499176e664f,mostlyf4-ce46-463a-a097-67d7ff1942d9,2023-01-01,46010.0,95.3,97.9,2.9,0.95,97.2,0,1,1260.0,510,120.0,6290,34050.0,25450,6880,2380,1100,900,4500,64,795.0,Zenith Industrial Gases Center,"Port Elizabeth, South Africa",Specialty Chemicals,900000,860,-27760.0,-441.33545310015904,-31360.0,-498.5691573926868,-32260.0,-512.8775834658188,-33119.0,-526.5341812400636,96.65,740.0565094544664,136.7094109976092,-603.3470984568572,0.027385351010649858,0.01108454683764399,0.002608128667680939,99.59722222222223,95.3,99.05,94.01444932638888,100,70,7313.953488372093,53.5
mostly6b-e63b-4273-8b82-05289bbd4a01,mostlyf6-b04f-4b31-9966-024a241c2450,2024-01-01,10540.0,78.4,92.0,5.2,0.7,98.2,2,1,5840.0,545,7.5,54700,4720.0,19000,6650,2380,180,980,1240,63,1200.0,Nordic Specialty Plastics Plant,"Odense, Denmark",Agrochemicals,720000,3200,49980.0,91.37111517367458,49720.0,90.89579524680073,48740.0,89.10420475319927,47477.0,86.79524680073126,88.42000000000002,447.8178368121442,5189.753320683112,4741.935483870968,0.5540796963946869,0.051707779886148005,0.0007115749525616698,99.27777777777777,78.4,99.3,77.28894133333334,60,70,17093.75,3.29375
mostlyb8-bc03-4424-9e49-62b4b91795d2,mostlyfa-c5f5-4788-8ec4-467088d908e6,2023-07-01,43520.0,89.5,96.2,3.0,0.15,99.0,2,0,900.0,8200,5.6,46010,41250.0,24500,1310,4400,1220,633,7950,153,197.0,GreenLeaf Agrochem Ltd.,Singapore,Specialty Chemicals,900000,860,4760.0,10.345577048467725,-2557.0,-5.557487502716801,-3190.0,-6.933275374918496,-3540.0,-7.69397956965877,94.36,947.8400735294117,1057.2150735294117,109.375,0.02068014705882353,0.18841911764705882,0.00012867647058823528,99.58333333333333,89.5,99.85,88.99339270833332,60,100,53500.0,50.604651162790695
mostlyd4-1599-4688-96b1-694a0a0c040c,mostlyfa-fb5b-407e-ad1e-8b9303a5b640,2024-06-01,51040.0,88.9,95.2,3.4,0.9,99.2,1,0,5680.0,600,9.0,43520,34687.5,3420,6040,3400,210,1400,8280,148,900.0,Zenith Industrial Gases Center,Singapore,Agrochemicals,720000,540,8832.5,20.295266544117645,1952.5,4.486443014705882,552.5,1.26953125,-495.5,-1.1385569852941175,93.88,679.6140282131662,852.6645768025078,173.0505485893416,0.11128526645768025,0.011755485893416929,0.0001763322884012539,99.52777777777779,88.9,99.1,87.68387269444446,80,100,80592.5925925926,94.51851851851852
mostlya4-d672-472f-adcf-e58938221175,mostlyfb-07df-48c0-b2f9-ef4db0e080d7,2023-01-01,10900.0,80.5,97.5,6.3,0.25,99.1,1,0,900.0,610,152.0,53400,4960.0,20500,4384,3800,1060,289,1310,58,2170.0,Horizon Polymers Campus,"Port Elizabeth, South Africa",Specialty Chemicals,480000,540,48440.0,90.71161048689137,47419.0,88.79962546816479,47130.0,88.25842696629213,44902.0,84.08614232209737,91.18,455.04587155963304,4899.082568807339,4444.036697247706,0.08256880733944955,0.05596330275229358,0.013944954128440367,99.12500000000001,80.5,99.75,79.59613593750002,80,100,98888.88888888889,20.185185185185187
mostly6a-f094-4583-a2fa-7995d2cc5d1b,mostlyfb-088f-4bac-b2b6-c42ba07b63a2,2024-10-01,10320.0,96.7,92.1,8.7,0.89,96.8,1,1,1250.0,8980,120.0,50650,4650.0,21500,6700,420,900,1180,5060,220,2170.0,GreenLeaf Agrochem Ltd.,"Port Elizabeth, South Africa",Specialty Chemicals,220000,3200,46000.0,90.81934846989141,42120.0,83.15893385982231,40940.0,80.82922013820337,38550.0,76.11056268509378,95.35,450.5813953488372,4907.945736434109,4457.364341085272,0.12112403100775193,0.8701550387596899,0.011627906976744186,98.79166666666666,96.7,99.11,94.68131094583333,80,70,15828.125,3.225
mostly04-1c96-4c75-b036-037ef6744e57,mostlyfe-1b7b-494b-b25c-d2c6fcbc5350,2023-01-01,58000.0,81.9,95.1,12.3,0.15,96.8,1,0,6500.0,585,49.7,49000,32000.0,3360,1285,430,215,1500,1320,155,184.0,GreenLeaf Agrochem Ltd.,"Houston, United States",Industrial Gases,720000,860,17000.0,34.69387755102041,17180.0,35.06122448979592,15680.0,32.0,15341.0,31.30816326530612,90.33,551.7241379310345,844.8275862068965,293.103448275862,0.11206896551724138,0.010086206896551724,0.000856896551724138,98.29166666666667,81.9,99.85,80.3801236875,80,100,56976.74418604651,67.44186046511628
mostly61-f8cb-4297-9cf6-b3ac3f0b991f,mostly03-e230-4b86-89e3-2437361d2a1b,2023-08-01,46000.0,91.0,94.8,3.1,1.5,97.7,2,0,1290.0,8730,168.0,54700,41850.0,3420,6550,2150,1350,1430,5340,220,950.0,GreenLeaf Agrochem Ltd.,"Odense, Denmark",Specialty Chemicals,310000,1500,12850.0,23.491773308957953,8940.0,16.343692870201096,7510.0,13.72943327239488,6340.0,11.590493601462523,94.15,909.7826086956521,1189.1304347826087,279.3478260869566,0.028043478260869566,0.18978260869565217,0.0036521739130434784,99.56944444444444,91.0,98.5,89.24907152777777,60,100,36466.666666666664,30.666666666666668
mostlye5-5ad5-4418-8ec9-ba6829e7f1cd,mostly07-3886-4b9c-8a2b-dca52e1984cc,2023-05-01,14250.0,84.5,92.0,3.9,0.6,98.5,1,0,5880.0,16190,136.0,50120,39500.0,22540,7550,425,1250,1370,4700,160,970.0,GreenLeaf Agrochem Ltd.,"Port Elizabeth, South Africa",Specialty Chemicals,310000,3200,10620.0,21.189146049481245,7290.0,14.54509177972865,5920.0,11.811652035115722,4790.0,9.55706304868316,90.95,2771.9298245614036,3517.1929824561403,745.2631578947367,0.4126315789473684,1.136140350877193,0.009543859649122808,99.45833333333334,84.5,99.4,83.53803791666667,80,100,15662.5,4.453125
mostly44-8453-4b32-9299-273d0b3088be,mostly07-cd99-43d0-8285-01fdc02e6e47,2023-05-01,58000.0,83.2,94.2,3.6,1.3,96.2,0,0,7450.0,590,44.9,6960,31500.0,3350,5580,490,1280,1340,9310,178,2177.5,Aurora Petrochemicals Complex,"Houston, United States",Industrial Gases,480000,540,-24540.0,-352.58620689655174,-32510.0,-467.09770114942535,-33850.0,-486.3505747126437,-36205.5,-520.1939655172414,90.40000000000002,543.1034482758621,120.0,-423.1034482758621,0.12844827586206897,0.010172413793103447,0.0007741379310344827,99.5,83.2,98.7,81.707808,100,100,12888.888888888889,107.4074074074074
mostly2e-dff7-4004-beb6-e69efea00029,mostly0b-fb2d-457c-9452-28988817db5a,2023-01-01,9750.0,99.0,92.9,12.3,0.95,99.4,1,0,5250.0,13600,9.4,50500,34687.5,3300,5500,4360,1650,283,9900,60,835.0,Nordic Specialty Plastics Plant,"Odense, Denmark",Specialty Chemicals,900000,540,15812.5,31.31188118811881,6195.5,12.268316831683169,5912.5,11.707920792079209,5017.5,9.935643564356436,97.29,3557.6923076923076,5179.48717948718,1621.794871794872,0.5384615384615384,1.3948717948717948,0.0009641025641025641,98.29166666666667,99.0,99.05,96.384316875,80,100,93518.51851851853,18.055555555555557
mostlyf3-1378-428e-8fc5-66f4826bdd24,mostly14-961f-4774-b83f-89889f11a6ae,2023-12-01,81050.0,88.2,92.2,1.4,0.15,99.2,1,0,5840.0,8350,49.7,55200,5050.0,24650,1240,3200,1350,970,5360,71,1993.0,GreenLeaf Agrochem Ltd.,"Odense, Denmark",Specialty Chemicals,480000,1500,50150.0,90.85144927536231,45760.0,82.89855072463767,44790.0,81.14130434782608,42726.0,77.40217391304348,92.69999999999999,62.30721776681061,681.0610734114744,618.7538556446638,0.07205428747686614,0.10302282541640963,0.0006132017273288094,99.80555555555556,88.2,99.85,87.89645725,80,100,36800.0,54.03333333333333
mostly49-2fc2-4605-a400-f1213cc90182,mostly16-b055-4b92-b52f-4a869e53cd33,2023-02-01,8350.0,82.7,89.7,4.7,0.15,97.7,1,0,5010.0,8690,131.0,57000,32300.0,23000,4600,420,1320,600,5340,172,1040.0,GreenLeaf Agrochem Ltd.,"Houston, United States",Petrochemical,220000,860,24700.0,43.333333333333336,19960.0,35.01754385964912,19360.0,33.96491228070175,18148.0,31.83859649122807,89.3,3868.263473053892,6826.347305389221,2958.083832335329,0.6,1.0407185628742515,0.015688622754491018,99.34722222222221,82.7,99.85,82.0369125486111,80,100,66279.06976744186,9.709302325581396
mostlydd-0a91-447b-ad9f-8d710db82366,mostly17-fa72-4dea-8e8c-7998b1f4e06f,2025-04-01,14250.0,93.0,93.3,1.4,1.5,96.8,2,0,1140.0,14850,44.2,46250,34507.5,16500,1275,3750,222,635,9180,185,187.0,Zenith Industrial Gases Center,"Port Elizabeth, South Africa",Industrial Gases,220000,540,11742.5,25.38918918918919,3197.5,6.913513513513514,2562.5,5.540540540540541,2190.5,4.736216216216216,94.23,2421.5789473684213,3245.6140350877195,824.0350877192982,0.08,1.0421052631578946,0.0031017543859649123,99.80555555555556,93.0,98.5,91.42687916666668,60,100,85648.14814814815,26.38888888888889
mostlya1-70ce-43f0-8716-c82b13cf60c5,mostly21-8842-49a4-871a-e936721d11b9,2025-01-01,48860.0,84.0,94.1,1.5,0.8,98.6,1,1,5930.0,9060,52.3,53450,35500.0,19500,6650,3200,218,955,9180,180,780.0,Aurora Petrochemicals Complex,"Port Elizabeth, South Africa",Specialty Chemicals,220000,860,17950.0,33.58278765201123,9725.0,18.194574368568755,8770.0,16.407857811038355,7810.0,14.611786716557532,91.41000000000001,726.5656979124028,1093.941874744167,367.37617683176427,0.12136717151043798,0.1854277527629963,0.0010704052394596806,99.79166666666667,84.0,99.2,83.1544,80,70,62151.16279069767,56.81395348837209
mostlya6-0cae-45f9-9dda-036072d313e8,mostly23-c1e3-404f-9978-e4c1606bd2a4,2024-12-01,49900.0,89.7,97.4,3.6,0.8,96.8,1,0,1030.0,13790,161.0,49900,37350.0,21000,4800,4180,1320,1335,5480,178,178.0,Horizon Polymers Campus,"Odense, Denmark",Polymers,220000,860,12550.0,25.150300601202403,8405.0,16.8436873747495,7070.0,14.168336673346694,6714.0,13.45490981963928,94.14,748.496993987976,1000.0,251.503006012024,0.02064128256513026,0.27635270541082163,0.003226452905811623,99.5,89.7,99.2,88.53748800000001,80,100,58023.25581395349,58.02325581395349
mostlyf5-8071-4b8e-8c04-2159e69a9717,mostly24-75d3-4c33-9fa1-6148064115b5,2024-12-01,49900.0,93.5,97.0,3.1,0.95,97.2,1,0,1300.0,13790,50.5,55000,37000.0,3300,1325,454,180,279,1350,200,1065.0,Nordic Specialty Plastics Plant,"Odense, Denmark",Petrochemical,310000,540,18000.0,32.72727272727273,16929.0,30.78,16650.0,30.272727272727273,15385.0,27.972727272727273,95.66,741.4829659318638,1102.2044088176353,360.7214428857716,0.026052104208416832,0.27635270541082163,0.0010120240480961924,99.56944444444444,93.5,99.05,92.21300496527778,80,100,101851.85185185185,92.4074074074074
mostlyec-54f7-4fdb-9453-3f58fa91434e,mostly27-ff64-483a-9ce2-cde487b54e8d,2024-01-01,77980.0,88.9,97.9,4.1,0.4,98.1,0,0,1060.0,9090,9.7,46200,4900.0,23540,1200,487,1020,630,7800,68,1200.0,Horizon Polymers Campus,"Houston, United States",Agrochemicals,310000,540,41300.0,89.39393939393939,34130.0,73.87445887445887,33500.0,72.51082251082252,32232.0,69.76623376623377,94.36,62.83662477558348,592.45960502693,529.6229802513466,0.013593229033085406,0.11656835085919466,0.00012439086945370607,99.43055555555556,88.9,99.6,88.04018883333333,100,100,85555.55555555556,144.40740740740742
mostlyac-dda3-4f13-aefb-c70a75e54375,mostly2b-eb41-4c45-87f9-a2d9b98a0512,2025-05-01,14875.0,94.8,92.3,3.0,0.7,96.2,2,0,5880.0,14490,46.8,56000,38000.0,21750,4600,3850,218,1275,5100,172,755.0,Nordic Specialty Plastics Plant,Singapore,Specialty Chemicals,220000,1500,18000.0,32.142857142857146,14175.0,25.3125,12900.0,23.035714285714285,11973.0,21.380357142857143,94.46999999999998,2554.621848739496,3764.705882352941,1210.0840336134452,0.3952941176470588,0.9741176470588235,0.003146218487394958,99.58333333333333,94.8,99.3,93.74416499999998,60,100,37333.333333333336,9.916666666666666
mostly5f-d865-4513-b1dd-a12949de84bb,mostly2d-8e90-431f-88e0-aa59ccb808f6,2024-10-01,50650.0,81.7,93.9,3.3,0.89,99.6,2,0,1330.0,12500,125.0,6420,5100.0,3330,6020,2380,1200,920,5100,185,2275.0,Nordic Specialty Plastics Plant,"Port Elizabeth, South Africa",Industrial Gases,310000,860,1320.0,20.5607476635514,-2860.0,-44.54828660436137,-3780.0,-58.87850467289719,-6240.0,-97.19626168224299,90.73,100.69101678183613,126.75222112537018,26.061204343534058,0.02625863770977295,0.24679170779861798,0.0024679170779861796,99.54166666666667,81.7,99.11,80.60174434583335,60,100,7465.116279069767,58.895348837209305
mostly06-2c25-40cd-9bb4-1ef0cc83cbc7,mostly30-607a-43ed-bab4-4d8de9274684,2023-02-01,47310.0,89.6,94.6,5.2,0.4,98.2,2,0,6810.0,14340,168.0,6290,4960.0,25050,6920,490,223,1360,8980,152,201.0,Nordic Specialty Plastics Plant,Singapore,Agrochemicals,220000,540,1330.0,21.144674085850557,-6290.0,-100.0,-7650.0,-121.62162162162163,-8003.0,-127.23370429252783,93.67999999999999,104.84041428873388,132.95286408793066,28.11244979919678,0.1439441978440076,0.30310716550412176,0.0035510462904248573,99.27777777777777,89.6,99.6,88.59707733333333,60,100,11648.148148148148,87.61111111111111
mostlyd7-058a-4f90-be2a-36f221aee87d,mostly33-29da-4fef-a00d-aed05b50b7a4,2023-09-01,15300.0,83.1,92.7,3.2,1.2,99.8,2,1,5650.0,8850,158.0,53550,4940.0,23000,4384,4180,1900,610,8280,65,880.0,GreenLeaf Agrochem Ltd.,"Odense, Denmark",Agrochemicals,220000,1500,48610.0,90.7749766573296,40940.0,76.45191409897292,40330.0,75.31279178338002,39385.0,73.54808590102708,90.99000000000001,322.87581699346407,3500.0,3177.124183006536,0.369281045751634,0.5784313725490197,0.010326797385620916,99.55555555555556,83.1,98.8,81.73789866666667,60,70,35700.0,10.2
mostlya0-f487-465b-bc83-a8b49d3489e9,mostly34-0d12-4ec9-af4a-10baf03ea964,2023-06-01,15610.0,95.2,89.7,9.5,0.89,95.9,1,0,5590.0,13050,9.7,6550,5260.0,3280,6200,3380,990,1430,9100,65,187.0,Nordic Specialty Plastics Plant,Singapore,Specialty Chemicals,480000,860,1290.0,19.69465648854962,-6380.0,-97.40458015267176,-7810.0,-119.23664122137406,-8062.0,-123.08396946564886,93.76,336.96348494554775,419.6028187059577,82.63933376040995,0.3581037796284433,0.8360025624599615,0.0006213965406790518,98.68055555555556,95.2,99.11,93.10778827777779,80,100,7616.279069767442,18.151162790697676
mostly3a-e116-475e-ac6b-d16941bdcd8d,mostly34-70df-4c08-a73d-1c5d05804a66,2023-12-01,16100.0,97.0,94.9,4.5,0.15,98.7,1,0,5550.0,12860,9.6,39760,30250.0,3500,1365,454,950,270,5360,158,188.0,Nordic Specialty Plastics Plant,"Shanghai, China",Specialty Chemicals,310000,540,9510.0,23.91851106639839,4420.0,11.116700201207244,4150.0,10.437625754527163,3804.0,9.567404426559357,96.88000000000001,1878.8819875776398,2469.5652173913045,590.6832298136646,0.3447204968944099,0.7987577639751553,0.0005962732919254658,99.375,97.0,99.85,96.24915937499999,80,100,73629.62962962964,29.814814814814813
mostly9c-210d-47ee-b7ba-2d02dca17563,mostly38-99b2-4e72-9abc-04e54ebda318,2023-01-01,16450.0,93.8,95.4,8.7,1.0,97.1,2,0,5980.0,11450,42.9,48240,41000.0,24850,1200,2500,1900,880,9900,165,810.0,Zenith Industrial Gases Center,"Port Elizabeth, South Africa",Polymers,220000,540,7240.0,15.008291873963516,-1780.0,-3.6898839137645107,-2660.0,-5.514096185737976,-3635.0,-7.535240464344942,95.27,2492.401215805471,2932.5227963525836,440.12158054711244,0.3635258358662614,0.6960486322188449,0.00260790273556231,98.79166666666666,93.8,99.0,91.73991749999999,60,100,89333.33333333333,30.462962962962962
mostlyc6-a39e-44a5-9462-f0684bbe90d6,mostly3d-07ee-4c7e-b97b-bd8c4c590562,2023-05-01,14520.0,84.0,97.4,1.2,1.2,97.5,0,1,1250.0,14350,48.2,44750,29600.0,23800,1240,4360,190,1350,9180,148,1200.0,GreenLeaf Agrochem Ltd.,"Shanghai, China",Specialty Chemicals,310000,540,15150.0,33.85474860335195,7320.0,16.35754189944134,5970.0,13.34078212290503,4622.0,10.328491620111732,92.07000000000001,2038.5674931129477,3081.9559228650137,1043.388429752066,0.08608815426997245,0.9882920110192838,0.003319559228650138,99.83333333333333,84.0,98.8,82.85367999999998,100,70,82870.37037037036,26.88888888888889
mostly22-2e25-470a-bdc9-6979efe5c51f,mostly3e-5718-4622-8e6a-4df993a1a435,2023-11-01,72080.0,91.0,97.3,12.3,0.8,99.0,0,1,860.3,14800,49.1,56300,33350.0,21800,5400,4120,215,282,8980,188,990.0,Zenith Industrial Gases Center,"Odense, Denmark",Specialty Chemicals,900000,2100,22950.0,40.763765541740675,14252.0,25.314387211367674,13970.0,24.813499111900533,12792.0,22.72113676731794,95.29,462.6803551609323,781.0765815760267,318.39622641509436,0.01193534961154273,0.20532741398446172,0.0006811875693673696,98.29166666666667,91.0,99.2,88.72985333333332,100,70,26809.52380952381,34.32380952380952
mostlybe-106b-4ef9-8e86-e7f2b124467e,mostly3e-d700-4222-a8a3-37b188162e1d,2023-01-01,51000.0,89.6,96.8,3.2,1.4,96.9,1,0,7320.0,620,48.2,46250,32300.0,25150,4355,4200,180,260,5660,215,2260.0,GreenLeaf Agrochem Ltd.,"Odense, Denmark",Agrochemicals,480000,1500,13950.0,30.162162162162158,8550.0,18.486486486486488,8290.0,17.924324324324324,5815.0,12.572972972972973,93.95,633.3333333333334,906.8627450980392,273.52941176470586,0.14352941176470588,0.01215686274509804,0.0009450980392156864,99.55555555555556,89.6,98.6,87.95295288888887,80,100,30833.333333333332,34.0
mostly71-708d-42a9-81dc-d4e848fc650a,mostly44-202d-4b2b-8da4-4d1d4bb1a0ba,2024-09-01,16140.0,95.3,92.1,6.3,1.4,97.2,0,0,1260.0,570,44.9,6460,36800.0,3430,6860,4050,1050,625,4780,188,197.0,Zenith Industrial Gases Center,"Odense, Denmark",Industrial Gases,220000,540,-30340.0,-469.6594427244582,-34495.0,-533.9783281733746,-35120.0,-543.6532507739938,-35505.0,-549.6130030959752,94.91,2280.0495662949193,400.24783147459726,-1879.801734820322,0.07806691449814127,0.03531598513011153,0.002781908302354399,99.12500000000001,95.3,98.6,93.14359925000001,100,100,11962.962962962964,29.88888888888889
mostly5d-5883-4e2b-ac42-84b347bfc5ef,mostly54-2ddc-4872-873b-4052e1b4490c,2025-05-01,51000.0,92.3,95.3,1.6,0.92,96.2,1,0,5010.0,635,9.4,6570,36000.0,26150,1365,3380,224,1520,5100,152,188.0,GreenLeaf Agrochem Ltd.,"Shanghai, China",Agrochemicals,480000,3200,-29430.0,-447.945205479452,-33010.0,-502.4353120243531,-34530.0,-525.5707762557078,-34870.0,-530.7458143074581,94.37,705.8823529411765,128.8235294117647,-577.0588235294117,0.09823529411764706,0.012450980392156863,0.0001843137254901961,99.77777777777777,92.3,99.08,91.2476159111111,80,100,2053.125,15.9375
mostly4c-1398-4281-be36-bf3490fac814,mostly59-c3e9-40f7-ac4f-b346f6bae76c,2023-09-01,14250.0,78.4,97.8,4.5,0.9,99.1,2,0,7450.0,8800,9.2,53400,4780.0,25000,6050,472,180,860,8000,225,1520.0,Zenith Industrial Gases Center,"Odense, Denmark",Specialty Chemicals,480000,1500,48620.0,91.04868913857678,41480.0,77.67790262172285,40620.0,76.06741573033707,38875.0,72.79962546816479,90.42999999999999,335.43859649122805,3747.3684210526317,3411.9298245614036,0.5228070175438596,0.6175438596491228,0.0006456140350877193,99.375,78.4,99.1,77.20881,60,100,35600.0,9.5
mostly69-92f7-4b01-af22-a0e05cd451a6,mostly62-759f-49d8-a424-34f052c4866c,2023-07-01,9750.0,89.5,92.8,4.6,1.0,96.8,1,1,1250.0,14080,6.3,46000,4650.0,24500,1355,2385,1050,278,8710,250,196.0,Zenith Industrial Gases Center,"Odense, Denmark",Agrochemicals,310000,1500,41350.0,89.89130434782608,32918.0,71.56086956521739,32640.0,70.95652173913042,32194.0,69.98695652173913,92.68,476.9230769230769,4717.948717948718,4241.025641025641,0.1282051282051282,1.4441025641025642,0.0006461538461538461,99.36111111111111,89.5,99.0,88.0389125,80,70,30666.666666666668,6.5
mostlyfa-eb9a-4aa4-ba7d-d55f602ba1e2,mostly63-ad26-4687-af9d-0c9618738954,2023-12-01,58000.0,92.2,93.6,6.1,0.95,96.2,2,0,1180.0,13300,6.2,54120,32200.0,25000,1200,3950,1250,1180,5360,150,1050.0,GreenLeaf Agrochem Ltd.,"Odense, Denmark",Specialty Chemicals,220000,860,21920.0,40.502586844050256,17740.0,32.7790096082779,16560.0,30.598669623059866,15360.0,28.38137472283814,93.82,555.1724137931035,933.1034482758621,377.9310344827586,0.020344827586206895,0.2293103448275862,0.00010689655172413793,99.15277777777777,92.2,99.05,90.55038193055555,60,100,62930.232558139534,67.44186046511628
mostly87-2a4c-4cf8-907f-108a7d3760f8,mostly6c-0f1f-4f56-8d59-43a4e56f0674,2023-10-01,43550.0,88.3,94.4,6.2,1.5,96.5,0,0,5400.0,15670,5.3,52050,4650.0,3180,4705,2300,860,955,7600,60,990.0,Nordic Specialty Plastics Plant,"Odense, Denmark",Petrochemical,310000,2100,47400.0,91.06628242074927,40755.0,78.29971181556196,39800.0,76.46493756003842,38750.0,74.447646493756,92.59,106.77382319173364,1195.1779563719863,1088.4041331802528,0.12399540757749714,0.3598163030998852,0.00012169919632606199,99.13888888888889,88.3,98.5,86.22654430555556,100,100,24785.714285714286,20.738095238095237
mostly39-2a6c-4f51-9825-54be9d254189,mostly6f-0d72-49bb-a495-4d980ea68d41,2024-03-01,10540.0,92.4,92.7,2.9,0.78,99.6,1,0,900.0,8580,9.2,6480,34200.0,20600,5650,3600,900,610,9310,188,181.0,GreenLeaf Agrochem Ltd.,"Port Elizabeth, South Africa",Industrial Gases,900000,860,-27720.0,-427.77777777777777,-36420.0,-562.0370370370371,-37030.0,-571.4506172839506,-37399.0,-577.145061728395,94.65,3244.7817836812146,614.8007590132827,-2629.9810246679317,0.08538899430740038,0.8140417457305503,0.000872865275142315,99.59722222222223,92.4,99.22,91.31001623333333,80,100,7534.883720930233,12.255813953488373
mostlydb-af8b-44d7-b1d5-06d519383a27,mostly78-2094-4a64-ba04-eda5dd04a086,2023-10-01,10320.0,84.7,97.1,3.8,1.0,97.7,0,0,6180.0,12200,120.4,46250,5010.0,3420,6050,1850,900,1520,9300,62,181.0,Zenith Industrial Gases Center,Singapore,Petrochemical,310000,540,41240.0,89.16756756756756,33460.0,72.34594594594594,31940.0,69.05945945945946,31697.0,68.53405405405405,92.32000000000001,485.4651162790698,4481.589147286822,3996.124031007752,0.5988372093023255,1.182170542635659,0.011666666666666667,99.47222222222223,84.7,99.0,83.4104425,100,100,85648.14814814815,19.11111111111111
mostlya0-8de5-410c-b381-9254048d0b60,mostly78-6843-47de-b058-eb46723a75a7,2025-05-01,43840.0,83.8,96.2,3.4,0.85,96.3,0,0,6220.0,12250,49.7,51040,5120.0,21500,5500,4240,210,1220,10240,65,1080.0,Zenith Industrial Gases Center,"Shanghai, China",Agrochemicals,310000,3200,45920.0,89.96865203761756,36900.0,72.29623824451411,35680.0,69.90595611285266,34535.0,67.66261755485894,91.27000000000001,116.78832116788321,1164.2335766423357,1047.4452554744526,0.14187956204379562,0.2794251824817518,0.0011336678832116788,99.52777777777779,83.8,99.15,82.69534141666666,100,100,15950.0,13.7
mostly7b-b035-4f76-95f4-6c421e8697e4,mostly7a-46e2-4205-8d8d-4f12d545a33c,2025-04-01,49900.0,77.9,94.9,7.9,0.2,98.0,1,0,4200.5,15450,9.2,53900,37050.0,19980,6350,4240,1250,1330,10040,210,835.0,GreenLeaf Agrochem Ltd.,"Shanghai, China",Agrochemicals,310000,3200,16850.0,31.261595547309835,8140.0,15.10204081632653,6810.0,12.634508348794062,5765.0,10.695732838589981,89.03000000000002,742.4849699398798,1080.1603206412826,337.67535070140286,0.08417835671342686,0.3096192384769539,0.0001843687374749499,98.90277777777779,77.9,99.8,76.89117336111111,80,100,16843.75,15.59375
mostly34-1eab-4ab6-88bf-59ca63f9cdc3,mostly7a-7b82-4661-86c1-0b3a2c084d49,2024-03-01,41200.0,94.1,92.8,5.0,0.4,98.4,0,0,7100.0,14950,49.7,6660,31500.0,3540,4705,1975,1760,260,4780,200,805.0,Nordic Specialty Plastics Plant,"Houston, United States",Specialty Chemicals,220000,860,-24840.0,-372.97297297297297,-29360.0,-440.8408408408408,-29620.0,-444.74474474474476,-30625.0,-459.8348348348348,95.0,764.5631067961165,161.6504854368932,-602.9126213592233,0.17233009708737865,0.3628640776699029,0.0012063106796116505,99.30555555555556,94.1,99.6,93.07274166666667,100,100,7744.186046511628,47.906976744186046
mostly2d-0b04-43c4-8f76-b440757676ae,mostly89-1676-407e-a736-b5c01ff93138,2025-03-01,10540.0,83.8,92.5,6.0,0.2,98.9,1,1,5250.0,8940,9.3,6840,29600.0,24500,1285,1800,1600,922,4800,70,180.0,Aurora Petrochemicals Complex,"Port Elizabeth, South Africa",Industrial Gases,310000,540,-22760.0,-332.7485380116959,-26638.0,-389.44444444444446,-27560.0,-402.9239766081871,-27810.0,-406.57894736842104,90.94,2808.349146110057,648.9563567362429,-2159.392789373814,0.4981024667931689,0.8481973434535104,0.0008823529411764706,99.16666666666667,83.8,99.8,82.93546333333333,80,70,12666.666666666666,19.51851851851852
mostly41-c749-4495-b9a2-486d62b40df6,mostly9d-1e33-486f-ab67-fbeed1945f92,2024-05-01,70520.0,82.4,94.1,3.9,0.9,98.9,0,0,5600.0,12850,46.0,55100,4780.0,21800,1325,478,850,1400,8710,148,885.0,Nordic Specialty Plastics Plant,"Shanghai, China",Agrochemicals,220000,540,50320.0,91.32486388384756,43010.0,78.05807622504537,41610.0,75.51724137931033,40577.0,73.64246823956442,90.86000000000001,67.78218944980148,781.3386273397617,713.5564378899603,0.07941009642654566,0.18221781055019853,0.000652297220646625,99.45833333333334,82.4,99.1,81.21608366666668,100,100,102037.03703703704,130.59259259259258
mostly3f-3313-453c-8fa4-781558a2df48,mostlya7-fcf7-4455-9b2f-19eb0fd41fa6,2024-01-01,81050.0,87.1,93.6,2.7,0.88,98.2,0,0,1320.0,17320,9.7,51040,4780.0,19350,6800,2620,1020,1330,4780,61,1440.0,GreenLeaf Agrochem Ltd.,"Odense, Denmark",Polymers,310000,3200,46260.0,90.63479623824452,42810.0,83.87539184952978,41480.0,81.26959247648902,39979.0,78.3287617554859,92.38,58.975940777297964,629.7347316471314,570.7587908698334,0.016286243059839604,0.2136952498457742,0.00011967921036397284,99.625,87.1,99.12,86.0097693,100,100,15950.0,25.328125
mostlye0-f3af-45e7-8732-47784ea90a9c,mostlyaa-e8ae-43bc-b45a-e54663f90d39,2025-02-01,16020.0,92.2,96.2,8.5,0.5,97.4,1,0,5550.0,9160,7.0,50650,4780.0,25150,1250,3200,222,612,10000,63,785.0,Zenith Industrial Gases Center,"Port Elizabeth, South Africa",Industrial Gases,310000,1500,45870.0,90.56268509378084,36482.0,72.02764067127345,35870.0,70.81934846989141,35022.0,69.14511352418559,94.96,298.3770287141074,3161.67290886392,2863.2958801498125,0.3464419475655431,0.5717852684144819,0.0004369538077403246,98.81944444444444,92.2,99.5,90.65597013888889,80,100,33766.666666666664,10.68
mostly3d-fb03-48a9-963a-d06c04f2a4b4,mostlyb2-b784-45e2-a7f5-300e1a30c7fc,2023-12-01,50120.0,93.5,93.1,8.5,1.4,98.5,1,0,5400.0,13050,46.5,57600,31900.0,23005,7250,4360,180,880,8400,59,202.0,GreenLeaf Agrochem Ltd.,"Shanghai, China",Specialty Chemicals,220000,540,25700.0,44.61805555555556,18180.0,31.5625,17300.0,30.03472222222222,17039.0,29.58159722222222,94.88,636.4724660814046,1149.241819632881,512.7693535514765,0.1077414205905826,0.2603750997605746,0.0009277733439744613,98.81944444444444,93.5,98.6,91.10263402777777,80,100,106666.66666666667,92.81481481481481
mostly71-da6c-429e-aecc-840e2e266a6f,mostlyb3-6de1-444e-bb2b-db078b60974c,2025-05-01,41200.0,88.2,95.8,8.5,0.8,97.7,1,0,1140.0,12500,46.8,55200,32200.0,23125,6000,3780,1150,278,7800,140,720.0,Nordic Specialty Plastics Plant,"Odense, Denmark",Agrochemicals,720000,2100,23000.0,41.66666666666667,15478.0,28.03985507246377,15200.0,27.536231884057973,14340.0,25.97826086956522,93.33,781.5533980582525,1339.8058252427184,558.2524271844659,0.02766990291262136,0.30339805825242716,0.0011359223300970874,98.81944444444444,88.2,99.2,86.46148,80,100,26285.714285714286,19.61904761904762
mostlye6-ebec-43c6-879d-d7258cdc0a12,mostlyb6-bb83-4b5d-a5ca-6d6a07bd2ade,2023-05-01,61000.0,96.4,94.5,6.2,0.89,98.5,1,0,6960.0,8700,51.0,6500,40200.0,20640,5980,4120,900,628,1260,215,835.0,Aurora Petrochemicals Complex,"Port Elizabeth, South Africa",Petrochemical,310000,540,-33700.0,-518.4615384615385,-34332.0,-528.1846153846153,-34960.0,-537.8461538461538,-36010.0,-554.0,96.46000000000001,659.016393442623,106.55737704918033,-552.4590163934427,0.11409836065573771,0.14262295081967213,0.0008360655737704918,99.13888888888889,96.4,99.11,94.71931687777779,80,100,12037.037037037036,112.96296296296296
mostly17-3fce-490e-94dc-8023d86d4dbd,mostlyb9-9300-4ba4-b04c-e7c8ecef616a,2023-09-01,10450.0,82.5,93.6,5.0,0.9,98.3,0,0,5400.0,14490,112.0,6480,29600.0,22250,4502,3780,900,287,5060,59,2312.5,GreenLeaf Agrochem Ltd.,"Houston, United States",Polymers,220000,1500,-23120.0,-356.7901234567901,-27893.0,-430.4475308641975,-28180.0,-434.87654320987656,-30551.5,-471.4737654320988,90.57,2832.535885167464,620.0956937799043,-2212.44019138756,0.5167464114832536,1.386602870813397,0.010717703349282296,99.30555555555556,82.5,99.1,81.18973958333333,100,100,4320.0,6.966666666666667
mostlyc5-7481-4a77-a2e4-bb599d777b1f,mostlybf-daa1-4491-9752-b83928c87cf0,2024-01-01,51000.0,80.5,93.3,6.2,1.4,99.5,0,1,980.0,8730,5.6,50600,34500.0,23125,4920,3100,1880,900,8784,165,1040.0,Nordic Specialty Plastics Plant,"Port Elizabeth, South Africa",Agrochemicals,480000,3200,16100.0,31.818181818181817,8216.0,16.23715415019763,7316.0,14.458498023715416,6111.0,12.077075098814229,90.04,676.4705882352941,992.156862745098,315.68627450980387,0.019215686274509803,0.1711764705882353,0.00010980392156862745,99.13888888888889,80.5,98.6,78.68951027777779,100,70,15812.5,15.9375
mostlyff-78a1-4674-9650-778962c13fd5,mostlyc5-c789-419a-a952-0eba208a5cc0,2023-06-01,10250.0,93.1,97.1,12.3,0.89,99.1,0,1,1320.0,11450,6.5,52050,37000.0,25100,5400,1860,180,274,1270,64,184.0,GreenLeaf Agrochem Ltd.,"Port Elizabeth, South Africa",Agrochemicals,220000,3200,15050.0,28.914505283381363,14054.0,27.000960614793467,13780.0,26.4745437079731,13532.0,25.998078770413063,96.1,3609.756097560976,5078.048780487805,1468.292682926829,0.12878048780487805,1.1170731707317074,0.0006341463414634147,98.29166666666667,93.1,99.11,90.69510674583331,100,70,16265.625,3.203125
mostly71-a6c9-4257-a623-2ba0206471ab,mostlyc5-cc27-4e4b-bdb4-6b9b051c0714,2023-10-01,9050.0,83.2,92.1,5.6,0.25,99.5,0,0,6180.0,15880,112.0,7020,4760.0,21750,5020,1950,1850,1010,5360,260,790.0,Horizon Polymers Campus,"Shanghai, China",Industrial Gases,310000,540,2260.0,32.193732193732195,-2090.0,-29.772079772079774,-3100.0,-44.15954415954416,-4150.0,-59.11680911680912,90.75999999999999,525.9668508287293,775.6906077348066,249.72375690607726,0.6828729281767956,1.754696132596685,0.012375690607734807,99.22222222222223,83.2,99.75,82.34650666666668,100,100,13000.0,16.75925925925926
mostly56-b8fa-4d9f-8071-a426c7075b4f,mostlyd2-17a5-447a-b00f-1610fd6cf6d5,2023-11-01,9200.0,78.4,92.6,6.9,0.4,96.2,1,0,1060.0,560,46.1,44850,5100.0,3350,1240,468,212,880,9510,170,1065.0,Nordic Specialty Plastics Plant,"Port Elizabeth, South Africa",Specialty Chemicals,310000,3200,39750.0,88.62876254180601,31120.0,69.38684503901895,30240.0,67.4247491638796,29005.0,64.6711259754738,88.00000000000001,554.3478260869565,4875.0,4320.652173913044,0.11521739130434783,0.06086956521739131,0.005010869565217391,99.04166666666667,78.4,99.6,77.33807200000001,80,100,14015.625,2.875
mostlycf-4d17-4ab9-926e-6242dac17dab,mostlyd3-11a5-4b50-8790-19b86e9e9975,2023-03-01,10150.0,94.3,97.5,1.8,1.8,98.1,1,0,6450.0,8690,132.0,6750,34500.0,19980,1240,3320,1780,1010,7800,71,880.0,Nordic Specialty Plastics Plant,"Houston, United States",Specialty Chemicals,720000,860,-27750.0,-411.1111111111111,-34540.0,-511.70370370370375,-35550.0,-526.6666666666666,-36501.0,-540.7555555555556,96.39999999999999,3399.014778325123,665.0246305418719,-2733.9901477832514,0.6354679802955665,0.8561576354679803,0.013004926108374384,99.75,94.3,98.2,92.3710935,80,100,7848.837209302325,11.80232558139535
mostlyd1-35ab-4730-bcaf-a4a619f09468,mostlyd6-b834-4855-bd11-7daada02dde1,2023-10-01,15650.0,80.5,92.1,2.1,0.82,95.9,1,0,5400.0,9060,49.7,47800,42000.0,23800,6020,1800,860,1490,10350,220,1020.0,Nordic Specialty Plastics Plant,"Odense, Denmark",Agrochemicals,480000,860,5800.0,12.133891213389122,-3060.0,-6.401673640167364,-4550.0,-9.518828451882845,-5790.0,-12.11297071129707,88.60000000000001,2683.70607028754,3054.3130990415334,370.6070287539933,0.3450479233226837,0.5789137380191693,0.0031757188498402556,99.70833333333333,80.5,99.18,79.607033625,80,100,55581.395348837206,18.197674418604652
mostly81-831b-497e-90a5-249fd1deb40e,mostlyda-790f-41ae-8bf1-7f121af10997,2025-05-01,16020.0,87.5,93.2,1.9,1.5,97.4,1,1,7100.0,14340,47.0,43550,34507.5,3500,4210,2100,1200,1335,8990,60,184.0,Nordic Specialty Plastics Plant,"Odense, Denmark",Specialty Chemicals,310000,2100,9042.5,20.763490241102183,1387.5,3.1859931113662454,52.5,0.12055109070034442,-191.5,-0.4397244546498278,92.18,2154.0262172284642,2718.4769038701625,564.4506866416982,0.4431960049937578,0.8951310861423221,0.002933832709113608,99.73611111111111,87.5,98.5,85.96006076388889,80,70,20738.095238095237,7.628571428571429
mostlyb5-039a-4999-be4b-6c0306c8e361,mostlydc-ed6d-412a-9c7e-35136fb68bb5,2023-08-01,10250.0,81.7,92.9,12.3,0.5,99.8,1,0,7080.0,17320,161.0,55600,35200.0,3180,6600,3780,1500,274,5480,200,186.0,GreenLeaf Agrochem Ltd.,Singapore,Specialty Chemicals,900000,540,20400.0,36.69064748201439,15194.0,27.327338129496404,14920.0,26.834532374100718,14534.0,26.14028776978417,90.49000000000001,3434.1463414634145,5424.390243902439,1990.2439024390242,0.6907317073170731,1.6897560975609756,0.015707317073170732,98.29166666666667,81.7,99.5,79.90277020833334,80,100,102962.96296296296,18.98148148148148
mostly3e-5ebf-4f67-bfd4-312ab43f8276,mostlye4-419d-4d08-9639-789ce6d03230,2023-01-01,42100.0,87.8,94.4,6.1,0.8,98.8,2,0,5650.0,16650,120.4,51040,29600.0,23005,4520,490,880,600,1325,190,183.0,Zenith Industrial Gases Center,"Shanghai, China",Specialty Chemicals,480000,2100,21440.0,42.00626959247649,20715.0,40.585815047021946,20115.0,39.41026645768025,19742.0,38.6794670846395,93.08000000000001,703.0878859857482,1212.351543942993,509.26365795724473,0.1342042755344418,0.39548693586698336,0.0028598574821852734,99.15277777777777,87.8,99.2,86.35968977777777,60,100,24304.761904761905,20.047619047619047
mostly63-71e5-43d5-be33-86d52a2747b5,mostlye6-a6d6-4fac-8296-564dfd183483,2024-01-01,15120.0,89.6,93.9,4.7,0.8,98.4,2,0,5880.0,17650,134.0,57000,4650.0,22540,1355,2480,860,1490,1270,69,950.0,Horizon Polymers Campus,"Port Elizabeth, South Africa",Industrial Gases,900000,2100,52350.0,91.84210526315789,52570.0,92.22807017543859,51080.0,89.6140350877193,50061.0,87.82631578947368,93.53,307.53968253968253,3769.84126984127,3462.3015873015875,0.3888888888888889,1.1673280423280423,0.008862433862433862,99.34722222222221,89.6,99.2,88.3029902222222,60,100,27142.85714285714,7.2
mostly02-fc7e-46f2-baee-95f6e93a8241,mostlyeb-105a-4a9b-b2a0-d3949843c8c9,2025-05-01,15040.0,83.5,94.6,2.8,0.15,97.2,1,0,960.0,13300,132.0,49250,29600.0,23200,5580,481,218,1260,8280,140,885.0,Nordic Specialty Plastics Plant,"Shanghai, China",Agrochemicals,220000,860,19650.0,39.898477157360404,12630.0,25.64467005076142,11370.0,23.086294416243653,10345.0,21.00507614213198,90.94,1968.0851063829787,3274.601063829787,1306.5159574468084,0.06382978723404255,0.8843085106382979,0.008776595744680852,99.61111111111111,83.5,99.85,83.0505148611111,80,100,57267.441860465115,17.488372093023255
mostly8b-d4d8-42b0-9430-c9dd1b1d03b1,mostlyeb-f4ba-4b55-b718-8ecb1d4850a0,2023-04-01,9900.0,83.5,96.8,3.9,0.86,99.7,1,0,5950.0,15350,9.3,47800,33600.0,21850,1230,3200,195,1470,8710,66,1200.0,Horizon Polymers Campus,"Port Elizabeth, South Africa",Industrial Gases,220000,860,14200.0,29.707112970711297,6960.0,14.560669456066947,5490.0,11.485355648535565,4224.0,8.836820083682008,92.35,3393.939393939394,4828.282828282829,1434.3434343434346,0.601010101010101,1.5505050505050506,0.0009393939393939394,99.45833333333334,83.5,99.14,82.33349804166667,80,100,55581.395348837206,11.511627906976743
mostly9b-0f8a-4a43-819c-9d96cf90d3d2,mostlyf3-9c94-4094-a8c9-7f546863a750,2023-07-01,44850.0,82.0,94.6,2.2,0.2,98.7,0,0,1150.0,15610,148.0,6525,4800.0,3420,5700,2620,880,275,7000,188,760.0,GreenLeaf Agrochem Ltd.,"Houston, United States",Polymers,220000,540,1725.0,26.436781609195403,-5000.0,-76.62835249042146,-5275.0,-80.84291187739464,-6223.0,-95.37164750957854,90.78999999999999,107.02341137123746,145.48494983277592,38.46153846153847,0.02564102564102564,0.3480490523968785,0.003299888517279822,99.69444444444444,82.0,99.8,81.58594555555555,100,100,12083.333333333334,83.05555555555556
mostlyad-1c38-45c1-8c7e-ad78797137f7,mostlyf4-ce46-463a-a097-67d7ff1942d9,2023-12-01,39760.0,92.3,96.6,2.1,1.4,99.5,0,0,7000.0,14950,50.5,44000,34200.0,18900,6900,449,190,922,10560,170,1050.0,Zenith Industrial Gases Center,"Port Elizabeth, South Africa",Specialty Chemicals,900000,860,9800.0,22.272727272727273,162.0,0.36818181818181817,-760.0,-1.7272727272727273,-1980.0,-4.5,95.75,860.1609657947686,1106.6398390342051,246.47887323943655,0.176056338028169,0.37600603621730383,0.0012701207243460764,99.70833333333333,92.3,98.6,90.74236058333332,100,100,51162.79069767442,46.23255813953488
mostly22-6be4-437f-ada8-bf332843d196,mostlyf6-b04f-4b31-9966-024a241c2450,2023-02-01,50650.0,87.5,93.3,5.6,0.4,98.3,1,0,5680.0,12400,42.1,43550,40850.0,24650,4355,2420,880,284,4780,210,186.0,Nordic Specialty Plastics Plant,"Odense, Denmark",Agrochemicals,720000,3200,2700.0,6.199770378874857,-1796.0,-4.123995407577497,-2080.0,-4.776119402985075,-2476.0,-5.6854190585533875,92.48,806.5153010858835,859.822309970385,53.307008884501556,0.112142152023692,0.24481737413622903,0.0008311944718657453,99.22222222222223,87.5,99.6,86.47216666666667,80,100,13609.375,15.828125
mostly8e-eed4-4466-9075-166981d32e5e,mostlyfa-c5f5-4788-8ec4-467088d908e6,2023-12-01,14250.0,86.3,92.8,3.3,0.9,96.0,1,0,6160.0,8580,48.2,39760,4920.0,22750,6600,1850,205,633,5100,150,1300.0,GreenLeaf Agrochem Ltd.,Singapore,Specialty Chemicals,900000,860,34840.0,87.62575452716298,30373.0,76.39084507042253,29740.0,74.79879275653923,28290.0,71.15191146881288,91.16,345.2631578947368,2790.1754385964914,2444.9122807017548,0.432280701754386,0.6021052631578947,0.0033824561403508775,99.54166666666667,86.3,99.1,85.13131820833333,80,100,46232.558139534885,16.569767441860463
mostlyd8-041e-4ab6-afc5-c27d7870e2cb,mostlyfa-fb5b-407e-ad1e-8b9303a5b640,2023-01-01,9200.0,97.0,95.8,4.6,1.2,98.8,0,0,1120.0,585,50.5,45020,5000.0,23500,1310,1860,201,908,9620,185,1993.0,Zenith Industrial Gases Center,Singapore,Agrochemicals,720000,540,40020.0,88.89382496668148,31308.0,69.54242558862728,30400.0,67.52554420257664,28222.0,62.687694358063084,97.18,543.4782608695652,4893.478260869565,4350.0,0.12173913043478261,0.06358695652173912,0.005489130434782608,99.36111111111111,97.0,98.8,95.22371444444444,100,100,83370.37037037036,17.037037037037038
mostly65-5322-4ea2-bc8d-cba2f7690882,mostlyfb-07df-48c0-b2f9-ef4db0e080d7,2023-02-01,14250.0,81.0,93.3,5.5,0.15,98.5,1,0,7320.0,13210,44.9,46010,34200.0,22950,1220,468,1060,287,1345,156,880.0,Horizon Polymers Campus,"Port Elizabeth, South Africa",Specialty Chemicals,480000,540,11810.0,25.66833297109324,10752.0,23.36883286242121,10465.0,22.74505542273419,9429.0,20.493371006302976,89.94000000000001,2400.0,3228.7719298245615,828.7719298245615,0.5136842105263157,0.9270175438596491,0.0031508771929824562,99.23611111111111,81.0,99.85,80.260678125,80,100,85203.70370370371,26.38888888888889
mostlybf-083b-46dc-85b3-33fdf68ace87,mostlyfb-088f-4bac-b2b6-c42ba07b63a2,2024-01-01,10850.0,93.5,92.0,1.8,0.78,97.9,1,0,5250.0,570,144.0,54800,31250.0,3100,4480,3200,900,955,1290,71,1010.0,GreenLeaf Agrochem Ltd.,"Port Elizabeth, South Africa",Specialty Chemicals,220000,3200,23550.0,42.97445255474452,23215.0,42.363138686131386,22260.0,40.620437956204384,21179.0,38.6478102189781,94.37000000000002,2880.1843317972352,5050.6912442396315,2170.5069124423962,0.4838709677419355,0.052534562211981564,0.013271889400921659,99.75,93.5,99.22,92.53877325,80,100,17125.0,3.390625
mostlyf9-85c7-457d-8251-a3cb1fcea169,mostlyfe-1b7b-494b-b25c-d2c6fcbc5350,2023-03-01,8800.0,78.2,93.6,8.5,0.78,99.0,2,0,1255.0,8780,43.7,57600,4850.0,21050,6050,2520,1150,605,4800,155,970.0,GreenLeaf Agrochem Ltd.,"Houston, United States",Industrial Gases,720000,860,52750.0,91.57986111111111,48555.0,84.296875,47950.0,83.24652777777779,46825.0,81.29340277777779,89.06,551.1363636363636,6545.454545454545,5994.318181818181,0.14261363636363636,0.9977272727272727,0.004965909090909091,98.81944444444444,78.2,99.22,76.67404647222222,60,100,66976.74418604652,10.232558139534884
mostly64-d0e2-4dfd-ba02-bb1c7606e379,mostly03-e230-4b86-89e3-2437361d2a1b,2025-01-01,65200.0,89.2,94.9,3.9,0.89,98.9,0,0,5850.0,15610,9.7,6680,35200.0,22600,6860,4360,1780,1015,8400,175,2251.0,GreenLeaf Agrochem Ltd.,"Odense, Denmark",Specialty Chemicals,310000,1500,-28520.0,-426.9461077844311,-35905.0,-537.5,-36920.0,-552.6946107784431,-39346.0,-589.0119760479042,93.82,539.8773006134969,102.45398773006134,-437.4233128834356,0.0897239263803681,0.23941717791411044,0.00014877300613496932,99.45833333333334,89.2,99.11,87.92725351666667,100,100,4453.333333333333,43.46666666666667
mostly8d-5197-4fbf-97db-47fafc9a2254,mostly07-3886-4b9c-8a2b-dca52e1984cc,2023-09-01,46000.0,81.7,92.9,3.8,0.95,97.2,1,1,6960.0,8850,131.0,56300,5000.0,21900,1250,1700,990,600,4400,69,204.0,GreenLeaf Agrochem Ltd.,"Port Elizabeth, South Africa",Specialty Chemicals,310000,3200,51300.0,91.1190053285968,47500.0,84.36944937833037,46900.0,83.30373001776199,46627.0,82.81882770870338,89.71000000000001,108.69565217391305,1223.9130434782608,1115.2173913043478,0.15130434782608695,0.1923913043478261,0.0028478260869565218,99.47222222222223,81.7,99.05,80.49675190277779,80,70,17593.75,14.375
mostly53-c50a-4cb7-9696-dbbe5e0fa3e9,mostly07-cd99-43d0-8285-01fdc02e6e47,2025-05-01,47310.0,93.5,97.8,1.2,0.89,98.4,1,0,6960.0,12500,6.3,46000,31900.0,19500,4601,480,180,1440,8240,145,865.0,Aurora Petrochemicals Complex,"Houston, United States",Industrial Gases,480000,540,14100.0,30.65217391304348,7300.0,15.869565217391305,5860.0,12.73913043478261,4850.0,10.543478260869566,96.26,674.27605157472,972.3102938068062,298.03424223208617,0.1471147748890298,0.2642147537518495,0.00013316423589093215,99.83333333333333,93.5,99.11,92.51340358333334,80,100,85185.18518518518,87.61111111111111
mostly33-b164-4428-bb1a-d13f969a7c10,mostly0b-fb2d-457c-9452-28988817db5a,2023-02-01,10980.0,93.8,97.9,8.7,1.1,97.9,1,0,6700.0,590,46.8,6960,5000.0,21920,6920,420,860,860,9310,65,2177.5,Nordic Specialty Plastics Plant,"Odense, Denmark",Specialty Chemicals,900000,540,1960.0,28.160919540229884,-6490.0,-93.24712643678161,-7350.0,-105.60344827586208,-9592.5,-137.82327586206898,96.26000000000002,455.3734061930783,633.879781420765,178.50637522768665,0.6102003642987249,0.05373406193078324,0.004262295081967213,98.79166666666666,93.8,98.9,91.64725091666666,80,100,12888.888888888889,20.333333333333332
mostly7b-4b4d-41c8-bfb5-c2b76b1746ca,mostly14-961f-4774-b83f-89889f11a6ae,2023-08-01,41280.0,88.2,95.9,4.2,0.89,96.0,0,0,5790.0,8850,112.0,6200,40650.0,21850,6860,2620,195,1310,9300,250,900.0,GreenLeaf Agrochem Ltd.,"Odense, Denmark",Specialty Chemicals,480000,1500,-34450.0,-555.6451612903226,-42440.0,-684.516129032258,-43750.0,-705.6451612903226,-44900.0,-724.1935483870968,92.85000000000001,984.7383720930233,150.19379844961242,-834.5445736434108,0.14026162790697674,0.21438953488372092,0.0027131782945736434,99.41666666666666,88.2,99.11,86.90509904999999,100,100,4133.333333333333,27.52
mostlyad-d32d-44c7-9d4e-e3de9c1e63b1,mostly16-b055-4b92-b52f-4a869e53cd33,2024-04-01,51040.0,84.7,95.3,4.5,1.5,99.0,1,0,1060.0,635,43.7,53900,5000.0,24050,1290,2520,1350,612,9760,220,1005.0,GreenLeaf Agrochem Ltd.,"Houston, United States",Petrochemical,220000,860,48900.0,90.72356215213358,39752.0,73.75139146567719,39140.0,72.61595547309832,37915.0,70.34322820037106,92.17,97.96238244514106,1056.0344827586207,958.0721003134796,0.020768025078369907,0.012441222570532916,0.0008561912225705329,99.375,84.7,98.5,82.90806562499999,80,100,62674.41860465116,59.348837209302324
mostly0f-3221-4208-ba17-5877dea05735,mostly17-fa72-4dea-8e8c-7998b1f4e06f,2023-01-01,11400.0,89.9,93.0,5.2,1.0,98.3,0,0,5550.0,15940,43.5,39760,36000.0,19850,1250,1980,850,1330,4600,195,790.0,Zenith Industrial Gases Center,"Port Elizabeth, South Africa",Industrial Gases,220000,540,3760.0,9.456740442655935,490.0,1.232394366197183,-840.0,-2.112676056338028,-1825.0,-4.590040241448692,93.35,3157.8947368421054,3487.719298245614,329.8245614035086,0.4868421052631579,1.3982456140350876,0.0038157894736842103,99.27777777777777,89.9,99.0,88.358215,100,100,73629.62962962964,21.11111111111111
mostlye4-2857-44a8-a8b8-65d94652a97b,mostly21-8842-49a4-871a-e936721d11b9,2023-01-01,52000.0,85.2,94.6,6.3,1.6,99.1,1,0,6180.0,8800,8.7,49000,35500.0,21900,4200,457,217,270,10240,250,192.0,Aurora Petrochemicals Complex,"Port Elizabeth, South Africa",Specialty Chemicals,220000,860,13500.0,27.55102040816326,3530.0,7.204081632653062,3260.0,6.653061224489797,2818.0,5.751020408163265,92.19000000000001,682.6923076923077,942.3076923076923,259.6153846153845,0.11884615384615385,0.16923076923076924,0.0001673076923076923,99.12500000000001,85.2,98.4,83.10322800000002,80,100,56976.74418604651,60.46511627906977
mostly14-4ece-426f-b4ae-cd104e34ad1b,mostly23-c1e3-404f-9978-e4c1606bd2a4,2024-04-01,9100.0,83.8,92.1,6.1,1.6,97.5,0,1,1320.0,15610,9.2,52600,4940.0,21050,1200,452,950,920,4500,148,1385.0,Horizon Polymers Campus,"Odense, Denmark",Polymers,220000,860,47660.0,90.6083650190114,44080.0,83.8022813688213,43160.0,82.0532319391635,41627.0,79.13878326996198,90.39999999999999,542.8571428571429,5780.219780219781,5237.3626373626375,0.14505494505494507,1.7153846153846153,0.0010109890109890108,99.15277777777777,83.8,98.4,81.76058733333332,100,70,61162.79069767442,10.581395348837209
mostly2b-8ca4-41e3-b3d6-ff319d314e44,mostly24-75d3-4c33-9fa1-6148064115b5,2023-03-01,10750.0,78.4,93.0,4.2,0.5,98.0,2,0,5980.0,12540,7.0,6660,33350.0,22150,1275,2520,1820,950,10040,165,1520.0,Nordic Specialty Plastics Plant,"Odense, Denmark",Petrochemical,310000,540,-26690.0,-400.75075075075074,-35780.0,-537.2372372372372,-36730.0,-551.5015015015015,-38415.0,-576.8018018018017,88.66000000000001,3102.3255813953488,619.5348837209302,-2482.7906976744184,0.5562790697674419,1.1665116279069767,0.0006511627906976744,99.41666666666666,78.4,99.5,77.55295333333333,60,100,12333.333333333334,19.90740740740741
mostlyc3-501b-4316-b128-d56f63b0b5f0,mostly27-ff64-483a-9ce2-cde487b54e8d,2024-01-01,16450.0,87.1,92.1,4.2,0.78,99.0,1,0,1360.0,13750,6.3,42500,39450.0,3320,4384,460,1150,640,1335,68,192.0,Horizon Polymers Campus,"Houston, United States",Agrochemicals,310000,540,3050.0,7.1764705882352935,2355.0,5.541176470588235,1715.0,4.035294117647059,1455.0,3.4235294117647057,92.17,2398.176291793313,2583.586626139818,185.4103343465049,0.08267477203647416,0.8358662613981763,0.0003829787234042553,99.41666666666666,87.1,99.22,85.91649971666665,80,100,78703.70370370371,30.462962962962962
mostly19-83c5-4d9d-b02e-ecc8cc15d077,mostly2b-eb41-4c45-87f9-a2d9b98a0512,2023-07-01,10900.0,83.5,91.8,3.4,1.6,98.0,1,1,1150.0,8200,125.0,54200,4850.0,21750,5400,3600,218,1420,1240,250,2312.5,Nordic Specialty Plastics Plant,Singapore,Specialty Chemicals,220000,1500,49350.0,91.05166051660517,49530.0,91.38376383763838,48110.0,88.76383763837639,45547.5,84.0359778597786,90.34,444.95412844036696,4972.477064220184,4527.522935779817,0.10550458715596331,0.7522935779816514,0.011467889908256881,99.52777777777779,83.5,98.4,81.77600333333335,80,70,36133.333333333336,7.266666666666667
mostly8b-4f89-447e-a92c-a3325fe07e86,mostly2d-8e90-431f-88e0-aa59ccb808f6,2023-03-01,9100.0,80.1,92.7,4.1,0.3,95.9,0,0,5340.0,13750,7.5,51500,36450.0,25000,5530,3200,1150,268,4500,205,995.0,Nordic Specialty Plastics Plant,"Port Elizabeth, South Africa",Industrial Gases,310000,860,15050.0,29.22330097087379,10818.0,21.005825242718444,10550.0,20.485436893203886,9350.0,18.155339805825243,88.62,4005.4945054945056,5659.340659340659,1653.8461538461534,0.5868131868131868,1.510989010989011,0.0008241758241758242,99.43055555555556,80.1,99.7,79.40494337499999,100,100,59883.72093023256,10.581395348837209
mostlya1-25bb-4f64-99f4-2166966ea246,mostly30-607a-43ed-bab4-4d8de9274684,2023-04-01,15640.0,90.1,93.1,5.0,1.1,99.5,1,0,5930.0,13900,43.8,6420,38700.0,3100,6350,3250,1400,1360,8600,71,790.0,Nordic Specialty Plastics Plant,Singapore,Agrochemicals,220000,540,-32280.0,-502.803738317757,-39520.0,-615.5763239875389,-40880.0,-636.7601246105919,-41741.0,-650.171339563863,93.82,2474.4245524296675,410.4859335038363,-2063.938618925831,0.37915601023017903,0.8887468030690537,0.0028005115089514065,99.30555555555556,90.1,98.9,88.49008819444444,80,100,11888.888888888889,28.962962962962962
mostly10-2d9b-482d-a6ac-2a55148f4c0b,mostly33-29da-4fef-a00d-aed05b50b7a4,2025-02-01,15650.0,94.0,92.1,5.2,1.3,96.9,2,0,7220.0,520,152.0,6350,41850.0,3200,6020,4020,180,1530,4500,230,1300.0,GreenLeaf Agrochem Ltd.,"Odense, Denmark",Agrochemicals,220000,1500,-35500.0,-559.0551181102362,-38470.0,-605.8267716535433,-40000.0,-629.9212598425197,-41530.0,-654.0157480314961,94.30000000000001,2674.1214057507987,405.75079872204475,-2268.370607028754,0.46134185303514375,0.033226837060702875,0.009712460063897763,99.27777777777777,94.0,98.7,92.10793666666666,60,100,4233.333333333333,10.433333333333334
mostly0e-7ea5-4321-851f-1512160792d2,mostly34-0d12-4ec9-af4a-10baf03ea964,2023-12-01,14250.0,90.8,97.4,3.9,1.5,99.2,1,1,5880.0,9040,165.0,55000,32662.5,3320,1250,468,1180,288,9004,61,780.0,Nordic Specialty Plastics Plant,Singapore,Specialty Chemicals,480000,860,22337.5,40.61363636363636,13621.5,24.766363636363636,13333.5,24.242727272727272,12492.5,22.713636363636365,95.3,2292.1052631578946,3859.6491228070176,1567.543859649123,0.4126315789473684,0.6343859649122807,0.011578947368421053,99.45833333333334,90.8,98.5,88.95354416666666,80,70,63953.48837209302,16.569767441860463
mostly32-348d-415d-9b58-7e66a3a2b62b,mostly34-70df-4c08-a73d-1c5d05804a66,2023-03-01,54120.0,97.1,94.6,3.3,0.8,99.4,1,0,1150.0,9090,43.8,52050,34687.5,22410,4520,487,180,1470,10560,168,835.0,Nordic Specialty Plastics Plant,"Shanghai, China",Specialty Chemicals,310000,540,17362.5,33.35734870317003,8272.5,15.893371757925074,6802.5,13.069164265129682,5799.5,11.142170989433236,97.04,640.9368070953436,961.7516629711752,320.81485587583154,0.021249076127124907,0.16796008869179602,0.0008093126385809313,99.54166666666667,97.1,99.2,95.88171866666667,80,100,96388.88888888889,100.22222222222223
mostlyd4-70d3-4f47-82ed-7c8a412d82dc,mostly38-99b2-4e72-9abc-04e54ebda318,2025-05-01,15850.0,92.2,94.5,3.2,0.82,98.5,1,0,6450.0,16650,152.0,6960,38700.0,25650,6520,3750,210,1530,1290,60,1385.0,Zenith Industrial Gases Center,"Port Elizabeth, South Africa",Polymers,220000,540,-31740.0,-456.03448275862075,-31500.0,-452.5862068965517,-33030.0,-474.5689655172414,-34475.0,-495.33045977011494,94.78,2441.640378548896,439.1167192429022,-2002.5236593059938,0.4069400630914827,1.0504731861198737,0.009589905362776025,99.55555555555556,92.2,99.18,91.0375424,80,100,12888.888888888889,29.35185185185185
mostly51-b715-407b-94d2-9bdc574b1af2,mostly3d-07ee-4c7e-b97b-bd8c4c590562,2023-09-01,11400.0,93.5,92.1,1.4,0.82,97.9,1,0,1360.0,12950,6.8,7020,4720.0,25650,5500,4400,1050,628,5340,185,1520.0,GreenLeaf Agrochem Ltd.,"Shanghai, China",Specialty Chemicals,310000,540,2300.0,32.763532763532766,-2412.0,-34.35897435897436,-3040.0,-43.3048433048433,-4745.0,-67.5925925925926,94.40000000000002,414.03508771929825,615.7894736842105,201.75438596491227,0.11929824561403508,1.1359649122807018,0.0005964912280701755,99.80555555555556,93.5,99.18,92.55298525000002,80,100,13000.0,21.11111111111111
mostlyc5-0577-48f0-93f2-bb9813efa90a,mostly3e-5718-4622-8e6a-4df993a1a435,2023-06-01,44875.0,78.0,97.8,5.2,0.85,98.6,0,0,4300.0,8600,44.7,45200,30960.0,22250,5400,2100,900,625,4920,60,195.0,Zenith Industrial Gases Center,"Odense, Denmark",Specialty Chemicals,900000,2100,14240.0,31.504424778761063,9945.0,22.00221238938053,9320.0,20.61946902654867,9065.0,20.055309734513273,90.12,689.91643454039,1007.2423398328691,317.3259052924791,0.0958217270194986,0.1916434540389972,0.000996100278551532,99.27777777777777,78.0,99.15,76.77845500000001,100,100,21523.809523809523,21.36904761904762
mostlyf3-6d0b-4070-8103-c99a2428475d,mostly3e-d700-4222-a8a3-37b188162e1d,2023-01-01,15380.0,93.5,97.3,6.3,0.9,99.2,1,0,6100.0,8890,6.0,46220,30960.0,21950,1270,1850,205,620,4900,160,196.0,GreenLeaf Agrochem Ltd.,"Odense, Denmark",Agrochemicals,480000,1500,15260.0,33.01601038511467,10980.0,23.7559498052791,10360.0,22.414539160536563,10004.0,21.644309822587623,96.35000000000001,2013.0039011703511,3005.2015604681405,992.1976592977894,0.3966189856957087,0.5780234070221066,0.0003901170351105332,99.12500000000001,93.5,99.1,91.84773812500002,80,100,30813.333333333332,10.253333333333334
mostly0a-c23d-4c89-b38e-e5d337a48e88,mostly44-202d-4b2b-8da4-4d1d4bb1a0ba,2023-05-01,9400.0,78.5,93.3,4.3,0.87,99.4,2,0,5840.0,9010,8.7,6630,4820.0,26150,7200,2350,1650,993,1320,205,885.0,Zenith Industrial Gases Center,"Odense, Denmark",Industrial Gases,220000,540,1810.0,27.300150829562593,1483.0,22.368024132730017,490.0,7.390648567119156,-600.0,-9.049773755656108,89.21000000000001,512.7659574468086,705.3191489361702,192.55319148936167,0.6212765957446809,0.9585106382978723,0.000925531914893617,99.40277777777779,78.5,99.13,77.35230928472222,60,100,12277.777777777777,17.40740740740741
mostly50-9e4c-42d4-af9d-44046dfb61de,mostly54-2ddc-4872-873b-4052e1b4490c,2024-07-01,15380.0,95.2,96.2,2.8,0.3,97.6,1,0,6000.0,560,138.0,52500,40200.0,3150,6860,1900,215,1530,1350,60,1230.0,GreenLeaf Agrochem Ltd.,"Shanghai, China",Agrochemicals,480000,3200,12300.0,23.42857142857143,12480.0,23.771428571428572,10950.0,20.857142857142858,9660.0,18.4,96.22,2613.784135240572,3413.524057217165,799.739921976593,0.39011703511053314,0.036410923276983094,0.008972691807542262,99.61111111111111,95.2,99.7,94.54528844444445,80,100,16406.25,4.80625
mostly75-20b7-4525-9e77-12d59de20886,mostly59-c3e9-40f7-ac4f-b346f6bae76c,2024-12-01,10680.0,88.2,95.9,6.9,0.75,98.5,1,1,7040.0,8850,8.9,43840,38700.0,16500,7000,2380,850,930,1350,64,995.0,Zenith Industrial Gases Center,"Odense, Denmark",Specialty Chemicals,480000,1500,5140.0,11.724452554744525,4720.0,10.766423357664232,3790.0,8.64507299270073,2731.0,6.229470802919708,93.60000000000001,3623.5955056179773,4104.868913857678,481.273408239701,0.6591760299625468,0.8286516853932584,0.0008333333333333334,99.04166666666667,88.2,99.25,86.699589375,80,70,29226.666666666668,7.12
mostlye0-587c-4c75-b712-e4d8d9d15439,mostly62-759f-49d8-a424-34f052c4866c,2024-08-01,79230.0,86.8,94.9,1.8,0.88,97.4,1,0,5550.0,610,9.3,55600,31250.0,3240,6800,3780,1850,1360,10200,150,790.0,Zenith Industrial Gases Center,"Odense, Denmark",Agrochemicals,310000,1500,24350.0,43.79496402877698,15510.0,27.895683453237407,14150.0,25.449640287769785,13210.0,23.758992805755398,92.41,394.4213050612142,701.7543859649123,307.33308090369815,0.07004922377887164,0.007699103874794901,0.00011737978038621735,99.75,86.8,99.12,85.82106960000002,80,100,37066.666666666664,52.82
mostly7b-38e6-4f24-b4e1-8bbb37af2c86,mostly63-ad26-4687-af9d-0c9618738954,2023-01-01,41200.0,88.8,92.1,1.9,1.0,97.9,1,0,5790.0,8700,47.2,46220,40850.0,26250,5400,4020,1300,272,4500,140,795.0,GreenLeaf Agrochem Ltd.,"Odense, Denmark",Specialty Chemicals,220000,860,5370.0,11.618347035915189,1142.0,2.4707918649935094,870.0,1.8823020337516225,-65.0,-0.14063176114236262,92.52,991.504854368932,1121.8446601941748,130.33980582524282,0.14053398058252428,0.2111650485436893,0.0011456310679611652,99.73611111111111,88.8,99.0,87.68001000000001,80,100,53744.186046511626,47.906976744186046
mostly2d-8fa2-4d08-8d05-b1977b91873a,mostly6c-0f1f-4f56-8d59-43a4e56f0674,2024-12-01,48860.0,90.8,92.2,3.6,0.8,99.2,2,1,4200.5,13050,48.2,6840,5010.0,3210,4502,4240,1020,287,4500,250,188.0,Nordic Specialty Plastics Plant,"Odense, Denmark",Petrochemical,310000,2100,1830.0,26.75438596491228,-2383.0,-34.83918128654971,-2670.0,-39.03508771929825,-3108.0,-45.438596491228076,93.74,102.53786328284896,139.99181334424887,37.45395006139991,0.08597011870650839,0.26708964388047485,0.0009864920180106427,99.5,90.8,99.2,89.623232,60,70,3257.1428571428573,23.266666666666666
mostly00-4717-4ecb-9b5d-0e25164b3769,mostly6f-0d72-49bb-a495-4d980ea68d41,2023-02-01,63550.0,91.7,95.3,6.3,1.0,99.5,1,0,6000.0,15340,146.0,57600,32190.0,25000,1325,2500,1720,1540,4700,58,720.0,GreenLeaf Agrochem Ltd.,"Port Elizabeth, South Africa",Industrial Gases,900000,860,25410.0,44.114583333333336,22250.0,38.62847222222222,20710.0,35.954861111111114,19932.0,34.60416666666667,95.12,506.5302911093627,906.3729346970889,399.84264358772623,0.0944138473642801,0.24138473642800945,0.0022974036191974823,99.12500000000001,91.7,99.0,89.98864875000002,80,100,66976.74418604652,73.8953488372093
mostly82-9363-488a-be76-fbc85f6dbb49,mostly78-2094-4a64-ba04-eda5dd04a086,2023-09-01,16540.0,84.0,95.3,5.5,0.6,99.0,0,0,6700.0,14200,125.0,46200,5100.0,3350,4601,4500,201,908,1320,59,790.0,Zenith Industrial Gases Center,Singapore,Petrochemical,310000,540,41100.0,88.96103896103897,40688.0,88.06926406926407,39780.0,86.1038961038961,38931.0,84.26623376623377,91.89,308.3434099153567,2793.22853688029,2484.885126964933,0.40507859733978235,0.8585247883917775,0.007557436517533253,99.23611111111111,84.0,99.4,82.85818333333334,100,100,85555.55555555556,30.62962962962963
mostlyff-c90c-4c03-ab94-5a574bf166e2,mostly78-6843-47de-b058-eb46723a75a7,2023-02-01,45500.0,91.8,95.9,4.3,0.95,99.0,2,0,6100.0,14350,42.1,6525,43350.0,3500,6900,2500,900,955,9310,67,1230.0,Zenith Industrial Gases Center,"Shanghai, China",Agrochemicals,310000,3200,-36825.0,-564.3678160919541,-45180.0,-692.4137931034483,-46135.0,-707.0498084291188,-47432.0,-726.9272030651341,95.19,952.7472527472528,143.4065934065934,-809.3406593406594,0.13406593406593406,0.3153846153846154,0.0009252747252747253,99.40277777777779,91.8,99.05,90.384858375,60,100,2039.0625,14.21875
mostly57-8e55-47e6-baeb-e90bb2747c64,mostly7a-46e2-4205-8d8d-4f12d545a33c,2025-01-01,77980.0,93.1,95.8,7.4,1.2,97.8,1,0,1140.0,8600,43.5,6360,30700.0,24450,7050,4360,1250,282,5320,65,1405.0,GreenLeaf Agrochem Ltd.,"Shanghai, China",Agrochemicals,310000,3200,-24340.0,-382.70440251572325,-29378.0,-461.9182389937107,-29660.0,-466.3522012578617,-31130.0,-489.4654088050315,95.32,393.69068992049245,81.55937419851244,-312.13131572198,0.014619133111054117,0.11028468838163631,0.000557835342395486,98.97222222222223,93.1,98.8,91.03742122222222,80,100,1987.5,24.36875
mostly0a-943f-4de5-9f73-ac16c0a9eb27,mostly7a-7b82-4661-86c1-0b3a2c084d49,2023-04-01,42100.0,83.4,94.1,5.4,0.7,98.4,1,0,5010.0,510,128.0,6810,33637.5,21750,6820,3750,860,635,10000,64,2242.5,Nordic Specialty Plastics Plant,"Houston, United States",Specialty Chemicals,220000,860,-26827.5,-393.942731277533,-36192.5,-531.4610866372981,-36827.5,-540.7856093979442,-39134.0,-574.6549192364171,91.11000000000001,798.9904988123516,161.75771971496437,-637.2327790973873,0.11900237529691211,0.012114014251781473,0.003040380047505938,99.25,83.4,99.3,82.19507850000001,80,100,7918.604651162791,48.95348837209303
mostlyf9-0253-40f0-a818-783289123806,mostly89-1676-407e-a736-b5c01ff93138,2023-09-01,46250.0,81.9,93.9,6.0,1.2,99.4,1,0,5800.0,585,129.0,52500,5120.0,3200,5900,3250,198,278,4200,190,198.0,Aurora Petrochemicals Complex,"Port Elizabeth, South Africa",Industrial Gases,310000,540,47380.0,90.24761904761904,43458.0,82.77714285714286,43180.0,82.24761904761905,42792.0,81.50857142857143,90.75000000000001,110.70270270270271,1135.1351351351352,1024.4324324324325,0.1254054054054054,0.012648648648648649,0.002789189189189189,99.16666666666667,81.9,98.8,80.24289000000002,80,100,97222.22222222222,85.64814814814815
mostlye9-b9ca-4c58-ba67-63c3e3c64c9e,mostly9d-1e33-486f-ab67-fbeed1945f92,2023-12-01,10150.0,93.8,95.4,2.3,1.0,97.6,0,0,1040.0,8940,165.0,6700,5260.0,26850,4210,3800,900,642,8784,260,2242.5,Nordic Specialty Plastics Plant,"Shanghai, China",Agrochemicals,220000,540,1440.0,21.492537313432834,-6702.0,-100.02985074626866,-7344.0,-109.61194029850748,-9846.5,-146.96268656716418,95.41999999999999,518.2266009852217,660.0985221674877,141.87192118226596,0.10246305418719212,0.8807881773399014,0.01625615763546798,99.68055555555556,93.8,99.0,92.5653575,100,100,12407.407407407407,18.796296296296298
mostlybf-2d96-4c2e-ac61-c9461198dbf7,mostlya7-fcf7-4455-9b2f-19eb0fd41fa6,2023-03-01,81050.0,75.3,92.8,4.2,0.2,97.4,1,0,1150.0,13850,130.0,51500,32750.0,3400,4384,480,222,950,9180,71,755.0,GreenLeaf Agrochem Ltd.,"Odense, Denmark",Polymers,310000,3200,18750.0,36.407766990291265,10520.0,20.42718446601942,9570.0,18.58252427184466,8744.0,16.97864077669903,87.18,404.0715607649599,635.4102405922271,231.33867982726719,0.01418877236273905,0.17088217149907464,0.0016039481801357186,99.41666666666666,75.3,99.8,74.71102849999998,80,100,16093.75,25.328125
mostlyd2-9fe6-4d9c-b4da-62770de5c8b4,mostlyaa-e8ae-43bc-b45a-e54663f90d39,2025-05-01,15040.0,96.2,93.3,1.6,0.15,96.8,2,0,6000.0,15670,46.2,41200,4925.0,3320,5660,440,190,1280,5340,172,860.0,Zenith Industrial Gases Center,"Port Elizabeth, South Africa",Industrial Gases,310000,1500,36275.0,88.04611650485437,32215.0,78.19174757281553,30935.0,75.08495145631068,29903.0,72.58009708737863,95.51,327.4601063829787,2739.3617021276596,2411.901595744681,0.39893617021276595,1.0418882978723405,0.0030718085106382982,99.77777777777777,96.2,99.85,95.84224288888889,60,100,27466.666666666668,10.026666666666667
mostlyd0-6ad7-4af9-b18e-1661ba26b034,mostlyb2-b784-45e2-a7f5-300e1a30c7fc,2023-01-01,14875.0,83.2,92.1,6.2,0.8,96.7,1,0,1050.0,12500,145.0,6590,38000.0,26150,4520,3800,1850,270,4920,70,1360.0,GreenLeaf Agrochem Ltd.,"Shanghai, China",Specialty Chemicals,220000,540,-31410.0,-476.63125948406673,-36060.0,-547.1927162367223,-36330.0,-551.2898330804248,-37760.0,-572.98937784522,89.92,2554.621848739496,443.02521008403363,-2111.5966386554624,0.07058823529411765,0.8403361344537815,0.009747899159663866,99.13888888888889,83.2,99.2,81.82368711111113,80,100,12203.703703703704,27.546296296296298
mostlyd9-1338-4c00-91ba-962636e73c43,mostlyb3-6de1-444e-bb2b-db078b60974c,2025-05-01,16100.0,99.0,93.3,3.4,0.88,97.1,1,1,5140.0,16420,44.6,54120,4650.0,22250,4480,2000,1880,1320,4300,68,720.0,Nordic Specialty Plastics Plant,"Odense, Denmark",Agrochemicals,720000,2100,49470.0,91.4079822616408,46490.0,85.90169992609017,45170.0,83.46267553584626,44382.0,82.00665188470066,96.72,288.8198757763975,3361.490683229814,3072.6708074534163,0.31925465838509315,1.0198757763975155,0.002770186335403727,99.52777777777779,99.0,99.12,97.66541400000001,80,70,25771.428571428572,7.666666666666667
mostlyc0-7bc2-463d-a8ea-db9dd22635b0,mostlyb6-bb83-4b5d-a5ca-6d6a07bd2ade,2023-01-01,9400.0,89.6,95.8,3.0,1.4,98.1,1,0,4480.0,9040,10.2,6200,32000.0,19350,6900,466,1860,1340,7200,160,2170.0,Aurora Petrochemicals Complex,"Port Elizabeth, South Africa",Petrochemical,310000,540,-25800.0,-416.1290322580645,-31660.0,-510.64516129032256,-33000.0,-532.258064516129,-35330.0,-569.8387096774194,94.00999999999999,3404.255319148936,659.5744680851063,-2744.68085106383,0.4765957446808511,0.9617021276595744,0.0010851063829787233,99.58333333333333,89.6,98.6,87.97749333333333,80,100,11481.481481481482,17.40740740740741
mostlyde-7762-4c4b-9392-b8c2ccd078ec,mostlyb9-9300-4ba4-b04c-e7c8ecef616a,2023-04-01,14875.0,97.1,92.9,7.0,0.92,97.2,1,0,5820.0,14500,49.1,52000,34200.0,3230,1365,4020,1900,640,8280,62,805.0,GreenLeaf Agrochem Ltd.,"Houston, United States",Polymers,220000,1500,17800.0,34.23076923076923,10160.0,19.538461538461537,9520.0,18.307692307692307,8653.0,16.640384615384615,95.87,2299.159663865546,3495.798319327731,1196.638655462185,0.3912605042016807,0.9747899159663865,0.003300840336134454,99.02777777777779,97.1,99.08,95.27133727777777,80,100,34666.666666666664,9.916666666666666
mostly70-442d-4985-b5f4-8910b369a25d,mostlybf-daa1-4491-9752-b83928c87cf0,2023-01-01,15300.0,82.0,93.9,4.6,1.0,98.4,0,0,1010.0,14490,6.5,41280,34650.0,20600,6200,3850,1280,628,4920,65,2251.0,Nordic Specialty Plastics Plant,"Port Elizabeth, South Africa",Agrochemicals,480000,3200,6630.0,16.061046511627907,2338.0,5.663759689922481,1710.0,4.142441860465116,-606.0,-1.4680232558139534,90.49000000000001,2264.705882352941,2698.0392156862745,433.3333333333335,0.06601307189542484,0.9470588235294117,0.00042483660130718953,99.36111111111111,82.0,99.0,80.66135,100,100,12900.0,4.78125
mostlyb7-a7cf-4211-907c-8107f7d2ed8d,mostlyc5-c789-419a-a952-0eba208a5cc0,2024-09-01,14875.0,96.4,96.1,4.2,1.0,97.9,1,0,5800.0,11450,45.8,48860,39050.0,22500,6200,3920,1700,640,5480,260,2177.5,GreenLeaf Agrochem Ltd.,"Port Elizabeth, South Africa",Agrochemicals,220000,3200,9810.0,20.077773229635692,4970.0,10.17191977077364,4330.0,8.862054850593532,1892.5,3.87331150225133,96.76,2625.2100840336134,3284.705882352941,659.4957983193276,0.3899159663865546,0.7697478991596639,0.0030789915966386553,99.41666666666666,96.4,99.0,94.87929,80,100,15268.75,4.6484375
mostlyc1-1507-4d68-96b0-66bc6425b6ef,mostlyc5-cc27-4e4b-bdb4-6b9b051c0714,2025-05-01,14875.0,94.3,93.7,6.2,1.2,97.1,1,0,6810.0,9090,148.0,51040,39500.0,22650,6920,3600,1060,600,1270,60,835.0,Horizon Polymers Campus,"Shanghai, China",Industrial Gases,310000,540,11540.0,22.609717868338556,10870.0,21.297021943573668,10270.0,20.121473354231973,9375.0,18.36794670846395,94.96,2655.4621848739494,3431.2605042016808,775.7983193277314,0.4578151260504202,0.6110924369747899,0.009949579831932773,99.13888888888889,94.3,98.8,92.36611655555555,80,100,94518.51851851853,27.546296296296298
mostly37-59d1-4753-ab49-bacf7d9bf8fe,mostlyd2-17a5-447a-b00f-1610fd6cf6d5,2023-10-01,74820.0,89.2,97.4,4.7,1.0,99.6,0,1,6900.0,12950,6.3,54120,35200.0,21920,6050,3600,1500,272,5060,61,820.0,Nordic Specialty Plastics Plant,"Port Elizabeth, South Africa",Specialty Chemicals,310000,3200,18920.0,34.959349593495936,14132.0,26.11234294161123,13860.0,25.609756097560975,12979.0,23.981892091648188,94.78,470.46244319700617,723.3360064153969,252.87356321839076,0.09222133119486768,0.1730820636193531,8.420208500400963e-05,99.34722222222221,89.2,99.0,87.731545,100,70,16912.5,23.38125
mostly71-2aa8-4cd5-b6b6-95ef24eb5746,mostlyd3-11a5-4b50-8790-19b86e9e9975,2025-02-01,43550.0,94.3,93.7,5.0,1.6,97.8,1,0,5960.0,13350,46.0,43550,32880.0,26150,6580,1850,212,1440,5660,200,1040.0,Nordic Specialty Plastics Plant,"Houston, United States",Specialty Chemicals,720000,860,10670.0,24.50057405281286,6450.0,14.810562571756602,5010.0,11.50401836969001,3770.0,8.656716417910449,95.17,754.9942594718714,1000.0,245.00574052812863,0.13685419058553386,0.3065442020665901,0.0010562571756601608,99.30555555555556,94.3,98.4,92.14681666666668,80,100,50639.53488372093,50.63953488372093
mostly72-0ef0-46a0-8246-2769d5eb3211,mostlyd6-b834-4855-bd11-7daada02dde1,2023-01-01,45500.0,78.2,95.1,7.9,0.95,99.7,1,0,5880.0,8580,6.0,51040,42000.0,22150,5450,478,1860,635,1335,240,1230.0,Nordic Specialty Plastics Plant,"Odense, Denmark",Agrochemicals,480000,860,9040.0,17.711598746081506,8340.0,16.34012539184953,7705.0,15.096003134796238,6235.0,12.215909090909092,89.72,923.0769230769231,1121.7582417582419,198.68131868131877,0.12923076923076923,0.18857142857142858,0.00013186813186813186,98.90277777777779,78.2,99.05,76.60722348611112,80,100,59348.83720930233,52.906976744186046
mostly87-93a7-47c9-b648-c21593e57488,mostlyda-790f-41ae-8bf1-7f121af10997,2023-03-01,15820.0,91.6,93.2,8.7,0.82,98.7,1,0,6180.0,14100,9.9,56000,4650.0,20500,4355,3800,1180,1540,7600,240,1065.0,Nordic Specialty Plastics Plant,"Odense, Denmark",Specialty Chemicals,310000,2100,51350.0,91.69642857142857,45290.0,80.875,43750.0,78.125,42445.0,75.79464285714286,94.21,293.93173198482936,3539.8230088495575,3245.8912768647283,0.3906447534766119,0.8912768647281921,0.0006257901390644754,98.79166666666666,91.6,99.18,89.75112269999998,80,100,26666.666666666668,7.533333333333333
mostly78-72b4-4e44-bb6f-219ffcc8fa24,mostlydc-ed6d-412a-9c7e-35136fb68bb5,2023-03-01,46010.0,96.2,97.1,4.3,0.2,98.2,0,1,5550.0,11200,47.6,6475,38700.0,26850,1200,2230,1320,860,9310,60,198.0,GreenLeaf Agrochem Ltd.,Singapore,Specialty Chemicals,900000,540,-32225.0,-497.68339768339763,-40675.0,-628.1853281853282,-41535.0,-641.4671814671815,-41793.0,-645.4517374517375,97.07000000000001,841.1214953271028,140.73027602695066,-700.3912193001522,0.12062595088024343,0.24342534231688764,0.0010345577048467725,99.40277777777779,96.2,99.8,95.4342212777778,100,70,11990.74074074074,85.20370370370371
mostly2c-618d-4979-b4a0-d3f326e0cb0a,mostlye4-419d-4d08-9639-789ce6d03230,2023-10-01,15820.0,75.3,92.1,6.9,0.5,99.8,1,0,6810.0,12200,128.0,51500,29600.0,22500,4350,4180,222,282,1320,151,745.0,Zenith Industrial Gases Center,"Shanghai, China",Specialty Chemicals,480000,2100,21900.0,42.52427184466019,20862.0,40.50873786407767,20580.0,39.96116504854369,19684.0,38.22135922330097,87.69,1871.0493046776232,3255.372945638432,1384.323640960809,0.4304677623261694,0.7711757269279393,0.00809102402022756,99.04166666666667,75.3,99.5,74.205483125,80,100,24523.809523809523,7.533333333333333
mostlyd8-1ae0-40dd-9cfe-22216c03e388,mostlye6-a6d6-4fac-8296-564dfd183483,2023-04-01,77980.0,83.5,97.8,2.3,1.4,97.8,1,0,4740.0,8200,144.0,6960,31900.0,24500,5480,3950,1060,1520,5180,240,1200.0,Horizon Polymers Campus,"Port Elizabeth, South Africa",Industrial Gases,900000,2100,-24940.0,-358.33333333333337,-28600.0,-410.91954022988506,-30120.0,-432.7586206896552,-31560.0,-453.44827586206895,92.08,409.0792510900231,89.25365478327777,-319.8255963067453,0.06078481661964606,0.10515516799179277,0.001846627340343678,99.68055555555556,83.5,98.6,82.06799819444444,80,100,3314.285714285714,37.13333333333333
mostly45-2638-4ef1-b39e-84cf69ba087e,mostlyeb-105a-4a9b-b2a0-d3949843c8c9,2023-01-01,45200.0,93.1,93.9,4.1,1.3,97.4,1,1,6000.0,545,9.0,6840,31500.0,3320,6350,3200,212,1295,10040,240,189.0,Nordic Specialty Plastics Plant,"Shanghai, China",Agrochemicals,220000,860,-24660.0,-360.5263157894737,-33405.0,-488.37719298245617,-34700.0,-507.3099415204679,-35129.0,-513.5818713450292,94.63000000000001,696.9026548672566,151.32743362831857,-545.5752212389381,0.13274336283185842,0.012057522123893806,0.00019911504424778762,99.43055555555556,93.1,98.7,91.36643920833333,80,70,7953.488372093023,52.55813953488372
mostly33-bcb0-4d74-9c5e-e67d32123037,mostlyeb-f4ba-4b55-b718-8ecb1d4850a0,2025-05-01,10670.0,93.1,97.9,2.1,0.85,97.4,1,1,1140.0,14200,144.0,47050,32750.0,24650,6880,2000,900,1320,9004,185,1005.0,Horizon Polymers Campus,"Port Elizabeth, South Africa",Industrial Gases,220000,860,14300.0,30.393198724760893,6616.0,14.06163655685441,5296.0,11.256110520722636,4106.0,8.726886291179596,95.83,3069.353327085286,4409.559512652296,1340.20618556701,0.10684161199625117,1.330834114339269,0.013495782567947517,99.70833333333333,93.1,99.15,92.0394164375,80,70,54709.3023255814,12.406976744186046
mostlyc3-8aab-4c75-8b36-c339074baa60,mostlyf3-9c94-4094-a8c9-7f546863a750,2024-01-01,9600.0,78.5,95.7,3.3,0.78,96.9,0,0,5340.0,15940,45.8,45750,30700.0,16500,1330,1850,200,908,5320,195,1020.0,GreenLeaf Agrochem Ltd.,"Houston, United States",Polymers,220000,540,15050.0,32.89617486338798,10638.0,23.25245901639344,9730.0,21.26775956284153,8515.0,18.612021857923498,89.18000000000002,3197.9166666666665,4765.625,1567.7083333333335,0.55625,1.6604166666666667,0.004770833333333333,99.54166666666667,78.5,99.22,77.53071470833333,100,100,84722.22222222222,17.77777777777778
mostly10-ec15-43d8-9538-47518fe42529,mostlyf4-ce46-463a-a097-67d7ff1942d9,2024-04-01,43520.0,81.0,93.5,2.7,1.3,97.8,1,1,5930.0,9050,140.0,6480,38700.0,3350,7250,2385,1020,993,1315,148,203.0,Zenith Industrial Gases Center,"Port Elizabeth, South Africa",Specialty Chemicals,900000,860,-32220.0,-497.22222222222223,-32542.0,-502.19135802469134,-33535.0,-517.5154320987655,-33886.0,-522.9320987654321,89.79,889.2463235294117,148.89705882352942,-740.3492647058823,0.1362591911764706,0.20795036764705882,0.003216911764705882,99.625,81.0,98.7,79.64719875,80,70,7534.883720930233,50.604651162790695
mostlyef-bb13-43c6-8949-f99d08dc128d,mostlyf6-b04f-4b31-9966-024a241c2450,2023-09-01,15240.0,95.0,94.9,6.0,0.86,98.6,2,0,5610.0,13300,174.0,53900,4650.0,3420,7100,4400,990,630,4800,60,755.0,Nordic Specialty Plastics Plant,"Odense, Denmark",Agrochemicals,720000,3200,49250.0,91.37291280148423,45080.0,83.63636363636363,44450.0,82.46753246753246,43635.0,80.95547309833024,96.05000000000001,305.11811023622045,3536.745406824147,3231.627296587926,0.36811023622047245,0.8727034120734908,0.01141732283464567,99.16666666666667,95.0,99.14,93.39814166666667,60,100,16843.75,4.7625
mostlyc7-0077-4bcd-b63c-befbc135a2c4,mostlyfa-c5f5-4788-8ec4-467088d908e6,2023-09-01,15640.0,86.3,98.3,7.4,1.2,96.9,1,1,5850.0,8750,9.6,45900,33900.0,20600,1200,2000,222,1245,9300,152,192.0,GreenLeaf Agrochem Ltd.,Singapore,Specialty Chemicals,900000,860,12000.0,26.143790849673206,3945.0,8.594771241830065,2700.0,5.88235294117647,2356.0,5.132897603485839,93.08000000000001,2167.519181585678,2934.782608695652,767.2634271099741,0.37404092071611256,0.559462915601023,0.0006138107416879795,98.97222222222223,86.3,98.8,84.38807144444445,80,70,53372.09302325582,18.186046511627907
mostlya1-a4ed-4bd4-84c6-d0ce06608d28,mostlyfa-fb5b-407e-ad1e-8b9303a5b640,2023-12-01,14820.0,80.1,94.5,1.4,0.86,99.1,1,0,1255.0,13350,171.0,6700,32000.0,3100,4480,478,200,1480,7950,62,745.0,Zenith Industrial Gases Center,Singapore,Agrochemicals,720000,540,-25300.0,-377.6119402985075,-31770.0,-474.179104477612,-33250.0,-496.2686567164179,-34057.0,-508.31343283582095,90.12,2159.2442645074225,452.09176788124154,-1707.152496626181,0.08468286099865047,0.9008097165991903,0.011538461538461539,99.80555555555556,80.1,99.14,79.25672945,80,100,12407.407407407407,27.444444444444443
mostly98-4079-424e-88aa-a6ab7077e3c4,mostlyfb-07df-48c0-b2f9-ef4db0e080d7,2025-05-01,43840.0,82.0,94.4,5.2,1.2,99.0,2,0,5680.0,540,45.8,7000,5120.0,25150,4601,4020,223,288,9180,67,197.0,Horizon Polymers Campus,"Port Elizabeth, South Africa",Specialty Chemicals,480000,540,1880.0,26.857142857142858,-7012.0,-100.17142857142858,-7300.0,-104.28571428571429,-7564.0,-108.05714285714285,90.82,116.78832116788321,159.67153284671534,42.883211678832126,0.12956204379562045,0.012317518248175183,0.0010447080291970802,99.27777777777777,82.0,98.8,80.43088444444443,60,100,12962.962962962964,81.18518518518519
mostly2c-e846-4b9e-8357-81f9a6ee7672,mostlyfb-088f-4bac-b2b6-c42ba07b63a2,2024-03-01,14960.0,82.5,95.4,2.1,0.9,98.0,0,0,5840.0,8690,52.3,6525,4940.0,20640,5650,2300,1060,1350,8710,148,2312.5,GreenLeaf Agrochem Ltd.,"Port Elizabeth, South Africa",Specialty Chemicals,220000,3200,1585.0,24.291187739463602,-5775.0,-88.50574712643679,-7125.0,-109.19540229885058,-9585.5,-146.904214559387,91.02000000000001,330.2139037433155,436.1631016042781,105.94919786096261,0.39037433155080214,0.5808823529411765,0.003495989304812834,99.70833333333333,82.5,99.1,81.51904062499999,100,100,2039.0625,4.675
mostlyf7-0f7c-4783-9e5f-333865957d2f,mostlyfe-1b7b-494b-b25c-d2c6fcbc5350,2025-04-01,73560.0,95.3,89.7,4.2,0.7,98.3,0,0,980.0,13350,9.3,42100,5010.0,25100,1230,4050,1900,870,5340,152,1260.0,GreenLeaf Agrochem Ltd.,"Houston, United States",Industrial Gases,720000,860,37090.0,88.09976247030879,32620.0,77.48218527315915,31750.0,75.41567695961994,30338.0,72.06175771971498,94.52000000000001,68.10766721044045,572.3219140837411,504.2142468733007,0.013322457857531268,0.18148450244698205,0.00012642740619902122,99.41666666666666,95.3,99.3,94.08087474999999,100,100,48953.48837209302,85.53488372093024
mostlyea-ba34-41c5-9fbb-19b0fc065057,mostly03-e230-4b86-89e3-2437361d2a1b,2023-01-01,8200.0,80.1,92.7,4.6,0.92,97.8,1,1,5550.0,16420,133.0,49750,4990.0,23200,4210,4080,1050,1540,8000,250,860.0,GreenLeaf Agrochem Ltd.,"Odense, Denmark",Specialty Chemicals,310000,1500,44760.0,89.96984924623116,38300.0,76.98492462311557,36760.0,73.8894472361809,35650.0,71.65829145728642,89.19,608.5365853658536,6067.073170731707,5458.536585365853,0.676829268292683,2.002439024390244,0.016219512195121952,99.36111111111111,80.1,99.08,78.85603809999999,80,70,33166.666666666664,5.466666666666667
mostly76-9646-4dff-a4dc-5311a5f0dbe3,mostly07-3886-4b9c-8a2b-dca52e1984cc,2024-02-01,15740.0,78.0,97.2,7.4,0.88,98.4,2,0,980.0,15880,120.0,6550,32662.5,23125,4700,3200,1820,289,1240,145,860.0,GreenLeaf Agrochem Ltd.,"Port Elizabeth, South Africa",Specialty Chemicals,310000,3200,-26112.5,-398.6641221374046,-27063.5,-413.1832061068702,-27352.5,-417.59541984732823,-28357.5,-432.9389312977099,89.88000000000001,2075.1270648030495,416.1372299872935,-1658.989834815756,0.062261753494282084,1.008894536213469,0.007623888182973317,98.97222222222223,78.0,99.12,76.51898800000001,60,100,2046.875,4.91875
mostlyb5-5809-4be7-9975-ef754c593111,mostly07-cd99-43d0-8285-01fdc02e6e47,2024-03-01,10850.0,92.3,92.1,1.4,1.2,98.2,1,0,4620.0,14490,165.0,50650,4860.0,3210,4920,4500,1050,1280,5480,150,2275.0,Aurora Petrochemicals Complex,"Houston, United States",Industrial Gases,480000,540,45790.0,90.40473840078973,41590.0,82.11253701875617,40310.0,79.58538993089832,37885.0,74.79763079960513,94.00999999999999,447.926267281106,4668.202764976959,4220.276497695853,0.4258064516129032,1.335483870967742,0.015207373271889401,99.80555555555556,92.3,98.8,91.01508144444443,80,100,93796.29629629629,20.09259259259259
mostly58-f6a7-4f99-a8dc-81978a5546b0,mostly0b-fb2d-457c-9452-28988817db5a,2024-07-01,8350.0,81.0,92.8,6.1,0.87,97.4,1,0,7000.0,15670,9.5,57600,4925.0,23540,4480,2620,1150,270,7000,230,770.0,Nordic Specialty Plastics Plant,"Odense, Denmark",Specialty Chemicals,900000,540,52675.0,91.44965277777779,45945.0,79.765625,45675.0,79.296875,44675.0,77.56076388888889,89.46000000000001,589.8203592814372,6898.203592814371,6308.383233532934,0.8383233532934131,1.8766467065868264,0.0011377245508982037,99.15277777777777,81.0,99.13,79.61502037499999,80,100,106666.66666666667,15.462962962962964
mostly89-525e-4482-8093-749271ea1f0a,mostly14-961f-4774-b83f-89889f11a6ae,2023-01-01,50650.0,91.0,89.7,1.6,0.9,96.9,2,0,1360.0,635,9.9,6475,33765.0,21050,6020,4080,224,1400,8784,145,192.0,GreenLeaf Agrochem Ltd.,"Odense, Denmark",Specialty Chemicals,480000,1500,-27290.0,-421.46718146718143,-34674.0,-535.5057915057915,-36074.0,-557.1274131274131,-36411.0,-562.3320463320464,92.38,666.6337611056268,127.8381046396841,-538.7956564659428,0.026850937808489635,0.012537018756169792,0.00019545903257650544,99.77777777777777,91.0,99.1,89.98059777777777,60,100,4316.666666666667,33.766666666666666
mostly51-2214-4bc1-95d7-6aac61ad7e61,mostly16-b055-4b92-b52f-4a869e53cd33,2024-05-01,43550.0,80.1,92.6,1.7,0.78,97.8,2,0,5590.0,14500,51.0,6820,42000.0,3400,6860,4120,1060,1250,4760,69,2260.0,GreenLeaf Agrochem Ltd.,"Houston, United States",Petrochemical,220000,860,-35180.0,-515.8357771260997,-38690.0,-567.3020527859237,-39940.0,-585.6304985337243,-42269.0,-619.7800586510265,89.16000000000001,964.4087256027555,156.601607347876,-807.8071182548795,0.12835820895522387,0.33295063145809417,0.0011710677382319172,99.76388888888889,80.1,99.22,79.28757017499998,60,100,7930.232558139535,50.63953488372093
mostlye7-016c-4dae-a154-368fc06b0b3e,mostly17-fa72-4dea-8e8c-7998b1f4e06f,2024-05-01,48240.0,93.8,93.0,6.1,1.4,96.7,0,0,1140.0,540,48.2,6740,38700.0,22410,1200,4360,980,642,1285,200,180.0,Zenith Industrial Gases Center,"Port Elizabeth, South Africa",Industrial Gases,220000,540,-31960.0,-474.1839762611276,-32603.0,-483.7240356083086,-33245.0,-493.2492581602374,-33625.0,-498.88724035608305,94.43,802.2388059701492,139.71807628524047,-662.5207296849087,0.0236318407960199,0.011194029850746268,0.0009991708126036484,99.15277777777777,93.8,98.6,91.70323127777776,100,100,12481.481481481482,89.33333333333333
mostly4b-a127-4bbb-88d4-44fa692ad124,mostly21-8842-49a4-871a-e936721d11b9,2023-01-01,8200.0,96.4,93.0,7.9,0.87,98.4,2,0,1100.0,16650,149.0,45500,42000.0,25900,6520,472,1900,915,1260,158,745.0,Aurora Petrochemicals Complex,"Port Elizabeth, South Africa",Specialty Chemicals,220000,860,3500.0,7.6923076923076925,3155.0,6.934065934065934,2240.0,4.923076923076923,1337.0,2.9384615384615382,95.98,5121.951219512195,5548.780487804878,426.8292682926831,0.13414634146341464,2.0304878048780486,0.018170731707317072,98.90277777777779,96.4,99.13,94.51279996111113,60,100,52906.976744186046,9.534883720930232
mostly4d-583b-4fc1-adaa-1cf8600dd08e,mostly23-c1e3-404f-9978-e4c1606bd2a4,2023-04-01,11400.0,89.5,97.3,12.3,0.8,99.5,1,0,4200.5,14700,9.6,53400,32750.0,3440,4800,1980,920,920,9620,240,180.0,Horizon Polymers Campus,"Odense, Denmark",Polymers,220000,860,20650.0,38.670411985018724,11950.0,22.378277153558052,11030.0,20.655430711610485,10610.0,19.868913857677903,94.84,2872.8070175438597,4684.210526315789,1811.4035087719294,0.3684649122807018,1.2894736842105263,0.0008421052631578947,98.29166666666667,89.5,99.2,87.26727333333334,80,100,62093.023255813954,13.255813953488373
mostlyda-ec91-4886-8a75-752b658caaff,mostly24-75d3-4c33-9fa1-6148064115b5,2023-03-01,15300.0,88.2,94.5,5.3,0.25,96.2,0,0,4200.5,14800,52.3,6360,43350.0,17000,1280,2420,940,1260,4800,140,201.0,Nordic Specialty Plastics Plant,"Odense, Denmark",Petrochemical,310000,540,-36990.0,-581.6037735849056,-40530.0,-637.2641509433962,-41790.0,-657.0754716981132,-42131.0,-662.437106918239,92.49000000000001,2833.3333333333335,415.6862745098039,-2417.6470588235297,0.27454248366013073,0.9673202614379085,0.003418300653594771,99.2638888888889,88.2,99.75,87.33187312500002,100,100,11777.777777777777,28.333333333333332
mostly84-3f95-44d1-9a7f-e57ac674a30e,mostly27-ff64-483a-9ce2-cde487b54e8d,2023-01-01,46000.0,89.6,92.5,5.6,1.4,97.2,0,0,1290.0,540,132.0,44000,32880.0,23800,1325,420,193,1340,1295,178,1320.0,Horizon Polymers Campus,"Houston, United States",Agrochemicals,310000,540,11120.0,25.272727272727273,11165.0,25.374999999999996,9825.0,22.329545454545453,8327.0,18.925,92.75,714.7826086956521,956.5217391304348,241.73913043478262,0.028043478260869566,0.011739130434782608,0.0028695652173913043,99.22222222222223,89.6,98.6,87.65846755555555,100,100,81481.48148148147,85.18518518518519
mostly12-356f-4ac4-8cf9-8114f69ea83d,mostly2b-eb41-4c45-87f9-a2d9b98a0512,2023-06-01,76240.0,92.0,93.7,1.4,1.2,98.2,1,1,6030.0,560,9.4,55800,36000.0,22500,1325,472,205,1260,1330,188,730.0,Nordic Specialty Plastics Plant,Singapore,Specialty Chemicals,220000,1500,19800.0,35.483870967741936,19730.0,35.3584229390681,18470.0,33.10035842293907,17552.0,31.455197132616487,94.37,472.19307450157396,731.8992654774397,259.70619097586575,0.07909233997901365,0.007345225603357817,0.00012329485834207765,99.80555555555556,92.0,98.8,90.71925777777778,80,70,37200.0,50.82666666666667
mostly38-ff61-45bf-9dd7-ec9df4889968,mostly2d-8e90-431f-88e0-aa59ccb808f6,2024-10-01,43520.0,89.2,97.4,6.2,0.75,98.2,2,0,1050.0,9160,120.4,51900,35200.0,3280,5340,4500,1200,985,5320,225,187.0,Nordic Specialty Plastics Plant,"Port Elizabeth, South Africa",Industrial Gases,310000,860,16700.0,32.177263969171484,12365.0,23.82466281310212,11380.0,21.92678227360308,10968.0,21.13294797687861,94.36,808.8235294117648,1192.5551470588234,383.73161764705867,0.02412683823529412,0.2104779411764706,0.002766544117647059,99.13888888888889,89.2,99.25,87.76864972222222,60,100,60348.83720930233,50.604651162790695
mostly32-599f-4611-aca5-e4f337b6d7e1,mostly30-607a-43ed-bab4-4d8de9274684,2024-01-01,45020.0,77.9,92.1,4.0,1.5,98.8,0,0,7220.0,13850,52.3,6200,26550.0,24850,4625,3850,1650,1275,5180,240,900.0,Nordic Specialty Plastics Plant,Singapore,Agrochemicals,220000,540,-20350.0,-328.2258064516129,-24255.0,-391.2096774193548,-25530.0,-411.77419354838713,-26670.0,-430.16129032258067,88.43,589.7378942692137,137.71657041314973,-452.021323856064,0.16037316748111952,0.30764104842292317,0.0011617059084851177,99.44444444444444,77.9,98.5,76.3052138888889,100,100,11481.481481481482,83.37037037037037
mostlye6-d60d-4793-887e-7425ef72a35f,mostly33-29da-4fef-a00d-aed05b50b7a4,2024-03-01,61000.0,78.0,97.6,4.6,0.89,98.9,1,0,5570.0,8800,136.0,6500,40850.0,3440,1245,454,1300,272,8400,215,1360.0,GreenLeaf Agrochem Ltd.,"Odense, Denmark",Agrochemicals,220000,1500,-34350.0,-528.4615384615385,-42478.0,-653.5076923076923,-42750.0,-657.6923076923076,-44325.0,-681.9230769230769,90.14999999999999,669.672131147541,106.55737704918033,-563.1147540983607,0.09131147540983607,0.14426229508196722,0.0022295081967213114,99.36111111111111,78.0,99.11,76.81190183333332,80,100,4333.333333333333,40.666666666666664
mostly6e-e899-49be-b6df-f47bcf5faaf5,mostly34-0d12-4ec9-af4a-10baf03ea964,2025-05-01,9100.0,88.2,93.2,4.5,1.6,96.5,1,0,1250.0,8730,146.0,6820,5100.0,24450,1330,1700,1280,1510,10000,172,2170.0,Nordic Specialty Plastics Plant,Singapore,Specialty Chemicals,480000,860,1720.0,25.219941348973606,-6770.0,-99.26686217008798,-8280.0,-121.40762463343108,-10622.0,-155.74780058651027,92.19000000000001,560.4395604395604,749.4505494505495,189.01098901098908,0.13736263736263737,0.9593406593406594,0.016043956043956045,99.375,88.2,98.4,86.24637,80,100,7930.232558139535,10.581395348837209
mostlya0-d321-4c42-bd94-79bd341e3ab8,mostly34-70df-4c08-a73d-1c5d05804a66,2025-05-01,15610.0,78.2,95.9,3.9,0.3,95.9,1,0,4620.0,9060,120.4,6820,37050.0,22350,4520,490,950,281,8990,63,2105.0,Nordic Specialty Plastics Plant,"Shanghai, China",Specialty Chemicals,310000,540,-30230.0,-443.2551319648094,-38939.0,-570.9530791788857,-39220.0,-575.0733137829912,-41388.0,-606.8621700879766,88.82000000000001,2373.478539397822,436.89942344650865,-1936.5791159513133,0.29596412556053814,0.5803971812940423,0.007713004484304933,99.45833333333334,78.2,99.7,77.54308741666667,80,100,12629.62962962963,28.90740740740741
mostlyec-d6f8-4c41-8d16-501e15da8238,mostly38-99b2-4e72-9abc-04e54ebda318,2025-05-01,77980.0,83.8,97.6,2.9,0.86,96.5,1,1,5790.0,8690,6.0,6350,39450.0,21850,6860,3750,1860,980,8710,250,178.0,Zenith Industrial Gases Center,"Port Elizabeth, South Africa",Polymers,220000,540,-33100.0,-521.259842519685,-40830.0,-642.992125984252,-41810.0,-658.4251968503937,-42238.0,-665.1653543307087,91.75,505.8989484483201,81.43113618876635,-424.46781225955374,0.07424980764298537,0.11143883046935112,7.694280584765324e-05,99.59722222222223,83.8,99.14,82.74469496111111,80,70,11759.25925925926,144.40740740740742
mostly59-9f52-4e6d-bae7-0605eecd5f4c,mostly3d-07ee-4c7e-b97b-bd8c4c590562,2023-12-01,16140.0,83.8,92.6,2.9,0.78,98.0,1,0,980.0,585,140.0,45500,38700.0,3330,4200,4400,920,955,1270,60,730.0,GreenLeaf Agrochem Ltd.,"Shanghai, China",Specialty Chemicals,310000,540,6800.0,14.945054945054945,6485.0,14.252747252747252,5530.0,12.153846153846153,4740.0,10.417582417582418,90.7,2397.7695167286247,2819.0830235439903,421.3135068153656,0.06071871127633209,0.0362453531598513,0.008674101610904586,99.59722222222223,83.8,99.22,82.81146493888888,80,100,84259.25925925926,29.88888888888889
mostly9b-1f7f-4e69-97f9-8c0339328120,mostly3e-5718-4622-8e6a-4df993a1a435,2023-09-01,10320.0,83.5,95.5,4.1,0.87,97.8,1,0,5790.0,9180,132.0,6475,31575.0,24650,5580,4200,1280,600,8710,185,1345.0,Zenith Industrial Gases Center,"Odense, Denmark",Specialty Chemicals,900000,2100,-25100.0,-387.64478764478764,-33210.0,-512.8957528957529,-33810.0,-522.1621621621622,-35340.0,-545.7915057915058,91.39,3059.593023255814,627.422480620155,-2432.170542635659,0.561046511627907,0.8895348837209303,0.012790697674418604,99.43055555555556,83.5,99.13,82.30220061805554,80,100,3083.3333333333335,4.914285714285715
mostlyb5-8398-44fb-9dd9-eba2ab582c40,mostly3e-d700-4222-a8a3-37b188162e1d,2025-05-01,10900.0,87.1,98.5,1.2,1.4,98.0,1,0,1290.0,12200,168.0,42000,4760.0,23800,4700,3800,860,1480,5480,61,798.0,GreenLeaf Agrochem Ltd.,"Odense, Denmark",Agrochemicals,480000,1500,37240.0,88.66666666666667,33240.0,79.14285714285715,31760.0,75.61904761904762,30901.0,73.57380952380952,93.78999999999999,436.697247706422,3853.211009174312,3416.51376146789,0.11834862385321102,1.1192660550458715,0.015412844036697248,99.83333333333333,87.1,98.6,85.73746566666665,80,100,28000.0,7.266666666666667
mostlya5-2ee0-4015-a013-233e854d980b,mostly44-202d-4b2b-8da4-4d1d4bb1a0ba,2023-01-01,15300.0,95.0,92.3,5.2,1.4,97.5,1,1,1140.0,14920,9.5,44750,28900.0,3330,6800,454,1320,1180,8800,260,770.0,Zenith Industrial Gases Center,"Odense, Denmark",Industrial Gases,220000,540,15850.0,35.41899441340782,8230.0,18.391061452513966,7050.0,15.754189944134078,6020.0,13.452513966480447,94.94,1888.888888888889,2924.8366013071895,1035.9477124183006,0.07450980392156863,0.9751633986928104,0.0006209150326797386,99.27777777777777,95.0,98.6,92.99349444444444,80,70,82870.37037037036,28.333333333333332
mostly06-872b-4357-a1c9-821859cb7ae4,mostly54-2ddc-4872-873b-4052e1b4490c,2023-10-01,42100.0,84.7,92.5,6.3,1.2,98.8,2,0,5650.0,16190,6.3,49000,31575.0,19980,4705,2500,1350,910,5160,58,195.0,GreenLeaf Agrochem Ltd.,"Shanghai, China",Agrochemicals,480000,3200,17425.0,35.56122448979592,13175.0,26.887755102040817,12265.0,25.03061224489796,12012.0,24.514285714285712,91.27000000000001,750.0,1163.895486935867,413.895486935867,0.1342042755344418,0.38456057007125893,0.00014964370546318288,99.12500000000001,84.7,98.8,82.95136850000002,60,100,15312.5,13.15625
mostlye5-0dca-450f-a211-2e52f1abb986,mostly59-c3e9-40f7-ac4f-b346f6bae76c,2023-08-01,10780.0,83.4,95.2,2.0,0.87,97.7,1,1,5250.0,9120,125.0,42800,32750.0,17000,5020,2000,900,900,1310,160,198.0,Zenith Industrial Gases Center,"Odense, Denmark",Specialty Chemicals,480000,1500,10050.0,23.481308411214954,9640.0,22.523364485981308,8740.0,20.42056074766355,8382.0,19.58411214953271,91.23000000000002,3038.0333951762523,3970.3153988868276,932.2820037105753,0.487012987012987,0.8460111317254174,0.011595547309833023,99.72222222222223,83.4,99.13,82.44476883333334,80,70,28533.333333333332,7.1866666666666665
mostly00-acbc-4143-a52a-4297a2571503,mostly62-759f-49d8-a424-34f052c4866c,2024-08-01,9600.0,80.1,92.9,3.0,0.3,98.8,1,0,1100.0,12500,9.2,45200,4880.0,24850,4625,3750,1320,1335,1320,153,870.0,Zenith Industrial Gases Center,"Odense, Denmark",Agrochemicals,310000,1500,40320.0,89.20353982300885,40335.0,89.23672566371681,39000.0,86.28318584070797,37977.0,84.01991150442478,89.55,508.3333333333333,4708.333333333333,4200.0,0.11458333333333333,1.3020833333333333,0.0009583333333333333,99.58333333333333,80.1,99.7,79.52695124999998,80,100,30133.333333333332,6.4
mostlya6-17eb-4fe6-a40a-6e064a27e289,mostly63-ad26-4687-af9d-0c9618738954,2023-12-01,74820.0,98.0,92.2,4.6,0.2,95.9,1,0,5520.0,13050,9.9,42100,5260.0,3230,4520,4400,193,1015,4920,172,865.0,GreenLeaf Agrochem Ltd.,"Odense, Denmark",Specialty Chemicals,220000,860,36840.0,87.5059382422803,32935.0,78.23040380047506,31920.0,75.81947743467934,30883.0,73.3562945368171,95.63000000000001,70.30205827318899,562.6837743918738,492.38171611868484,0.07377706495589414,0.1744186046511628,0.000132317562149158,99.36111111111111,98.0,99.8,97.17914111111111,80,100,48953.48837209302,87.0
mostly96-7a87-48f2-a236-2556185c1900,mostly6c-0f1f-4f56-8d59-43a4e56f0674,2023-07-01,11120.0,81.9,96.6,3.0,0.86,99.4,1,0,5880.0,15940,8.7,6750,5250.0,23850,6600,2150,1700,288,5560,250,1520.0,Nordic Specialty Plastics Plant,"Odense, Denmark",Petrochemical,310000,2100,1500.0,22.22222222222222,-3772.0,-55.88148148148148,-4060.0,-60.14814814814815,-5830.0,-86.37037037037038,91.56,472.1223021582734,607.0143884892086,134.89208633093523,0.5287769784172662,1.433453237410072,0.0007823741007194244,99.58333333333333,81.9,99.14,80.85734475000001,80,100,3214.285714285714,5.295238095238095
mostlyc9-2cdb-43db-8665-2495c991fa5b,mostly6f-0d72-49bb-a495-4d980ea68d41,2023-11-01,10680.0,82.0,95.7,6.1,0.78,97.9,1,0,1330.0,13350,6.3,53550,32000.0,23800,6650,2480,880,910,7600,64,192.0,GreenLeaf Agrochem Ltd.,"Port Elizabeth, South Africa",Industrial Gases,900000,860,21550.0,40.242763772175536,14860.0,27.749766573295986,13950.0,26.05042016806723,13694.0,25.572362278244633,90.88000000000001,2996.2546816479403,5014.044943820225,2017.7902621722847,0.12453183520599251,1.25,0.0005898876404494382,99.15277777777777,82.0,99.22,80.6710966111111,80,100,62267.441860465115,12.418604651162791
mostly48-51a5-4f54-8b7b-30772c7c8857,mostly78-2094-4a64-ba04-eda5dd04a086,2023-09-01,46010.0,78.4,97.0,4.0,0.88,96.3,1,1,6030.0,15880,47.6,6680,5000.0,3540,1270,1860,222,985,7800,158,860.0,Zenith Industrial Gases Center,Singapore,Petrochemical,310000,540,1680.0,25.149700598802394,-5135.0,-76.87125748502994,-6120.0,-91.61676646706587,-7138.0,-106.8562874251497,89.35,108.67202782003912,145.18582916757228,36.51380134753316,0.13105846555096717,0.34514236035644424,0.0010345577048467725,99.44444444444444,78.4,99.12,77.27835733333335,80,70,12370.37037037037,85.20370370370371
mostly44-550e-4178-9a35-f9f5415f329f,mostly78-6843-47de-b058-eb46723a75a7,2023-03-01,47310.0,98.0,94.6,9.5,1.0,96.5,2,0,7000.0,14800,51.0,47800,4720.0,18900,5400,4300,1060,1330,5360,153,860.0,Zenith Industrial Gases Center,"Shanghai, China",Agrochemicals,310000,3200,43080.0,90.12552301255229,39050.0,81.69456066945607,37720.0,78.91213389121339,36707.0,76.7928870292887,96.52999999999999,99.76749101669837,1010.3572183470725,910.5897273303741,0.14796026210103572,0.3128302684421898,0.001077996195307546,98.68055555555556,98.0,99.0,95.739875,60,100,14937.5,14.784375
mostly01-32c1-4e2f-9ad7-f9687c89d4d5,mostly7a-46e2-4205-8d8d-4f12d545a33c,2025-04-01,9100.0,85.2,97.6,6.2,0.4,96.0,0,0,1010.0,8940,148.0,42800,4720.0,3100,4350,3850,920,1480,1260,240,190.0,GreenLeaf Agrochem Ltd.,"Shanghai, China",Agrochemicals,310000,3200,38080.0,88.97196261682242,38300.0,89.48598130841121,36820.0,86.02803738317758,36390.0,85.02336448598132,92.16,518.6813186813187,4703.2967032967035,4184.615384615385,0.11098901098901098,0.9824175824175824,0.016263736263736263,99.13888888888889,85.2,99.6,84.128468,100,100,13375.0,2.84375
mostlyea-2239-4661-a2ab-a63a1f8bf3e6,mostly7a-7b82-4661-86c1-0b3a2c084d49,2023-01-01,58000.0,83.2,93.1,3.9,0.86,99.0,2,0,5400.0,8600,46.8,6725,32200.0,21750,7550,1900,1280,274,1310,62,1030.0,Nordic Specialty Plastics Plant,"Houston, United States",Specialty Chemicals,220000,860,-25475.0,-378.81040892193306,-26511.0,-394.2156133828996,-26785.0,-398.28996282527885,-27877.0,-414.52788104089217,90.91,555.1724137931035,115.94827586206897,-439.22413793103453,0.09310344827586207,0.1482758620689655,0.0008068965517241379,99.45833333333334,83.2,99.14,82.03768906666667,60,100,7819.767441860465,67.44186046511628
mostly6b-023a-47c0-9aec-e1e034e9cd88,mostly89-1676-407e-a736-b5c01ff93138,2023-08-01,10850.0,93.9,95.8,1.8,1.4,98.1,1,0,7080.0,15120,6.3,45020,31900.0,26250,4480,4300,950,633,4600,190,1495.0,Aurora Petrochemicals Complex,"Port Elizabeth, South Africa",Industrial Gases,310000,540,13120.0,29.14260328742781,9153.0,20.33096401599289,8520.0,18.924922256774767,6835.0,15.182141270546424,95.73,2940.0921658986176,4149.3087557603685,1209.216589861751,0.6525345622119816,1.3935483870967742,0.0005806451612903225,99.75,93.9,98.6,92.35393650000002,80,100,83370.37037037036,20.09259259259259
mostly6a-7d0e-44c9-ada5-4bf58a383638,mostly9d-1e33-486f-ab67-fbeed1945f92,2023-01-01,45500.0,89.6,98.3,2.4,0.89,99.5,1,0,5650.0,8980,9.4,6400,4820.0,22500,5980,1700,223,1200,7950,68,203.0,Nordic Specialty Plastics Plant,"Shanghai, China",Agrochemicals,220000,540,1580.0,24.6875,-5170.0,-80.78125,-6370.0,-99.53125,-6641.0,-103.765625,95.17999999999999,105.93406593406593,140.65934065934067,34.725274725274744,0.12417582417582418,0.19736263736263737,0.0002065934065934066,99.66666666666667,89.6,99.11,88.50655146666666,80,100,11851.851851851852,84.25925925925925
mostly81-b04e-4328-8331-9d512f0fd9de,mostlya7-fcf7-4455-9b2f-19eb0fd41fa6,2025-01-01,15380.0,88.8,98.5,3.8,0.4,99.5,1,0,7100.0,15610,6.1,53400,5250.0,25450,4355,454,1280,284,7000,58,865.0,GreenLeaf Agrochem Ltd.,"Odense, Denmark",Polymers,310000,3200,48150.0,90.1685393258427,41434.0,77.59176029962546,41150.0,77.05992509363297,40227.0,75.3314606741573,94.92,341.35240572171654,3472.041612483745,3130.689206762029,0.4616384915474642,1.0149544863459037,0.0003966189856957087,99.47222222222223,88.8,99.6,87.978008,80,100,16687.5,4.80625
mostlyc2-c83b-478b-b188-504e9c27add7,mostlyaa-e8ae-43bc-b45a-e54663f90d39,2024-05-01,11120.0,99.0,95.8,1.8,0.82,95.9,0,0,6160.0,11450,131.0,6700,39450.0,3280,4210,3450,215,628,5180,280,180.0,Zenith Industrial Gases Center,"Port Elizabeth, South Africa",Industrial Gases,310000,1500,-32750.0,-488.8059701492537,-37302.0,-556.7462686567164,-37930.0,-566.1194029850745,-38390.0,-572.9850746268656,97.11000000000001,3547.661870503597,602.5179856115108,-2945.143884892086,0.5539568345323741,1.0296762589928057,0.011780575539568345,99.75,99.0,99.18,97.94272950000001,100,100,4466.666666666667,7.413333333333333
mostlyf4-f04e-4017-8a8c-ec222af21ddb,mostlyb2-b784-45e2-a7f5-300e1a30c7fc,2025-05-01,52000.0,90.8,94.9,3.4,0.7,99.5,1,1,6100.0,14120,131.0,7000,5000.0,24050,1330,456,215,600,1330,62,1200.0,GreenLeaf Agrochem Ltd.,"Shanghai, China",Specialty Chemicals,220000,540,2000.0,28.57142857142857,1270.0,18.142857142857142,670.0,9.571428571428571,-592.0,-8.457142857142857,94.63999999999999,96.15384615384616,134.6153846153846,38.46153846153845,0.11730769230769231,0.27153846153846156,0.0025192307692307693,99.52777777777779,90.8,99.3,89.73862366666665,80,70,12962.962962962964,96.29629629629629
mostlye5-eb8b-438d-9bf9-6b2f4c59e25f,mostlyb3-6de1-444e-bb2b-db078b60974c,2023-04-01,15010.0,98.0,98.0,4.7,0.5,99.4,2,0,4200.5,14200,144.0,6725,32190.0,20850,5450,440,1780,612,4800,220,1060.0,Nordic Specialty Plastics Plant,"Odense, Denmark",Agrochemicals,720000,2100,-25465.0,-378.6617100371747,-29653.0,-440.93680297397765,-30265.0,-450.0371747211896,-31545.0,-469.07063197026025,98.42,2144.5702864756827,448.0346435709527,-1696.53564290473,0.27984676882078613,0.9460359760159893,0.009593604263824117,99.34722222222221,98.0,99.5,96.87347638888888,60,100,3202.3809523809523,7.147619047619048
mostly9f-0873-4346-aa3d-7dfe0e5c7b82,mostlyb6-bb83-4b5d-a5ca-6d6a07bd2ade,2023-01-01,9600.0,81.7,95.2,3.8,0.75,98.4,1,0,5790.0,12850,43.5,45750,39450.0,25000,5150,490,1880,922,1305,205,2350.0,Aurora Petrochemicals Complex,"Port Elizabeth, South Africa",Petrochemical,310000,540,6300.0,13.77049180327869,5917.0,12.933333333333334,4995.0,10.918032786885245,2440.0,5.333333333333334,90.76,4109.375,4765.625,656.25,0.603125,1.3385416666666667,0.00453125,99.47222222222223,81.7,99.25,80.65928951388891,80,100,84722.22222222222,17.77777777777778
mostly31-9b8c-4527-aec7-416dfd0d640a,mostlyb9-9300-4ba4-b04c-e7c8ecef616a,2023-01-01,52000.0,84.5,95.9,2.8,0.3,98.2,2,0,930.0,8750,46.5,6460,5250.0,25000,7050,481,950,1330,1345,250,178.0,GreenLeaf Agrochem Ltd.,"Houston, United States",Polymers,220000,1500,1210.0,18.730650154798763,1195.0,18.4984520123839,-135.0,-2.089783281733746,-563.0,-8.715170278637771,92.03,100.96153846153847,124.23076923076923,23.26923076923076,0.017884615384615384,0.16826923076923078,0.0008942307692307692,99.61111111111111,84.5,99.7,83.91887472222223,60,100,4306.666666666667,34.666666666666664
mostlya4-3599-4640-b2f6-affba3aa5335,mostlybf-daa1-4491-9752-b83928c87cf0,2024-02-01,8200.0,95.0,97.0,2.7,0.82,98.1,1,0,1045.0,8780,49.1,54800,36800.0,17000,4920,3500,193,880,8990,66,1405.0,Nordic Specialty Plastics Plant,"Port Elizabeth, South Africa",Agrochemicals,480000,3200,18000.0,32.846715328467155,9890.0,18.047445255474454,9010.0,16.44160583941606,7539.0,13.757299270072993,96.53,4487.804878048781,6682.926829268293,2195.121951219512,0.1274390243902439,1.0707317073170732,0.005987804878048781,99.625,95.0,99.18,93.86767125,80,100,17125.0,2.5625
mostly62-5cc2-4748-8ede-0672399cc275,mostlyc5-c789-419a-a952-0eba208a5cc0,2023-04-01,15640.0,88.0,96.8,5.3,0.89,97.7,0,0,6960.0,13600,120.4,45500,33637.5,21800,4705,2380,1860,279,4900,210,1360.0,GreenLeaf Agrochem Ltd.,"Port Elizabeth, South Africa",Agrochemicals,220000,3200,11862.5,26.071428571428573,7241.5,15.915384615384614,6962.5,15.302197802197803,5392.5,11.851648351648352,93.55,2150.735294117647,2909.2071611253195,758.4718670076727,0.44501278772378516,0.8695652173913043,0.007698209718670077,99.2638888888889,88.0,99.11,86.57478744444445,100,100,14218.75,4.8875
mostly71-1625-4a03-8ecd-d8007b6cd7a8,mostlyc5-cc27-4e4b-bdb4-6b9b051c0714,2023-10-01,11120.0,82.7,98.3,1.0,0.95,97.5,2,0,1310.0,13550,52.3,6810,33900.0,17000,4355,493,1100,1420,9300,230,1300.0,Horizon Polymers Campus,"Shanghai, China",Industrial Gases,310000,540,-27090.0,-397.7973568281938,-34970.0,-513.5095447870779,-36390.0,-534.3612334801762,-37920.0,-556.8281938325991,91.82000000000001,3048.561151079137,612.410071942446,-2436.151079136691,0.11780575539568346,1.2185251798561152,0.004703237410071942,99.86111111111111,82.7,99.05,81.80058006944445,60,100,12611.111111111111,20.59259259259259
mostly73-8402-4f49-870a-adc39e08f572,mostlyd2-17a5-447a-b00f-1610fd6cf6d5,2023-05-01,42000.5,78.2,92.8,9.5,0.5,96.2,0,0,1360.0,14350,6.1,47800,27900.0,22250,5500,3780,1400,1000,8980,220,2350.0,Nordic Specialty Plastics Plant,"Port Elizabeth, South Africa",Specialty Chemicals,310000,3200,19900.0,41.63179916317992,11920.0,24.93723849372385,10920.0,22.845188284518827,8350.0,17.468619246861923,87.97999999999999,664.2778062165927,1138.0816895036965,473.80388328710376,0.03238056689801312,0.34166259925477077,0.00014523636623373532,98.68055555555556,78.2,99.5,76.78235347222223,100,100,14937.5,13.12515625
mostlycc-2ba3-4189-9fa0-a7a15fd8ea70,mostlyd3-11a5-4b50-8790-19b86e9e9975,2024-01-01,54120.0,89.5,98.3,1.5,0.92,98.9,0,0,845.0,12250,120.0,47310,29600.0,3420,4700,460,217,612,7000,60,189.0,Nordic Specialty Plastics Plant,"Houston, United States",Specialty Chemicals,720000,860,17710.0,37.43394631156204,11322.0,23.931515535827522,10710.0,22.637920101458462,10461.0,22.11160431198478,94.96,546.9327420546932,874.1685144124168,327.2357723577236,0.015613451589061345,0.22634885439763489,0.0022172949002217295,99.79166666666667,89.5,99.08,88.49185708333334,100,100,55011.62790697674,62.93023255813954
mostlyb5-090c-4de5-ac64-fe0370aec7dc,mostlyd6-b834-4855-bd11-7daada02dde1,2023-07-01,15300.0,83.2,96.0,1.4,0.95,98.3,1,1,7220.0,13790,52.3,52600,30700.0,24650,6200,3600,900,870,4700,69,2350.0,Nordic Specialty Plastics Plant,"Odense, Denmark",Agrochemicals,480000,860,21900.0,41.634980988593156,18070.0,34.353612167300376,17200.0,32.69961977186312,14781.0,28.100760456273765,91.57,2006.5359477124182,3437.908496732026,1431.3725490196077,0.4718954248366013,0.9013071895424837,0.003418300653594771,99.80555555555556,83.2,99.05,82.24935911111112,80,70,61162.79069767442,17.790697674418606
mostly02-6893-4a32-94e7-9ae62a5cabaf,mostlyda-790f-41ae-8bf1-7f121af10997,2023-12-01,41200.0,96.2,93.5,1.7,0.8,98.4,1,0,930.0,12200,50.5,6425,4960.0,3210,5530,460,1820,1180,1270,250,995.0,Nordic Specialty Plastics Plant,"Odense, Denmark",Specialty Chemicals,310000,2100,1465.0,22.801556420233464,1375.0,21.40077821011673,195.0,3.035019455252918,-1050.0,-16.342412451361866,96.05,120.3883495145631,155.94660194174756,35.558252427184456,0.02257281553398058,0.2961165048543689,0.0012257281553398058,99.76388888888889,96.2,99.2,95.20507822222223,80,100,3059.5238095238096,19.61904761904762
mostly4c-93ca-4d4f-8a3f-f50d89fbb445,mostlydc-ed6d-412a-9c7e-35136fb68bb5,2023-01-01,41200.0,75.3,97.2,6.9,0.3,99.6,1,0,1300.0,9060,136.0,6590,30250.0,22150,7400,3100,1060,980,5400,60,2242.5,GreenLeaf Agrochem Ltd.,Singapore,Specialty Chemicals,900000,540,-23660.0,-359.02883156297423,-28080.0,-426.1001517450683,-29060.0,-440.97116843702577,-31362.5,-475.9104704097117,89.16,734.2233009708738,159.95145631067962,-574.2718446601941,0.03155339805825243,0.21990291262135922,0.0033009708737864077,99.04166666666667,75.3,99.7,74.354639875,80,100,12203.703703703704,76.29629629629629
mostlyd9-a23a-482f-9255-c281fdd76d30,mostlye4-419d-4d08-9639-789ce6d03230,2025-05-01,9700.0,89.7,96.6,1.5,0.82,99.0,1,0,1070.0,13050,7.0,54800,39500.0,3340,1300,2480,1150,915,4920,165,865.0,Zenith Industrial Gases Center,"Shanghai, China",Specialty Chemicals,480000,2100,15300.0,27.919708029197082,11295.0,20.611313868613138,10380.0,18.94160583941606,9350.0,17.062043795620436,94.56,4072.1649484536083,5649.484536082474,1577.3195876288655,0.11030927835051546,1.3453608247422681,0.0007216494845360825,99.79166666666667,89.7,99.18,88.779117375,80,100,26095.238095238095,4.619047619047619
mostlyea-8914-4697-ac82-611d0bfbfa44,mostlye6-a6d6-4fac-8296-564dfd183483,2025-05-01,8800.0,85.0,98.3,12.3,0.5,99.1,1,0,6450.0,8980,136.0,45900,5050.0,21660,6580,2620,1850,1540,5660,200,181.0,Horizon Polymers Campus,"Port Elizabeth, South Africa",Industrial Gases,900000,2100,40850.0,88.99782135076254,36730.0,80.02178649237473,35190.0,76.66666666666667,34809.0,75.83660130718954,93.22,573.8636363636364,5215.909090909091,4642.045454545455,0.7329545454545454,1.0204545454545455,0.015454545454545455,98.29166666666667,85.0,99.5,83.13017708333334,80,100,21857.14285714286,4.190476190476191
mostlyfd-1be6-48ef-a53e-5a6bfe34e067,mostlyeb-105a-4a9b-b2a0-d3949843c8c9,2023-10-01,46220.0,90.0,91.8,1.5,1.2,96.7,1,0,5930.0,14250,44.9,42000,5260.0,22350,5800,428,1010,283,1305,215,184.0,Nordic Specialty Plastics Plant,"Shanghai, China",Agrochemicals,220000,860,36740.0,87.47619047619047,35718.0,85.04285714285714,35435.0,84.36904761904762,35036.0,83.41904761904762,92.55,113.8035482475119,908.6975335352661,794.8939852877542,0.12829943747295544,0.3083080917351796,0.0009714409346603201,99.79166666666667,90.0,98.8,88.73475,80,100,48837.20930232558,53.74418604651163
mostly12-ae25-4733-8c11-fa72bd028f0c,mostlyeb-f4ba-4b55-b718-8ecb1d4850a0,2023-09-01,51000.0,83.5,92.5,4.1,0.8,98.7,2,0,930.0,8890,44.1,56000,4960.0,3440,5600,1850,1020,279,4760,180,1080.0,Horizon Polymers Campus,"Port Elizabeth, South Africa",Industrial Gases,220000,860,51040.0,91.14285714285715,46559.0,83.14107142857144,46280.0,82.64285714285714,45020.0,80.39285714285714,90.75999999999999,97.25490196078431,1098.0392156862745,1000.7843137254902,0.018235294117647058,0.17431372549019608,0.0008647058823529412,99.43055555555556,83.5,99.2,82.36031777777777,60,100,65116.27906976744,59.30232558139535
mostlye7-2d7e-4cbf-8d3a-d3d3b570b298,mostlyf3-9c94-4094-a8c9-7f546863a750,2023-01-01,72080.0,82.5,95.4,4.3,0.87,98.9,1,0,1010.0,8750,47.6,47250,33700.0,20350,4920,4210,1650,1340,7200,180,2350.0,GreenLeaf Agrochem Ltd.,"Houston, United States",Polymers,220000,540,13550.0,28.677248677248677,7690.0,16.275132275132275,6350.0,13.43915343915344,3820.0,8.084656084656086,91.29,467.53607103218644,655.5216426193118,187.98557158712538,0.014012208657047725,0.12139289678135405,0.0006603773584905661,99.40277777777779,82.5,99.13,81.29382822916666,80,100,87500.0,133.4814814814815
mostlyac-f9ec-472b-afcf-f2c3f83533cd,mostlyf4-ce46-463a-a097-67d7ff1942d9,2025-04-01,10680.0,81.7,94.2,2.7,0.9,97.2,1,1,5610.0,13850,50.5,52600,32190.0,3100,6820,3950,205,950,9830,67,785.0,Zenith Industrial Gases Center,"Port Elizabeth, South Africa",Specialty Chemicals,900000,860,20410.0,38.8022813688213,11530.0,21.920152091254753,10580.0,20.11406844106464,9728.0,18.494296577946766,90.10000000000001,3014.044943820225,4925.093632958801,1911.0486891385763,0.5252808988764045,1.296816479400749,0.0047284644194756555,99.625,81.7,99.1,80.661082375,80,70,61162.79069767442,12.418604651162791
mostly83-a38f-4dd3-a7e3-10405ab071dc,mostlyf6-b04f-4b31-9966-024a241c2450,2023-04-01,49900.0,92.3,95.0,6.2,0.25,96.2,1,1,5590.0,13350,6.3,6760,5010.0,18900,1245,457,210,1310,9300,152,1050.0,Nordic Specialty Plastics Plant,"Odense, Denmark",Agrochemicals,720000,3200,1750.0,25.88757396449704,-6240.0,-92.3076923076923,-7550.0,-111.6863905325444,-8752.0,-129.46745562130178,94.27999999999999,100.40080160320642,135.47094188376752,35.070140280561105,0.11202404809619239,0.26753507014028055,0.00012625250501002003,99.13888888888889,92.3,99.75,91.27643145833333,80,70,2112.5,15.59375
mostlyc1-4d37-4c7c-97a9-2fad5afb2457,mostlyfa-c5f5-4788-8ec4-467088d908e6,2025-02-01,9100.0,83.2,94.7,5.3,1.5,99.4,1,0,1060.0,14100,9.8,57600,5000.0,20300,5020,2500,180,1350,5340,148,1030.0,GreenLeaf Agrochem Ltd.,Singapore,Specialty Chemicals,900000,860,52600.0,91.31944444444444,48610.0,84.39236111111111,47260.0,82.04861111111111,46082.0,80.00347222222223,91.51,549.4505494505495,6329.67032967033,5780.219780219781,0.11648351648351649,1.5494505494505495,0.001076923076923077,99.2638888888889,83.2,98.5,81.34874222222224,80,100,66976.74418604652,10.581395348837209
mostlyd1-f6e2-41b4-9eb3-6e411e6fa894,mostlyfa-fb5b-407e-ad1e-8b9303a5b640,2023-05-01,9900.0,80.5,92.9,12.3,0.7,96.3,1,0,1100.0,620,48.2,42800,32662.5,25100,6880,481,1760,990,10000,60,1405.0,Zenith Industrial Gases Center,Singapore,Agrochemicals,720000,540,10137.5,23.6857476635514,1127.5,2.6343457943925235,137.5,0.3212616822429906,-1327.5,-3.1016355140186915,88.96,3299.242424242424,4323.232323232323,1023.9898989898993,0.1111111111111111,0.06262626262626263,0.004868686868686869,98.29166666666667,80.5,99.3,78.570918125,80,100,79259.25925925926,18.333333333333332
mostly7a-b3af-4ee1-9d00-4fcd1d978bfd,mostlyfb-07df-48c0-b2f9-ef4db0e080d7,2023-10-01,45200.0,93.1,97.3,8.7,0.75,99.0,1,0,4300.0,13900,5.3,6840,35500.0,19500,1200,449,950,283,1345,140,180.0,Horizon Polymers Campus,"Port Elizabeth, South Africa",Specialty Chemicals,480000,540,-28660.0,-419.0058479532164,-29722.0,-434.5321637426901,-30005.0,-438.6695906432749,-30325.0,-443.34795321637426,96.13000000000001,785.3982300884956,151.32743362831857,-634.070796460177,0.09513274336283185,0.3075221238938053,0.00011725663716814159,98.79166666666666,93.1,99.25,91.28522885416666,80,100,12666.666666666666,83.70370370370371
mostlya7-ed38-4dcb-b6d5-111e5d37527a,mostlyfb-088f-4bac-b2b6-c42ba07b63a2,2023-02-01,10540.0,86.3,94.9,5.5,0.89,98.9,1,1,6160.0,8940,47.6,6680,40200.0,3230,5020,487,1060,1340,7000,62,1520.0,GreenLeaf Agrochem Ltd.,"Port Elizabeth, South Africa",Specialty Chemicals,220000,3200,-33520.0,-501.7964071856287,-39180.0,-586.5269461077844,-40520.0,-606.5868263473054,-42102.0,-630.2694610778443,92.66000000000001,3814.0417457305502,633.7760910815939,-3180.265654648956,0.5844402277039848,0.8481973434535104,0.004516129032258065,99.23611111111111,86.3,99.11,84.87856109027778,80,70,2087.5,3.29375
mostly90-af75-45d4-bb3b-cc919ceaba0e,mostlyfe-1b7b-494b-b25c-d2c6fcbc5350,2023-10-01,15300.0,93.9,93.0,6.2,1.6,99.5,1,0,1045.0,16650,5.8,6550,5030.0,21050,6000,4240,180,1490,1345,156,1385.0,GreenLeaf Agrochem Ltd.,"Houston, United States",Industrial Gases,720000,860,1520.0,23.206106870229007,1665.0,25.419847328244277,175.0,2.6717557251908395,-1366.0,-20.85496183206107,95.31,328.75816993464053,428.1045751633987,99.34640522875816,0.06830065359477124,1.088235294117647,0.00037908496732026145,99.13888888888889,93.9,98.4,91.601954,80,100,7616.279069767442,17.790697674418606
mostly5f-1d54-4e66-aafc-af18a3707ba1,mostly03-e230-4b86-89e3-2437361d2a1b,2025-05-01,14820.0,78.5,94.1,12.3,1.3,96.3,1,1,5700.0,12200,148.0,6660,41000.0,3540,6550,468,900,1220,1325,156,795.0,GreenLeaf Agrochem Ltd.,"Odense, Denmark",Specialty Chemicals,310000,1500,-34340.0,-515.6156156156155,-34445.0,-517.1921921921922,-35665.0,-535.5105105105105,-36616.0,-549.7897897897898,88.52,2766.531713900135,449.3927125506073,-2317.1390013495275,0.38461538461538464,0.8232118758434548,0.009986504723346829,98.29166666666667,78.5,98.7,76.15589187500001,80,70,4440.0,9.88
mostly1c-ad75-47e8-bd43-2fe4d73829d1,mostly07-3886-4b9c-8a2b-dca52e1984cc,2025-03-01,9700.0,96.2,92.2,1.8,0.9,98.0,0,1,6000.0,15320,5.8,6960,40150.0,25150,5150,445,970,915,1320,172,2300.0,GreenLeaf Agrochem Ltd.,"Port Elizabeth, South Africa",Specialty Chemicals,310000,3200,-33190.0,-476.867816091954,-33595.0,-482.6867816091954,-34510.0,-495.8333333333333,-36982.0,-531.3505747126436,95.54,4139.1752577319585,717.5257731958762,-3421.649484536082,0.6185567010309279,1.579381443298969,0.0005979381443298969,99.75,96.2,99.1,95.0958645,100,70,2175.0,3.03125
mostly5e-2110-4f76-a942-6ae1e0da2dac,mostly07-cd99-43d0-8285-01fdc02e6e47,2023-08-01,51040.0,95.0,95.8,2.7,0.82,96.5,1,0,5930.0,9160,46.2,45900,28900.0,3100,5900,3990,212,1370,1350,58,1993.0,Aurora Petrochemicals Complex,"Houston, United States",Industrial Gases,480000,540,17000.0,37.03703703703704,17020.0,37.08061002178649,15650.0,34.0958605664488,13599.0,29.627450980392155,95.69,566.2225705329154,899.294670846395,333.0721003134796,0.1161833855799373,0.17946708463949843,0.0009051724137931035,99.625,95.0,99.18,93.86767125,80,100,85000.0,94.51851851851852
mostlyf3-4324-47cc-b22a-b31a4c3ba14f,mostly0b-fb2d-457c-9452-28988817db5a,2023-04-01,50120.0,95.2,95.8,12.3,0.95,96.3,1,0,6000.0,17650,132.0,55600,33600.0,3300,6580,2040,1350,1335,4900,70,1030.0,Nordic Specialty Plastics Plant,"Odense, Denmark",Specialty Chemicals,900000,540,22000.0,39.568345323741006,18435.0,33.156474820143885,17100.0,30.755395683453234,16000.0,28.776978417266186,95.71000000000001,670.391061452514,1109.3375897845171,438.94652833200314,0.11971268954509177,0.35215482841181167,0.002633679169992019,98.29166666666667,95.2,99.05,92.68471683333334,80,100,102962.96296296296,92.81481481481481
mostly68-f85b-4a1e-995d-1f7f469b1770,mostly14-961f-4774-b83f-89889f11a6ae,2023-04-01,51040.0,78.5,96.0,2.8,0.5,97.2,1,0,5550.0,15350,7.1,43520,32200.0,24050,5450,4200,1900,1180,4800,168,1993.0,GreenLeaf Agrochem Ltd.,"Odense, Denmark",Specialty Chemicals,480000,1500,11320.0,26.011029411764707,7700.0,17.693014705882355,6520.0,14.981617647058822,4359.0,10.016084558823529,89.36,630.8777429467085,852.6645768025078,221.78683385579927,0.10873824451410659,0.3007445141065831,0.00013910658307210032,99.61111111111111,78.5,99.5,77.80374861111112,80,100,29013.333333333332,34.026666666666664
mostly4d-09e4-4533-95c4-28c4c17dcd97,mostly16-b055-4b92-b52f-4a869e53cd33,2025-01-01,72080.0,88.2,89.7,5.3,0.89,96.7,1,0,1050.0,8920,130.0,45500,33637.5,19850,4700,2040,1650,281,1270,60,184.0,GreenLeaf Agrochem Ltd.,"Houston, United States",Petrochemical,220000,860,11862.5,26.071428571428573,10873.5,23.8978021978022,10592.5,23.28021978021978,10348.5,22.743956043956043,91.2,466.66897891231963,631.2430632630411,164.57408435072148,0.014567147613762486,0.12375138734739179,0.0018035516093229745,99.2638888888889,88.2,99.11,86.77154832500001,80,100,52906.976744186046,83.81395348837209
mostlye6-eb91-4da0-bc50-9c827d57fcf5,mostly17-fa72-4dea-8e8c-7998b1f4e06f,2024-01-01,43520.0,90.8,93.7,9.5,0.7,98.7,1,0,6700.0,12850,120.0,52050,29600.0,3420,6580,4470,900,1520,4900,155,196.0,Zenith Industrial Gases Center,"Port Elizabeth, South Africa",Industrial Gases,220000,540,22450.0,43.131604226705086,19070.0,36.63784822286264,17550.0,33.71757925072046,17199.0,33.043227665706056,94.03999999999999,680.1470588235294,1196.0018382352941,515.8547794117648,0.15395220588235295,0.2952665441176471,0.0027573529411764708,98.68055555555556,90.8,99.3,88.97473083333333,80,100,96388.88888888889,80.5925925925926
mostly97-8ca7-498f-a2f0-b54fa80cf01d,mostly21-8842-49a4-871a-e936721d11b9,2023-03-01,55200.0,80.5,97.2,3.2,0.8,98.9,1,0,5700.0,14350,149.0,53400,34507.5,3340,1270,4240,195,271,9450,140,1050.0,Aurora Petrochemicals Complex,"Port Elizabeth, South Africa",Specialty Chemicals,220000,860,18892.5,35.37921348314607,9713.5,18.19007490636704,9442.5,17.68258426966292,8252.5,15.454119850187267,91.03000000000002,625.1358695652174,967.3913043478261,342.25543478260875,0.10326086956521739,0.259963768115942,0.0026992753623188404,99.55555555555556,80.5,99.2,79.50108444444444,80,100,62093.023255813954,64.18604651162791
mostlyaa-f33b-47a5-a16b-b34e15507cb9,mostly23-c1e3-404f-9978-e4c1606bd2a4,2023-07-01,10980.0,84.7,96.6,3.4,1.4,98.5,2,1,6180.0,8580,44.2,45750,32190.0,25000,1350,4400,1060,1480,1330,230,903.0,Horizon Polymers Campus,"Odense, Denmark",Polymers,220000,860,13560.0,29.63934426229508,13710.0,29.9672131147541,12230.0,26.732240437158474,11097.0,24.255737704918033,92.41,2931.6939890710382,4166.666666666667,1234.9726775956287,0.5628415300546448,0.7814207650273224,0.004025500910746813,99.52777777777779,84.7,98.6,83.1198273888889,60,70,53197.67441860465,12.767441860465116
mostly47-fc7e-4b70-aebc-02abcd1027a7,mostly24-75d3-4c33-9fa1-6148064115b5,2023-01-01,48860.0,86.8,94.1,8.7,0.75,99.0,1,0,5680.0,8920,134.0,6570,29820.0,3250,1330,3100,1250,1340,4900,195,880.0,Nordic Specialty Plastics Plant,"Odense, Denmark",Petrochemical,310000,540,-23250.0,-353.8812785388128,-26810.0,-408.06697108066976,-28150.0,-428.46270928462707,-29225.0,-444.8249619482496,92.64999999999999,610.3151862464183,134.46582071223904,-475.84936553417924,0.11625051166598445,0.18256242325010233,0.0027425296766270977,98.79166666666666,86.8,99.25,85.10803291666666,80,100,12166.666666666666,90.48148148148148
mostly2c-44a2-4cd6-bea0-ff220c58bc32,mostly27-ff64-483a-9ce2-cde487b54e8d,2023-01-01,47050.0,89.2,95.8,7.4,0.2,99.0,0,0,1040.0,9160,6.1,6680,4650.0,23500,1200,4120,1100,1490,5100,165,202.0,Horizon Polymers Campus,"Houston, United States",Agrochemicals,310000,540,2030.0,30.389221556886227,-1580.0,-23.652694610778443,-3070.0,-45.958083832335326,-3437.0,-51.452095808383234,94.12,98.83103081827842,141.97662061636558,43.14558979808716,0.022104144527098833,0.1946865037194474,0.00012964930924548351,98.97222222222223,89.2,99.8,88.10665577777777,100,100,12370.37037037037,87.12962962962963
mostlyc9-cd4b-459a-b8c6-54ee3dd5825c,mostly2b-eb41-4c45-87f9-a2d9b98a0512,2024-10-01,77980.0,93.9,95.0,1.8,0.86,96.9,1,0,5790.0,9220,9.1,43840,4940.0,22500,7100,2150,1220,1430,1240,250,1040.0,Nordic Specialty Plastics Plant,Singapore,Specialty Chemicals,220000,1500,38900.0,88.73175182481752,39090.0,89.16514598540147,37660.0,85.90328467153284,36370.0,82.96076642335767,95.13000000000001,63.34957681456784,562.195434726853,498.84585791228517,0.07424980764298537,0.11823544498589382,0.00011669658886894075,99.75,93.9,99.14,92.85972885000001,80,100,29226.666666666668,51.986666666666665
mostly1b-8ff9-48e3-b60f-c826ad953591,mostly2d-8e90-431f-88e0-aa59ccb808f6,2023-01-01,10750.0,84.7,94.6,1.5,0.5,97.7,2,0,1040.0,8730,52.3,45900,4960.0,21950,7050,4470,205,260,8280,150,970.0,Nordic Specialty Plastics Plant,"Port Elizabeth, South Africa",Industrial Gases,310000,860,40940.0,89.19389978213508,32920.0,71.7211328976035,32660.0,71.15468409586056,31540.0,68.71459694989107,91.57,461.3953488372093,4269.767441860465,3808.3720930232553,0.09674418604651162,0.812093023255814,0.004865116279069767,99.79166666666667,84.7,99.5,84.10092395833334,60,100,53372.09302325582,12.5
mostly9b-4ea7-49a5-b73e-4e07eff55fbb,mostly30-607a-43ed-bab4-4d8de9274684,2023-08-01,43520.0,92.2,97.0,2.7,0.75,97.8,1,0,1220.0,620,120.0,44875,35200.0,20640,5700,1700,200,1530,8000,64,180.0,Nordic Specialty Plastics Plant,Singapore,Agrochemicals,220000,540,9675.0,21.559888579387188,3205.0,7.142061281337048,1675.0,3.732590529247911,1431.0,3.188857938718663,95.32,808.8235294117648,1031.1351102941176,222.3115808823528,0.02803308823529412,0.014246323529411764,0.0027573529411764708,99.625,92.2,99.25,91.165343125,80,100,83101.85185185185,80.5925925925926
mostly64-d97f-4729-b096-a14dfd0772b2,mostly33-29da-4fef-a00d-aed05b50b7a4,2023-02-01,15820.0,86.3,98.3,6.2,0.2,97.6,1,1,1140.0,12250,149.0,44950,41250.0,22650,1295,460,860,1260,9900,210,1993.0,GreenLeaf Agrochem Ltd.,"Odense, Denmark",Agrochemicals,220000,1500,3700.0,8.231368186874304,-4940.0,-10.989988876529477,-6200.0,-13.793103448275861,-8403.0,-18.694104560622915,93.29,2607.458912768647,2841.3400758533503,233.88116308470308,0.07206068268015171,0.7743362831858407,0.009418457648546144,99.13888888888889,86.3,99.8,85.38574738888887,80,70,29966.666666666668,10.546666666666667
mostly99-1c18-4e27-ac97-09ebd933e433,mostly34-0d12-4ec9-af4a-10baf03ea964,2023-01-01,8800.0,75.3,95.2,4.3,0.7,98.1,1,0,5480.0,610,10.2,41200,37000.0,21850,6520,4050,217,1500,8600,158,1005.0,Nordic Specialty Plastics Plant,Singapore,Specialty Chemicals,480000,860,4200.0,10.194174757281553,-2900.0,-7.038834951456311,-4400.0,-10.679611650485436,-5563.0,-13.50242718446602,88.11,4204.545454545455,4681.818181818182,477.272727272727,0.6227272727272727,0.06931818181818182,0.001159090909090909,99.40277777777779,75.3,99.3,74.326339625,80,100,47906.976744186046,10.232558139534884
mostly6c-3ff1-4e74-afcd-19676b9b92eb,mostly34-70df-4c08-a73d-1c5d05804a66,2023-12-01,16100.0,81.7,97.9,11.2,0.3,99.4,2,1,4300.0,585,7.0,50500,4780.0,3230,1200,493,1220,279,1260,165,1360.0,Nordic Specialty Plastics Plant,"Shanghai, China",Specialty Chemicals,310000,540,45720.0,90.53465346534654,44739.0,88.59207920792079,44460.0,88.03960396039604,42935.0,85.01980198019801,91.87,296.8944099378882,3136.645962732919,2839.751552795031,0.2670807453416149,0.03633540372670808,0.0004347826086956522,98.44444444444443,81.7,99.7,80.18782377777777,60,70,93518.51851851853,29.814814814814813
mostly29-5879-40f4-8758-81acf5f4f5e7,mostly38-99b2-4e72-9abc-04e54ebda318,2023-05-01,43550.0,71.2,98.5,4.1,0.4,96.5,1,0,6220.0,12540,47.2,46010,31500.0,19500,3976,490,990,628,4700,210,2260.0,Zenith Industrial Gases Center,"Port Elizabeth, South Africa",Polymers,220000,540,14510.0,31.536622473375353,10438.0,22.686372527711367,9810.0,21.321451858291677,7340.0,15.953053683981743,86.98,723.3065442020666,1056.4867967853043,333.1802525832377,0.1428243398392652,0.28794489092996556,0.0010838117106773825,99.43055555555556,71.2,99.6,70.51137733333334,80,100,85203.70370370371,80.64814814814815
mostlyb9-03cc-4799-8e97-6cba5a82ac8e,mostly3d-07ee-4c7e-b97b-bd8c4c590562,2024-12-01,51000.0,82.6,98.5,4.6,1.5,97.9,1,0,5570.0,12200,130.0,53450,43350.0,26150,7550,428,180,1250,4760,165,193.0,GreenLeaf Agrochem Ltd.,"Shanghai, China",Specialty Chemicals,310000,540,10100.0,18.896164639850326,6590.0,12.329279700654817,5340.0,9.990645463049578,4982.0,9.320860617399438,91.96,850.0,1048.0392156862745,198.03921568627447,0.10921568627450981,0.23921568627450981,0.0025490196078431374,99.36111111111111,82.6,98.5,80.84119361111111,80,100,98981.48148148147,94.44444444444444
mostlyec-12c4-4990-8361-369c8602803e,mostly3e-5718-4622-8e6a-4df993a1a435,2023-01-01,16540.0,81.0,92.7,4.0,1.3,98.4,1,0,6500.0,13150,174.0,6475,33900.0,21920,4355,4300,860,1540,5400,67,2251.0,Zenith Industrial Gases Center,"Odense, Denmark",Specialty Chemicals,900000,2100,-27425.0,-423.5521235521236,-31285.0,-483.1660231660232,-32825.0,-506.949806949807,-35143.0,-542.7490347490348,89.73,2049.576783555018,391.4752116082225,-1658.1015719467957,0.39298669891172916,0.7950423216444982,0.010519951632406288,99.44444444444444,81.0,98.7,79.50285000000001,80,100,3083.3333333333335,7.876190476190477
mostlyd0-4ba8-4ea9-86e6-fe3a8105d4f2,mostly3e-d700-4222-a8a3-37b188162e1d,2023-01-01,58000.0,88.3,93.1,3.4,0.3,98.5,0,1,7040.0,8780,133.0,45750,32300.0,3210,1220,3600,215,1440,5560,260,770.0,GreenLeaf Agrochem Ltd.,"Odense, Denmark",Agrochemicals,480000,1500,13450.0,29.398907103825138,9330.0,20.39344262295082,7890.0,17.245901639344265,6860.0,14.994535519125682,92.80000000000001,556.8965517241379,788.7931034482758,231.8965517241379,0.12137931034482759,0.1513793103448276,0.002293103448275862,99.52777777777779,88.3,99.7,87.61937869444445,100,70,30500.0,38.666666666666664
mostly63-cdd4-4231-9208-a20afa693488,mostly44-202d-4b2b-8da4-4d1d4bb1a0ba,2024-04-01,54120.0,93.9,95.7,3.3,0.7,97.2,0,1,6200.0,14340,8.0,46000,5260.0,20500,6920,454,1760,1400,5180,170,2350.0,Zenith Industrial Gases Center,"Odense, Denmark",Industrial Gases,220000,540,40740.0,88.56521739130436,36960.0,80.34782608695652,35560.0,77.30434782608697,33040.0,71.82608695652173,95.43,97.19142645971914,849.9630450849963,752.7716186252771,0.11456023651145603,0.26496674057649666,0.00014781966001478197,99.54166666666667,93.9,99.3,92.81533762500001,100,70,85185.18518518518,100.22222222222223
mostly8b-cafe-4a80-bae8-447a4bba1d78,mostly54-2ddc-4872-873b-4052e1b4490c,2023-06-01,15300.0,86.3,92.1,7.9,0.95,96.2,0,0,1200.0,12860,158.0,55000,4960.0,16500,6900,3320,195,1245,7200,59,770.0,GreenLeaf Agrochem Ltd.,"Shanghai, China",Agrochemicals,480000,3200,50040.0,90.98181818181818,44085.0,80.15454545454546,42840.0,77.89090909090909,42011.0,76.38363636363637,91.00999999999999,324.1830065359477,3594.7712418300653,3270.5882352941176,0.0784313725490196,0.8405228758169935,0.010326797385620916,98.90277777777779,86.3,99.05,84.54224279861111,100,100,17187.5,4.78125
mostlycd-e637-4875-83a5-37c555382054,mostly59-c3e9-40f7-ac4f-b346f6bae76c,2023-10-01,46250.0,88.3,94.8,2.3,1.0,97.2,1,0,5820.0,8780,6.3,44850,34650.0,25100,4210,480,180,1280,4600,65,185.0,Zenith Industrial Gases Center,"Odense, Denmark",Specialty Chemicals,480000,1500,10200.0,22.74247491638796,6880.0,15.340022296544037,5600.0,12.486064659977703,5350.0,11.928651059085842,92.91999999999999,749.1891891891892,969.7297297297297,220.54054054054052,0.12583783783783783,0.18983783783783784,0.00013621621621621622,99.68055555555556,88.3,99.0,87.13775125,80,100,29900.0,30.833333333333332
mostly04-8dbd-41b8-9a36-320432e81b19,mostly62-759f-49d8-a424-34f052c4866c,2023-11-01,79230.0,97.0,96.2,11.2,0.82,96.7,1,0,4870.0,13790,44.3,41280,5010.0,3420,4355,2620,223,1245,1350,205,180.0,Zenith Industrial Gases Center,"Odense, Denmark",Agrochemicals,310000,1500,36270.0,87.86337209302324,36165.0,87.60901162790698,34920.0,84.59302325581395,34535.0,83.66036821705426,96.67000000000002,63.233623627413856,521.0147671336615,457.78114350624764,0.06146661618073962,0.1740502334974126,0.0005591316420547772,98.44444444444443,97.0,99.18,94.70808399999999,80,100,27520.0,52.82
mostly43-6b09-4212-b4fb-bd9c76dc9ff2,mostly63-ad26-4687-af9d-0c9618738954,2025-05-01,15380.0,78.2,96.5,3.4,0.87,96.9,1,0,5010.0,9090,47.6,56300,35500.0,24750,4210,3250,950,1370,9000,225,1230.0,GreenLeaf Agrochem Ltd.,"Odense, Denmark",Specialty Chemicals,220000,860,20800.0,36.9449378330373,13170.0,23.392539964476022,11800.0,20.959147424511546,10345.0,18.374777975133213,89.3,2308.192457737321,3660.598179453836,1352.405721716515,0.3257477243172952,0.5910273081924577,0.003094928478543563,99.52777777777779,78.2,99.13,77.15359493888889,80,100,65465.11627906977,17.88372093023256
mostly5e-9bae-4101-90aa-75a7c86e14cc,mostly6c-0f1f-4f56-8d59-43a4e56f0674,2024-11-01,11120.0,80.5,93.3,1.8,0.9,96.7,1,0,1330.0,635,145.0,44850,36000.0,26150,1330,2620,860,900,9310,66,2260.0,Nordic Specialty Plastics Plant,"Odense, Denmark",Petrochemical,310000,2100,8850.0,19.732441471571907,440.0,0.9810479375696768,-460.0,-1.0256410256410255,-2786.0,-6.211817168338907,89.20000000000002,3237.410071942446,4033.273381294964,795.8633093525182,0.1196043165467626,0.05710431654676259,0.013039568345323741,99.75,80.5,99.1,79.57606125000001,80,100,21357.14285714286,5.295238095238095
mostly92-1597-42a5-bafc-4e63cf46436d,mostly6f-0d72-49bb-a495-4d980ea68d41,2023-03-01,8800.0,93.8,92.7,3.9,0.82,98.8,0,0,5400.0,600,6.8,6660,4850.0,25000,1365,1780,217,265,1260,59,895.0,GreenLeaf Agrochem Ltd.,"Port Elizabeth, South Africa",Industrial Gases,900000,860,1810.0,27.177177177177175,815.0,12.237237237237238,550.0,8.258258258258259,-404.0,-6.066066066066067,94.97,551.1363636363636,756.8181818181819,205.68181818181824,0.6136363636363636,0.06818181818181818,0.0007727272727272727,99.45833333333334,93.8,99.18,92.52692295,100,100,7744.186046511628,10.232558139534884
mostly2b-c0d1-45e4-b2f9-ab88c2f461dc,mostly78-2094-4a64-ba04-eda5dd04a086,2025-01-01,11400.0,92.3,92.9,6.0,1.2,98.6,1,0,1180.0,12860,122.0,51500,33637.5,3320,6050,1980,1880,860,9760,153,2300.0,Zenith Industrial Gases Center,Singapore,Petrochemical,310000,540,17862.5,34.68446601941748,8962.5,17.402912621359224,8102.5,15.733009708737864,5649.5,10.96990291262136,94.37,2950.657894736842,4517.543859649123,1566.885964912281,0.10350877192982456,1.1280701754385964,0.010701754385964912,99.16666666666667,92.3,98.8,90.43246333333332,80,100,95370.37037037036,21.11111111111111
mostly6f-8854-4e7a-9f4f-303abeb7534c,mostly78-6843-47de-b058-eb46723a75a7,2024-08-01,10450.0,91.7,97.0,6.1,1.8,99.5,1,0,5550.0,15120,134.0,47800,4960.0,24050,7550,4400,198,287,8710,155,1260.0,Zenith Industrial Gases Center,"Shanghai, China",Agrochemicals,310000,3200,42840.0,89.6234309623431,34417.0,72.00209205020921,34130.0,71.40167364016736,32715.0,68.44142259414227,95.63,474.64114832535887,4574.162679425837,4099.521531100479,0.5311004784688995,1.44688995215311,0.012822966507177033,99.15277777777777,91.7,98.2,89.2864814722222,80,100,14937.5,3.265625
mostlyc1-cddc-4f24-9030-b78ce0d2eb8d,mostly7a-46e2-4205-8d8d-4f12d545a33c,2024-01-01,14250.0,84.0,92.0,6.2,1.0,97.7,0,0,1150.0,8450,174.0,47050,5000.0,22540,6650,3200,1900,990,5160,148,2251.0,GreenLeaf Agrochem Ltd.,"Shanghai, China",Agrochemicals,310000,3200,42050.0,89.37300743889479,37880.0,80.51009564293305,36890.0,78.40595111583421,34491.0,73.30712008501594,90.51,350.87719298245617,3301.754385964912,2950.877192982456,0.08070175438596491,0.5929824561403508,0.012210526315789474,99.13888888888889,84.0,99.0,82.4439,100,100,14703.125,4.453125
mostly25-3d01-4435-a96a-a6488899c6c8,mostly7a-7b82-4661-86c1-0b3a2c084d49,2023-03-01,51040.0,89.6,95.7,6.2,1.2,99.7,1,0,5480.0,15340,9.6,55800,33637.5,19850,5900,2040,950,1440,4600,250,2251.0,Nordic Specialty Plastics Plant,"Houston, United States",Specialty Chemicals,220000,860,22162.5,39.71774193548387,19002.5,34.05465949820788,17562.5,31.47401433691756,15061.5,26.991935483870964,94.46,659.0419278996865,1093.2601880877744,434.2182601880879,0.10736677115987461,0.30054858934169276,0.00018808777429467084,99.13888888888889,89.6,98.8,87.7625031111111,80,100,64883.72093023256,59.348837209302324
mostlyb7-6410-4f00-8225-b9ddc7fe255c,mostly89-1676-407e-a736-b5c01ff93138,2024-03-01,16540.0,96.7,94.2,5.3,0.87,98.5,1,0,5960.0,14100,47.0,42000,42000.0,24650,5020,472,1000,283,9180,68,185.0,Aurora Petrochemicals Complex,"Port Elizabeth, South Africa",Industrial Gases,310000,540,0.0,0.0,-8897.0,-21.183333333333334,-9180.0,-21.857142857142858,-9433.0,-22.45952380952381,96.49,2539.2986698911727,2539.2986698911727,0.0,0.3603385731559855,0.8524788391777509,0.002841596130592503,99.2638888888889,96.7,99.13,95.15308338472224,80,100,77777.77777777778,30.62962962962963
mostly1a-c7d4-4d36-af82-77185bda3a77,mostly9d-1e33-486f-ab67-fbeed1945f92,2024-02-01,42100.0,83.4,94.9,2.9,1.2,99.4,1,0,6030.0,16650,46.0,47050,40500.0,22350,4601,1975,1280,955,8700,240,1360.0,Nordic Specialty Plastics Plant,"Shanghai, China",Agrochemicals,220000,540,6550.0,13.921360255047821,-1195.0,-2.5398512221041445,-2150.0,-4.569606801275238,-3750.0,-7.970244420828905,91.65,961.9952494061757,1117.5771971496438,155.58194774346805,0.14323040380047505,0.39548693586698336,0.0010926365795724466,99.59722222222223,83.4,98.8,82.06731433333334,80,100,87129.62962962964,77.96296296296296
mostly83-994d-4d3f-95c5-6fbe6f8cd33a,mostlya7-fcf7-4455-9b2f-19eb0fd41fa6,2024-10-01,72080.0,82.5,93.1,6.0,0.78,95.9,2,0,4480.0,15120,7.1,6360,27900.0,3230,1280,4360,180,630,5060,156,180.0,GreenLeaf Agrochem Ltd.,"Odense, Denmark",Polymers,310000,3200,-21540.0,-338.6792452830189,-25970.0,-408.3333333333333,-26600.0,-418.2389937106918,-26936.0,-423.52201257861634,89.7,387.06992230854604,88.23529411764706,-298.83462819089897,0.06215316315205328,0.2097669256381798,9.850166481687015e-05,99.16666666666667,82.5,99.22,81.1743625,60,100,1987.5,22.525
mostly55-e263-447c-b0be-1b3ab668c684,mostlyaa-e8ae-43bc-b45a-e54663f90d39,2025-05-01,46220.0,93.9,93.0,6.3,0.15,95.9,0,0,1080.0,14200,44.0,48240,40650.0,19000,7100,440,920,260,10000,160,730.0,Zenith Industrial Gases Center,"Port Elizabeth, South Africa",Industrial Gases,310000,1500,7590.0,15.733830845771143,-2150.0,-4.456882255389718,-2410.0,-4.995854063018243,-3300.0,-6.8407960199004965,94.23000000000002,879.4893985287754,1043.7040242319342,164.21462570315884,0.023366508005192556,0.3072263089571614,0.0009519688446559931,99.12500000000001,93.9,99.85,92.93875743750002,100,100,32160.0,30.813333333333333
mostly02-aea5-47bb-8a6e-74fddacc8ee8,mostlyb2-b784-45e2-a7f5-300e1a30c7fc,2023-08-01,65200.0,93.1,95.5,4.5,1.6,96.3,1,0,930.0,9120,132.0,6750,34200.0,3420,6020,485,210,260,5180,270,720.0,GreenLeaf Agrochem Ltd.,"Shanghai, China",Specialty Chemicals,220000,540,-27450.0,-406.66666666666663,-32370.0,-479.55555555555554,-32630.0,-483.4074074074074,-33620.0,-498.0740740740741,94.78,524.5398773006135,103.52760736196319,-421.0122699386503,0.014263803680981594,0.13987730061349693,0.0020245398773006133,99.375,93.1,98.4,91.037835,80,100,12500.0,120.74074074074075
mostlybb-cce3-4daf-b6b4-f7e6ee15c58c,mostlyb3-6de1-444e-bb2b-db078b60974c,2023-07-01,16620.0,83.2,92.2,9.5,1.3,96.3,2,0,4200.5,13210,43.5,45900,5210.0,3320,7100,481,850,1360,9450,270,1495.0,Nordic Specialty Plastics Plant,"Odense, Denmark",Agrochemicals,720000,2100,40690.0,88.64923747276688,32600.0,71.0239651416122,31240.0,68.06100217864923,29475.0,64.2156862745098,89.83000000000001,313.4777376654633,2761.7328519855596,2448.2551143200963,0.25273766546329723,0.7948255114320096,0.0026173285198555956,98.68055555555556,83.2,98.7,81.03489333333334,60,100,21857.14285714286,7.914285714285715
mostly59-bb89-4e77-b95f-38dc98737814,mostlyb6-bb83-4b5d-a5ca-6d6a07bd2ade,2025-05-01,76240.0,87.8,98.5,8.7,1.6,98.3,1,1,5590.0,16190,141.0,52050,33637.5,24650,4502,3320,1010,1440,4760,66,1060.0,Aurora Petrochemicals Complex,"Port Elizabeth, South Africa",Petrochemical,310000,540,18412.5,35.37463976945245,15092.5,28.99615754082613,13652.5,26.22958693563881,12526.5,24.06628242074928,94.16,441.2054039874082,682.7124868835257,241.50708289611748,0.07332109129066107,0.2123557187827912,0.0018494228751311647,98.79166666666666,87.8,98.4,85.351258,80,70,96388.88888888889,141.1851851851852
mostly25-b2af-470d-ba0e-f438c1413d16,mostlyb9-9300-4ba4-b04c-e7c8ecef616a,2023-04-01,68040.0,87.1,97.1,4.1,0.25,98.9,1,0,980.0,11200,148.0,49750,5100.0,22500,6350,468,920,620,4300,270,2170.0,GreenLeaf Agrochem Ltd.,"Houston, United States",Polymers,220000,1500,44650.0,89.74874371859296,40970.0,82.35175879396985,40350.0,81.10552763819095,37910.0,76.20100502512562,93.64000000000001,74.95590828924162,731.1875367430923,656.2316284538507,0.01440329218106996,0.1646090534979424,0.002175191064079953,99.43055555555556,87.1,99.75,86.38750385416667,80,100,33166.666666666664,45.36
mostly3f-1d31-401b-95f8-fe7a7f31eca9,mostlybf-daa1-4491-9752-b83928c87cf0,2023-06-01,16450.0,87.8,92.1,3.4,1.3,98.0,1,1,5840.0,17000,145.0,6820,4720.0,3400,7400,4300,950,1250,10000,200,1030.0,Nordic Specialty Plastics Plant,"Port Elizabeth, South Africa",Agrochemicals,480000,3200,2100.0,30.791788856304986,-6650.0,-97.50733137829913,-7900.0,-115.83577712609971,-9130.0,-133.8709677419355,92.15,286.93009118541033,414.58966565349544,127.65957446808511,0.35501519756838906,1.033434650455927,0.008814589665653495,99.52777777777779,87.8,98.7,86.24937883333334,80,70,2131.25,5.140625
mostlycb-bd60-4ff1-8e34-61eaf5090b44,mostlyc5-c789-419a-a952-0eba208a5cc0,2023-11-01,10750.0,78.4,93.2,12.3,0.9,98.1,1,0,1120.0,8750,115.0,6820,33637.5,19000,5750,425,215,285,1290,155,760.0,GreenLeaf Agrochem Ltd.,"Port Elizabeth, South Africa",Agrochemicals,220000,3200,-26817.5,-393.21847507331375,-27822.5,-407.95454545454544,-28107.5,-412.133431085044,-29022.5,-425.54985337243403,88.75,3129.0697674418607,634.4186046511628,-2494.651162790698,0.10418604651162791,0.813953488372093,0.010697674418604652,98.29166666666667,78.4,99.1,76.36712066666666,80,100,2131.25,3.359375
mostlye2-9bb6-4454-9d3e-afa9a614b62f,mostlyc5-cc27-4e4b-bdb4-6b9b051c0714,2023-01-01,65200.0,81.7,92.7,5.5,0.88,99.6,1,1,1060.0,13210,6.4,41280,32950.0,3430,6920,2300,1010,1000,9180,168,785.0,Horizon Polymers Campus,"Shanghai, China",Industrial Gases,310000,540,8330.0,20.17926356589147,150.0,0.3633720930232558,-850.0,-2.059108527131783,-1803.0,-4.367732558139535,90.36999999999999,505.3680981595092,633.1288343558282,127.76073619631899,0.01625766871165644,0.20260736196319018,9.8159509202454e-05,99.23611111111111,81.7,99.12,80.36243483333335,80,70,76444.44444444444,120.74074074074075
mostly5d-0f21-42be-b73f-2fc7155305f9,mostlyd2-17a5-447a-b00f-1610fd6cf6d5,2023-11-01,15650.0,89.2,95.7,2.0,0.6,97.5,1,0,5250.0,13790,6.0,50650,5030.0,17000,4120,3850,850,915,9202,150,745.0,Nordic Specialty Plastics Plant,"Port Elizabeth, South Africa",Specialty Chemicals,310000,3200,45620.0,90.06910167818361,37333.0,73.70779861796643,36418.0,71.90128331688055,35523.0,70.13425468904245,93.64,321.40575079872207,3236.4217252396165,2915.0159744408943,0.3354632587859425,0.8811501597444089,0.00038338658146964857,99.72222222222223,89.2,99.4,88.41850888888891,80,100,15828.125,4.890625
mostlyf8-6068-44db-8600-55d3f0136212,mostlyd3-11a5-4b50-8790-19b86e9e9975,2023-05-01,76240.0,75.3,98.0,3.0,1.4,98.6,0,0,6060.0,17000,5.6,50500,30960.0,24850,4705,3250,1780,628,1320,190,1040.0,Nordic Specialty Plastics Plant,"Houston, United States",Specialty Chemicals,720000,860,19540.0,38.693069306930695,18848.0,37.32277227722772,18220.0,36.07920792079208,16990.0,33.64356435643565,89.1,406.0860440713536,662.3819517313746,256.29590766002093,0.07948583420776495,0.2229800629590766,7.345225603357817e-05,99.58333333333333,75.3,98.6,73.93644249999998,100,100,58720.93023255814,88.65116279069767
mostlyd9-ccad-4895-96b7-11a0f03fe2f9,mostlyd6-b834-4855-bd11-7daada02dde1,2025-05-01,10680.0,77.9,92.8,1.4,0.88,95.9,1,0,1320.0,17650,43.5,43840,5010.0,3330,6200,481,900,908,9004,153,178.0,Nordic Specialty Plastics Plant,"Odense, Denmark",Agrochemicals,480000,860,38830.0,88.5720802919708,30734.0,70.10492700729927,29826.0,68.0337591240876,29495.0,67.27874087591242,87.77000000000001,469.1011235955056,4104.868913857678,3635.7677902621726,0.12359550561797752,1.652621722846442,0.004073033707865169,99.80555555555556,77.9,99.12,77.06434073333335,80,100,50976.74418604651,12.418604651162791
mostly83-904b-4075-938d-ffb98f355c22,mostlyda-790f-41ae-8bf1-7f121af10997,2023-04-01,10980.0,84.9,92.7,1.7,1.0,98.5,0,0,1140.0,12250,6.5,57600,33637.5,21250,4355,2300,1350,1450,9620,150,1285.0,Nordic Specialty Plastics Plant,"Odense, Denmark",Specialty Chemicals,310000,2100,23962.5,41.6015625,15792.5,27.41753472222222,14342.5,24.90017361111111,12907.5,22.408854166666668,91.32000000000001,3063.5245901639346,5245.901639344263,2182.377049180328,0.10382513661202186,1.115664845173042,0.0005919854280510018,99.76388888888889,84.9,99.0,83.85254625000002,100,100,27428.571428571428,5.228571428571429
mostlyda-79eb-4245-b33f-856f1cf10cb9,mostlydc-ed6d-412a-9c7e-35136fb68bb5,2023-08-01,16220.0,82.5,92.8,1.2,0.88,96.3,1,0,5820.0,17320,9.2,51000,28900.0,21250,6400,2050,215,1310,1240,270,186.0,GreenLeaf Agrochem Ltd.,Singapore,Specialty Chemicals,900000,540,22100.0,43.333333333333336,22170.0,43.470588235294116,20860.0,40.90196078431372,20404.0,40.0078431372549,89.73,1781.750924784217,3144.2663378545008,1362.5154130702838,0.3588162762022195,1.0678175092478421,0.0005672009864364981,99.83333333333333,82.5,99.12,81.63771,80,100,94444.44444444444,30.037037037037038
mostly36-a746-4964-804b-c72fd9b1dfe6,mostlye4-419d-4d08-9639-789ce6d03230,2023-07-01,15820.0,93.9,91.8,1.7,0.92,98.1,1,0,5850.0,9010,171.0,53450,30250.0,25650,5600,476,1820,600,1260,170,2300.0,Zenith Industrial Gases Center,"Shanghai, China",Specialty Chemicals,480000,2100,23200.0,43.40505144995323,22540.0,42.17025257249766,21940.0,41.04770813844715,19470.0,36.42656688493919,94.53,1912.1365360303414,3378.6346396965864,1466.498103666245,0.3697850821744627,0.5695322376738305,0.010809102402022756,99.76388888888889,93.9,99.08,92.81645138333333,80,100,25452.380952380954,7.533333333333333
mostly40-93a9-4018-a273-84f9f79c9a37,mostlye6-a6d6-4fac-8296-564dfd183483,2023-01-01,16020.0,88.8,97.5,1.8,0.86,97.7,1,0,1010.0,13790,7.0,50600,33900.0,19500,5660,2480,1030,628,5460,200,1260.0,Horizon Polymers Campus,"Port Elizabeth, South Africa",Industrial Gases,900000,2100,16700.0,33.00395256916996,11868.0,23.454545454545457,11240.0,22.213438735177863,9780.0,19.32806324110672,94.07999999999998,2116.104868913858,3158.5518102372034,1042.4469413233455,0.06304619225967541,0.8607990012484394,0.0004369538077403246,99.75,88.8,99.14,87.81622920000001,80,100,24095.238095238095,7.628571428571429
mostlye6-c5ea-4fe0-ae5e-36ebf8736e1a,mostlyeb-105a-4a9b-b2a0-d3949843c8c9,2025-01-01,76240.0,97.1,97.9,5.2,0.4,99.1,1,0,1100.0,8920,9.7,54800,4860.0,3370,5200,4020,193,288,5360,155,204.0,Nordic Specialty Plastics Plant,"Shanghai, China",Agrochemicals,220000,860,49940.0,91.13138686131387,44868.0,81.87591240875912,44580.0,81.35036496350365,44221.0,80.69525547445255,97.94,63.746065057712485,718.7827911857293,655.0367261280168,0.014428121720881428,0.11699895068205667,0.00012722980062959075,99.27777777777777,97.1,99.6,96.01312733333333,80,100,63720.93023255814,88.65116279069767
mostly9c-23c8-4fcc-8def-600f18667582,mostlyeb-f4ba-4b55-b718-8ecb1d4850a0,2023-03-01,16450.0,83.8,96.0,6.3,1.8,97.1,0,0,6700.0,14920,6.1,48450,40200.0,3280,1280,2620,1300,640,10560,61,780.0,Horizon Polymers Campus,"Port Elizabeth, South Africa",Industrial Gases,220000,860,8250.0,17.027863777089784,-1670.0,-3.4468524251805985,-2310.0,-4.767801857585139,-3151.0,-6.503611971104231,91.45,2443.768996960486,2945.288753799392,501.5197568389058,0.4072948328267477,0.9069908814589666,0.0003708206686930091,99.12500000000001,83.8,98.2,81.5715485,100,100,56337.20930232558,19.127906976744185
mostlye9-6467-45a4-a481-a0e731b4e33b,mostlyf3-9c94-4094-a8c9-7f546863a750,2023-07-01,15610.0,95.2,96.5,9.8,0.92,98.6,1,0,5400.0,8980,8.9,47800,27050.0,21660,4384,456,1220,281,10350,200,1285.0,GreenLeaf Agrochem Ltd.,"Houston, United States",Polymers,220000,540,20750.0,43.41004184100418,10681.0,22.345188284518827,10400.0,21.75732217573222,8915.0,18.650627615062763,96.61,1732.8635490070467,3062.139654067905,1329.2761050608585,0.34593209481101855,0.575272261370916,0.0005701473414477899,98.6388888888889,95.2,99.08,93.04030337777779,80,100,88518.51851851853,28.90740740740741
mostlye4-fe04-45d9-bc5f-1662655417a9,mostlyf4-ce46-463a-a097-67d7ff1942d9,2024-03-01,15120.0,94.3,96.6,7.4,0.9,99.4,1,0,5960.0,17320,120.4,47800,35200.0,21750,5200,3990,880,635,1350,200,1010.0,Zenith Industrial Gases Center,"Port Elizabeth, South Africa",Specialty Chemicals,900000,860,12600.0,26.359832635983267,11885.0,24.864016736401673,11250.0,23.535564853556483,10040.0,21.00418410041841,96.52000000000001,2328.042328042328,3161.3756613756614,833.3333333333335,0.3941798941798942,1.1455026455026456,0.007962962962962963,98.97222222222223,94.3,99.1,92.49082830555555,80,100,55581.395348837206,17.58139534883721
mostly1c-1d2b-4885-8f62-d28dc76cd36b,mostlyf6-b04f-4b31-9966-024a241c2450,2023-01-01,70520.0,82.5,92.1,1.2,0.92,98.7,1,0,5010.0,9120,10.2,50650,34687.5,18250,7100,440,1000,628,1280,190,1360.0,Nordic Specialty Plastics Plant,"Odense, Denmark",Agrochemicals,720000,3200,15962.5,31.51530108588351,15310.5,30.22803553800592,14682.5,28.988153998025666,13132.5,25.927936821322806,90.24000000000001,491.8817356778219,718.2359614293817,226.35422575155985,0.0710436755530346,0.12932501418037437,0.00014463981849120817,99.83333333333333,82.5,99.08,81.60476499999999,80,100,15828.125,22.0375
mostly33-98e3-46fb-9a10-d5974e8f09ba,mostlyfa-c5f5-4788-8ec4-467088d908e6,2023-01-01,10850.0,97.0,93.5,4.0,0.8,97.9,2,0,6500.0,12400,146.0,55200,30960.0,23125,1300,4080,1780,880,1325,65,186.0,GreenLeaf Agrochem Ltd.,Singapore,Specialty Chemicals,900000,860,24240.0,43.913043478260875,23795.0,43.106884057971016,22915.0,41.51268115942029,22664.0,41.05797101449276,96.22000000000001,2853.4562211981565,5087.557603686636,2234.1013824884794,0.5990783410138248,1.1428571428571428,0.013456221198156683,99.44444444444444,97.0,99.2,95.68942222222222,60,100,64186.04651162791,12.616279069767442
mostly87-129e-4eb2-86a9-9bf39574676f,mostlyfa-fb5b-407e-ad1e-8b9303a5b640,2023-09-01,9900.0,95.0,93.7,1.4,0.85,99.6,1,0,1320.0,16420,52.3,55600,42000.0,25150,7400,3500,1250,625,1280,68,1020.0,Zenith Industrial Gases Center,Singapore,Agrochemicals,720000,540,13600.0,24.46043165467626,12945.0,23.282374100719423,12320.0,22.15827338129496,11232.0,20.201438848920862,95.99,4242.424242424242,5616.161616161616,1373.7373737373737,0.13333333333333333,1.6585858585858586,0.005282828282828282,99.80555555555556,95.0,99.15,94.00934791666667,80,100,102962.96296296296,18.333333333333332
mostly3a-c817-4827-96a6-565091127432,mostlyfb-07df-48c0-b2f9-ef4db0e080d7,2025-01-01,58000.0,78.4,94.7,1.2,0.75,96.0,1,0,1180.0,14500,45.8,45500,40200.0,3330,1270,428,1860,1320,7400,178,2170.0,Horizon Polymers Campus,"Port Elizabeth, South Africa",Specialty Chemicals,480000,540,5300.0,11.648351648351648,-780.0,-1.7142857142857144,-2100.0,-4.615384615384616,-4448.0,-9.775824175824175,88.57000000000002,693.1034482758621,784.4827586206897,91.37931034482756,0.020344827586206895,0.25,0.0007896551724137931,99.83333333333333,78.4,99.25,77.68231333333334,80,100,84259.25925925926,107.4074074074074
mostlybc-432c-4db6-912a-4b9cb06036d4,mostlyfb-088f-4bac-b2b6-c42ba07b63a2,2023-08-01,15040.0,93.8,95.5,3.2,0.15,97.5,1,0,1255.0,16650,5.6,49900,34500.0,19850,4700,2000,940,1500,9760,195,2260.0,GreenLeaf Agrochem Ltd.,"Port Elizabeth, South Africa",Specialty Chemicals,220000,3200,15400.0,30.861723446893784,7140.0,14.308617234468937,5640.0,11.302605210420841,3185.0,6.382765531062125,95.41999999999999,2293.8829787234044,3317.81914893617,1023.9361702127658,0.0834441489361702,1.1070478723404256,0.00037234042553191486,99.55555555555556,93.8,99.85,93.24303644444444,80,100,15593.75,4.7
mostly51-7447-4d88-ae5e-4f68266676c5,mostlyfe-1b7b-494b-b25c-d2c6fcbc5350,2025-02-01,16450.0,89.2,97.6,1.9,1.8,99.6,1,0,5980.0,13550,141.0,6680,41000.0,22650,7100,4360,1900,612,1348,68,1470.0,GreenLeaf Agrochem Ltd.,"Houston, United States",Industrial Gases,720000,860,-34320.0,-513.7724550898204,-35056.0,-524.7904191616766,-35668.0,-533.9520958083832,-37206.0,-556.9760479041915,94.83999999999999,2492.401215805471,406.0790273556231,-2086.322188449848,0.3635258358662614,0.8237082066869301,0.008571428571428572,99.73611111111111,89.2,98.2,87.36324811111112,80,100,7767.441860465116,19.127906976744185
mostlyb9-da3c-49fb-be58-e526438b43b5,mostly03-e230-4b86-89e3-2437361d2a1b,2023-02-01,15380.0,83.2,93.9,6.1,0.95,98.9,0,0,6000.0,545,142.0,42100,40650.0,20600,7250,4300,970,260,4800,60,798.0,GreenLeaf Agrochem Ltd.,"Odense, Denmark",Specialty Chemicals,310000,1500,1450.0,3.44418052256532,-3090.0,-7.339667458432304,-3350.0,-7.957244655581948,-4208.0,-9.995249406175772,91.12,2643.042912873862,2737.321196358908,94.2782834850459,0.39011703511053314,0.035435630689206764,0.009232769830949285,99.15277777777777,83.2,99.05,81.71140755555555,100,100,28066.666666666668,10.253333333333334
mostly9d-7387-4285-8e85-2267dffa001e,mostly07-3886-4b9c-8a2b-dca52e1984cc,2024-04-01,14820.0,78.5,92.1,6.9,0.6,98.3,1,0,4300.0,15670,112.0,51000,39450.0,22600,5750,4120,190,980,8420,230,197.0,GreenLeaf Agrochem Ltd.,"Port Elizabeth, South Africa",Specialty Chemicals,310000,3200,11550.0,22.647058823529413,4110.0,8.058823529411764,3130.0,6.137254901960784,2703.0,5.3,88.52,2661.9433198380566,3441.2955465587042,779.3522267206476,0.2901484480431849,1.0573549257759784,0.007557354925775978,99.04166666666667,78.5,99.4,77.28122208333336,80,100,15937.5,4.63125
mostly16-691c-421a-9387-94dbda840ab6,mostly07-cd99-43d0-8285-01fdc02e6e47,2025-01-01,15640.0,96.7,98.5,3.9,1.3,97.9,1,1,4870.0,12200,6.1,42800,32950.0,26150,4520,2460,1860,1290,7000,178,780.0,Aurora Petrochemicals Complex,"Houston, United States",Industrial Gases,480000,540,9850.0,23.014018691588785,4140.0,9.672897196261681,2850.0,6.658878504672897,1892.0,4.420560747663552,97.6,2106.7774936061383,2736.5728900255754,629.7953964194371,0.31138107416879796,0.7800511508951407,0.0003900255754475703,99.45833333333334,96.7,98.7,94.92591762500001,80,70,79259.25925925926,28.962962962962962
mostlyc2-0169-498c-8156-3c5f6717efe3,mostly0b-fb2d-457c-9452-28988817db5a,2023-01-01,10980.0,88.9,97.3,7.9,0.15,99.6,1,1,5960.0,585,6.1,39760,28900.0,3520,6900,425,1350,1280,4500,180,1285.0,Nordic Specialty Plastics Plant,"Odense, Denmark",Specialty Chemicals,900000,540,10860.0,27.313883299798793,7640.0,19.21529175050302,6360.0,15.995975855130784,4895.0,12.311368209255532,94.63,2632.058287795993,3621.129326047359,989.0710382513662,0.5428051001821493,0.05327868852459016,0.0005555555555555556,98.90277777777779,88.9,99.85,87.79268259027778,80,70,73629.62962962964,20.333333333333332
mostlyf3-a61e-44f1-80e0-3037b066ee80,mostly14-961f-4774-b83f-89889f11a6ae,2023-07-01,15740.0,85.0,93.7,4.3,0.4,97.9,1,1,5650.0,8450,125.0,51500,42000.0,21300,4120,480,190,279,7200,200,2350.0,GreenLeaf Agrochem Ltd.,"Odense, Denmark",Specialty Chemicals,480000,1500,9500.0,18.446601941747574,2579.0,5.007766990291262,2300.0,4.466019417475728,-250.0,-0.48543689320388345,91.48,2668.3608640406605,3271.918678526048,603.5578144853876,0.35895806861499363,0.536848792884371,0.007941550190597205,99.40277777777779,85.0,99.6,84.15439166666667,80,70,34333.333333333336,10.493333333333334
mostlyb4-4b55-49fc-bf18-66c481527ad0,mostly16-b055-4b92-b52f-4a869e53cd33,2023-08-01,39760.0,83.8,93.7,6.9,0.5,97.5,1,0,5630.0,15450,47.0,42500,31500.0,22500,4384,1950,200,1400,4780,150,1285.0,GreenLeaf Agrochem Ltd.,"Houston, United States",Petrochemical,220000,860,11000.0,25.882352941176475,7620.0,17.929411764705883,6220.0,14.635294117647057,4785.0,11.258823529411764,90.88000000000001,792.2535211267606,1068.9134808853119,276.6599597585513,0.14159959758551308,0.3885814889336016,0.001182092555331992,99.04166666666667,83.8,99.5,82.58193208333333,80,100,49418.604651162794,46.23255813953488
mostlyeb-975a-4a89-ac28-e99c5dc26ca5,mostly17-fa72-4dea-8e8c-7998b1f4e06f,2024-04-01,54120.0,88.8,96.6,9.5,0.78,99.5,0,1,1180.0,14340,44.2,44000,5050.0,25000,5500,4120,1320,985,4500,60,820.0,Zenith Industrial Gases Center,"Port Elizabeth, South Africa",Industrial Gases,220000,540,38950.0,88.52272727272728,35435.0,80.5340909090909,34450.0,78.29545454545455,33570.0,76.29545454545455,94.35,93.31116038433112,813.0081300813008,719.6969696969697,0.02180339985218034,0.26496674057649666,0.0008167036215816704,98.68055555555556,88.8,99.22,86.94483233333334,100,70,81481.48148148147,100.22222222222223
mostlyc1-e5bb-4fb0-8d5f-ea5ccd54abf3,mostly21-8842-49a4-871a-e936721d11b9,2024-03-01,15850.0,95.0,92.2,3.6,1.4,95.9,0,0,6450.0,12500,7.1,6460,30250.0,19800,4200,454,224,1295,4500,153,2192.0,Aurora Petrochemicals Complex,"Port Elizabeth, South Africa",Specialty Chemicals,220000,860,-23790.0,-368.26625386996903,-26995.0,-417.87925696594425,-28290.0,-437.9256965944273,-30635.0,-474.2260061919505,94.43,1908.5173501577287,407.57097791798105,-1500.9463722397477,0.4069400630914827,0.7886435331230284,0.0004479495268138801,99.5,95.0,98.6,93.20164999999999,100,100,7511.627906976744,18.430232558139537
mostly2e-2b67-4fc3-aa7c-282c12d74270,mostly23-c1e3-404f-9978-e4c1606bd2a4,2023-05-01,14520.0,92.0,95.0,1.0,0.88,98.2,0,0,1140.0,635,128.0,6820,34687.5,26250,5250,452,1100,910,5400,140,187.0,Horizon Polymers Campus,"Odense, Denmark",Polymers,220000,860,-27867.5,-408.6143695014663,-32357.5,-474.45014662756597,-33267.5,-487.7932551319648,-33594.5,-492.5879765395894,94.76,2388.9462809917354,469.6969696969697,-1919.2493112947657,0.07851239669421488,0.043732782369146,0.008815426997245178,99.86111111111111,92.0,99.12,91.06374666666667,100,100,7930.232558139535,16.88372093023256
mostly29-fb45-4612-b063-abd948e215b0,mostly24-75d3-4c33-9fa1-6148064115b5,2025-05-01,14250.0,84.9,95.9,6.2,0.95,99.7,1,0,5630.0,15670,7.1,6820,32750.0,3280,4350,462,195,890,5180,66,1020.0,Nordic Specialty Plastics Plant,"Odense, Denmark",Petrochemical,310000,540,-25930.0,-380.2052785923754,-30220.0,-443.10850439882694,-31110.0,-456.15835777126097,-32196.0,-472.08211143695013,92.64000000000001,2298.245614035088,478.5964912280702,-1819.6491228070176,0.3950877192982456,1.0996491228070175,0.0004982456140350877,99.13888888888889,84.9,99.05,83.36931195833334,80,100,12629.62962962963,26.38888888888889
mostlyee-f398-4ad6-9c1b-a32650e46617,mostly27-ff64-483a-9ce2-cde487b54e8d,2023-03-01,72080.0,80.5,92.9,2.8,1.2,98.3,2,0,5930.0,520,44.9,48450,32300.0,20850,4600,3600,210,625,4760,188,1065.0,Horizon Polymers Campus,"Houston, United States",Agrochemicals,310000,540,16150.0,33.33333333333333,12015.0,24.79876160990712,11390.0,23.50877192982456,10137.0,20.922600619195048,89.56,448.1132075471698,672.1698113207547,224.05660377358487,0.08226970033296338,0.007214206437291898,0.0006229189789123197,99.61111111111111,80.5,98.8,79.22470111111112,60,100,89722.22222222222,133.4814814814815
mostly64-277f-4020-bea0-f7e599e611b8,mostly2b-eb41-4c45-87f9-a2d9b98a0512,2024-03-01,46000.0,89.2,93.1,12.3,0.9,99.7,1,0,900.0,14450,9.8,45500,4850.0,21500,5980,3200,222,860,9180,66,860.0,Nordic Specialty Plastics Plant,Singapore,Specialty Chemicals,220000,1500,40650.0,89.34065934065934,32330.0,71.05494505494505,31470.0,69.16483516483517,30544.0,67.12967032967033,93.52000000000001,105.43478260869566,989.1304347826087,883.6956521739131,0.01956521739130435,0.3141304347826087,0.00021304347826086957,98.29166666666667,89.2,99.1,86.88708116666668,80,100,30333.333333333332,30.666666666666668
mostlyf7-3458-4103-9d55-421b6c0dc905,mostly2d-8e90-431f-88e0-aa59ccb808f6,2024-01-01,54120.0,78.5,93.1,2.2,1.5,96.7,0,0,6500.0,14340,44.6,42000,5000.0,26150,4601,454,1030,281,5060,71,720.0,Nordic Specialty Plastics Plant,"Port Elizabeth, South Africa",Industrial Gases,310000,860,37000.0,88.09523809523809,32221.0,76.71666666666667,31940.0,76.04761904761905,31149.0,74.16428571428571,88.34,92.38728750923873,776.0532150776053,683.6659275683666,0.12010347376201035,0.26496674057649666,0.0008240946045824095,99.69444444444444,78.5,98.5,77.08623680555556,100,100,48837.20930232558,62.93023255813954
mostlyb6-25bd-42b8-a23e-d4e008b8619e,mostly30-607a-43ed-bab4-4d8de9274684,2023-01-01,16540.0,78.4,94.4,11.2,0.95,95.9,1,0,1005.0,15120,9.1,6660,33637.5,3100,5600,3360,1320,277,5160,60,1060.0,Nordic Specialty Plastics Plant,Singapore,Agrochemicals,220000,540,-26977.5,-405.06756756756755,-31860.5,-478.3858858858859,-32137.5,-482.545045045045,-33257.5,-499.3618618618618,88.45,2033.7061668681984,402.66021765417173,-1631.0459492140267,0.06076178960096735,0.9141475211608222,0.0005501813784764207,98.44444444444443,78.4,99.05,76.4472302222222,80,100,12333.333333333334,30.62962962962963
mostly9d-a02f-4d7e-b703-660c176b51fa,mostly33-29da-4fef-a00d-aed05b50b7a4,2025-05-01,15960.0,94.8,93.1,9.8,1.3,99.5,1,0,1040.0,8700,9.1,53450,40500.0,18250,6880,2230,1060,271,8784,168,193.0,GreenLeaf Agrochem Ltd.,"Odense, Denmark",Agrochemicals,220000,1500,12950.0,24.22825070159027,4437.0,8.301216089803555,4166.0,7.7942001870907385,3805.0,7.118802619270347,95.7,2537.593984962406,3348.997493734336,811.4035087719299,0.06516290726817042,0.5451127819548872,0.0005701754385964912,98.6388888888889,94.8,98.7,92.294041,80,100,35633.333333333336,10.64
mostly00-4ac6-4ed6-a60e-77a9fc2ac2cf,mostly34-0d12-4ec9-af4a-10baf03ea964,2024-08-01,15040.0,82.7,92.3,3.9,0.92,99.1,1,1,7040.0,14490,7.5,52600,5000.0,25450,6020,454,970,950,4700,158,2105.0,Nordic Specialty Plastics Plant,Singapore,Specialty Chemicals,480000,860,47600.0,90.49429657794677,43850.0,83.36501901140684,42900.0,81.55893536121674,40637.0,77.25665399239544,90.5,332.4468085106383,3497.340425531915,3164.893617021277,0.46808510638297873,0.9634308510638298,0.0004986702127659574,99.45833333333334,82.7,99.08,81.49532288333334,80,70,61162.79069767442,17.488372093023255
mostly9f-f240-487e-a3a1-700ec3a25dda,mostly34-70df-4c08-a73d-1c5d05804a66,2023-12-01,8800.0,80.1,94.7,4.6,0.6,96.8,1,0,5680.0,13250,46.5,42500,33600.0,3100,1245,1800,1280,985,1240,67,202.0,Nordic Specialty Plastics Plant,"Shanghai, China",Specialty Chemicals,310000,540,8900.0,20.941176470588236,8645.0,20.341176470588234,7660.0,18.023529411764706,7391.0,17.390588235294118,89.49000000000001,3818.181818181818,4829.545454545455,1011.3636363636369,0.6454545454545455,1.5056818181818181,0.005284090909090909,99.36111111111111,80.1,99.4,79.1107205,80,100,78703.70370370371,16.296296296296298
mostlyeb-49e1-49ee-9212-60ff6a633ede,mostly38-99b2-4e72-9abc-04e54ebda318,2023-09-01,14520.0,89.9,96.6,6.9,0.85,97.7,0,0,5950.0,17650,149.0,6820,28900.0,23005,6000,3780,1500,260,8240,69,825.0,Zenith Industrial Gases Center,"Port Elizabeth, South Africa",Polymers,220000,540,-22080.0,-323.75366568914956,-30060.0,-440.7624633431085,-30320.0,-444.57478005865096,-31214.0,-457.683284457478,94.24999999999999,1990.358126721763,469.6969696969697,-1520.6611570247933,0.4097796143250689,1.215564738292011,0.010261707988980717,99.04166666666667,89.9,99.15,88.28163143750001,100,100,12629.62962962963,26.88888888888889
mostly88-db6f-4062-94dd-78274d4cf853,mostly3d-07ee-4c7e-b97b-bd8c4c590562,2025-05-01,45200.0,91.6,92.8,2.3,0.2,99.2,0,0,7080.0,8700,44.2,57600,4850.0,21800,1200,3500,1600,1540,9310,260,2300.0,GreenLeaf Agrochem Ltd.,"Shanghai, China",Specialty Chemicals,310000,540,52750.0,91.57986111111111,44980.0,78.09027777777777,43440.0,75.41666666666667,40880.0,70.97222222222223,94.24,107.30088495575221,1274.3362831858408,1167.0353982300885,0.15663716814159293,0.19247787610619468,0.0009778761061946903,99.68055555555556,91.6,99.8,91.12477411111111,100,100,106666.66666666667,83.70370370370371
mostlyd2-9ec0-4bdc-8257-a9f91279ab10,mostly3e-5718-4622-8e6a-4df993a1a435,2024-11-01,15850.0,95.3,95.9,1.4,1.4,96.2,1,0,5140.0,17000,6.3,44850,34507.5,23125,6550,428,210,1400,4780,200,189.0,Zenith Industrial Gases Center,"Odense, Denmark",Specialty Chemicals,900000,2100,10342.5,23.06020066889632,6962.5,15.523968784838349,5562.5,12.402452619843924,5173.5,11.535117056856187,95.75,2177.129337539432,2829.652996845426,652.523659305994,0.32429022082018927,1.0725552050473186,0.0003974763406940063,99.80555555555556,95.3,98.6,93.78308872222222,80,100,21357.14285714286,7.5476190476190474
mostlya5-26b5-4b8f-8ea1-79e6288384e4,mostly3e-d700-4222-a8a3-37b188162e1d,2023-12-01,16220.0,87.8,95.2,3.8,1.6,95.9,1,0,1080.0,14950,125.0,53400,42450.0,17000,1310,2500,1100,1200,10040,145,820.0,GreenLeaf Agrochem Ltd.,"Odense, Denmark",Agrochemicals,480000,1500,10950.0,20.50561797752809,2110.0,3.951310861423221,910.0,1.7041198501872659,-55.0,-0.10299625468164794,92.45000000000002,2617.139334155364,3292.2318125770653,675.0924784217013,0.06658446362515413,0.9217016029593095,0.0077065351418002465,99.47222222222223,87.8,98.4,85.93922533333334,80,100,35600.0,10.813333333333333
mostly37-fe50-433c-9747-85c195a1761d,mostly44-202d-4b2b-8da4-4d1d4bb1a0ba,2023-01-01,46010.0,89.7,94.1,4.5,1.5,99.0,2,0,1140.0,540,50.5,6750,32880.0,19850,5250,3920,1860,289,1240,220,2350.0,Zenith Industrial Gases Center,"Odense, Denmark",Industrial Gases,220000,540,-26130.0,-387.1111111111111,-27081.0,-401.19999999999993,-27370.0,-405.4814814814815,-29940.0,-443.55555555555554,93.80999999999999,714.6272549445773,146.70723755705282,-567.9200173875245,0.02477722234296892,0.011736579004564224,0.001097587480982395,99.375,89.7,98.5,87.802284375,60,100,12500.0,85.20370370370371
mostlyad-8e59-4bfe-8172-811c5884a080,mostly54-2ddc-4872-873b-4052e1b4490c,2025-05-01,41200.0,83.4,92.3,6.2,1.2,97.4,1,0,6160.0,14500,152.0,55600,31500.0,19800,6900,454,1400,1330,7600,225,196.0,GreenLeaf Agrochem Ltd.,"Shanghai, China",Agrochemicals,480000,3200,24100.0,43.3453237410072,17830.0,32.06834532374101,16500.0,29.676258992805753,16079.0,28.91906474820144,90.27000000000001,764.5631067961165,1349.514563106796,584.9514563106795,0.14951456310679612,0.35194174757281554,0.0036893203883495147,99.13888888888889,83.4,98.8,81.68965133333334,80,100,17375.0,12.875
mostly79-7dca-4ab2-b4dc-43e93b9ea9c8,mostly59-c3e9-40f7-ac4f-b346f6bae76c,2023-01-01,10780.0,87.4,92.0,2.2,0.25,96.8,0,1,6100.0,9220,6.4,6290,4880.0,3500,6020,452,900,1490,9310,65,180.0,Zenith Industrial Gases Center,"Odense, Denmark",Specialty Chemicals,480000,1500,1410.0,22.416534181240063,-6410.0,-101.90779014308427,-7900.0,-125.59618441971384,-8145.0,-129.4912559618442,91.60000000000001,452.69016697588125,583.4879406307978,130.7977736549165,0.5658627087198516,0.8552875695732839,0.0005936920222634509,99.69444444444444,87.4,99.75,86.91511208333334,100,70,4193.333333333333,7.1866666666666665
mostlyb8-64f5-475d-813d-b382566deba3,mostly62-759f-49d8-a424-34f052c4866c,2023-07-01,14520.0,95.0,93.9,4.3,0.85,98.8,1,0,5600.0,17650,9.0,48450,4860.0,21800,6100,487,990,1010,8420,190,2300.0,Zenith Industrial Gases Center,"Odense, Denmark",Agrochemicals,310000,1500,43590.0,89.96904024767802,36180.0,74.6749226006192,35170.0,72.59029927760578,32680.0,67.45098039215686,95.81,334.7107438016529,3336.776859504132,3002.0661157024792,0.3856749311294766,1.215564738292011,0.0006198347107438017,99.40277777777779,95.0,99.15,93.62996145833333,80,100,32300.0,9.68
mostlyd2-e8e2-4c2e-8b88-5d40d8dc3b47,mostly63-ad26-4687-af9d-0c9618738954,2023-12-01,51000.0,78.0,97.9,9.5,1.2,99.6,2,0,5630.0,9220,148.0,46220,40650.0,3320,4601,4240,1200,1450,1295,270,2192.0,GreenLeaf Agrochem Ltd.,"Odense, Denmark",Specialty Chemicals,220000,860,5570.0,12.051060147122458,5725.0,12.386412808308092,4275.0,9.249242752055387,1813.0,3.9225443530938984,90.45,797.0588235294117,906.2745098039215,109.21568627450984,0.1103921568627451,0.1807843137254902,0.0029019607843137254,98.68055555555556,78.0,98.8,76.04718333333335,60,100,53744.186046511626,59.30232558139535
mostly41-0065-4fa7-9092-eb7d39bd80db,mostly6c-0f1f-4f56-8d59-43a4e56f0674,2025-05-01,15610.0,81.9,92.1,9.5,0.8,97.5,2,0,6180.0,12400,44.0,53400,32190.0,25150,1200,2385,198,1400,8710,155,2242.5,Nordic Specialty Plastics Plant,"Odense, Denmark",Petrochemical,310000,2100,21210.0,39.71910112359551,13900.0,26.02996254681648,12500.0,23.40823970037453,10102.5,18.918539325842694,89.64000000000001,2062.139654067905,3420.8840486867393,1358.7443946188341,0.395900064061499,0.7943625880845612,0.0028187059577194106,98.68055555555556,81.9,99.2,80.17282,60,100,25428.571428571428,7.433333333333334
mostly61-2ffb-4dd5-88b0-bb53c8705ce0,mostly6f-0d72-49bb-a495-4d980ea68d41,2023-10-01,9100.0,81.0,89.7,4.6,0.88,99.4,1,0,6500.0,14500,6.1,46220,33350.0,3230,5340,3360,920,1420,10000,58,1405.0,GreenLeaf Agrochem Ltd.,"Port Elizabeth, South Africa",Industrial Gases,900000,860,12870.0,27.8450887061878,4290.0,9.281696235395932,2870.0,6.209433145824319,1407.0,3.0441367373431416,89.13000000000001,3664.835164835165,5079.120879120879,1414.2857142857142,0.7142857142857143,1.5934065934065933,0.0006703296703296702,99.36111111111111,81.0,99.12,79.77425400000001,80,100,53744.186046511626,10.581395348837209
mostly07-e302-412b-9e04-eb12bbeb7a5b,mostly78-2094-4a64-ba04-eda5dd04a086,2023-12-01,43840.0,90.8,89.7,4.7,0.4,96.9,1,1,5930.0,14950,48.2,6590,37050.0,19500,5530,4400,990,625,7400,195,798.0,Zenith Industrial Gases Center,Singapore,Petrochemical,310000,540,-30460.0,-462.2154779969651,-37235.0,-565.0227617602428,-37860.0,-574.5068285280729,-38853.0,-589.5751138088012,92.30000000000001,845.1186131386861,150.31934306569343,-694.7992700729926,0.135264598540146,0.3410127737226277,0.0010994525547445256,99.34722222222221,90.8,99.6,89.84644866666665,80,70,12203.703703703704,81.18518518518519
mostlyae-672a-40b7-adb2-810f856b6188,mostly78-6843-47de-b058-eb46723a75a7,2023-05-01,41200.0,93.5,94.1,11.2,1.3,99.1,0,0,5480.0,13600,44.3,6290,38700.0,19800,1230,449,1650,1200,9202,153,1230.0,Zenith Industrial Gases Center,"Shanghai, China",Agrochemicals,310000,3200,-32410.0,-515.2623211446742,-40412.0,-642.4801271860096,-41612.0,-661.5580286168521,-42995.0,-683.5453100158983,95.36000000000001,939.3203883495146,152.66990291262135,-786.6504854368932,0.13300970873786408,0.3300970873786408,0.0010752427184466018,98.44444444444443,93.5,98.7,90.84896333333332,100,100,1965.625,12.875
mostly98-d541-4bcf-9b38-1145d77df500,mostly7a-46e2-4205-8d8d-4f12d545a33c,2025-05-01,10450.0,93.1,95.7,11.2,0.78,96.3,1,0,5570.0,13300,145.0,53400,41000.0,23125,1270,3320,212,1010,10240,178,2350.0,GreenLeaf Agrochem Ltd.,"Shanghai, China",Agrochemicals,310000,3200,12400.0,23.220973782771537,3170.0,5.936329588014981,2160.0,4.044943820224719,-368.0,-0.6891385767790261,94.83999999999999,3923.444976076555,5110.047846889952,1186.6028708133967,0.5330143540669856,1.2727272727272727,0.013875598086124402,98.44444444444443,93.1,99.22,90.93689391111108,80,100,16687.5,3.265625
mostlyb9-d975-4674-8f77-c41027f67788,mostly7a-7b82-4661-86c1-0b3a2c084d49,2024-09-01,10540.0,88.0,95.7,3.4,0.25,98.5,1,0,1040.0,14490,9.1,49900,5100.0,24500,6200,420,1850,930,4920,156,1993.0,Nordic Specialty Plastics Plant,"Houston, United States",Specialty Chemicals,220000,860,44800.0,89.77955911823648,40810.0,81.78356713426854,39880.0,79.91983967935872,37731.0,75.6132264529058,93.46,483.8709677419355,4734.345351043643,4250.474383301707,0.09867172675521822,1.374762808349146,0.0008633776091081593,99.52777777777779,88.0,99.75,87.36548333333334,80,100,58023.25581395349,12.255813953488373
mostly2d-4323-4dd3-96db-c4acdc9fd844,mostly89-1676-407e-a736-b5c01ff93138,2024-11-01,65200.0,78.0,96.8,4.0,1.4,98.3,1,0,860.3,520,136.0,45200,33637.5,26150,1295,1850,190,1250,1315,175,193.0,Aurora Petrochemicals Complex,"Port Elizabeth, South Africa",Industrial Gases,310000,540,11562.5,25.580752212389378,11497.5,25.436946902654867,10247.5,22.67146017699115,9879.5,21.85730088495575,89.73,515.9125766871166,693.2515337423313,177.33895705521468,0.01319478527607362,0.007975460122699387,0.0020858895705521473,99.44444444444444,78.0,98.6,76.48073333333333,80,100,83703.70370370371,120.74074074074075
mostly9b-96a6-45e5-b83a-227dbab322ca,mostly9d-1e33-486f-ab67-fbeed1945f92,2025-01-01,51000.0,96.4,96.1,2.9,0.15,98.4,1,0,4620.0,13850,47.2,42500,36450.0,19980,5250,3450,185,1310,5660,178,189.0,Nordic Specialty Plastics Plant,"Shanghai, China",Agrochemicals,220000,540,6050.0,14.23529411764706,1700.0,4.0,390.0,0.9176470588235295,23.0,0.05411764705882353,96.91000000000001,714.7058823529412,833.3333333333334,118.62745098039215,0.09058823529411765,0.27156862745098037,0.0009254901960784314,99.59722222222223,96.4,99.85,95.8677046388889,80,100,78703.70370370371,94.44444444444444
mostly17-d99b-409b-beae-a5729521abdc,mostlya7-fcf7-4455-9b2f-19eb0fd41fa6,2024-03-01,11120.0,78.4,95.3,11.2,0.78,97.4,1,0,5820.0,12400,49.7,6525,5050.0,3420,6820,481,217,1460,4520,61,820.0,GreenLeaf Agrochem Ltd.,"Odense, Denmark",Polymers,310000,3200,1475.0,22.60536398467433,-1585.0,-24.291187739463602,-3045.0,-46.666666666666664,-3926.0,-60.16858237547893,89.17,454.136690647482,586.7805755395683,132.6438848920863,0.5233812949640287,1.1151079136690647,0.004469424460431655,98.44444444444443,78.4,99.22,76.57843697777777,80,100,2039.0625,3.475
mostlye6-62d6-4dbc-8695-1357e0065054,mostlyaa-e8ae-43bc-b45a-e54663f90d39,2023-04-01,82500.0,89.6,96.8,3.0,0.92,97.6,2,0,845.0,12200,44.1,53400,4820.0,25050,6200,468,1010,612,5100,190,196.0,Zenith Industrial Gases Center,"Port Elizabeth, South Africa",Industrial Gases,310000,1500,48580.0,90.97378277153558,44092.0,82.5692883895131,43480.0,81.42322097378278,43094.0,80.70037453183521,94.16,58.42424242424242,647.2727272727273,588.8484848484849,0.010242424242424242,0.1478787878787879,0.0005345454545454545,99.58333333333333,89.6,99.08,88.40578133333332,60,100,35600.0,55.0
mostly21-1b20-460e-a218-d9cd2b8b87bf,mostlyb2-b784-45e2-a7f5-300e1a30c7fc,2023-01-01,9600.0,95.3,92.0,1.6,0.2,99.7,1,0,1200.0,14200,120.0,6400,41000.0,22350,1250,4300,1180,633,7800,180,1385.0,GreenLeaf Agrochem Ltd.,"Shanghai, China",Specialty Chemicals,220000,540,-34600.0,-540.625,-41767.0,-652.609375,-42400.0,-662.5,-43965.0,-686.953125,95.63,4270.833333333333,666.6666666666666,-3604.1666666666665,0.125,1.4791666666666667,0.0125,99.77777777777777,95.3,99.8,94.89804577777777,80,100,11851.851851851852,17.77777777777778
mostly9a-dfff-441b-85f1-5b9cc1c5ffe6,mostlyb3-6de1-444e-bb2b-db078b60974c,2025-05-01,50650.0,89.3,97.9,1.2,0.88,98.6,1,0,4300.0,15350,7.1,6680,4760.0,20850,7250,2300,180,910,8200,156,2242.5,Nordic Specialty Plastics Plant,"Odense, Denmark",Agrochemicals,720000,2100,1920.0,28.74251497005988,-5370.0,-80.38922155688623,-6280.0,-94.01197604790418,-8678.5,-129.9176646706587,94.67000000000002,93.97828232971372,131.88548864758144,37.90720631786772,0.08489634748272458,0.30306021717670284,0.000140177690029615,99.83333333333333,89.3,99.12,88.3666364,80,100,3180.9523809523807,24.11904761904762
mostlyf5-3da8-450c-86c8-bbe025bcc79c,mostlyb6-bb83-4b5d-a5ca-6d6a07bd2ade,2023-04-01,15040.0,89.7,89.7,6.9,0.6,99.8,1,1,1200.0,13350,9.9,6460,32000.0,3250,1280,3750,1650,1400,7800,185,880.0,Aurora Petrochemicals Complex,"Port Elizabeth, South Africa",Petrochemical,310000,540,-25540.0,-395.35603715170276,-31940.0,-494.4272445820434,-33340.0,-516.0990712074304,-34405.0,-532.5851393188855,92.73,2127.659574468085,429.52127659574467,-1698.1382978723402,0.0797872340425532,0.8876329787234043,0.0006582446808510639,99.04166666666667,89.7,99.4,88.30733275000001,80,70,11962.962962962964,27.85185185185185
mostly31-48e6-4487-a349-ff7393d5748a,mostlyb9-9300-4ba4-b04c-e7c8ecef616a,2024-12-01,11120.0,83.2,93.3,1.8,0.3,98.2,2,0,7040.0,13640,45.8,6400,38700.0,3100,6550,1975,990,950,8280,160,795.0,GreenLeaf Agrochem Ltd.,"Houston, United States",Polymers,220000,1500,-32300.0,-504.6875,-39630.0,-619.21875,-40580.0,-634.0625,-41535.0,-648.984375,90.73,3480.2158273381297,575.5395683453237,-2904.6762589928057,0.6330935251798561,1.2266187050359711,0.004118705035971223,99.75,83.2,99.7,82.743024,60,100,4266.666666666667,7.413333333333333
mostly36-671d-43cc-b59b-015aa90c62d9,mostlybf-daa1-4491-9752-b83928c87cf0,2023-06-01,14990.0,82.0,93.5,2.1,1.3,98.0,2,1,6720.0,14250,132.0,54120,42450.0,3240,3976,4180,1010,1280,9620,63,1345.0,Nordic Specialty Plastics Plant,"Port Elizabeth, South Africa",Agrochemicals,480000,3200,11670.0,21.56319290465632,3330.0,6.1529933481153,2050.0,3.787878787878788,642.0,1.1862527716186253,90.25000000000001,2831.8879252835222,3610.406937958639,778.5190126751168,0.4482988659106071,0.9506337558372249,0.008805870580386925,99.70833333333333,82.0,98.7,80.6979425,60,70,16912.5,4.684375
mostly84-c035-4da0-9c6b-1b79375daa28,mostlyc5-c789-419a-a952-0eba208a5cc0,2024-01-01,10670.0,90.1,97.4,5.4,0.95,99.4,2,0,1310.0,13550,115.0,52500,42450.0,21250,1250,2100,940,276,8400,69,1360.0,GreenLeaf Agrochem Ltd.,"Port Elizabeth, South Africa",Agrochemicals,220000,3200,10050.0,19.142857142857142,1926.0,3.6685714285714286,1650.0,3.1428571428571432,221.0,0.42095238095238097,95.08000000000001,3978.444236176195,4920.337394564199,941.8931583880039,0.12277413308341144,1.2699156513589502,0.01077788191190253,99.25,90.1,99.05,88.57471962499999,60,100,16406.25,3.334375
mostlye0-3b7a-4a68-b604-3d8531fcf6d6,mostlyc5-cc27-4e4b-bdb4-6b9b051c0714,2024-02-01,39760.0,78.4,92.6,3.3,1.1,96.2,0,0,6400.0,15610,141.0,52600,38000.0,20640,6550,2040,1050,273,1330,62,2177.5,Horizon Polymers Campus,"Shanghai, China",Industrial Gases,310000,540,14600.0,27.756653992395435,13543.0,25.74714828897338,13270.0,25.228136882129277,11030.5,20.970532319391637,88.00000000000001,955.7344064386318,1322.937625754527,367.20321931589524,0.16096579476861167,0.3926056338028169,0.003546277665995976,99.54166666666667,78.4,98.9,77.18221933333335,100,100,97407.4074074074,73.62962962962963
mostly94-d89a-4e8a-819b-f4317d0133f4,mostlyd2-17a5-447a-b00f-1610fd6cf6d5,2025-03-01,65200.0,90.1,97.2,6.3,0.25,96.7,0,1,7100.0,13250,122.0,54200,39050.0,3250,4120,2560,1820,922,4300,210,199.0,Nordic Specialty Plastics Plant,"Port Elizabeth, South Africa",Specialty Chemicals,310000,3200,15150.0,27.952029520295202,11772.0,21.719557195571955,10850.0,20.018450184501845,10441.0,19.263837638376383,94.21,598.9263803680982,831.2883435582822,232.36196319018404,0.10889570552147239,0.20322085889570551,0.0018711656441717792,99.12500000000001,90.1,99.75,89.08834593750001,100,70,16937.5,20.375
mostlyf2-2bac-4918-93a2-70b96d8108c0,mostlyd3-11a5-4b50-8790-19b86e9e9975,2023-01-01,50120.0,94.8,92.1,4.7,0.8,96.8,1,0,5480.0,14200,6.3,6630,37000.0,3440,1250,4210,185,1490,5160,188,195.0,Nordic Specialty Plastics Plant,"Houston, United States",Specialty Chemicals,720000,860,-30370.0,-458.0693815987933,-34040.0,-513.42383107089,-35530.0,-535.8974358974359,-35913.0,-541.6742081447965,94.59,738.2282521947326,132.28252194732642,-605.9457302474061,0.10933758978451716,0.2833200319233839,0.00012569832402234638,99.34722222222221,94.8,99.2,93.42771733333332,80,100,7709.302325581395,58.27906976744186
mostlycd-7a98-4cb5-99c9-7adf7a1c3fe1,mostlyd6-b834-4855-bd11-7daada02dde1,2024-01-01,8800.0,90.8,95.4,5.6,0.86,97.2,2,0,1180.0,13150,161.0,45020,42000.0,17650,6520,3920,950,1400,1240,240,790.0,Nordic Specialty Plastics Plant,"Odense, Denmark",Agrochemicals,480000,860,3020.0,6.70812972012439,3180.0,7.063527321190582,1780.0,3.9537983118613953,750.0,1.6659262549977787,94.1,4772.727272727273,5115.909090909091,343.181818181818,0.1340909090909091,1.4943181818181819,0.018295454545454545,99.22222222222223,90.8,99.14,89.3189712888889,60,100,52348.83720930233,10.232558139534884
mostlydf-ba7e-401d-84c3-d0110642f80e,mostlyda-790f-41ae-8bf1-7f121af10997,2023-01-01,48240.0,82.6,97.6,1.9,0.87,99.7,1,0,1180.0,8750,145.0,6760,43350.0,3100,7000,1975,1180,860,8280,172,805.0,Nordic Specialty Plastics Plant,"Odense, Denmark",Specialty Chemicals,310000,2100,-36590.0,-541.2721893491124,-44010.0,-651.03550295858,-44870.0,-663.7573964497041,-45847.0,-678.2100591715977,92.22999999999999,898.6318407960199,140.13266998341626,-758.4991708126037,0.024461028192371476,0.18138474295190712,0.0030058043117744612,99.73611111111111,82.6,99.13,81.6653041361111,80,100,3219.0476190476193,22.97142857142857
mostly6c-f924-4629-8b27-87150fd51255,mostlydc-ed6d-412a-9c7e-35136fb68bb5,2024-06-01,9900.0,82.7,97.2,4.3,0.7,99.8,1,0,845.0,12950,47.2,49900,5120.0,21300,6860,472,850,265,4920,63,1470.0,GreenLeaf Agrochem Ltd.,Singapore,Specialty Chemicals,900000,540,44780.0,89.73947895791584,40125.0,80.41082164328658,39860.0,79.87975951903807,38327.0,76.80761523046093,92.18,517.1717171717172,5040.404040404041,4523.232323232323,0.08535353535353535,1.3080808080808082,0.004767676767676768,99.40277777777779,82.7,99.3,81.63065454166667,80,100,92407.4074074074,18.333333333333332
mostlyc9-d51b-400a-b594-33e1c2113b4d,mostlye4-419d-4d08-9639-789ce6d03230,2024-10-01,14520.0,94.3,96.0,4.3,0.8,96.2,1,1,5700.0,12500,5.6,43520,30700.0,3520,4355,468,1780,283,8710,260,1200.0,Zenith Industrial Gases Center,"Shanghai, China",Specialty Chemicals,480000,2100,12820.0,29.457720588235293,4393.0,10.094209558823529,4110.0,9.443933823529411,2650.0,6.089154411764706,95.38,2114.3250688705234,2997.245179063361,882.9201101928375,0.3925619834710744,0.8608815426997245,0.00038567493112947655,99.40277777777779,94.3,99.2,92.9869248888889,80,70,20723.809523809523,6.914285714285715
mostly34-4b75-4e10-856d-785d339d1e4d,mostlye6-a6d6-4fac-8296-564dfd183483,2023-02-01,52000.0,95.2,95.9,3.1,0.8,99.2,1,1,1200.0,620,8.0,44875,5100.0,26250,1350,1780,1000,1320,8600,68,865.0,Horizon Polymers Campus,"Port Elizabeth, South Africa",Industrial Gases,900000,2100,39775.0,88.63509749303621,32495.0,72.41225626740948,31175.0,69.47075208913648,30242.0,67.391643454039,96.61000000000001,98.07692307692308,862.9807692307693,764.9038461538462,0.023076923076923078,0.011923076923076923,0.00015384615384615385,99.56944444444444,95.2,99.2,94.03179022222223,80,70,21369.04761904762,24.761904761904763
mostly29-96f3-45a5-8e1e-14d7a023cba9,mostlyeb-105a-4a9b-b2a0-d3949843c8c9,2023-01-01,54120.0,96.4,92.7,6.0,0.15,97.6,1,0,5680.0,13340,42.9,6840,4860.0,21500,5700,487,217,1490,5480,145,201.0,Nordic Specialty Plastics Plant,"Shanghai, China",Agrochemicals,220000,860,1980.0,28.947368421052634,-2010.0,-29.385964912280706,-3500.0,-51.16959064327485,-3846.0,-56.228070175438596,95.65,89.80044345898004,126.38580931263859,36.585365853658544,0.1049519586104952,0.24648928307464893,0.0007926829268292682,99.16666666666667,96.4,99.85,95.45327166666667,80,100,7953.488372093023,62.93023255813954
mostly1d-b2ae-4397-aae4-c5f353199d3c,mostlyeb-f4ba-4b55-b718-8ecb1d4850a0,2023-03-01,8200.0,92.2,97.1,5.4,0.89,99.8,1,0,5850.0,9160,46.1,42000,4990.0,21300,5660,440,1300,284,7000,250,1345.0,Horizon Polymers Campus,"Port Elizabeth, South Africa",Industrial Gases,220000,860,37010.0,88.11904761904762,30294.0,72.12857142857143,30010.0,71.45238095238096,28415.0,67.65476190476191,95.95,608.5365853658536,5121.951219512195,4513.414634146342,0.7134146341463414,1.1170731707317074,0.005621951219512195,99.25,92.2,99.11,90.69407435,80,100,48837.20930232558,9.534883720930232
mostlye7-b28d-4b9e-a509-8d449c69062c,mostlyf3-9c94-4094-a8c9-7f546863a750,2024-05-01,15300.0,88.8,95.5,3.9,0.82,98.0,1,0,5800.0,14200,120.4,52050,33350.0,22750,1240,2150,880,1450,4400,188,2177.5,GreenLeaf Agrochem Ltd.,"Houston, United States",Polymers,220000,540,18700.0,35.92699327569645,15750.0,30.25936599423631,14300.0,27.473583093179638,11934.5,22.92891450528338,93.57,2179.7385620915034,3401.9607843137255,1222.2222222222222,0.3790849673202614,0.9281045751633987,0.007869281045751634,99.45833333333334,88.8,99.18,87.5947842,80,100,96388.88888888889,28.333333333333332
mostly27-6630-47aa-9985-2d4ba0790263,mostlyf4-ce46-463a-a097-67d7ff1942d9,2025-05-01,15380.0,96.7,94.2,5.5,1.2,98.7,1,0,4300.0,14450,158.0,42500,31900.0,26150,1285,449,1250,950,10240,69,755.0,Zenith Industrial Gases Center,"Port Elizabeth, South Africa",Specialty Chemicals,900000,860,10600.0,24.941176470588236,1310.0,3.0823529411764703,360.0,0.8470588235294116,-464.0,-1.091764705882353,96.55,2074.1222366710012,2763.3289986996097,689.2067620286084,0.2795838751625488,0.9395318595578673,0.010273081924577373,99.23611111111111,96.7,98.8,94.80978361111111,80,100,49418.604651162794,17.88372093023256
mostly00-49a5-4248-b920-74f670f533d3,mostlyf6-b04f-4b31-9966-024a241c2450,2023-05-01,63550.0,91.6,96.2,3.6,0.85,99.2,2,0,5950.0,520,44.6,44950,32950.0,3500,1200,2150,217,993,9004,152,2192.0,Nordic Specialty Plastics Plant,"Odense, Denmark",Agrochemicals,720000,3200,12000.0,26.696329254727473,3989.0,8.874304783092326,2996.0,6.665183537263626,652.0,1.4505005561735262,95.26,518.4893784421715,707.3170731707318,188.82769472856023,0.0936270653029111,0.008182533438237608,0.0007018095987411487,99.5,91.6,99.15,90.36729299999999,60,100,14046.875,19.859375
mostly78-680f-42c4-8ceb-02555ed9d9de,mostlyfa-c5f5-4788-8ec4-467088d908e6,2023-01-01,9100.0,84.0,96.1,4.6,0.25,99.2,1,0,5680.0,12850,46.0,6725,41250.0,25000,4550,2350,1820,922,4800,68,2105.0,GreenLeaf Agrochem Ltd.,Singapore,Specialty Chemicals,900000,860,-34525.0,-513.3828996282527,-38403.0,-571.0483271375464,-39325.0,-584.7583643122676,-41498.0,-617.0706319702603,92.19000000000001,4532.9670329670325,739.010989010989,-3793.9560439560437,0.6241758241758242,1.4120879120879122,0.005054945054945055,99.36111111111111,84.0,99.75,83.254675,80,100,7819.767441860465,10.581395348837209
mostly7b-4b39-4971-9639-571007226314,mostlyfa-fb5b-407e-ad1e-8b9303a5b640,2024-08-01,43550.0,86.8,97.4,5.2,0.89,96.8,2,0,5610.0,585,165.0,49750,42450.0,23800,7100,493,201,1010,5100,63,2064.0,Zenith Industrial Gases Center,Singapore,Agrochemicals,720000,540,7300.0,14.673366834170853,3210.0,6.452261306532664,2200.0,4.42211055276382,73.0,0.14673366834170853,92.97999999999999,974.7416762342135,1142.3650975889782,167.62342135476467,0.1288174512055109,0.013432835820895522,0.0037887485648679677,99.27777777777777,86.8,99.11,85.40617042222222,60,100,92129.62962962964,80.64814814814815
mostly79-5f00-45e8-bf57-5c373c08f9e6,mostlyfb-07df-48c0-b2f9-ef4db0e080d7,2023-07-01,10670.0,82.0,95.8,2.8,0.88,96.5,2,0,7450.0,9060,9.2,6810,36450.0,26150,4210,3850,190,1010,10040,70,903.0,Horizon Polymers Campus,"Port Elizabeth, South Africa",Specialty Chemicals,480000,540,-29640.0,-435.2422907488987,-38670.0,-567.84140969163,-39680.0,-582.6725403817915,-40653.0,-596.9603524229075,90.49,3416.119962511715,638.2380506091846,-2777.8819119025306,0.6982193064667291,0.8491096532333646,0.0008622305529522023,99.61111111111111,82.0,99.12,80.96231733333335,60,100,12611.111111111111,19.75925925925926
mostlyfd-6f8b-445f-a197-a20f8a0bfef1,mostlyfb-088f-4bac-b2b6-c42ba07b63a2,2024-06-01,52000.0,83.2,97.1,6.3,0.15,99.7,1,0,960.0,14700,174.0,54800,29600.0,20850,5450,440,1220,645,1350,190,1405.0,GreenLeaf Agrochem Ltd.,"Port Elizabeth, South Africa",Specialty Chemicals,220000,3200,25200.0,45.98540145985402,24495.0,44.698905109489054,23850.0,43.52189781021898,22255.0,40.61131386861314,92.32000000000001,569.2307692307693,1053.8461538461538,484.6153846153845,0.018461538461538463,0.2826923076923077,0.0033461538461538464,99.12500000000001,83.2,99.85,82.34829200000003,80,100,17125.0,16.25
mostly33-b4f4-4a7f-ba64-c0bae265eb01,mostlyfe-1b7b-494b-b25c-d2c6fcbc5350,2024-10-01,9200.0,87.4,96.2,2.7,0.7,96.8,2,1,1050.0,13210,9.5,55100,28900.0,3330,4601,3850,1000,283,8784,175,2275.0,GreenLeaf Agrochem Ltd.,"Houston, United States",Industrial Gases,720000,860,26200.0,47.54990925589836,17699.0,32.12159709618875,17416.0,31.60798548094374,14966.0,27.16152450090744,92.86000000000001,3141.304347826087,5989.130434782609,2847.826086956522,0.11413043478260869,1.4358695652173914,0.0010326086956521738,99.625,87.4,99.3,86.46274425,60,70,64069.767441860466,10.69767441860465
mostly28-e503-4370-a883-aa8985e3a895,mostly03-e230-4b86-89e3-2437361d2a1b,2025-05-01,77980.0,80.1,97.5,5.2,0.86,99.0,1,0,5400.0,17650,7.1,44950,4650.0,25150,6820,2460,1060,1290,8400,225,204.0,GreenLeaf Agrochem Ltd.,"Odense, Denmark",Specialty Chemicals,310000,1500,40300.0,89.65517241379311,33190.0,73.83759733036707,31900.0,70.96774193548387,31471.0,70.01334816462736,90.99,59.63067453193126,576.4298538086689,516.7991792767376,0.06924852526288792,0.22634008720184662,9.1048986919723e-05,99.27777777777777,80.1,99.14,78.8376151,80,100,29966.666666666668,51.986666666666665
mostlyeb-62e6-4b1d-ad5c-862fac746990,mostly07-3886-4b9c-8a2b-dca52e1984cc,2023-04-01,48240.0,89.9,93.9,5.3,0.6,98.3,1,1,7320.0,600,50.9,6680,4820.0,22950,5200,3850,920,1510,5360,230,785.0,GreenLeaf Agrochem Ltd.,"Port Elizabeth, South Africa",Specialty Chemicals,310000,3200,1860.0,27.844311377245507,-1990.0,-29.790419161676645,-3500.0,-52.39520958083832,-4515.0,-67.58982035928143,93.61999999999999,99.91708126036484,138.4742951907131,38.557213930348254,0.1517412935323383,0.012437810945273632,0.0010551409618573798,99.2638888888889,89.9,99.4,88.70280669444448,80,70,2087.5,15.075
mostly53-c71c-4588-855d-40deeb72f4ba,mostly07-cd99-43d0-8285-01fdc02e6e47,2024-09-01,61000.0,97.0,93.7,5.3,0.5,97.7,2,0,7080.0,16650,152.0,53450,5000.0,19000,1250,476,1780,860,7000,220,197.0,Aurora Petrochemicals Complex,"Houston, United States",Industrial Gases,480000,540,48450.0,90.64546304957905,42310.0,79.15809167446211,41450.0,77.5491113189897,41033.0,76.7689429373246,96.22,81.9672131147541,876.2295081967213,794.2622950819672,0.1160655737704918,0.27295081967213114,0.0024918032786885244,99.2638888888889,97.0,99.5,95.80454236111112,60,100,98981.48148148147,112.96296296296296
mostlybe-1b07-4365-8fb4-6984a584fd38,mostly0b-fb2d-457c-9452-28988817db5a,2024-01-01,54120.0,87.1,94.5,3.3,1.4,96.2,2,0,1005.0,9090,7.0,50600,32880.0,21000,5580,462,218,1180,5460,210,1345.0,Nordic Specialty Plastics Plant,"Odense, Denmark",Specialty Chemicals,900000,540,17720.0,35.0197628458498,13440.0,26.56126482213439,12260.0,24.229249011857707,10705.0,21.156126482213438,92.05000000000001,607.5388026607538,934.959349593496,327.4205469327421,0.018569844789356985,0.16796008869179602,0.00012934220251293422,99.54166666666667,87.1,98.6,85.48698058333333,60,100,93703.70370370371,100.22222222222223
mostly91-37a3-4f6d-a056-f6155fd592a3,mostly14-961f-4774-b83f-89889f11a6ae,2023-03-01,46000.0,78.4,92.1,1.5,0.88,96.8,1,0,960.0,8200,43.5,6425,39050.0,23800,5900,3800,1820,625,5480,185,1260.0,GreenLeaf Agrochem Ltd.,"Odense, Denmark",Specialty Chemicals,480000,1500,-32625.0,-507.78210116731515,-37480.0,-583.3463035019455,-38105.0,-593.0739299610896,-39550.0,-615.5642023346304,88.03,848.9130434782609,139.67391304347825,-709.2391304347826,0.020869565217391306,0.1782608695652174,0.0009456521739130435,99.79166666666667,78.4,99.12,77.548184,80,100,4283.333333333333,30.666666666666668
mostly21-4f17-4243-afbb-cd6062cf6cf5,mostly16-b055-4b92-b52f-4a869e53cd33,2023-04-01,9100.0,78.5,96.0,1.0,0.88,96.3,1,1,5700.0,8890,152.0,52050,32880.0,23800,4520,3600,900,1510,9000,168,990.0,GreenLeaf Agrochem Ltd.,"Houston, United States",Petrochemical,220000,860,19170.0,36.829971181556196,11680.0,22.43996157540826,10170.0,19.53890489913545,9012.0,17.314121037463977,89.09,3613.186813186813,5719.780219780219,2106.593406593406,0.6263736263736264,0.9769230769230769,0.016703296703296705,99.86111111111111,78.5,99.12,77.70113166666667,80,70,60523.25581395349,10.581395348837209
mostlyc8-4b4e-40b4-85cf-1076e69f1cc8,mostly17-fa72-4dea-8e8c-7998b1f4e06f,2023-05-01,9700.0,73.6,96.6,3.1,0.3,98.8,1,0,1010.0,15340,9.4,6525,34200.0,22540,1200,3920,1650,1010,9202,71,204.0,Zenith Industrial Gases Center,"Port Elizabeth, South Africa",Industrial Gases,220000,540,-27675.0,-424.13793103448273,-35867.0,-549.6858237547893,-36877.0,-565.1647509578544,-37152.0,-569.3793103448276,88.06,3525.773195876289,672.680412371134,-2853.092783505155,0.10412371134020619,1.581443298969072,0.0009690721649484536,99.56944444444444,73.6,99.7,73.06326177777778,80,100,12083.333333333334,17.962962962962962
mostly6f-c9c2-4a49-9c60-ead63ed870de,mostly21-8842-49a4-871a-e936721d11b9,2025-05-01,9200.0,94.8,97.0,5.0,0.87,98.8,1,1,860.3,11450,52.3,57600,40850.0,25800,1280,2050,205,1250,9000,190,900.0,Aurora Petrochemicals Complex,"Port Elizabeth, South Africa",Specialty Chemicals,220000,860,16750.0,29.07986111111111,9000.0,15.625,7750.0,13.45486111111111,6660.0,11.5625,96.66,4440.217391304348,6260.869565217391,1820.652173913043,0.09351086956521738,1.2445652173913044,0.005684782608695652,99.30555555555556,94.8,99.13,93.32263416666666,80,70,66976.74418604652,10.69767441860465
mostly68-dc02-44c9-8bab-4132bdbaf84e,mostly23-c1e3-404f-9978-e4c1606bd2a4,2023-01-01,15300.0,85.0,94.9,4.1,1.2,99.2,1,0,1260.0,14200,9.3,50120,36800.0,3250,1200,487,920,278,5180,68,183.0,Horizon Polymers Campus,"Odense, Denmark",Polymers,220000,860,13320.0,26.576217079010373,8418.0,16.795690343176375,8140.0,16.241021548284117,7889.0,15.74022346368715,92.23,2405.2287581699347,3275.8169934640523,870.5882352941176,0.08235294117647059,0.9281045751633987,0.000607843137254902,99.43055555555556,85.0,98.8,83.50178055555556,80,100,58279.06976744186,17.790697674418606
mostly74-ba7d-471c-a73d-e89f7f3d0a86,mostly24-75d3-4c33-9fa1-6148064115b5,2023-05-01,48240.0,87.5,97.8,1.0,1.2,96.8,1,0,5400.0,9160,47.6,46000,34687.5,21500,6880,4400,880,1310,9310,180,1360.0,Nordic Specialty Plastics Plant,"Odense, Denmark",Petrochemical,310000,540,11312.5,24.592391304347828,3312.5,7.201086956521739,2002.5,4.353260869565218,462.5,1.0054347826086956,93.38,719.0609452736319,953.5655058043118,234.5045605306799,0.11194029850746269,0.18988391376451078,0.0009867330016583749,99.86111111111111,87.5,98.8,86.32993055555556,80,100,85185.18518518518,89.33333333333333
mostly66-6441-4931-b0f3-79ff03368a65,mostly27-ff64-483a-9ce2-cde487b54e8d,2023-05-01,53550.0,73.6,92.7,4.0,0.95,97.7,1,1,5840.0,8890,115.0,42800,32000.0,3340,6880,460,200,890,9900,188,900.0,Horizon Polymers Campus,"Houston, United States",Agrochemicals,310000,540,10800.0,25.233644859813083,1790.0,4.182242990654206,900.0,2.102803738317757,-188.0,-0.4392523364485981,86.55999999999999,597.5723622782447,799.2530345471522,201.68067226890753,0.10905695611577965,0.16601307189542483,0.002147525676937442,99.44444444444444,73.6,99.05,72.49579555555555,80,70,79259.25925925926,99.16666666666667
mostlyd4-b266-4569-a683-ff57034bb941,mostly2b-eb41-4c45-87f9-a2d9b98a0512,2023-08-01,10680.0,87.5,92.1,3.3,1.2,99.5,2,0,1280.0,12400,49.1,6820,37350.0,25050,7550,440,1300,1360,9310,150,2275.0,Nordic Specialty Plastics Plant,Singapore,Specialty Chemicals,220000,1500,-30530.0,-447.6539589442815,-38480.0,-564.2228739002933,-39840.0,-584.1642228739003,-42265.0,-619.7214076246335,92.48,3497.191011235955,638.5767790262172,-2858.614232209738,0.1198501872659176,1.1610486891385767,0.004597378277153558,99.54166666666667,87.5,98.8,86.05377083333335,60,100,4546.666666666667,7.12
mostlyfd-261c-4b79-ae42-58f579c5ea12,mostly2d-8e90-431f-88e0-aa59ccb808f6,2023-04-01,9750.0,90.8,95.1,7.0,0.15,96.8,1,1,6060.0,12540,9.2,51500,32662.5,23850,4120,2500,223,272,9040,155,1040.0,Nordic Specialty Plastics Plant,"Port Elizabeth, South Africa",Industrial Gases,310000,860,18837.5,36.577669902912625,10069.5,19.55242718446602,9797.5,19.024271844660195,8602.5,16.70388349514563,93.89,3350.0,5282.051282051282,1932.0512820512822,0.6215384615384615,1.2861538461538462,0.0009435897435897435,99.02777777777779,90.8,99.85,89.78234638888888,80,70,59883.72093023256,11.337209302325581
mostly32-6bb4-416f-b14e-1dcad76b8f94,mostly30-607a-43ed-bab4-4d8de9274684,2024-08-01,46010.0,93.8,95.0,2.3,0.86,97.2,2,0,5630.0,13350,161.0,6350,39050.0,20500,1275,4020,215,1290,8980,70,201.0,Nordic Specialty Plastics Plant,Singapore,Agrochemicals,220000,540,-32700.0,-514.9606299212599,-40390.0,-636.0629921259842,-41680.0,-656.3779527559055,-41951.0,-660.6456692913385,95.17999999999999,848.7285372745056,138.01347533144968,-710.7150619430558,0.12236470332536405,0.29015431427950444,0.0034992392958052595,99.68055555555556,93.8,99.14,92.69625800555555,60,100,11759.25925925926,85.20370370370371
mostly56-2811-4532-848b-7bd0449f57ed,mostly33-29da-4fef-a00d-aed05b50b7a4,2024-01-01,10250.0,76.0,96.8,1.4,0.2,98.5,1,0,5520.0,12250,131.0,6350,35500.0,23540,5530,2420,222,265,8200,156,183.0,GreenLeaf Agrochem Ltd.,"Odense, Denmark",Agrochemicals,220000,1500,-29150.0,-459.0551181102362,-37085.0,-584.0157480314961,-37350.0,-588.1889763779528,-37689.0,-593.5275590551181,88.99000000000001,3463.4146341463415,619.5121951219512,-2843.9024390243903,0.5385365853658537,1.1951219512195121,0.012780487804878048,99.80555555555556,76.0,99.8,75.70051777777778,80,100,4233.333333333333,6.833333333333333
mostly19-51c2-4824-8917-3957268e3194,mostly34-0d12-4ec9-af4a-10baf03ea964,2023-05-01,43520.0,89.5,92.1,1.6,0.75,96.8,1,0,5520.0,9040,46.1,6200,37350.0,25650,1275,493,1150,281,7400,260,785.0,Nordic Specialty Plastics Plant,Singapore,Specialty Chemicals,480000,860,-31150.0,-502.4193548387097,-38269.0,-617.241935483871,-38550.0,-621.7741935483871,-39595.0,-638.6290322580645,92.47000000000001,858.2261029411765,142.46323529411765,-715.7628676470588,0.12683823529411764,0.20772058823529413,0.0010592830882352941,99.77777777777777,89.5,99.25,88.63135277777778,80,100,7209.302325581395,50.604651162790695
mostlyaf-d44f-4e08-9dd8-5a407a526a92,mostly34-70df-4c08-a73d-1c5d05804a66,2023-06-01,10850.0,94.8,94.2,4.7,1.2,96.8,1,1,4480.0,14100,7.5,55000,33900.0,26150,6400,2000,1400,860,5400,66,1200.0,Nordic Specialty Plastics Plant,"Shanghai, China",Specialty Chemicals,310000,540,21100.0,38.36363636363636,16560.0,30.10909090909091,15700.0,28.545454545454547,14434.0,26.243636363636362,95.22,3124.4239631336404,5069.124423963133,1944.7004608294928,0.4129032258064516,1.2995391705069124,0.0006912442396313364,99.34722222222221,94.8,98.8,93.05099266666664,80,70,101851.85185185185,20.09259259259259
mostly7c-5990-4d8c-b7f7-16aa58f0da99,mostly38-99b2-4e72-9abc-04e54ebda318,2023-03-01,48860.0,87.1,93.7,5.0,1.1,98.9,1,0,980.0,8200,5.3,42000,31575.0,23000,1250,4200,1350,1330,4600,150,770.0,Zenith Industrial Gases Center,"Port Elizabeth, South Africa",Polymers,220000,540,10425.0,24.821428571428573,7155.0,17.035714285714285,5825.0,13.86904761904762,4905.0,11.678571428571429,92.62000000000002,646.2341383544822,859.5988538681949,213.36471551371267,0.02005730659025788,0.16782644289807613,0.00010847318870241507,99.30555555555556,87.1,98.9,85.54369236111113,80,100,77777.77777777778,90.48148148148148
mostlyd4-6ae4-4915-8238-83630e7f1a96,mostly3d-07ee-4c7e-b97b-bd8c4c590562,2023-09-01,50120.0,78.5,92.2,3.2,0.15,98.6,1,1,4300.0,8700,46.0,6200,4650.0,19800,1200,3600,1850,605,8710,240,193.0,GreenLeaf Agrochem Ltd.,"Shanghai, China",Specialty Chemicals,310000,540,1550.0,25.0,-6555.0,-105.72580645161291,-7160.0,-115.48387096774194,-7593.0,-122.46774193548387,88.64000000000001,92.77733439744613,123.70311252992818,30.92577813248205,0.08579409417398244,0.17358339984038307,0.0009177972865123703,99.55555555555556,78.5,99.85,78.03388444444444,80,70,11481.481481481482,92.81481481481481
mostlyce-5f5c-41d7-84ca-be3ea74dc6d3,mostly3e-5718-4622-8e6a-4df993a1a435,2023-04-01,10780.0,95.2,94.1,1.6,1.5,96.3,0,0,7040.0,15320,8.9,53450,40500.0,22150,5750,3250,1850,1440,8400,168,203.0,Zenith Industrial Gases Center,"Odense, Denmark",Specialty Chemicals,900000,2100,12950.0,24.22825070159027,5990.0,11.206735266604303,4550.0,8.51262862488307,4179.0,7.818521983161833,95.19999999999999,3756.9573283859,4958.256029684601,1201.2987012987014,0.6530612244897959,1.4211502782931353,0.0008256029684601113,99.77777777777777,95.2,98.5,93.56361777777778,100,100,25452.380952380954,5.133333333333334
mostly56-42c9-462f-9db1-a75c2eabf859,mostly3e-d700-4222-a8a3-37b188162e1d,2023-03-01,15300.0,89.2,96.0,2.0,1.5,96.8,1,0,6200.0,13150,7.0,54120,40500.0,19800,5980,3200,920,1510,9300,225,865.0,GreenLeaf Agrochem Ltd.,"Odense, Denmark",Agrochemicals,480000,1500,13620.0,25.166297117516628,5830.0,10.772357723577237,4320.0,7.982261640798225,3230.0,5.968218773096822,93.52000000000001,2647.0588235294117,3537.2549019607845,890.1960784313728,0.40522875816993464,0.8594771241830066,0.00045751633986928104,99.72222222222223,89.2,98.5,87.61793888888889,80,100,36080.0,10.2
mostlyf7-8c57-4947-9e08-3fb109ec4af2,mostly44-202d-4b2b-8da4-4d1d4bb1a0ba,2024-02-01,53550.0,78.5,92.1,3.4,1.6,98.7,1,0,1180.0,13750,150.0,6680,32880.0,3370,4600,485,850,1340,9040,200,189.0,Zenith Industrial Gases Center,"Odense, Denmark",Industrial Gases,220000,540,-26200.0,-392.21556886227546,-33900.0,-507.4850299401198,-35240.0,-527.5449101796407,-35629.0,-533.3682634730538,88.64000000000001,614.0056022408963,124.74323062558356,-489.26237161531276,0.022035480859010272,0.2567693744164332,0.0028011204481792717,99.52777777777779,78.5,98.4,76.87923666666669,80,100,12370.37037037037,99.16666666666667
mostly44-fb28-44a8-8e5e-700a863cec02,mostly54-2ddc-4872-873b-4052e1b4490c,2023-07-01,15240.0,83.0,92.2,6.2,0.86,98.0,0,0,5400.0,12540,140.0,53550,5250.0,18250,6920,485,198,260,5560,230,785.0,GreenLeaf Agrochem Ltd.,"Shanghai, China",Agrochemicals,480000,3200,48300.0,90.19607843137256,43000.0,80.29878618113912,42740.0,79.81325863678805,41725.0,77.91783380018674,90.26,344.48818897637796,3513.779527559055,3169.2913385826773,0.3543307086614173,0.8228346456692913,0.009186351706036745,99.13888888888889,83.0,99.14,81.57762438888889,100,100,16734.375,4.7625
mostlyda-943a-4204-ad27-25698ed2a2e5,mostly59-c3e9-40f7-ac4f-b346f6bae76c,2023-04-01,44850.0,78.5,95.8,4.2,0.87,97.2,1,1,6030.0,14920,47.2,6480,37050.0,24050,4800,456,195,1180,1350,225,2350.0,Zenith Industrial Gases Center,"Odense, Denmark",Specialty Chemicals,480000,1500,-30570.0,-471.75925925925924,-30740.0,-474.38271604938274,-31920.0,-492.59259259259255,-34495.0,-532.3302469135803,89.3,826.0869565217391,144.48160535117057,-681.6053511705686,0.13444816053511705,0.3326644370122631,0.001052396878483835,99.41666666666666,78.5,99.13,77.36311720833332,80,70,4320.0,29.9
mostly26-6cf4-4e67-ac6e-1d20f8308430,mostly62-759f-49d8-a424-34f052c4866c,2023-06-01,44875.0,76.0,95.1,3.9,1.2,98.9,1,0,1280.0,15320,122.0,44950,32000.0,23125,4384,4020,1200,1245,9760,145,1495.0,Zenith Industrial Gases Center,"Odense, Denmark",Agrochemicals,310000,1500,12950.0,28.809788654060064,4435.0,9.866518353726363,3190.0,7.096774193548387,1550.0,3.4482758620689653,88.60000000000001,713.0919220055711,1001.6713091922005,288.57938718662945,0.02852367688022284,0.34139275766016713,0.0027186629526462394,99.45833333333334,76.0,98.8,74.68127333333334,80,100,29966.666666666668,29.916666666666668
mostly69-ea97-4403-8c6b-c15194cae1ff,mostly63-ad26-4687-af9d-0c9618738954,2023-03-01,52000.0,73.6,95.8,1.7,1.2,98.2,1,0,5010.0,14120,152.0,50650,40850.0,3440,5980,4180,990,1450,8710,195,1993.0,GreenLeaf Agrochem Ltd.,"Odense, Denmark",Specialty Chemicals,220000,860,9800.0,19.34846989141165,2540.0,5.014807502467917,1090.0,2.1520236920039486,-1098.0,-2.1678183613030604,87.64,785.5769230769231,974.0384615384615,188.46153846153845,0.09634615384615385,0.27153846153846156,0.002923076923076923,99.76388888888889,73.6,98.8,72.54510755555555,80,100,58895.348837209305,60.46511627906977
mostlyec-185f-4476-be16-2c7326bcfb5e,mostly6c-0f1f-4f56-8d59-43a4e56f0674,2023-05-01,15850.0,89.9,93.7,11.2,0.78,96.8,1,0,5340.0,9040,112.0,51900,4720.0,19000,6860,2460,980,870,8990,215,195.0,Nordic Specialty Plastics Plant,"Odense, Denmark",Petrochemical,310000,2100,47180.0,90.90558766859344,39060.0,75.26011560693642,38190.0,73.58381502890174,37780.0,72.79383429672447,93.11,297.79179810725554,3274.4479495268138,2976.6561514195582,0.33690851735015775,0.5703470031545741,0.007066246056782334,98.44444444444443,89.9,99.22,87.81124342222219,80,100,24714.285714285714,7.5476190476190474
mostlyec-bb61-4430-831d-6485bad8754f,mostly6f-0d72-49bb-a495-4d980ea68d41,2024-01-01,41280.0,78.4,98.5,4.0,0.78,98.8,1,0,6700.0,15940,132.0,6570,34500.0,25000,5980,481,1250,1220,1240,64,825.0,GreenLeaf Agrochem Ltd.,"Port Elizabeth, South Africa",Industrial Gases,900000,860,-27930.0,-425.1141552511416,-27950.0,-425.41856925418574,-29170.0,-443.98782343987824,-30059.0,-457.51902587519027,90.55,835.7558139534884,159.15697674418604,-676.5988372093024,0.1623062015503876,0.3861434108527132,0.003197674418604651,99.44444444444444,78.4,99.22,77.35632177777778,80,100,7639.53488372093,48.0
mostlyac-ca99-47a7-a872-69c5ec77a9de,mostly78-2094-4a64-ba04-eda5dd04a086,2023-09-01,10250.0,89.7,95.3,1.8,0.85,97.5,1,1,1045.0,13250,129.0,6840,33600.0,3200,7100,457,860,1400,5320,59,870.0,Zenith Industrial Gases Center,Singapore,Petrochemical,310000,540,-26760.0,-391.22807017543863,-30680.0,-448.5380116959064,-32080.0,-469.0058479532164,-33009.0,-482.5877192982456,93.72,3278.048780487805,667.3170731707318,-2610.731707317073,0.10195121951219512,1.2926829268292683,0.012585365853658537,99.75,89.7,99.15,88.71520612500001,80,70,12666.666666666666,18.98148148148148
mostly21-d09e-407f-91cb-21c1e98a6be0,mostly78-6843-47de-b058-eb46723a75a7,2023-01-01,15380.0,91.8,94.6,9.8,1.0,98.0,2,0,6500.0,9060,9.7,6425,34500.0,22410,4601,493,223,630,8280,68,185.0,Zenith Industrial Gases Center,"Shanghai, China",Agrochemicals,310000,3200,-28075.0,-436.96498054474705,-35725.0,-556.0311284046693,-36355.0,-565.8365758754865,-36608.0,-569.7743190661479,94.5,2243.1729518855655,417.75032509752924,-1825.4226267880363,0.4226267880364109,0.5890767230169051,0.0006306892067620285,98.6388888888889,91.8,99.0,89.64499500000001,60,100,2007.8125,4.80625
mostlyb3-8ee9-4da7-bcd5-f1e1d1ea259c,mostly7a-46e2-4205-8d8d-4f12d545a33c,2025-04-01,41200.0,78.5,96.0,1.8,1.0,96.9,1,0,860.3,13050,120.0,47250,4650.0,21850,7400,3850,224,1480,8990,153,199.0,GreenLeaf Agrochem Ltd.,"Shanghai, China",Agrochemicals,310000,3200,42600.0,90.15873015873017,35090.0,74.26455026455027,33610.0,71.13227513227514,33258.0,70.3873015873016,89.27000000000001,112.86407766990291,1146.8446601941748,1033.980582524272,0.020881067961165047,0.316747572815534,0.002912621359223301,99.75,78.5,99.0,77.5207125,80,100,14765.625,12.875
mostlycc-b577-4bf8-99b6-434850290230,mostly7a-7b82-4661-86c1-0b3a2c084d49,2023-01-01,42000.5,93.5,98.3,6.3,0.15,96.3,2,0,1140.0,12500,129.0,52500,33900.0,3370,4480,468,1500,281,1345,153,730.0,Nordic Specialty Plastics Plant,"Houston, United States",Specialty Chemicals,220000,860,18600.0,35.42857142857142,17536.0,33.40190476190476,17255.0,32.86666666666667,16372.0,31.184761904761903,95.78,807.1332484137093,1249.985119224771,442.85187081106176,0.027142534017452175,0.29761550457732644,0.0030713920072380093,99.12500000000001,93.5,99.85,92.54285218750002,60,100,61046.51162790698,48.83779069767442
mostlya6-d814-44ae-9714-4fcabbe83cf7,mostly89-1676-407e-a736-b5c01ff93138,2024-10-01,10320.0,80.5,97.0,5.0,1.6,98.2,1,1,5840.0,15450,6.8,7020,35200.0,22950,5250,3500,180,1250,9040,190,760.0,Aurora Petrochemicals Complex,"Port Elizabeth, South Africa",Industrial Gases,310000,540,-28180.0,-401.4245014245014,-35970.0,-512.3931623931624,-37220.0,-530.1994301994303,-38170.0,-543.7321937321938,90.75999999999999,3410.8527131782944,680.2325581395348,-2730.6201550387595,0.5658914728682171,1.497093023255814,0.0006589147286821705,99.30555555555556,80.5,98.4,78.66191666666667,80,70,13000.0,19.11111111111111
mostly86-0cb8-454b-942f-944856342489,mostly9d-1e33-486f-ab67-fbeed1945f92,2023-11-01,41200.0,81.7,93.5,1.6,1.5,97.9,2,1,6960.0,12950,9.3,55800,41250.0,25000,5650,4300,1180,281,7600,62,720.0,Nordic Specialty Plastics Plant,"Shanghai, China",Agrochemicals,220000,540,14550.0,26.0752688172043,7231.0,12.95878136200717,6950.0,12.455197132616487,6168.0,11.053763440860214,90.10000000000001,1001.2135922330098,1354.368932038835,353.1553398058253,0.16893203883495145,0.3143203883495146,0.00022572815533980584,99.77777777777777,81.7,98.5,80.29566777777778,60,70,103333.33333333333,76.29629629629629
mostlyf2-a56e-401e-ad5a-32b0dff1cb89,mostlya7-fcf7-4455-9b2f-19eb0fd41fa6,2024-01-01,58000.0,98.0,96.0,2.8,0.5,99.1,1,0,5820.0,14100,47.6,53450,33900.0,22500,1300,2480,224,1420,9760,170,180.0,GreenLeaf Agrochem Ltd.,"Odense, Denmark",Polymers,310000,3200,19550.0,36.576239476145936,11210.0,20.97287184284378,9790.0,18.316183348924227,9440.0,17.661365762394762,97.72999999999999,584.4827586206897,921.551724137931,337.0689655172414,0.1003448275862069,0.24310344827586206,0.0008206896551724138,99.61111111111111,98.0,99.5,97.13079444444445,80,100,16703.125,18.125
mostlydb-f94b-4dd1-8bb7-82861e27a47d,mostlyaa-e8ae-43bc-b45a-e54663f90d39,2023-03-01,14875.0,81.0,92.1,1.9,1.3,96.3,2,1,5010.0,14250,152.0,50600,41850.0,25800,1305,440,180,278,5180,240,2192.0,Zenith Industrial Gases Center,"Port Elizabeth, South Africa",Industrial Gases,310000,1500,8750.0,17.292490118577074,3848.0,7.604743083003952,3570.0,7.055335968379446,1138.0,2.2490118577075098,88.92,2813.4453781512607,3401.6806722689075,588.2352941176468,0.33680672268907563,0.957983193277311,0.010218487394957983,99.73611111111111,81.0,98.7,79.73602875,60,70,33733.333333333336,9.916666666666666
mostly64-bf1a-4558-9495-2e8bc3e12103,mostlyb2-b784-45e2-a7f5-300e1a30c7fc,2023-03-01,70520.0,92.2,93.9,3.9,0.85,99.4,1,1,1040.0,14850,128.0,42800,30250.0,3100,4480,1900,1150,281,9180,70,745.0,GreenLeaf Agrochem Ltd.,"Shanghai, China",Specialty Chemicals,220000,540,12550.0,29.32242990654206,3651.0,8.5303738317757,3370.0,7.873831775700935,2555.0,5.969626168224299,94.87,428.9563244469654,606.920022688599,177.9636982416336,0.01474758933635848,0.21057855927396482,0.0018150879183210437,99.45833333333334,92.2,99.15,90.92112837500001,80,70,79259.25925925926,130.59259259259258
mostly83-11aa-4d55-ad98-2a77a38fb985,mostlyb3-6de1-444e-bb2b-db078b60974c,2023-08-01,14520.0,84.5,96.5,1.0,0.2,99.8,0,0,6400.0,8690,138.0,41280,4780.0,22600,6880,3320,990,1430,5360,58,1200.0,Nordic Specialty Plastics Plant,"Odense, Denmark",Agrochemicals,720000,2100,36500.0,88.42054263565892,32570.0,78.9001937984496,31140.0,75.43604651162791,29882.0,72.38856589147287,92.69,329.20110192837467,2842.9752066115702,2513.7741046831957,0.44077134986225897,0.5984848484848485,0.009504132231404958,99.86111111111111,84.5,99.8,84.2138736111111,100,100,19657.14285714286,6.914285714285715
mostlyf1-a03a-40e5-aee1-910c48e1ef0a,mostlyb6-bb83-4b5d-a5ca-6d6a07bd2ade,2023-03-01,10320.0,94.0,95.9,2.1,0.85,97.5,1,0,900.0,14500,47.2,6680,38700.0,3400,4550,3990,1300,1320,5360,61,202.0,Aurora Petrochemicals Complex,"Port Elizabeth, South Africa",Petrochemical,310000,540,-32020.0,-479.3413173652695,-36060.0,-539.8203592814372,-37380.0,-559.5808383233533,-37643.0,-563.5179640718562,95.61999999999999,3750.0,647.2868217054264,-3102.7131782945735,0.0872093023255814,1.4050387596899225,0.0045736434108527135,99.70833333333333,94.0,99.15,92.92916375,80,100,12370.37037037037,19.11111111111111
mostly1d-cbf7-4328-9b5e-cdea72873f6d,mostlyb9-9300-4ba4-b04c-e7c8ecef616a,2023-10-01,43550.0,97.0,89.7,3.9,0.7,99.0,1,1,1070.0,15450,44.6,6660,36450.0,21950,6550,4050,1350,272,4400,220,190.0,GreenLeaf Agrochem Ltd.,"Houston, United States",Polymers,220000,1500,-29790.0,-447.2972972972973,-33918.0,-509.27927927927925,-34190.0,-513.3633633633633,-34600.0,-519.5195195195195,95.41,836.9690011481056,152.9276693455798,-684.0413318025257,0.024569460390355912,0.3547646383467279,0.001024110218140069,99.45833333333334,97.0,99.3,95.79926125,80,70,4440.0,29.033333333333335
mostlya7-adf7-4248-89a0-ad8994373dce,mostlybf-daa1-4491-9752-b83928c87cf0,2024-10-01,9100.0,89.6,97.2,6.2,0.92,99.0,2,0,5610.0,12200,6.3,42000,29600.0,3180,5250,2580,1020,278,4200,62,1260.0,Nordic Specialty Plastics Plant,"Port Elizabeth, South Africa",Agrochemicals,480000,3200,12400.0,29.523809523809526,8478.0,20.185714285714283,8200.0,19.523809523809526,6878.0,16.376190476190477,94.69999999999999,3252.747252747253,4615.384615384615,1362.6373626373625,0.6164835164835165,1.3406593406593406,0.0006923076923076923,99.13888888888889,89.6,99.08,88.01122275555554,60,100,13125.0,2.84375
mostly79-056e-434d-ada1-2ef7fd672092,mostlyc5-c789-419a-a952-0eba208a5cc0,2023-12-01,43520.0,80.1,92.5,2.4,1.6,96.9,1,0,6500.0,585,46.0,41280,4920.0,3320,7100,3400,224,642,10200,210,2251.0,GreenLeaf Agrochem Ltd.,"Port Elizabeth, South Africa",Agrochemicals,220000,3200,36360.0,88.0813953488372,26802.0,64.92732558139535,26160.0,63.372093023255815,23699.0,57.41036821705426,88.86,113.05147058823529,948.5294117647059,835.4779411764706,0.14935661764705882,0.013442095588235295,0.001056985294117647,99.66666666666667,80.1,98.4,78.55567200000002,80,100,12900.0,13.6
mostlyb3-d0ad-4594-a159-10e7e7b4790b,mostlyc5-cc27-4e4b-bdb4-6b9b051c0714,2023-09-01,10980.0,80.5,93.7,2.3,0.7,98.1,0,0,7040.0,560,45.4,42000,4760.0,3520,4200,2040,201,600,1348,64,192.0,Horizon Polymers Campus,"Shanghai, China",Industrial Gases,310000,540,37240.0,88.66666666666667,36492.0,86.88571428571429,35892.0,85.45714285714286,35636.0,84.84761904761905,89.74000000000001,433.5154826958106,3825.136612021858,3391.6211293260476,0.6411657559198543,0.051001821493624776,0.004134790528233151,99.68055555555556,80.5,99.3,79.68114729166668,100,100,77777.77777777778,20.333333333333332
mostly47-eccc-46a0-b8ee-746a7afddda7,mostlyd2-17a5-447a-b00f-1610fd6cf6d5,2023-06-01,10540.0,92.2,96.8,2.4,0.86,98.7,2,0,1260.0,8850,9.7,56300,31900.0,21000,4625,420,940,635,9620,58,1320.0,Nordic Specialty Plastics Plant,"Port Elizabeth, South Africa",Specialty Chemicals,310000,3200,24400.0,43.3392539964476,15415.0,27.380106571936057,14780.0,26.25222024866785,13402.0,23.80461811722913,95.53,3026.5654648956356,5341.555977229602,2314.9905123339663,0.11954459203036052,0.8396584440227703,0.0009203036053130929,99.66666666666667,92.2,99.14,91.10238973333335,60,100,17593.75,3.29375
mostly46-bc1e-4547-b25b-4183e835175b,mostlyd3-11a5-4b50-8790-19b86e9e9975,2025-01-01,63550.0,78.5,93.1,1.4,1.5,99.5,1,1,5980.0,12200,44.3,48860,34200.0,22950,4200,3780,1060,270,8280,67,1230.0,Nordic Specialty Plastics Plant,"Houston, United States",Specialty Chemicals,720000,860,14660.0,30.004093327875562,6650.0,13.61031518624642,6380.0,13.057715923045436,5083.0,10.403192795742939,89.18,538.1589299763965,768.8434303697876,230.6845003933911,0.0940991345397325,0.1919748229740362,0.0006970889063729346,99.80555555555556,78.5,98.5,77.17215069444444,80,70,56813.95348837209,73.8953488372093
mostly9c-361c-4a6d-bffd-31443a5690da,mostlyd6-b834-4855-bd11-7daada02dde1,2023-04-01,16540.0,87.1,92.9,1.7,0.86,99.0,1,1,5010.0,12500,49.7,54700,34050.0,26250,7550,4200,200,1245,10350,60,1230.0,Nordic Specialty Plastics Plant,"Odense, Denmark",Agrochemicals,480000,860,20650.0,37.751371115173676,11545.0,21.10603290676417,10300.0,18.82998171846435,9010.0,16.47166361974406,92.41,2058.645707376058,3307.134220072551,1248.4885126964932,0.30290205562273276,0.7557436517533253,0.0030048367593712216,99.76388888888889,87.1,99.14,86.14705583611112,80,70,63604.651162790695,19.232558139534884
mostlye7-f65a-4dc3-85c3-f6c24de2eff2,mostlyda-790f-41ae-8bf1-7f121af10997,2025-05-01,51000.0,92.0,93.1,6.9,0.5,99.1,1,0,6200.0,14200,43.8,53900,4780.0,3180,1280,470,215,274,7800,158,2275.0,Nordic Specialty Plastics Plant,"Odense, Denmark",Specialty Chemicals,310000,2100,49120.0,91.1317254174397,41594.0,77.16883116883116,41320.0,76.6604823747681,38887.0,72.14656771799629,94.46,93.72549019607843,1056.862745098039,963.1372549019607,0.12156862745098039,0.2784313725490196,0.0008588235294117646,99.04166666666667,92.0,99.5,90.66274166666668,80,100,25666.666666666668,24.285714285714285
mostly7b-f4ad-47f9-adfe-e00243823f1f,mostlydc-ed6d-412a-9c7e-35136fb68bb5,2023-08-01,14960.0,93.9,94.7,4.0,1.0,96.7,1,0,1140.0,12540,171.0,44950,36000.0,3250,6050,2620,940,850,4900,188,184.0,GreenLeaf Agrochem Ltd.,Singapore,Specialty Chemicals,900000,540,8950.0,19.911012235817573,4900.0,10.901001112347053,4050.0,9.010011123470523,3678.0,8.182424916573972,94.98,2406.4171122994653,3004.6791443850266,598.2620320855613,0.07620320855614973,0.8382352941176471,0.01143048128342246,99.44444444444444,93.9,99.0,92.44455,80,100,83240.74074074074,27.703703703703702
mostlycb-18d3-4eb0-bdda-8dcd987272c4,mostlye4-419d-4d08-9639-789ce6d03230,2023-12-01,58000.0,94.8,97.4,2.3,0.82,97.6,0,0,1260.0,15610,158.0,50120,40650.0,20600,4355,468,990,908,5400,260,1470.0,Zenith Industrial Gases Center,"Shanghai, China",Specialty Chemicals,480000,2100,9470.0,18.894652833200322,4978.0,9.93216280925778,4070.0,8.120510774142058,2340.0,4.668794892258579,96.41999999999999,700.8620689655172,864.1379310344828,163.27586206896558,0.021724137931034483,0.26913793103448275,0.0027241379310344828,99.68055555555556,94.8,99.18,93.72228989999999,100,100,23866.666666666668,27.61904761904762
mostly29-39c3-4ccf-bcd2-d1468ca93b81,mostlye6-a6d6-4fac-8296-564dfd183483,2025-05-01,14960.0,84.5,94.6,6.3,0.85,98.4,1,0,1280.0,9040,7.0,6525,33765.0,22150,1290,3360,1320,970,5320,152,995.0,Horizon Polymers Campus,"Port Elizabeth, South Africa",Industrial Gases,900000,2100,-27240.0,-417.4712643678161,-31590.0,-484.1379310344828,-32560.0,-499.0038314176245,-33707.0,-516.5823754789272,91.7,2257.01871657754,436.1631016042781,-1820.855614973262,0.0855614973262032,0.6042780748663101,0.0004679144385026738,99.12500000000001,84.5,99.15,83.04865968750002,80,100,3107.1428571428573,7.123809523809523
mostly1f-cc2c-4239-91c5-0a25befbc769,mostlyeb-105a-4a9b-b2a0-d3949843c8c9,2023-04-01,41280.0,78.4,89.7,4.3,0.4,99.2,1,1,6650.0,8690,45.4,52600,33637.5,20500,5980,2620,1700,273,4300,148,192.0,Nordic Specialty Plastics Plant,"Shanghai, China",Agrochemicals,220000,860,18962.5,36.05038022813688,14935.5,28.394486692015207,14662.5,27.875475285171103,14322.5,27.229087452471486,88.03,814.8619186046511,1274.2248062015503,459.3628875968992,0.1610949612403101,0.21051356589147288,0.0010998062015503875,99.40277777777779,78.4,99.6,77.62005066666667,80,70,61162.79069767442,48.0
mostly47-7d5a-428a-b8a3-2ad9090d3d53,mostlyeb-f4ba-4b55-b718-8ecb1d4850a0,2025-05-01,55200.0,82.0,92.0,5.2,1.1,96.2,1,0,5930.0,12400,43.5,54500,5260.0,16500,5900,4050,1010,1530,4300,175,780.0,Horizon Polymers Campus,"Port Elizabeth, South Africa",Industrial Gases,220000,860,49240.0,90.34862385321101,46470.0,85.26605504587155,44940.0,82.45871559633028,43985.0,80.70642201834862,89.26,95.28985507246377,987.3188405797101,892.0289855072464,0.10742753623188406,0.2246376811594203,0.0007880434782608696,99.27777777777777,82.0,98.9,80.51229222222223,80,100,63372.09302325582,64.18604651162791
mostly5a-0c03-40ec-9ae7-1eba1438a82b,mostlyf3-9c94-4094-a8c9-7f546863a750,2023-01-01,48240.0,75.3,96.5,2.7,1.3,97.5,1,0,5930.0,12650,44.3,43840,38700.0,24450,6650,2460,900,1510,4300,68,2350.0,GreenLeaf Agrochem Ltd.,"Houston, United States",Polymers,220000,540,5140.0,11.724452554744525,2350.0,5.360401459854015,840.0,1.916058394160584,-1578.0,-3.5994525547445253,88.32,802.2388059701492,908.7893864013267,106.55058043117754,0.12292703150912106,0.26223051409618575,0.0009183250414593698,99.625,75.3,98.7,74.042395875,80,100,81185.18518518518,89.33333333333333
mostlyf5-a5dd-49e1-a27d-18d55e6ed4f1,mostlyf4-ce46-463a-a097-67d7ff1942d9,2025-03-01,79230.0,95.0,92.1,1.2,0.7,99.4,1,0,930.0,13900,168.0,6475,26000.0,22950,6820,3200,1350,1340,7800,140,835.0,Zenith Industrial Gases Center,"Port Elizabeth, South Africa",Specialty Chemicals,900000,860,-19525.0,-301.5444015444015,-25985.0,-401.3127413127413,-27325.0,-422.007722007722,-28300.0,-437.0656370656371,95.45,328.1585258109302,81.72409440868358,-246.43443140224662,0.011737978038621734,0.17543859649122806,0.0021204089360090874,99.83333333333333,95.0,99.3,94.17777499999998,80,100,7529.069767441861,92.12790697674419
mostlyf7-d810-4f0e-8e01-87d487db805b,mostlyf6-b04f-4b31-9966-024a241c2450,2025-05-01,43550.0,96.2,94.8,4.2,0.85,97.7,1,0,5700.0,8780,44.7,6725,5260.0,16500,6550,428,223,860,9202,68,1030.0,Nordic Specialty Plastics Plant,"Odense, Denmark",Agrochemicals,720000,3200,1465.0,21.78438661710037,-6877.0,-102.26022304832713,-7737.0,-115.04832713754647,-8835.0,-131.37546468401487,96.22999999999999,120.78071182548794,154.42020665901262,33.63949483352468,0.13088404133180254,0.2016073478760046,0.001026406429391504,99.41666666666666,96.2,99.15,94.82590325,80,100,2101.5625,13.609375
mostly6d-c059-4703-b25c-68b3c4b1f42d,mostlyfa-c5f5-4788-8ec4-467088d908e6,2025-01-01,52050.0,78.5,96.0,9.8,1.5,98.0,1,0,1260.0,9060,134.0,50120,35500.0,16500,4384,2380,1880,640,1295,260,970.0,GreenLeaf Agrochem Ltd.,Singapore,Specialty Chemicals,900000,860,14620.0,29.16999201915403,13965.0,27.86312849162011,13325.0,26.586193136472463,12095.0,24.132083000798087,89.60000000000001,682.0365033621517,962.9202689721421,280.8837656099904,0.02420749279538905,0.17406340057636888,0.002574447646493756,98.6388888888889,78.5,98.5,76.27005486111112,80,100,58279.06976744186,60.52325581395349
mostly00-955b-4a58-9c7a-9ebd25c5c053,mostlyfa-fb5b-407e-ad1e-8b9303a5b640,2025-02-01,10780.0,87.4,93.9,1.4,1.2,98.4,1,0,1050.0,545,8.7,53450,4720.0,26250,1350,478,1900,1310,9040,250,885.0,Zenith Industrial Gases Center,Singapore,Agrochemicals,720000,540,48730.0,91.16931711880262,41000.0,76.70720299345183,39690.0,74.25631431244153,38555.0,72.13283442469599,92.65,437.847866419295,4958.256029684601,4520.408163265306,0.09740259740259741,0.050556586270871985,0.0008070500927643784,99.80555555555556,87.4,98.8,86.18329488888891,80,100,98981.48148148147,19.962962962962962
mostlyd1-cfd4-4252-9a4f-1048c80834a6,mostlyfb-07df-48c0-b2f9-ef4db0e080d7,2023-01-01,74820.0,81.0,97.9,4.7,0.8,96.3,1,0,6900.0,8700,51.0,51500,32200.0,3420,4120,481,1780,1480,1290,153,903.0,Horizon Polymers Campus,"Port Elizabeth, South Africa",Specialty Chemicals,480000,540,19300.0,37.4757281553398,19490.0,37.84466019417476,18010.0,34.97087378640777,16954.0,32.92038834951456,90.66000000000001,430.36621224271585,688.3186313819834,257.9524191392676,0.09222133119486768,0.11627906976744186,0.000681635926222935,99.34722222222221,81.0,99.2,79.82748,80,100,95370.37037037036,138.55555555555554
mostlyc3-ba82-411d-b4c1-6a02739559b4,mostlyfb-088f-4bac-b2b6-c42ba07b63a2,2024-10-01,50650.0,88.8,94.7,6.1,0.75,97.9,0,1,1290.0,14340,42.9,48240,32000.0,25800,6400,2420,218,1540,8700,190,1300.0,GreenLeaf Agrochem Ltd.,"Port Elizabeth, South Africa",Specialty Chemicals,220000,3200,16240.0,33.66500829187397,9080.0,18.822553897180764,7540.0,15.630182421227198,6050.0,12.541459369817579,93.30000000000001,631.786771964462,952.4185587364265,320.63178677196447,0.025468904244817375,0.28311944718657456,0.0008469891411648569,99.15277777777777,88.8,99.25,87.38730916666665,100,70,15075.0,15.828125
mostly02-b709-4ee9-bc0c-3af9c28eabbc,mostlyfe-1b7b-494b-b25c-d2c6fcbc5350,2023-09-01,46220.0,83.4,95.7,8.5,0.9,97.7,1,0,5980.0,545,49.1,6200,4650.0,3520,1275,440,180,260,9900,200,1040.0,GreenLeaf Agrochem Ltd.,"Houston, United States",Industrial Gases,720000,860,1550.0,25.0,-8090.0,-130.48387096774195,-8350.0,-134.6774193548387,-9590.0,-154.67741935483872,91.38,100.60579835569018,134.14106447425357,33.535266118563385,0.1293812202509736,0.011791432280398096,0.0010623106880138468,98.81944444444444,83.4,99.1,81.67367791666666,80,100,7209.302325581395,53.74418604651163
mostlyd6-0d25-440d-86bc-08a07a0746ec,mostly03-e230-4b86-89e3-2437361d2a1b,2023-02-01,14990.0,96.2,92.1,4.3,1.6,96.3,0,1,6000.0,12200,5.3,46250,43350.0,22150,7250,476,860,1400,5660,70,199.0,GreenLeaf Agrochem Ltd.,"Odense, Denmark",Specialty Chemicals,310000,1500,2900.0,6.27027027027027,-1360.0,-2.9405405405405407,-2760.0,-5.967567567567567,-3029.0,-6.549189189189189,95.0,2891.9279519679785,3085.390260173449,193.46230820547044,0.400266844563042,0.8138759172781854,0.0003535690460306871,99.40277777777779,96.2,98.4,94.0954646666667,100,70,30833.333333333332,9.993333333333334
mostlyc4-9e1b-4e60-9f19-d52bf8f320ed,mostly07-3886-4b9c-8a2b-dca52e1984cc,2024-07-01,11400.0,82.5,94.2,4.3,1.4,98.6,2,0,4200.5,8890,129.0,53400,34050.0,23000,1300,2050,1700,970,9004,170,1345.0,GreenLeaf Agrochem Ltd.,"Port Elizabeth, South Africa",Specialty Chemicals,310000,3200,19350.0,36.235955056179776,11316.0,21.191011235955056,10346.0,19.374531835205993,8831.0,16.537453183520597,90.84,2986.842105263158,4684.210526315789,1697.3684210526312,0.3684649122807018,0.7798245614035088,0.011315789473684211,99.40277777777779,82.5,98.6,80.85918958333333,60,100,16687.5,3.5625
mostlyd7-63f2-4960-92b7-d317ac57bc1d,mostly07-cd99-43d0-8285-01fdc02e6e47,2023-09-01,16140.0,87.1,95.5,8.5,1.1,95.9,1,0,7080.0,12540,9.0,55800,5000.0,22150,1290,440,200,1450,4400,59,858.0,Aurora Petrochemicals Complex,"Houston, United States",Industrial Gases,480000,540,50800.0,91.0394265232975,47850.0,85.75268817204301,46400.0,83.15412186379928,45483.0,81.51075268817203,92.26,309.7893432465923,3457.2490706319704,3147.4597273853783,0.43866171003717475,0.7769516728624535,0.0005576208178438662,98.81944444444444,87.1,98.9,85.1249470138889,80,100,103333.33333333333,29.88888888888889
mostly32-9edb-4adc-88a2-8ee6269c05cc,mostly0b-fb2d-457c-9452-28988817db5a,2025-01-01,10150.0,98.0,95.7,6.9,0.7,97.1,1,0,6500.0,17650,48.2,41280,36800.0,25000,4480,456,190,645,1240,66,1440.0,Nordic Specialty Plastics Plant,"Odense, Denmark",Specialty Chemicals,900000,540,4480.0,10.852713178294573,3885.0,9.411337209302326,3240.0,7.848837209302325,1734.0,4.200581395348838,97.04,3625.615763546798,4066.9950738916255,441.37931034482745,0.6403940886699507,1.7389162561576355,0.004748768472906405,99.04166666666667,98.0,99.3,96.38140750000001,80,100,76444.44444444444,18.796296296296298
mostly6a-6fbb-422c-839e-ee3689e6a4e5,mostly14-961f-4774-b83f-89889f11a6ae,2024-05-01,51000.0,83.0,96.8,7.4,0.78,99.1,1,0,5590.0,14500,44.9,6760,5030.0,22150,5250,2620,1820,890,1345,66,1060.0,GreenLeaf Agrochem Ltd.,"Odense, Denmark",Specialty Chemicals,480000,1500,1730.0,25.591715976331358,1275.0,18.860946745562128,385.0,5.695266272189349,-741.0,-10.961538461538462,91.97000000000001,98.62745098039215,132.54901960784315,33.921568627450995,0.1096078431372549,0.28431372549019607,0.000880392156862745,98.97222222222223,83.0,99.22,81.50619827777777,80,100,4506.666666666667,34.0
mostly09-07ed-4ff8-adf4-d20a543b502b,mostly16-b055-4b92-b52f-4a869e53cd33,2023-12-01,72080.0,88.8,93.5,3.9,0.88,98.8,1,1,1250.0,590,9.4,6200,35500.0,21850,4550,2050,218,610,9100,67,1050.0,GreenLeaf Agrochem Ltd.,"Houston, United States",Petrochemical,220000,860,-29300.0,-472.5806451612903,-37790.0,-609.516129032258,-38400.0,-619.3548387096774,-39517.0,-637.3709677419355,93.21000000000001,492.5083240843507,86.01553829078802,-406.4927857935627,0.017341842397336292,0.008185349611542731,0.00013041065482796894,99.45833333333334,88.8,99.12,87.54179280000001,80,70,7209.302325581395,83.81395348837209
mostly3f-c8b5-465e-a06a-ae3905aa34b3,mostly17-fa72-4dea-8e8c-7998b1f4e06f,2023-09-01,15820.0,85.2,97.0,1.9,1.4,97.6,1,1,845.0,570,45.4,6550,4860.0,21500,1270,420,1060,640,1350,148,970.0,Zenith Industrial Gases Center,"Port Elizabeth, South Africa",Industrial Gases,220000,540,1690.0,25.80152671755725,980.0,14.961832061068703,340.0,5.190839694656488,-778.0,-11.877862595419847,92.45999999999998,307.20606826801514,414.0328697850822,106.82680151706705,0.0534134007585335,0.03603034134007586,0.0028697850821744627,99.73611111111111,85.2,98.6,83.78551433333334,80,70,12129.62962962963,29.296296296296298
mostly3b-de22-4ebd-81ee-e0a097a02aa2,mostly21-8842-49a4-871a-e936721d11b9,2023-11-01,46010.0,78.6,97.5,8.7,1.3,97.7,1,0,1255.0,14450,43.5,52050,26000.0,18250,1350,428,218,1015,10560,63,1030.0,Aurora Petrochemicals Complex,"Port Elizabeth, South Africa",Specialty Chemicals,220000,860,26050.0,50.048030739673386,16505.0,31.709894332372716,15490.0,29.759846301633047,14397.0,27.659942363112393,89.99999999999999,565.0945446642035,1131.2758096066073,566.1812649424038,0.02727667898282982,0.3140621603999131,0.0009454466420343404,98.79166666666666,78.6,98.7,76.64079674999998,80,100,60523.25581395349,53.5
mostly83-e305-44ff-9e5f-4465b121865c,mostly23-c1e3-404f-9978-e4c1606bd2a4,2023-11-01,10150.0,90.1,96.6,2.8,0.15,99.4,1,0,6030.0,520,141.0,56000,34125.0,3380,7200,487,1400,630,5360,63,192.0,Horizon Polymers Campus,"Odense, Denmark",Polymers,220000,860,21875.0,39.0625,17145.0,30.616071428571427,16515.0,29.49107142857143,16260.0,29.03571428571429,94.84,3362.0689655172414,5517.241379310345,2155.1724137931037,0.594088669950739,0.05123152709359606,0.013891625615763547,99.61111111111111,90.1,99.85,89.61498669444443,80,100,65116.27906976744,11.80232558139535
mostlye2-f554-4323-9f84-abbe7f2d7ed2,mostly24-75d3-4c33-9fa1-6148064115b5,2023-11-01,72080.0,90.1,94.6,1.6,0.25,96.5,0,0,1040.0,8980,125.0,42000,43350.0,21850,5800,428,1150,640,8700,270,1080.0,Nordic Specialty Plastics Plant,"Odense, Denmark",Petrochemical,310000,540,-1350.0,-3.214285714285714,-9410.0,-22.404761904761905,-10050.0,-23.92857142857143,-11400.0,-27.142857142857142,93.37,601.4150943396227,582.6859045504995,-18.72918978912321,0.014428412874583796,0.12458379578246392,0.0017341842397336294,99.77777777777777,90.1,99.75,89.67502833333333,100,100,77777.77777777778,133.4814814814815
mostly30-4c4b-4df2-9c39-683aeedf9e89,mostly27-ff64-483a-9ce2-cde487b54e8d,2023-11-01,44850.0,91.0,94.8,12.3,0.2,97.6,1,0,5840.0,12500,44.2,6500,42750.0,3380,6520,3100,1010,288,8784,210,895.0,Horizon Polymers Campus,"Houston, United States",Agrochemicals,310000,540,-36250.0,-557.6923076923076,-44746.0,-688.4000000000001,-45034.0,-692.8307692307692,-46139.0,-709.8307692307692,94.12,953.1772575250836,144.92753623188406,-808.2497212931996,0.1302118171683389,0.2787068004459309,0.0009855072463768116,98.29166666666667,91.0,99.8,89.26652583333333,80,100,12037.037037037036,83.05555555555556
mostly11-ad1f-4cf9-bc3c-ea0201d6c104,mostly2b-eb41-4c45-87f9-a2d9b98a0512,2025-05-01,72080.0,97.1,92.2,7.4,0.4,99.4,1,0,5480.0,520,43.5,43840,26000.0,23850,5500,3320,195,1275,5560,71,2192.0,Nordic Specialty Plastics Plant,Singapore,Specialty Chemicals,220000,1500,17840.0,40.693430656934304,13555.0,30.91925182481752,12280.0,28.01094890510949,10017.0,22.848996350364963,96.32000000000001,360.7103218645949,608.2130965593784,247.5027746947835,0.07602663706992231,0.007214206437291898,0.000603496115427303,98.97222222222223,97.1,99.6,95.71761966666666,80,100,29226.666666666668,48.053333333333335
mostlydc-cbd3-42c2-ba41-15049b6ef233,mostly2d-8e90-431f-88e0-aa59ccb808f6,2024-08-01,10450.0,94.3,95.5,2.8,0.95,97.7,2,0,1120.0,13250,120.0,48860,32662.5,3440,7400,493,1650,1400,4800,280,745.0,Nordic Specialty Plastics Plant,"Port Elizabeth, South Africa",Industrial Gases,310000,860,16197.5,33.150839132214486,12797.5,26.192181743757676,11397.5,23.326852230863693,10372.5,21.22902169463774,95.67999999999999,3125.598086124402,4675.598086124402,1549.9999999999995,0.10717703349282297,1.2679425837320575,0.011483253588516746,99.61111111111111,94.3,99.05,93.04091163888887,60,100,56813.95348837209,12.151162790697674
mostly35-b576-4aca-b7d1-fc647be83629,mostly30-607a-43ed-bab4-4d8de9274684,2024-10-01,43550.0,88.9,91.8,2.7,1.4,98.5,1,0,4870.0,13790,6.5,6960,33600.0,22350,1310,2000,193,1010,1305,60,193.0,Nordic Specialty Plastics Plant,Singapore,Agrochemicals,220000,540,-26640.0,-382.7586206896552,-26935.0,-386.9971264367816,-27945.0,-401.5086206896552,-28198.0,-405.1436781609195,92.65,771.5269804822044,159.81630309988518,-611.7106773823192,0.11182548794489093,0.3166475315729047,0.00014925373134328358,99.625,88.9,98.6,87.32669225,80,100,12888.888888888889,80.64814814814815
mostlycf-21af-4a3a-9451-0bf6ff277252,mostly33-29da-4fef-a00d-aed05b50b7a4,2023-11-01,14820.0,81.0,92.1,3.8,0.78,96.9,1,0,1250.0,12250,52.3,50120,36000.0,16500,6020,430,215,1310,4500,170,185.0,GreenLeaf Agrochem Ltd.,"Odense, Denmark",Agrochemicals,220000,1500,14120.0,28.172386272944934,10930.0,21.807661612130886,9620.0,19.19393455706305,9265.0,18.48563447725459,89.1,2429.1497975708503,3381.91632928475,952.7665317138999,0.08434547908232119,0.8265856950067476,0.003529014844804318,99.47222222222223,81.0,99.22,79.94403450000001,80,100,33413.333333333336,9.88
mostly21-a4ef-49b9-8d48-c4ad20760f24,mostly34-0d12-4ec9-af4a-10baf03ea964,2023-10-01,15380.0,78.4,92.0,5.5,0.3,98.2,1,1,5960.0,14920,46.0,50120,31900.0,22150,1245,462,1320,273,5320,150,1993.0,Nordic Specialty Plastics Plant,Singapore,Specialty Chemicals,480000,860,18220.0,36.35275339185954,13173.0,26.282920989624902,12900.0,25.738228252194734,10757.0,21.462490023942536,88.42000000000002,2074.1222366710012,3258.777633289987,1184.6553966189858,0.38751625487646296,0.9700910273081924,0.0029908972691807542,99.23611111111111,78.4,99.7,77.56770777777778,80,70,58279.06976744186,17.88372093023256
mostly69-28fd-4190-8b06-7fe34105abcf,mostly34-70df-4c08-a73d-1c5d05804a66,2025-03-01,15380.0,93.9,92.2,9.5,0.89,95.9,1,0,1080.0,9120,7.0,46000,27900.0,23125,7400,3800,222,1440,10200,61,1030.0,Nordic Specialty Plastics Plant,"Shanghai, China",Specialty Chemicals,310000,540,18100.0,39.34782608695652,9340.0,20.304347826086957,7900.0,17.17391304347826,6809.0,14.802173913043479,93.99000000000002,1814.0442132639791,2990.8972691807544,1176.8530559167752,0.07022106631989597,0.5929778933680104,0.00045513654096228866,98.68055555555556,93.9,99.11,91.83635839583334,80,100,85185.18518518518,28.48148148148148
mostly33-e281-48d6-a5ee-62bbb77d5055,mostly38-99b2-4e72-9abc-04e54ebda318,2025-01-01,39760.0,89.5,96.6,5.4,0.75,95.9,1,0,4200.5,8600,138.0,57600,39050.0,3520,7200,420,223,1430,8400,195,189.0,Zenith Industrial Gases Center,"Port Elizabeth, South Africa",Polymers,220000,540,18550.0,32.20486111111111,11580.0,20.104166666666668,10150.0,17.62152777777778,9766.0,16.95486111111111,93.55,982.1428571428571,1448.692152917505,466.5492957746478,0.1056463782696177,0.21629778672032193,0.003470824949698189,99.25,89.5,99.25,88.162534375,80,100,106666.66666666667,73.62962962962963
mostlyba-214b-4f70-9320-eb86004455d1,mostly3d-07ee-4c7e-b97b-bd8c4c590562,2025-04-01,68040.0,71.2,94.9,5.0,0.3,99.8,0,0,7000.0,610,122.0,44850,4925.0,23005,4200,454,950,1510,8800,185,950.0,GreenLeaf Agrochem Ltd.,"Shanghai, China",Specialty Chemicals,310000,540,39925.0,89.01895206243033,32635.0,72.76477146042365,31125.0,69.39799331103679,29990.0,66.86733556298773,86.89000000000001,72.38389182833627,659.1710758377425,586.7871840094062,0.102880658436214,0.008965314520870077,0.0017930629041740154,99.30555555555556,71.2,99.7,70.4934388888889,100,100,83055.55555555556,126.0
mostlyf5-d561-4649-90fd-4366b149e6cb,mostly3e-5718-4622-8e6a-4df993a1a435,2023-09-01,61000.0,83.1,92.2,1.6,0.92,98.0,1,0,6000.0,9090,112.0,6680,32750.0,16500,1240,445,185,270,1280,60,755.0,Zenith Industrial Gases Center,"Odense, Denmark",Specialty Chemicals,900000,2100,-26070.0,-390.2694610778443,-27080.0,-405.38922155688624,-27350.0,-409.43113772455087,-28165.0,-421.6317365269461,90.3,536.8852459016393,109.50819672131148,-427.37704918032784,0.09836065573770492,0.14901639344262296,0.0018360655737704918,99.77777777777777,83.1,99.08,82.15251226666666,80,100,3180.9523809523807,29.047619047619047
mostlyfd-5c53-484e-bf3c-cee50cfcc6bf,mostly3e-d700-4222-a8a3-37b188162e1d,2024-04-01,58000.0,91.8,92.0,2.7,1.4,96.0,1,1,1255.0,600,9.2,49000,26000.0,26250,6600,3450,190,282,4700,260,1440.0,GreenLeaf Agrochem Ltd.,"Odense, Denmark",Agrochemicals,480000,1500,23000.0,46.93877551020408,18582.0,37.92244897959184,18300.0,37.3469387755102,16600.0,33.87755102040816,93.12,448.2758620689655,844.8275862068965,396.551724137931,0.02163793103448276,0.010344827586206896,0.0001586206896551724,99.625,91.8,98.6,90.17536949999999,80,70,32666.666666666668,38.666666666666664
mostly9e-0f99-40ad-b1d5-51709b335ef8,mostly44-202d-4b2b-8da4-4d1d4bb1a0ba,2023-02-01,70520.0,82.0,94.4,6.9,0.92,98.2,0,1,4200.5,16190,48.2,51000,39450.0,3350,1240,476,920,268,5340,68,201.0,Zenith Industrial Gases Center,"Odense, Denmark",Industrial Gases,220000,540,11550.0,22.647058823529413,6478.0,12.701960784313727,6210.0,12.176470588235293,5941.0,11.649019607843139,90.58,559.4157685762904,723.1990924560408,163.78332387975047,0.05956466250709019,0.22958026091888825,0.0006834940442427681,99.04166666666667,82.0,99.08,80.46699633333333,100,70,94444.44444444444,130.59259259259258
mostly08-8bf1-4dbb-b64b-88c78444bf3e,mostly54-2ddc-4872-873b-4052e1b4490c,2023-11-01,14250.0,85.0,94.6,4.0,0.8,97.2,2,0,1260.0,12650,115.0,6810,33765.0,19500,6400,420,1280,278,5320,260,1080.0,GreenLeaf Agrochem Ltd.,"Shanghai, China",Agrochemicals,480000,3200,-26955.0,-395.81497797356826,-31997.0,-469.8531571218796,-32275.0,-473.935389133627,-33615.0,-493.61233480176213,91.53999999999999,2369.4736842105262,477.89473684210526,-1891.578947368421,0.08842105263157894,0.887719298245614,0.008070175438596491,99.44444444444444,85.0,99.2,83.85155555555556,60,100,2128.125,4.453125
mostly2c-0d61-4ad8-8eea-274d1f1b98e0,mostly59-c3e9-40f7-ac4f-b346f6bae76c,2024-08-01,44850.0,83.5,97.1,1.5,1.2,96.3,2,0,1140.0,13550,6.2,49000,5260.0,20850,4920,1860,200,1470,1315,205,785.0,Zenith Industrial Gases Center,"Odense, Denmark",Specialty Chemicals,480000,1500,43740.0,89.26530612244899,43895.0,89.58163265306123,42425.0,86.58163265306122,41435.0,84.56122448979592,91.41999999999999,117.27982162764772,1092.530657748049,975.2508361204012,0.025418060200668897,0.30211817168338906,0.00013823857302118172,99.79166666666667,83.5,98.8,82.32612916666666,60,100,32666.666666666668,29.9
mostly6e-e23d-4ec9-95f8-9fc54e95d139,mostly62-759f-49d8-a424-34f052c4866c,2024-08-01,43550.0,93.5,95.9,1.7,1.4,96.7,1,1,1050.0,520,8.5,6525,36800.0,25800,1295,2300,190,990,5560,67,203.0,Zenith Industrial Gases Center,"Odense, Denmark",Agrochemicals,310000,1500,-30275.0,-463.9846743295019,-34845.0,-534.0229885057472,-35835.0,-549.1954022988506,-36105.0,-553.3333333333334,95.18,845.0057405281286,149.82778415614237,-695.1779563719863,0.024110218140068886,0.011940298507462687,0.00019517795637198624,99.76388888888889,93.5,98.6,91.97332680555556,80,70,4350.0,29.033333333333335
mostly37-f899-48eb-ab86-8450586f7ff9,mostly63-ad26-4687-af9d-0c9618738954,2023-01-01,44850.0,92.3,96.6,6.1,0.88,96.9,1,1,5790.0,15880,43.5,51040,34650.0,25900,1200,2380,990,1400,8000,63,880.0,GreenLeaf Agrochem Ltd.,"Odense, Denmark",Specialty Chemicals,220000,860,16390.0,32.112068965517246,9790.0,19.181034482758623,8390.0,16.438087774294672,7447.0,14.590517241379311,94.97,772.5752508361204,1138.015607580825,365.44035674470456,0.1290969899665552,0.3540691192865106,0.0009698996655518394,99.15277777777777,92.3,99.12,90.71265536666667,80,70,59348.83720930233,52.151162790697676
mostly4e-bf95-4e93-802a-a2d63f6b79d7,mostly6c-0f1f-4f56-8d59-43a4e56f0674,2023-01-01,9900.0,83.1,92.6,6.3,0.2,98.2,1,0,6810.0,8750,44.7,57600,43350.0,3340,1275,2150,860,640,5160,195,193.0,Nordic Specialty Plastics Plant,"Odense, Denmark",Petrochemical,310000,2100,14250.0,24.739583333333336,9730.0,16.89236111111111,9090.0,15.78125,8702.0,15.10763888888889,90.48,4378.787878787879,5818.181818181818,1439.393939393939,0.6878787878787879,0.8838383838383839,0.004515151515151515,99.12500000000001,83.1,99.8,82.20812925000001,80,100,27428.571428571428,4.714285714285714
mostly5c-d075-47fd-98df-fb7cab20fdef,mostly6f-0d72-49bb-a495-4d980ea68d41,2023-10-01,70520.0,91.6,92.8,3.3,0.85,96.8,1,1,7000.0,570,120.4,6960,40850.0,25000,6900,4400,1010,920,4920,62,858.0,GreenLeaf Agrochem Ltd.,"Port Elizabeth, South Africa",Industrial Gases,900000,860,-33890.0,-486.92528735632186,-37890.0,-544.3965517241379,-38810.0,-557.6149425287357,-39730.0,-570.8333333333333,93.52000000000001,579.2682926829268,98.69540555870675,-480.5728871242201,0.09926262053318208,0.008082813386273398,0.0017073170731707317,99.54166666666667,91.6,99.15,90.40513525,80,70,8093.023255813953,82.0
mostly80-6d31-459c-9adb-3b0dee2216c7,mostly78-2094-4a64-ba04-eda5dd04a086,2023-07-01,14960.0,77.9,96.1,5.6,0.25,97.8,1,1,5400.0,12200,9.4,44000,32300.0,22250,4550,2560,1280,870,9900,155,1360.0,Zenith Industrial Gases Center,Singapore,Petrochemical,310000,540,11700.0,26.590909090909093,2670.0,6.068181818181818,1800.0,4.090909090909091,285.0,0.6477272727272727,89.33000000000001,2159.090909090909,2941.176470588235,782.0855614973261,0.3609625668449198,0.8155080213903744,0.0006283422459893048,99.22222222222223,77.9,99.75,77.10087583333335,80,70,81481.48148148147,27.703703703703702
mostlyff-e61e-4712-9ca7-39e78b3b5c72,mostly78-6843-47de-b058-eb46723a75a7,2025-01-01,9700.0,83.4,95.1,6.2,1.5,99.7,1,0,4740.0,9220,8.9,6680,35500.0,19000,3976,3450,1760,910,5160,168,181.0,Zenith Industrial Gases Center,"Shanghai, China",Agrochemicals,310000,3200,-28820.0,-431.43712574850304,-33070.0,-495.0598802395209,-33980.0,-508.6826347305389,-34329.0,-513.9071856287426,91.8,3659.7938144329896,688.659793814433,-2971.134020618557,0.488659793814433,0.9505154639175257,0.0009175257731958763,99.13888888888889,83.4,98.5,81.44160583333334,80,100,2087.5,3.03125
mostlyf3-aaf0-493e-8679-5495993bb2e7,mostly7a-46e2-4205-8d8d-4f12d545a33c,2025-05-01,15960.0,81.7,98.0,1.4,0.87,96.8,1,0,900.0,14800,44.9,57600,4880.0,26850,1275,440,1150,645,7200,225,2350.0,GreenLeaf Agrochem Ltd.,"Shanghai, China",Agrochemicals,310000,3200,52720.0,91.52777777777777,46165.0,80.14756944444444,45520.0,79.02777777777777,42945.0,74.55729166666667,91.12,305.76441102756894,3609.0225563909776,3303.2581453634084,0.05639097744360902,0.9273182957393483,0.00281328320802005,99.80555555555556,81.7,99.13,80.83173098055556,80,100,18000.0,4.9875
mostlyf3-b366-46d6-9168-20f7a2a1f94e,mostly7a-7b82-4661-86c1-0b3a2c084d49,2024-05-01,42000.5,86.8,93.9,6.0,0.75,99.4,2,0,6810.0,12500,8.7,55600,34125.0,21900,1295,481,1850,630,7200,60,204.0,Nordic Specialty Plastics Plant,"Houston, United States",Specialty Chemicals,220000,860,21475.0,38.62410071942446,14905.0,26.807553956834536,14275.0,25.674460431654676,14011.0,25.199640287769785,92.71000000000001,812.4903274961013,1323.793764359948,511.30343686384674,0.16214092689372744,0.29761550457732644,0.0002071403911858192,99.16666666666667,86.8,99.25,85.43109166666667,60,100,64651.16279069767,48.83779069767442
mostly2d-8bf5-489e-aa8b-916b68dd4b30,mostly89-1676-407e-a736-b5c01ff93138,2023-01-01,8200.0,96.4,95.5,7.9,0.88,96.0,1,0,1255.0,9120,144.0,6200,36450.0,3540,6600,452,1300,281,8240,58,780.0,Aurora Petrochemicals Complex,"Port Elizabeth, South Africa",Industrial Gases,310000,540,-30250.0,-487.9032258064516,-38209.0,-616.2741935483871,-38490.0,-620.8064516129032,-39328.0,-634.3225806451612,96.00999999999999,4445.121951219512,756.0975609756098,-3689.0243902439024,0.15304878048780488,1.1121951219512196,0.0175609756097561,98.90277777777779,96.4,99.12,94.50326573333336,80,100,11481.481481481482,15.185185185185185
mostly8d-41ec-4cad-bb5c-7c91f172524e,mostly9d-1e33-486f-ab67-fbeed1945f92,2025-05-01,48860.0,93.5,92.8,4.1,1.2,97.2,2,0,845.0,8980,9.4,57000,4940.0,22540,6880,3750,185,1430,4520,250,2192.0,Nordic Specialty Plastics Plant,"Shanghai, China",Agrochemicals,220000,540,52060.0,91.33333333333333,48970.0,85.91228070175438,47540.0,83.40350877192982,45098.0,79.11929824561403,94.4,101.10519852640196,1166.5984445354072,1065.4932460090054,0.017294310274252968,0.18379042161277118,0.00019238641015145315,99.43055555555556,93.5,98.8,91.85195861111112,60,100,105555.55555555556,90.48148148148148
mostly0f-aae1-4a15-9d2b-cd8bc8e24142,mostlya7-fcf7-4455-9b2f-19eb0fd41fa6,2023-01-01,72080.0,93.0,94.8,6.3,1.2,99.4,1,0,4740.0,14100,9.5,6460,30250.0,3400,6800,3320,195,908,8000,60,720.0,GreenLeaf Agrochem Ltd.,"Odense, Denmark",Polymers,310000,3200,-23790.0,-368.26625386996903,-30882.0,-478.0495356037152,-31790.0,-492.1052631578948,-32570.0,-504.1795665634675,95.46000000000001,419.6725860155383,89.62264150943396,-330.04994450610434,0.06576026637069922,0.1956159822419534,0.00013179800221975582,99.12500000000001,93.0,98.8,91.08001500000003,80,100,2018.75,22.525
mostly2a-07fa-47ad-b012-8daad1a4442b,mostlyaa-e8ae-43bc-b45a-e54663f90d39,2023-07-01,15650.0,86.0,97.8,12.3,1.1,98.1,1,0,6200.0,570,6.5,45900,36800.0,3240,1230,3450,1150,275,4700,68,189.0,Zenith Industrial Gases Center,"Port Elizabeth, South Africa",Industrial Gases,310000,1500,9100.0,19.825708061002178,4675.0,10.185185185185185,4400.0,9.586056644880173,4143.0,9.026143790849673,93.17,2351.4376996805113,2932.9073482428116,581.4696485623003,0.3961661341853035,0.03642172523961661,0.00041533546325878595,98.29166666666667,86.0,98.9,83.60099416666668,80,100,30600.0,10.433333333333334
mostly6d-7182-434b-a469-ef3c47eb4ed6,mostlyb2-b784-45e2-a7f5-300e1a30c7fc,2024-02-01,9750.0,89.6,94.4,6.9,0.89,97.7,1,1,5680.0,15120,5.6,42000,43350.0,23005,1245,490,193,628,8000,155,188.0,GreenLeaf Agrochem Ltd.,"Shanghai, China",Specialty Chemicals,220000,540,-1350.0,-3.214285714285714,-8722.0,-20.766666666666666,-9350.0,-22.26190476190476,-9693.0,-23.07857142857143,93.46999999999998,4446.153846153846,4307.692307692308,-138.4615384615381,0.5825641025641025,1.5507692307692307,0.0005743589743589743,99.04166666666667,89.6,99.11,87.95153546666667,80,70,77777.77777777778,18.055555555555557
mostly1c-6cb9-4df9-b430-7f42af0ca808,mostlyb3-6de1-444e-bb2b-db078b60974c,2023-09-01,77980.0,89.9,93.7,5.0,0.86,98.0,1,0,1300.0,8690,44.7,6810,33900.0,22350,4520,4120,217,1335,1260,215,178.0,Nordic Specialty Plastics Plant,"Odense, Denmark",Agrochemicals,720000,2100,-27090.0,-397.7973568281938,-27015.0,-396.69603524229075,-28350.0,-416.2995594713657,-28743.0,-422.07048458149774,93.47000000000001,434.72685303924084,87.33008463708643,-347.3967684021544,0.016670941266991535,0.11143883046935112,0.0005732239035650167,99.30555555555556,89.9,99.14,88.50792347222225,80,100,3242.8571428571427,37.13333333333333
mostly04-5b9e-42fb-aac7-b1c96a8eeba1,mostlyb6-bb83-4b5d-a5ca-6d6a07bd2ade,2023-02-01,76240.0,92.4,89.7,6.2,0.4,96.8,1,0,4200.5,13050,120.4,52600,4920.0,20640,7000,4080,1010,1480,4780,148,2064.0,Aurora Petrochemicals Complex,"Port Elizabeth, South Africa",Petrochemical,310000,540,47680.0,90.64638783269962,44380.0,84.37262357414448,42900.0,81.55893536121674,40688.0,77.35361216730038,92.91,64.53305351521512,689.9265477439665,625.3934942287514,0.05509575026232948,0.17116998950682058,0.0015792235047219307,99.13888888888889,92.4,99.6,91.237916,80,100,97407.4074074074,141.1851851851852
mostlyec-2145-420f-8bf9-1763dc301938,mostlyb9-9300-4ba4-b04c-e7c8ecef616a,2023-12-01,14250.0,90.1,91.8,6.2,0.7,96.9,1,0,1120.0,14800,46.1,7020,38700.0,3150,6050,3600,185,1330,1320,270,1080.0,GreenLeaf Agrochem Ltd.,"Houston, United States",Polymers,220000,1500,-31680.0,-451.28205128205127,-31670.0,-451.13960113960115,-33000.0,-470.0854700854701,-34350.0,-489.3162393162394,92.64999999999999,2715.7894736842104,492.63157894736844,-2223.157894736842,0.07859649122807018,1.03859649122807,0.0032350877192982457,99.13888888888889,90.1,99.3,88.69886991666665,80,100,4680.0,9.5
mostly37-e727-4c8a-b78b-fe0363c77b67,mostlybf-daa1-4491-9752-b83928c87cf0,2023-01-01,16540.0,88.3,97.8,2.4,0.5,97.4,1,0,5550.0,14250,142.0,6200,39050.0,3240,1355,4200,1060,915,9000,64,950.0,Nordic Specialty Plastics Plant,"Port Elizabeth, South Africa",Agrochemicals,480000,3200,-32850.0,-529.8387096774194,-40935.0,-660.241935483871,-41850.0,-675.0,-42864.0,-691.3548387096773,93.88000000000001,2360.9431680773882,374.84885126964934,-1986.0943168077388,0.3355501813784764,0.8615477629987908,0.008585247883917775,99.66666666666667,88.3,99.5,87.56563833333334,80,100,1937.5,5.16875
mostlya5-9667-46e3-9e31-3d51a41af55b,mostlyc5-c789-419a-a952-0eba208a5cc0,2024-05-01,9400.0,94.8,97.3,4.0,0.3,98.1,1,0,6960.0,14350,44.7,45750,32190.0,21900,6920,460,1600,273,10000,215,178.0,GreenLeaf Agrochem Ltd.,"Port Elizabeth, South Africa",Agrochemicals,220000,3200,13560.0,29.63934426229508,3833.0,8.378142076502733,3560.0,7.781420765027322,3167.0,6.922404371584699,96.54,3424.468085106383,4867.021276595745,1442.5531914893618,0.7404255319148936,1.5265957446808511,0.004755319148936171,99.44444444444444,94.8,99.7,93.99051333333334,80,100,14296.875,2.9375
mostly71-0de6-4379-b9d1-06b85333bbf5,mostlyc5-cc27-4e4b-bdb4-6b9b051c0714,2023-01-01,81050.0,88.8,94.8,2.9,1.4,98.8,1,1,1045.0,9220,46.1,51900,34507.5,3520,6600,2000,212,642,8200,210,805.0,Horizon Polymers Campus,"Shanghai, China",Industrial Gases,310000,540,17392.5,33.51156069364162,9834.5,18.948940269749517,9192.5,17.711946050096337,8177.5,15.75626204238921,93.6,425.7557063541024,640.3454657618754,214.589759407773,0.012893275755706354,0.11375694016039482,0.0005687847008019741,99.59722222222223,88.8,98.6,87.20414066666666,80,70,96111.11111111111,150.09259259259258
mostlye5-5f54-4d49-b3f5-6f0e9a11b03a,mostlyd2-17a5-447a-b00f-1610fd6cf6d5,2023-11-01,10250.0,95.3,98.3,5.2,0.88,96.8,1,0,6180.0,17320,51.0,42000,4960.0,22250,6900,2480,1860,620,10350,68,770.0,Nordic Specialty Plastics Plant,"Port Elizabeth, South Africa",Specialty Chemicals,310000,3200,37040.0,88.19047619047619,27310.0,65.02380952380953,26690.0,63.54761904761905,25852.0,61.55238095238095,96.64999999999999,483.9024390243902,4097.5609756097565,3613.658536585366,0.6029268292682927,1.6897560975609756,0.004975609756097561,99.27777777777777,95.3,99.12,93.77913906666667,80,100,13125.0,3.203125
mostly72-1365-4118-a34d-7945a3332361,mostlyd3-11a5-4b50-8790-19b86e9e9975,2023-01-01,39760.0,90.1,96.6,4.7,0.82,99.6,2,0,5840.0,12400,49.7,6360,39050.0,22350,1260,1800,1900,1340,1305,240,184.0,Nordic Specialty Plastics Plant,"Houston, United States",Specialty Chemicals,720000,860,-32690.0,-513.9937106918239,-32655.0,-513.4433962264151,-33995.0,-534.5125786163522,-34419.0,-541.1792452830189,94.9,982.1428571428571,159.95975855130786,-822.1830985915492,0.14688128772635814,0.3118712273641851,0.00125,99.34722222222221,90.1,99.18,88.77785007499998,60,100,7395.3488372093025,46.23255813953488
mostlyf2-26d5-47a3-b303-48e591fce82d,mostlyd6-b834-4855-bd11-7daada02dde1,2023-08-01,14250.0,82.0,94.5,7.9,0.9,99.7,0,0,5610.0,13900,146.0,47800,33350.0,22540,5340,1980,1350,610,8600,152,858.0,Nordic Specialty Plastics Plant,"Odense, Denmark",Agrochemicals,480000,860,14450.0,30.230125523012553,6460.0,13.514644351464437,5850.0,12.238493723849372,4840.0,10.125523012552302,91.05999999999999,2340.3508771929824,3354.3859649122805,1014.0350877192982,0.3936842105263158,0.9754385964912281,0.01024561403508772,98.90277777777779,82.0,99.1,80.37037527777777,100,100,55581.395348837206,16.569767441860463
mostlyf3-73d4-455b-8e23-5e2f9077087f,mostlyda-790f-41ae-8bf1-7f121af10997,2024-11-01,73560.0,95.0,93.6,8.5,0.6,98.4,1,0,1290.0,9120,44.2,47310,5010.0,25050,4700,2500,900,880,1350,178,1470.0,Nordic Specialty Plastics Plant,"Odense, Denmark",Specialty Chemicals,310000,2100,42300.0,89.41027266962587,41830.0,88.41682519551892,40950.0,86.5567533291059,39302.0,83.07334601564152,95.60000000000001,68.10766721044045,643.1484502446982,575.0407830342577,0.017536704730831975,0.12398042414355628,0.0006008700380641653,98.81944444444444,95.0,99.4,93.3152013888889,80,100,22528.571428571428,35.02857142857143
mostly0d-589e-42eb-b274-1c90b6b6569f,mostlydc-ed6d-412a-9c7e-35136fb68bb5,2025-05-01,50650.0,83.2,94.9,4.5,0.2,98.9,1,0,860.3,15340,141.0,6360,4800.0,24750,6820,4120,224,1290,8990,70,180.0,GreenLeaf Agrochem Ltd.,Singapore,Specialty Chemicals,900000,540,1560.0,24.528301886792452,-6140.0,-96.54088050314465,-7430.0,-116.82389937106919,-7680.0,-120.75471698113208,91.42000000000002,94.7680157946693,125.56762092793682,30.79960513326752,0.01698519249753208,0.30286278381046394,0.002783810463968411,99.375,83.2,99.8,82.51464,80,100,11777.777777777777,93.79629629629629
mostly81-2c28-4f55-8ad6-416a82cf3a2c,mostlye4-419d-4d08-9639-789ce6d03230,2023-05-01,9050.0,94.1,92.5,6.1,1.6,95.9,0,0,5520.0,14120,52.3,55100,34200.0,23540,1285,2100,1600,1480,10000,172,2177.5,Zenith Industrial Gases Center,"Shanghai, China",Specialty Chemicals,480000,2100,20900.0,37.93103448275862,12380.0,22.468239564428313,10900.0,19.782214156079856,8550.5,15.51814882032668,94.16,3779.0055248618783,6088.397790055249,2309.392265193371,0.6099447513812155,1.5602209944751382,0.005779005524861878,99.15277777777777,94.1,98.4,91.80991966666666,100,100,26238.095238095237,4.309523809523809
mostly44-fd3a-4151-9205-3a0fb2135b70,mostlye6-a6d6-4fac-8296-564dfd183483,2024-03-01,63550.0,83.4,94.2,3.3,0.88,95.9,2,0,5570.0,14250,44.6,7020,40850.0,25050,6050,4180,1000,950,4200,68,910.0,Horizon Polymers Campus,"Port Elizabeth, South Africa",Industrial Gases,900000,2100,-33830.0,-481.9088319088319,-37080.0,-528.2051282051282,-38030.0,-541.7378917378917,-39008.0,-555.6695156695157,90.39000000000001,642.8009441384736,110.46420141620771,-532.3367427222659,0.08764752163650669,0.22423288749016523,0.0007018095987411487,99.54166666666667,83.4,99.12,82.28719380000001,60,100,3342.8571428571427,30.261904761904763
mostlyf4-33fa-4441-a4c8-03171557e1f9,mostlyeb-105a-4a9b-b2a0-d3949843c8c9,2025-01-01,10980.0,78.4,96.1,7.9,0.89,97.2,1,0,1180.0,15610,43.7,57600,32662.5,3380,1305,449,1820,612,7200,60,1345.0,Nordic Specialty Plastics Plant,"Shanghai, China",Agrochemicals,220000,860,24937.5,43.29427083333333,18349.5,31.856770833333332,17737.5,30.794270833333332,16332.5,28.35503472222222,89.35000000000001,2974.726775956284,5245.901639344263,2271.1748633879783,0.10746812386156648,1.4216757741347905,0.003979963570127505,98.90277777777779,78.4,99.11,76.84967375555556,80,100,66976.74418604652,12.767441860465116
mostlydb-a837-40b6-9337-5f7d96437b18,mostlyeb-f4ba-4b55-b718-8ecb1d4850a0,2023-07-01,72080.0,89.5,97.4,3.9,0.86,96.7,1,1,6900.0,8730,42.1,6740,32200.0,23125,7250,2480,1250,1450,8000,70,1060.0,Horizon Polymers Campus,"Port Elizabeth, South Africa",Industrial Gases,220000,860,-25460.0,-377.7448071216617,-32010.0,-474.9258160237389,-33460.0,-496.4391691394659,-34590.0,-513.2047477744808,94.03000000000002,446.7258601553829,93.5072142064373,-353.2186459489456,0.09572697003329633,0.12111542730299667,0.0005840732519422863,99.45833333333334,89.5,99.14,88.24967754166668,80,70,7837.209302325581,83.81395348837209
mostly62-4ac5-435e-a638-f56cc8e7fbee,mostlyf3-9c94-4094-a8c9-7f546863a750,2025-04-01,10540.0,85.2,93.6,2.7,0.2,99.1,1,0,1250.0,12250,158.0,6350,32300.0,21500,5650,2050,200,1490,8700,185,2251.0,GreenLeaf Agrochem Ltd.,"Houston, United States",Polymers,220000,540,-25950.0,-408.6614173228346,-33160.0,-522.2047244094489,-34650.0,-545.6692913385826,-37086.0,-584.0314960629921,91.89,3064.516129032258,602.4667931688805,-2462.0493358633776,0.11859582542694497,1.1622390891840608,0.014990512333965844,99.625,85.2,99.8,84.71073899999999,80,100,11759.25925925926,19.51851851851852
mostly03-ca22-45d5-b453-3718b2285e9d,mostlyf4-ce46-463a-a097-67d7ff1942d9,2024-01-01,10250.0,98.0,96.1,3.4,1.5,97.2,1,0,5790.0,12200,112.0,51900,4820.0,22950,4920,2000,1720,1450,4900,150,1440.0,Zenith Industrial Gases Center,"Port Elizabeth, South Africa",Specialty Chemicals,900000,860,47080.0,90.71290944123314,43630.0,84.0655105973025,42180.0,81.27167630057804,40590.0,78.20809248554913,97.19,470.2439024390244,5063.414634146341,4593.170731707317,0.5648780487804878,1.1902439024390243,0.010926829268292682,99.52777777777779,98.0,98.5,96.07416388888889,80,100,60348.83720930233,11.918604651162791
mostlyc6-17b9-4228-9278-4f6c7e37d3de,mostlyf6-b04f-4b31-9966-024a241c2450,2023-05-01,43550.0,89.2,94.1,7.0,0.92,97.6,2,1,1010.0,11200,47.2,6570,41250.0,20500,6820,1700,1220,1330,7600,153,2260.0,Nordic Specialty Plastics Plant,"Odense, Denmark",Agrochemicals,720000,3200,-34680.0,-527.8538812785389,-40950.0,-623.2876712328766,-42280.0,-643.531202435312,-44693.0,-680.2587519025875,93.19,947.187141216992,150.86107921928817,-796.3260619977038,0.023191733639494835,0.2571756601607348,0.0010838117106773825,99.02777777777779,89.2,99.08,87.52011622222223,60,70,2053.125,13.609375
mostlya8-e171-47ec-b7f1-5d77e041ca94,mostlyfa-c5f5-4788-8ec4-467088d908e6,2024-02-01,8200.0,83.5,95.7,7.9,0.4,98.7,1,0,1300.0,8850,125.0,6725,33700.0,22350,1280,470,1820,1015,4600,195,197.0,GreenLeaf Agrochem Ltd.,Singapore,Specialty Chemicals,900000,860,-26975.0,-401.1152416356877,-30560.0,-454.42379182156134,-31575.0,-469.51672862453535,-31967.0,-475.3457249070632,91.72,4109.756097560976,820.1219512195122,-3289.6341463414637,0.15853658536585366,1.079268292682927,0.01524390243902439,98.90277777777779,83.5,99.6,82.25348416666667,80,100,7819.767441860465,9.534883720930232
mostlycf-d839-42ad-a93b-18f4bd987b72,mostlyfa-fb5b-407e-ad1e-8b9303a5b640,2023-07-01,15650.0,73.6,97.3,11.2,0.95,98.0,1,0,6180.0,14850,174.0,56300,33900.0,22500,4601,466,980,1335,1348,188,810.0,Zenith Industrial Gases Center,Singapore,Agrochemicals,720000,540,22400.0,39.786856127886324,22387.0,39.763765541740675,21052.0,37.39253996447602,20054.0,35.61989342806394,88.03,2166.134185303514,3597.444089456869,1431.3099041533546,0.394888178913738,0.9488817891373802,0.011118210862619809,98.44444444444443,73.6,99.05,71.76678755555554,80,100,104259.25925925926,28.98148148148148
mostlyad-7895-4806-9cb0-23756c2c3345,mostlyfb-07df-48c0-b2f9-ef4db0e080d7,2024-11-01,74820.0,93.5,94.1,3.1,0.2,98.2,0,0,1250.0,16650,174.0,44850,40150.0,3200,6040,457,1760,1010,1295,170,2260.0,Horizon Polymers Campus,"Port Elizabeth, South Africa",Specialty Chemicals,480000,540,4700.0,10.479375696767,4415.0,9.843924191750279,3405.0,7.591973244147157,975.0,2.1739130434782608,95.09,536.6212242715851,599.43865276664,62.817428495054855,0.016706762897620957,0.22253408179631115,0.002325581395348837,99.56944444444444,93.5,99.8,92.91123569444444,100,100,83055.55555555556,138.55555555555554
mostlye9-e578-44b9-8f1d-fe159d9f1063,mostlyfb-088f-4bac-b2b6-c42ba07b63a2,2023-06-01,50650.0,98.0,95.3,1.9,1.6,96.0,1,0,1010.0,570,50.9,41280,4920.0,3210,7050,2100,1850,272,9040,67,180.0,GreenLeaf Agrochem Ltd.,"Port Elizabeth, South Africa",Specialty Chemicals,220000,3200,36360.0,88.0813953488372,27592.0,66.84108527131784,27320.0,66.18217054263566,27073.0,65.58381782945737,96.59,97.13721618953603,815.004935834156,717.8677196446199,0.01994076999012833,0.01125370187561698,0.0010049358341559724,99.73611111111111,98.0,98.4,96.17752666666668,80,100,12900.0,15.828125
mostly52-54ac-47a1-bfaf-2c97cd292b56,mostlyfe-1b7b-494b-b25c-d2c6fcbc5350,2023-03-01,15010.0,94.1,97.8,3.0,0.88,97.4,2,0,6000.0,14800,6.3,46010,4650.0,26150,1200,4080,212,285,9300,66,1993.0,GreenLeaf Agrochem Ltd.,"Houston, United States",Industrial Gases,720000,860,41360.0,89.89350141273637,32345.0,70.2999347967833,32060.0,69.68050423820908,30001.0,65.20539013257988,96.2,309.79347101932046,3065.2898067954698,2755.4963357761494,0.39973351099267157,0.9860093271152565,0.0004197201865423051,99.58333333333333,94.1,99.12,92.88328700000001,60,100,53500.0,17.453488372093023
mostlyc7-07bd-44ec-a2b3-faf678353a65,mostly03-e230-4b86-89e3-2437361d2a1b,2023-01-01,79230.0,83.5,93.6,1.2,0.78,99.0,0,1,1100.0,17320,120.4,49750,34507.5,21750,1245,4300,180,1430,9180,210,181.0,GreenLeaf Agrochem Ltd.,"Odense, Denmark",Specialty Chemicals,310000,1500,15242.5,30.63819095477387,7492.5,15.060301507537687,6062.5,12.185929648241206,5671.5,11.4,91.17999999999999,435.53578190079514,627.9187176574529,192.3829357566578,0.01388362993815474,0.21860406411712735,0.001519626404139846,99.83333333333333,83.5,99.22,82.71061883333333,100,70,33166.666666666664,52.82
mostlyc1-b09c-4d83-bfb0-25ec4730b04c,mostly07-3886-4b9c-8a2b-dca52e1984cc,2023-01-01,39760.0,86.8,98.3,1.8,1.5,98.6,1,0,5340.0,13340,9.0,52000,4900.0,3280,1305,4400,180,630,5360,63,1385.0,GreenLeaf Agrochem Ltd.,"Port Elizabeth, South Africa",Specialty Chemicals,310000,3200,47100.0,90.57692307692308,42370.0,81.48076923076924,41740.0,80.26923076923077,40292.0,77.48461538461538,93.78999999999999,123.2394366197183,1307.8470824949698,1184.6076458752514,0.13430583501006035,0.33551307847082495,0.00022635814889336017,99.75,86.8,98.5,85.284255,80,100,16250.0,12.425
mostly26-dd09-45e3-8c2f-121e7913ccdf,mostly07-cd99-43d0-8285-01fdc02e6e47,2023-09-01,14990.0,87.8,93.3,6.1,0.7,96.7,0,1,6200.0,12850,6.2,6480,4650.0,25650,6820,460,900,265,4520,270,1320.0,Aurora Petrochemicals Complex,"Houston, United States",Industrial Gases,480000,540,1830.0,28.240740740740737,-2425.0,-37.42283950617284,-2690.0,-41.51234567901235,-4280.0,-66.0493827160494,92.12,310.2068045363576,432.28819212808537,122.08138759172778,0.4136090727151434,0.857238158772515,0.0004136090727151434,99.15277777777777,87.8,99.3,86.44674591666666,100,70,12000.0,27.75925925925926
mostly8f-625a-4036-9a88-b9042c4da44f,mostly0b-fb2d-457c-9452-28988817db5a,2023-01-01,15120.0,89.5,95.0,3.3,0.25,98.0,1,0,5750.0,15670,44.1,45900,39050.0,20500,5700,428,1820,283,5480,195,885.0,Nordic Specialty Plastics Plant,"Odense, Denmark",Specialty Chemicals,900000,540,6850.0,14.923747276688454,1653.0,3.6013071895424837,1370.0,2.9847494553376905,290.0,0.6318082788671024,93.7,2582.671957671958,3035.714285714286,453.0423280423279,0.3802910052910053,1.0363756613756614,0.002916666666666667,99.54166666666667,89.5,99.75,88.86706718750001,80,100,85000.0,28.0
mostly23-cf33-4ca2-afd6-3bbc14256a12,mostly14-961f-4774-b83f-89889f11a6ae,2023-02-01,70520.0,91.7,95.7,12.3,1.3,96.0,1,0,1045.0,9080,9.3,43840,41250.0,3370,1240,1900,970,1400,5400,200,755.0,GreenLeaf Agrochem Ltd.,"Odense, Denmark",Specialty Chemicals,480000,1500,2590.0,5.907846715328467,-1410.0,-3.216240875912409,-2810.0,-6.4096715328467155,-3765.0,-8.588047445255475,94.19,584.9404424276801,621.6676120249574,36.72716959727734,0.014818491208167896,0.12875779920589903,0.00013187748156551335,98.29166666666667,91.7,98.7,88.961723375,80,100,29226.666666666668,47.013333333333335
mostly6b-8c69-4057-b60f-9843437c1edc,mostly16-b055-4b92-b52f-4a869e53cd33,2023-08-01,49900.0,84.7,96.2,3.6,1.1,95.9,1,0,980.0,14490,171.0,47250,30250.0,23500,5500,478,1060,288,9830,64,199.0,GreenLeaf Agrochem Ltd.,"Houston, United States",Petrochemical,220000,860,17000.0,35.978835978835974,7458.0,15.784126984126983,7170.0,15.174603174603174,6907.0,14.617989417989419,91.51,606.2124248496993,946.8937875751503,340.681362725451,0.01963927855711423,0.2903807615230461,0.0034268537074148295,99.5,84.7,98.9,83.34945850000001,80,100,54941.86046511628,58.02325581395349
mostly40-e70a-4347-9fb3-e3152f78fc84,mostly17-fa72-4dea-8e8c-7998b1f4e06f,2023-01-01,10850.0,86.3,92.6,8.7,1.4,98.8,1,1,1050.0,9220,171.0,54700,42000.0,3300,6860,1950,920,1520,1240,61,2275.0,Zenith Industrial Gases Center,"Port Elizabeth, South Africa",Industrial Gases,220000,540,12700.0,23.217550274223033,12980.0,23.729433272394882,11460.0,20.950639853747717,9124.0,16.6800731261426,91.94,3870.967741935484,5041.47465437788,1170.5069124423962,0.0967741935483871,0.8497695852534562,0.01576036866359447,98.79166666666666,86.3,98.6,84.06360741666666,80,70,101296.29629629629,20.09259259259259
mostlydc-95f1-487e-bae1-780c378c3d38,mostly21-8842-49a4-871a-e936721d11b9,2023-01-01,8350.0,86.8,98.3,2.8,0.85,99.2,1,0,6720.0,12860,146.0,49250,5260.0,3540,1230,3100,1150,1430,1270,70,770.0,Aurora Petrochemicals Complex,"Port Elizabeth, South Africa",Specialty Chemicals,220000,860,43990.0,89.31979695431473,44150.0,89.64467005076142,42720.0,86.74111675126903,41880.0,85.03553299492386,93.97,629.9401197604791,5898.203592814371,5268.263473053892,0.8047904191616766,1.540119760479042,0.01748502994011976,99.61111111111111,86.8,99.15,85.72751366666668,80,100,57267.441860465115,9.709302325581396
mostlyc8-994f-42b2-bc48-d2e16432ad45,mostly23-c1e3-404f-9978-e4c1606bd2a4,2023-12-01,45500.0,93.1,92.1,6.1,0.78,97.8,0,0,5590.0,13850,7.5,6700,40850.0,21300,5800,4500,193,635,1315,172,1260.0,Horizon Polymers Campus,"Odense, Denmark",Polymers,220000,860,-34150.0,-509.7014925373134,-34830.0,-519.8507462686567,-35465.0,-529.3283582089553,-36897.0,-550.7014925373135,94.21000000000001,897.8021978021978,147.25274725274724,-750.5494505494506,0.12285714285714286,0.30439560439560437,0.00016483516483516484,99.15277777777777,93.1,99.22,91.59120846944442,100,100,7790.697674418605,52.906976744186046
mostly02-2980-4dfd-9811-8714e58a380f,mostly24-75d3-4c33-9fa1-6148064115b5,2023-09-01,9900.0,84.7,95.4,1.0,0.86,97.2,0,0,5700.0,13790,52.3,6680,40200.0,21660,4800,449,1100,283,9760,60,186.0,Nordic Specialty Plastics Plant,"Odense, Denmark",Petrochemical,310000,540,-33520.0,-501.7964071856287,-42997.0,-643.6676646706587,-43280.0,-647.9041916167665,-43526.0,-651.5868263473054,91.66,4060.6060606060605,674.7474747474747,-3385.8585858585857,0.5757575757575758,1.392929292929293,0.005282828282828282,99.86111111111111,84.7,99.14,83.85495280555556,100,100,12370.37037037037,18.333333333333332
mostly99-933c-4078-962e-5c22a1974590,mostly27-ff64-483a-9ce2-cde487b54e8d,2024-10-01,15960.0,99.0,98.0,1.0,0.87,99.6,1,0,6720.0,15670,115.0,51900,5050.0,3520,4800,1950,1650,642,5480,225,790.0,Horizon Polymers Campus,"Houston, United States",Agrochemicals,310000,540,46850.0,90.26974951830444,42012.0,80.94797687861272,41370.0,79.71098265895954,40355.0,77.75529865125242,98.88,316.41604010025065,3251.8796992481202,2935.4636591478697,0.42105263157894735,0.981829573934837,0.0072055137844611525,99.86111111111111,99.0,99.13,98.00239624999999,80,100,96111.11111111111,29.555555555555557
mostly94-3b2d-41ba-a85c-9a827ef061ee,mostly2b-eb41-4c45-87f9-a2d9b98a0512,2024-11-01,15520.0,80.5,97.0,3.6,1.4,99.5,0,0,6030.0,8450,149.0,6750,34650.0,3330,6000,2230,1860,1180,8800,151,798.0,Nordic Specialty Plastics Plant,Singapore,Specialty Chemicals,220000,1500,-27900.0,-413.33333333333337,-35520.0,-526.2222222222223,-36700.0,-543.7037037037037,-37649.0,-557.7629629629629,91.14999999999999,2232.603092783505,434.9226804123711,-1797.6804123711338,0.38853092783505155,0.5444587628865979,0.009600515463917526,99.5,80.5,98.6,78.976135,100,100,4500.0,10.346666666666666
mostly69-8803-4863-8791-45ccb9b31cbf,mostly2d-8e90-431f-88e0-aa59ccb808f6,2023-01-01,15120.0,73.6,95.5,3.3,1.2,96.3,1,1,5340.0,15450,9.0,42100,33637.5,3520,6700,2480,980,265,1305,68,185.0,Nordic Specialty Plastics Plant,"Port Elizabeth, South Africa",Industrial Gases,310000,860,8462.5,20.100950118764846,7422.5,17.63064133016627,7157.5,17.001187648456057,6904.5,16.40023752969121,86.97999999999999,2224.7023809523807,2784.3915343915346,559.6891534391539,0.3531746031746032,1.0218253968253967,0.0005952380952380953,99.54166666666667,73.6,98.8,72.38351466666666,80,70,48953.48837209302,17.58139534883721
mostly20-c946-4c4a-a0bb-6373664b1489,mostly30-607a-43ed-bab4-4d8de9274684,2023-09-01,45020.0,81.0,94.1,5.4,1.3,99.4,2,1,6400.0,12850,138.0,47250,39450.0,17000,6000,3920,224,1370,5660,170,1440.0,Nordic Specialty Plastics Plant,Singapore,Agrochemicals,220000,540,7800.0,16.507936507936506,3510.0,7.428571428571429,2140.0,4.529100529100529,530.0,1.1216931216931216,90.45,876.2772101288316,1049.5335406486006,173.256330519769,0.14215904042647712,0.2854286983562861,0.003065304309195913,99.25,81.0,98.7,79.3473975,60,70,87500.0,83.37037037037037
mostlyc5-9b8c-420a-8da1-42e413ec0e92,mostly33-29da-4fef-a00d-aed05b50b7a4,2023-01-01,54120.0,98.0,98.3,1.2,0.75,96.8,2,0,5400.0,12500,133.0,44850,34500.0,25450,6860,487,860,850,5320,71,1260.0,GreenLeaf Agrochem Ltd.,"Odense, Denmark",Agrochemicals,220000,1500,10350.0,23.076923076923077,5880.0,13.110367892976587,5030.0,11.215161649944259,3699.0,8.247491638795987,97.73,637.4722838137473,828.7139689578714,191.24168514412418,0.09977827050997783,0.2309682187730968,0.0024575018477457503,99.83333333333333,98.0,99.25,97.10289166666666,60,100,29900.0,36.08
mostly7c-56c9-4007-87e5-f0044a03bb17,mostly34-0d12-4ec9-af4a-10baf03ea964,2025-05-01,41200.0,93.8,94.6,2.3,1.6,98.1,1,1,7100.0,14200,174.0,6500,4960.0,17650,6100,3990,210,268,8784,180,1993.0,Nordic Specialty Plastics Plant,Singapore,Specialty Chemicals,480000,860,1540.0,23.692307692307693,-6976.0,-107.32307692307693,-7244.0,-111.44615384615383,-9417.0,-144.87692307692308,95.33,120.3883495145631,157.76699029126215,37.378640776699044,0.17233009708737865,0.3446601941747573,0.004223300970873786,99.68055555555556,93.8,98.4,92.00435533333334,80,70,7558.139534883721,47.906976744186046
mostly16-0218-4955-a79d-d733fe200686,mostly34-70df-4c08-a73d-1c5d05804a66,2024-01-01,46010.0,83.8,95.7,8.5,1.4,99.2,1,1,5550.0,620,6.2,42000,36800.0,23540,7050,470,190,870,8990,66,2170.0,Nordic Specialty Plastics Plant,"Shanghai, China",Specialty Chemicals,310000,540,5200.0,12.380952380952381,-2920.0,-6.9523809523809526,-3790.0,-9.023809523809524,-6026.0,-14.347619047619048,91.99000000000001,799.826124755488,912.8450336883286,113.01890893284065,0.12062595088024343,0.013475331449684852,0.00013475331449684853,98.81944444444444,83.8,98.6,81.6513447222222,80,70,77777.77777777778,85.20370370370371
mostly17-8abc-4313-abcd-f776904c8681,mostly38-99b2-4e72-9abc-04e54ebda318,2025-05-01,58000.0,94.8,95.7,1.5,0.3,98.1,1,0,5820.0,8800,150.0,6350,31575.0,3320,1200,2050,920,1400,8400,250,193.0,Zenith Industrial Gases Center,"Port Elizabeth, South Africa",Polymers,220000,540,-25225.0,-397.244094488189,-32225.0,-507.4803149606299,-33625.0,-529.5275590551181,-34068.0,-536.503937007874,96.06,544.3965517241379,109.48275862068965,-434.91379310344826,0.1003448275862069,0.15172413793103448,0.002586206896551724,99.79166666666667,94.8,99.7,94.3186925,80,100,11759.25925925926,107.4074074074074
mostly89-8bcd-4f01-92d9-d026e9d65e72,mostly3d-07ee-4c7e-b97b-bd8c4c590562,2023-09-01,15520.0,96.2,94.8,2.9,1.8,96.2,1,0,1260.0,16240,132.0,44950,4780.0,3320,6050,4240,198,288,7400,59,720.0,GreenLeaf Agrochem Ltd.,"Shanghai, China",Specialty Chemicals,310000,540,40170.0,89.36596218020021,33058.0,73.54393770856508,32770.0,72.90322580645162,31991.0,71.17018909899889,95.78,307.9896907216495,2896.262886597938,2588.273195876289,0.08118556701030928,1.0463917525773196,0.008505154639175257,99.59722222222223,96.2,98.2,94.08790227777779,80,100,83240.74074074074,28.74074074074074
mostly62-bd37-4112-a937-c05c70f49bca,mostly3e-5718-4622-8e6a-4df993a1a435,2024-09-01,48860.0,89.7,92.9,5.2,1.2,96.2,1,0,980.0,13340,49.7,6290,36450.0,17650,6040,2500,190,612,10000,200,903.0,Zenith Industrial Gases Center,"Odense, Denmark",Specialty Chemicals,900000,2100,-30160.0,-479.4912559618442,-39548.0,-628.7440381558029,-40160.0,-638.4737678855327,-41263.0,-656.0095389507154,92.60999999999999,746.0090053213262,128.73516168645108,-617.2738436348751,0.02005730659025788,0.27302496930004094,0.0010171919770773639,99.27777777777777,89.7,98.8,87.98354066666666,80,100,2995.2380952380954,23.266666666666666
mostly19-9fad-4911-bbe3-0a412128e79c,mostly3e-d700-4222-a8a3-37b188162e1d,2024-01-01,77980.0,78.2,92.1,1.9,0.4,97.2,1,0,5650.0,14200,44.3,46000,31500.0,20350,5900,460,1900,1260,4810,165,900.0,GreenLeaf Agrochem Ltd.,"Odense, Denmark",Agrochemicals,480000,1500,14500.0,31.521739130434785,10950.0,23.804347826086957,9690.0,21.065217391304348,8625.0,18.75,88.07,403.94973070017954,589.8948448320082,185.94511413182863,0.07245447550654013,0.182097973839446,0.0005680943831751731,99.73611111111111,78.2,99.6,77.68166433333333,80,100,30666.666666666668,51.986666666666665
mostlya1-718e-4789-b98a-78a4a5272ce4,mostly44-202d-4b2b-8da4-4d1d4bb1a0ba,2023-10-01,9750.0,96.2,97.5,2.4,0.4,99.4,1,0,6200.0,585,165.0,51040,37350.0,21660,1300,3750,900,1220,4400,205,1285.0,Zenith Industrial Gases Center,"Odense, Denmark",Industrial Gases,220000,540,13690.0,26.822100313479623,10510.0,20.59169278996865,9290.0,18.20141065830721,7800.0,15.282131661442005,97.55,3830.769230769231,5234.871794871795,1404.102564102564,0.6358974358974359,0.06,0.016923076923076923,99.66666666666667,96.2,99.6,95.495816,80,100,94518.51851851853,18.055555555555557
mostlyb3-30ac-4462-9feb-3bbfcd473d30,mostly54-2ddc-4872-873b-4052e1b4490c,2023-01-01,44850.0,83.2,97.2,12.3,1.4,96.5,1,0,5140.0,14700,42.1,56000,39450.0,25000,4550,1980,201,955,1330,59,180.0,GreenLeaf Agrochem Ltd.,"Shanghai, China",Agrochemicals,480000,3200,16550.0,29.55357142857143,16175.0,28.88392857142857,15220.0,27.17857142857143,14981.0,26.751785714285713,91.39,879.5986622073578,1248.6064659977703,369.0078037904125,0.11460423634336678,0.3277591973244147,0.0009386845039018952,98.29166666666667,83.2,98.6,80.63376533333334,80,100,17500.0,14.015625
mostlyef-684d-43e7-afa2-83e7cdbbf315,mostly59-c3e9-40f7-ac4f-b346f6bae76c,2023-01-01,14960.0,75.3,92.6,8.5,1.4,99.5,1,0,5600.0,8750,127.0,6420,39500.0,22350,5980,420,1860,1420,8280,153,192.0,Zenith Industrial Gases Center,"Odense, Denmark",Specialty Chemicals,480000,1500,-33080.0,-515.2647975077881,-39940.0,-622.1183800623053,-41360.0,-644.2367601246107,-41705.0,-649.6105919003115,87.75,2640.3743315508023,429.14438502673795,-2211.2299465240644,0.37433155080213903,0.5848930481283422,0.008489304812834225,98.81944444444444,75.3,98.6,73.36928708333333,80,100,4280.0,9.973333333333333
mostly13-043e-4f1b-9771-2d9ab62ec682,mostly62-759f-49d8-a424-34f052c4866c,2024-01-01,8800.0,86.0,92.1,3.2,0.87,99.5,1,0,5950.0,13050,10.2,44950,34650.0,19000,4384,462,1900,645,4600,68,2100.0,Zenith Industrial Gases Center,"Odense, Denmark",Agrochemicals,310000,1500,10300.0,22.914349276974416,6345.0,14.115684093437153,5700.0,12.680756395995552,3532.0,7.85761957730812,91.88000000000001,3937.5,5107.954545454545,1170.454545454545,0.6761363636363636,1.4829545454545454,0.001159090909090909,99.55555555555556,86.0,99.13,84.8729031111111,80,100,29966.666666666668,5.866666666666666
mostly42-b66b-4997-8388-6114b036ecb5,mostly63-ad26-4687-af9d-0c9618738954,2025-05-01,47050.0,92.4,95.7,4.0,1.1,96.5,0,0,980.0,9180,146.0,6960,31900.0,22410,6920,2000,940,908,9510,190,2260.0,GreenLeaf Agrochem Ltd.,"Odense, Denmark",Specialty Chemicals,220000,860,-24940.0,-358.33333333333337,-33542.0,-481.92528735632186,-34450.0,-494.97126436781616,-36900.0,-530.1724137931035,94.62,678.0021253985122,147.9277364505845,-530.0743889479278,0.020828905419766206,0.1951115834218916,0.0031030818278427203,99.44444444444444,92.4,98.9,90.87591333333334,100,100,8093.023255813953,54.7093023255814
mostly6e-afa6-4ca5-aaeb-a063522c4ded,mostly6c-0f1f-4f56-8d59-43a4e56f0674,2024-06-01,48240.0,88.8,98.0,5.5,0.25,97.2,1,0,5590.0,9050,46.5,6360,4720.0,26850,5650,493,1180,950,1290,64,1230.0,Nordic Specialty Plastics Plant,"Odense, Denmark",Petrochemical,310000,2100,1640.0,25.78616352201258,1300.0,20.440251572327046,350.0,5.50314465408805,-944.0,-14.842767295597485,94.08,97.8441127694859,131.8407960199005,33.99668325041459,0.11587893864013267,0.18760364842454394,0.0009639303482587065,99.23611111111111,88.8,99.75,87.9013625,80,100,3028.5714285714284,22.97142857142857
mostlya7-ed45-49eb-a09f-2c7272717eb2,mostly6f-0d72-49bb-a495-4d980ea68d41,2023-03-01,15650.0,93.1,96.0,1.8,0.82,97.4,1,0,5880.0,17650,145.0,6820,5260.0,16500,1300,3360,940,1490,8990,58,770.0,GreenLeaf Agrochem Ltd.,"Port Elizabeth, South Africa",Industrial Gases,900000,860,1560.0,22.87390029325513,-5940.0,-87.09677419354838,-7430.0,-108.94428152492668,-8258.0,-121.0850439882698,95.26,336.10223642172525,435.78274760383385,99.6805111821086,0.3757188498402556,1.1277955271565496,0.00926517571884984,99.75,93.1,99.18,92.10573855,80,100,7930.232558139535,18.197674418604652
mostly2a-041b-48c5-b48a-c4baa38de7cd,mostly78-2094-4a64-ba04-eda5dd04a086,2023-01-01,15040.0,94.0,94.7,5.6,1.4,97.1,1,0,7320.0,13640,174.0,44000,5030.0,25800,7100,2420,1010,950,8700,175,2275.0,Zenith Industrial Gases Center,Singapore,Petrochemical,310000,540,38970.0,88.56818181818183,31220.0,70.95454545454545,30270.0,68.79545454545455,27820.0,63.227272727272734,95.14,334.4414893617021,2925.531914893617,2591.0904255319147,0.4867021276595745,0.9069148936170213,0.011569148936170212,99.22222222222223,94.0,98.6,91.96312444444445,80,100,81481.48148148147,27.85185185185185
mostly15-a848-4b12-8731-5875919cbff2,mostly78-6843-47de-b058-eb46723a75a7,2024-01-01,11400.0,83.8,98.5,2.2,0.86,97.5,2,1,5840.0,9160,7.1,52050,4860.0,26150,5660,2050,222,1260,5460,145,1993.0,Zenith Industrial Gases Center,"Shanghai, China",Agrochemicals,310000,3200,47190.0,90.6628242074928,42990.0,82.59365994236312,41730.0,80.17291066282421,39592.0,76.0653218059558,92.32000000000001,426.3157894736842,4565.789473684211,4139.473684210527,0.512280701754386,0.8035087719298246,0.0006228070175438597,99.69444444444444,83.8,99.14,82.82546652222223,60,70,16265.625,3.5625
mostlya1-9011-4814-84a1-30e765a34bf1,mostly7a-46e2-4205-8d8d-4f12d545a33c,2025-05-01,15380.0,91.6,94.6,1.4,0.25,99.0,1,0,1360.0,9180,46.8,52500,4760.0,25900,4600,428,1220,283,1260,250,900.0,GreenLeaf Agrochem Ltd.,"Shanghai, China",Agrochemicals,310000,3200,47740.0,90.93333333333334,46763.0,89.07238095238095,46480.0,88.53333333333333,45330.0,86.34285714285714,94.72,309.4928478543563,3413.524057217165,3104.031209362809,0.08842652795838751,0.5968790637191157,0.0030429128738621585,99.80555555555556,91.6,99.75,91.19333416666666,80,100,16406.25,4.80625
mostlya4-7ff2-4422-b8b2-f66bc0872b97,mostly7a-7b82-4661-86c1-0b3a2c084d49,2023-01-01,8350.0,89.3,93.7,5.5,0.3,96.8,0,0,4200.5,585,152.0,6290,35500.0,21920,5020,1950,205,1220,1260,190,780.0,Nordic Specialty Plastics Plant,"Houston, United States",Specialty Chemicals,220000,860,-29210.0,-464.3879173290938,-29250.0,-465.0238473767885,-30470.0,-484.4197138314786,-31440.0,-499.8410174880763,92.87,4251.497005988024,753.2934131736527,-3498.2035928143714,0.5030538922155688,0.07005988023952096,0.01820359281437126,99.23611111111111,89.3,99.7,88.35199368055555,100,100,7313.953488372093,9.709302325581396
mostly49-ba58-400c-acbe-982a42f4f895,mostly89-1676-407e-a736-b5c01ff93138,2023-09-01,16220.0,95.3,93.5,7.0,0.3,96.9,1,0,7080.0,560,9.0,6840,4650.0,3320,6100,493,193,268,8600,215,2275.0,Aurora Petrochemicals Complex,"Port Elizabeth, South Africa",Industrial Gases,310000,540,2190.0,32.01754385964912,-6142.0,-89.79532163742691,-6410.0,-93.71345029239765,-8900.0,-130.1169590643275,95.24,286.6831072749692,421.70160295930947,135.01849568434028,0.436498150431566,0.0345252774352651,0.0005548705302096178,99.02777777777779,95.3,99.7,94.09035180555556,80,100,12666.666666666666,30.037037037037038
mostlyc9-4c0a-4d49-8d1a-b5798a2235df,mostly9d-1e33-486f-ab67-fbeed1945f92,2025-05-01,15850.0,88.9,96.8,1.9,0.15,99.4,1,1,6700.0,8200,125.0,53900,32950.0,3430,1220,449,980,260,1320,61,186.0,Nordic Specialty Plastics Plant,"Shanghai, China",Agrochemicals,220000,540,20950.0,38.868274582560296,19890.0,36.901669758812616,19630.0,36.41929499072356,19383.0,35.96103896103896,94.42,2078.8643533123027,3400.6309148264986,1321.766561514196,0.4227129337539432,0.5173501577287066,0.007886435331230283,99.73611111111111,88.9,99.85,88.53240467361111,80,70,99814.81481481482,29.35185185185185
mostly20-9879-434a-916c-c55b158e6fd1,mostlya7-fcf7-4455-9b2f-19eb0fd41fa6,2024-10-01,8800.0,94.8,93.7,7.9,1.8,97.6,0,0,5750.0,17000,132.0,6630,36450.0,3180,1355,3380,970,288,4920,250,900.0,GreenLeaf Agrochem Ltd.,"Odense, Denmark",Polymers,310000,3200,-29820.0,-449.7737556561086,-34452.0,-519.6380090497738,-34740.0,-523.9819004524887,-35890.0,-541.3273001508296,95.31,4142.045454545455,753.4090909090909,-3388.636363636364,0.6534090909090909,1.9318181818181819,0.015,98.90277777777779,94.8,98.2,92.07215633333334,100,100,2071.875,2.75
mostly90-5ddb-4011-8613-f3f0210011a0,mostlyaa-e8ae-43bc-b45a-e54663f90d39,2023-08-01,15300.0,88.0,98.5,6.2,1.4,96.0,2,0,6900.0,15340,130.0,55200,34687.5,21950,7000,470,1760,1295,7950,61,188.0,Zenith Industrial Gases Center,"Port Elizabeth, South Africa",Industrial Gases,310000,1500,20512.5,37.16032608695652,13857.5,25.104166666666668,12562.5,22.758152173913043,12313.5,22.307065217391305,93.55,2267.156862745098,3607.843137254902,1340.6862745098042,0.45098039215686275,1.0026143790849673,0.00849673202614379,99.13888888888889,88.0,98.6,86.02083111111111,60,100,36800.0,10.2
mostly0f-8689-4bf3-bced-39346638ec07,mostlyb2-b784-45e2-a7f5-300e1a30c7fc,2023-03-01,46220.0,83.0,97.5,6.3,0.89,98.1,2,0,860.3,9080,122.0,6960,4860.0,25000,6650,440,222,287,4780,168,1360.0,GreenLeaf Agrochem Ltd.,"Shanghai, China",Specialty Chemicals,220000,540,2100.0,30.17241379310345,-2393.0,-34.382183908045974,-2680.0,-38.50574712643678,-4208.0,-60.45977011494252,91.88000000000001,105.14928602336651,150.5841627001298,45.434876676763295,0.0186131544785807,0.1964517524881004,0.0026395499783643445,99.12500000000001,83.0,99.11,81.54151362500001,60,100,12888.888888888889,85.5925925925926
mostly78-d4a4-477e-bbcd-2b629e03dedd,mostlyb3-6de1-444e-bb2b-db078b60974c,2023-11-01,15120.0,82.6,95.0,5.4,0.3,99.4,2,0,5930.0,560,44.6,6400,4920.0,3150,5340,470,1020,1450,1305,140,195.0,Nordic Specialty Plastics Plant,"Odense, Denmark",Agrochemicals,720000,2100,1480.0,23.125,1625.0,25.390625,175.0,2.734375,-160.0,-2.5,91.36,325.3968253968254,423.2804232804233,97.88359788359787,0.3921957671957672,0.037037037037037035,0.00294973544973545,99.25,82.6,99.7,81.73455849999999,60,100,3047.6190476190477,7.2
mostlycc-b545-4778-9537-a09976303a9c,mostlyb6-bb83-4b5d-a5ca-6d6a07bd2ade,2023-04-01,14820.0,83.8,93.3,6.2,1.1,97.9,0,1,7080.0,9120,49.7,51500,4990.0,3320,5400,4400,1900,985,9310,178,910.0,Aurora Petrochemicals Complex,"Port Elizabeth, South Africa",Petrochemical,310000,540,46510.0,90.31067961165049,38185.0,74.14563106796116,37200.0,72.23300970873787,36112.0,70.12038834951456,90.88000000000001,336.7071524966262,3475.033738191633,3138.3265856950065,0.4777327935222672,0.6153846153846154,0.0033535762483130906,99.13888888888889,83.8,98.9,82.16452661111113,100,70,95370.37037037036,27.444444444444443
mostlydc-adbb-4cd2-8763-674325013cf8,mostlyb9-9300-4ba4-b04c-e7c8ecef616a,2024-02-01,9600.0,83.5,97.9,3.8,1.2,96.2,0,1,5250.0,8940,45.8,50120,34500.0,24650,6700,4180,1320,922,7950,170,2251.0,GreenLeaf Agrochem Ltd.,"Houston, United States",Polymers,220000,1500,15620.0,31.165203511572226,8592.0,17.142857142857142,7670.0,15.303272146847565,5249.0,10.472865123703112,91.63000000000001,3593.75,5220.833333333333,1627.083333333333,0.546875,0.93125,0.004770833333333333,99.47222222222223,83.5,98.8,82.06259388888888,100,70,33413.333333333336,6.4
mostly03-9520-4305-803c-ea91ad6c07a8,mostlybf-daa1-4491-9752-b83928c87cf0,2023-01-01,10780.0,83.1,92.5,7.0,1.2,95.9,0,0,6160.0,9040,5.3,55000,4650.0,3350,1350,1700,920,1335,8280,188,1030.0,Nordic Specialty Plastics Plant,"Port Elizabeth, South Africa",Agrochemicals,480000,3200,50350.0,91.54545454545455,43405.0,78.91818181818182,42070.0,76.49090909090908,40852.0,74.27636363636364,89.76000000000002,431.3543599257885,5102.040816326531,4670.686456400743,0.5714285714285714,0.8385899814471243,0.0004916512059369203,99.02777777777779,83.1,98.8,81.30457833333334,100,100,17187.5,3.36875
mostly51-057d-4af7-a998-c3ad05c64769,mostlyc5-c789-419a-a952-0eba208a5cc0,2025-05-01,9600.0,91.7,91.8,4.3,0.78,97.9,2,0,5610.0,8200,7.5,6810,5010.0,3340,6860,2500,1000,985,9510,69,199.0,GreenLeaf Agrochem Ltd.,"Port Elizabeth, South Africa",Agrochemicals,220000,3200,1800.0,26.431718061674008,-6725.0,-98.75183553597651,-7710.0,-113.215859030837,-7978.0,-117.15124816446402,93.58999999999999,521.875,709.375,187.5,0.584375,0.8541666666666666,0.00078125,99.40277777777779,91.7,99.22,90.44135891388889,60,100,2128.125,3.0
mostly94-6b61-4f72-9c83-99c58075bdfa,mostlyc5-cc27-4e4b-bdb4-6b9b051c0714,2023-05-01,14820.0,91.6,93.2,11.2,0.95,99.6,1,0,5680.0,13050,7.1,47310,41000.0,17650,6820,3100,1220,1400,1290,240,1260.0,Horizon Polymers Campus,"Shanghai, China",Industrial Gases,310000,540,6310.0,13.337560769393363,6420.0,13.570069752694991,5020.0,10.610864510674276,3520.0,7.440287465652082,94.48,2766.531713900135,3192.3076923076924,425.77597840755743,0.3832658569500675,0.8805668016194332,0.0004790823211875843,98.44444444444443,91.6,99.05,89.31844755555552,80,100,87611.11111111111,27.444444444444443
mostly14-a86e-45a9-bb3c-2274e0cfbfba,mostlyd2-17a5-447a-b00f-1610fd6cf6d5,2024-10-01,79230.0,80.5,94.1,7.4,0.6,97.6,1,1,5790.0,14340,43.7,54700,37050.0,3240,1240,456,1220,1260,5160,140,995.0,Nordic Specialty Plastics Plant,"Port Elizabeth, South Africa",Specialty Chemicals,310000,3200,17650.0,32.26691042047532,13750.0,25.13711151736746,12490.0,22.833638025594148,11355.0,20.758683729433272,89.71000000000001,467.62589928057554,690.3950523791493,222.76915309857378,0.07307837940174176,0.18099204846648997,0.0005515587529976019,98.97222222222223,80.5,99.4,79.19460305555558,80,70,17093.75,24.759375
mostlyc7-2136-4a94-8b37-27a5a092388c,mostlyd3-11a5-4b50-8790-19b86e9e9975,2025-01-01,10680.0,94.0,96.0,2.2,0.85,98.5,0,1,6500.0,8600,44.0,6840,33600.0,3440,5450,456,201,284,9310,59,2177.5,Nordic Specialty Plastics Plant,"Houston, United States",Specialty Chemicals,720000,860,-26760.0,-391.22807017543863,-35786.0,-523.187134502924,-36070.0,-527.3391812865497,-38306.5,-560.0365497076023,95.94999999999999,3146.067415730337,640.4494382022472,-2505.61797752809,0.6086142322097379,0.8052434456928839,0.004119850187265918,99.69444444444444,94.0,99.15,92.91621916666666,100,70,7953.488372093023,12.418604651162791
mostlya4-4fb9-4388-977c-35812474ce6a,mostlyd6-b834-4855-bd11-7daada02dde1,2023-09-01,9400.0,92.3,92.3,1.2,0.9,97.9,1,0,6900.0,8850,115.0,50120,34200.0,26850,5480,4050,1150,1180,4200,71,990.0,Nordic Specialty Plastics Plant,"Odense, Denmark",Agrochemicals,480000,860,15920.0,31.763766959297683,12900.0,25.738228252194734,11720.0,23.38387869114126,10659.0,21.266959297685556,93.97999999999999,3638.2978723404253,5331.914893617021,1693.617021276596,0.7340425531914894,0.9414893617021277,0.01223404255319149,99.83333333333333,92.3,99.1,91.31685116666665,80,100,58279.06976744186,10.930232558139535
mostly6a-1e46-4005-891a-1409ec1b22e0,mostlyda-790f-41ae-8bf1-7f121af10997,2023-04-01,63550.0,94.1,97.6,1.2,0.75,97.2,0,0,4870.0,13640,49.1,46000,33600.0,3230,1250,4300,1720,850,10560,59,195.0,Nordic Specialty Plastics Plant,"Odense, Denmark",Specialty Chemicals,310000,2100,12400.0,26.956521739130434,2690.0,5.8478260869565215,1840.0,4.0,1586.0,3.4478260869565216,96.08,528.7175452399686,723.8394964594808,195.1219512195122,0.07663257277734067,0.2146341463414634,0.0007726199842643588,99.83333333333333,94.1,99.25,93.23859291666666,100,100,21904.761904761905,30.261904761904763
mostly89-79d0-4f69-b8e8-7b34975ce149,mostlydc-ed6d-412a-9c7e-35136fb68bb5,2025-05-01,14250.0,82.5,95.0,7.9,0.2,96.3,1,0,5980.0,9120,9.4,6590,37000.0,24650,1200,2380,180,910,10200,70,990.0,GreenLeaf Agrochem Ltd.,Singapore,Specialty Chemicals,900000,540,-30410.0,-461.4567526555387,-39700.0,-602.4279210925645,-40610.0,-616.236722306525,-41670.0,-632.3216995447648,90.38999999999999,2596.4912280701756,462.4561403508772,-2134.035087719298,0.41964912280701755,0.64,0.0006596491228070176,98.90277777777779,82.5,99.8,81.43160208333333,80,100,12203.703703703704,26.38888888888889
mostly9c-bd2c-4738-99fb-5d73c29f33e5,mostlye4-419d-4d08-9639-789ce6d03230,2023-11-01,74820.0,93.0,92.0,9.8,0.9,96.5,2,0,5880.0,585,127.0,55100,29600.0,3300,1325,4020,212,1200,9040,225,2105.0,Zenith Industrial Gases Center,"Shanghai, China",Specialty Chemicals,480000,2100,25500.0,46.27949183303085,17660.0,32.0508166969147,16460.0,29.87295825771325,14130.0,25.644283121597095,93.75000000000001,395.6161454156643,736.4341085271318,340.8179631114675,0.07858861267040898,0.007818765036086608,0.0016974071103982892,98.6388888888889,93.0,99.1,90.90855916666668,60,100,26238.095238095237,35.628571428571426
mostlybd-ccf8-4cdd-9d5d-8bf900ac7d0c,mostlye6-a6d6-4fac-8296-564dfd183483,2023-04-01,9600.0,96.4,96.1,2.2,0.78,98.7,0,0,5960.0,13640,140.0,48450,32300.0,22540,5020,3100,1200,915,9040,61,795.0,Horizon Polymers Campus,"Port Elizabeth, South Africa",Industrial Gases,900000,2100,16150.0,33.33333333333333,8025.0,16.563467492260063,7110.0,14.674922600619194,6254.0,12.908152734778122,97.0,3364.5833333333335,5046.875,1682.2916666666665,0.6208333333333333,1.4208333333333334,0.014583333333333334,99.69444444444444,96.4,99.22,95.3558219777778,100,100,23071.428571428572,4.571428571428571
mostlye3-47c9-40a4-97ca-c5fd33f8970b,mostlyeb-105a-4a9b-b2a0-d3949843c8c9,2023-04-01,79230.0,86.0,96.2,11.2,0.6,99.4,1,0,1070.0,17650,128.0,6460,5250.0,3200,6800,3990,1010,1200,4920,205,183.0,Nordic Specialty Plastics Plant,"Shanghai, China",Agrochemicals,220000,860,1210.0,18.730650154798763,-2510.0,-38.85448916408669,-3710.0,-57.43034055727554,-4098.0,-63.43653250773994,93.08000000000001,66.26277925028398,81.5347721822542,15.271992931970217,0.013504985485295974,0.22276915309857379,0.0016155496655307334,98.44444444444443,86.0,99.4,84.15424888888889,80,100,7511.627906976744,92.12790697674419
mostly07-e9bf-4d44-bacf-b25f80aa4798,mostlyeb-f4ba-4b55-b718-8ecb1d4850a0,2025-05-01,45500.0,92.2,93.2,1.0,0.7,98.5,1,0,7450.0,620,127.0,6550,31575.0,17000,7550,4200,1300,288,9510,58,185.0,Horizon Polymers Campus,"Port Elizabeth, South Africa",Industrial Gases,220000,860,-25025.0,-382.0610687022901,-34247.0,-522.8549618320611,-34535.0,-527.2519083969466,-34778.0,-530.9618320610687,94.39,693.9560439560439,143.95604395604394,-550.0,0.16373626373626374,0.013626373626373627,0.002791208791208791,99.86111111111111,92.2,99.3,91.42744083333334,80,100,7616.279069767442,52.906976744186046
mostlyba-9496-4093-9a07-6535504a2782,mostlyf3-9c94-4094-a8c9-7f546863a750,2023-01-01,47310.0,94.3,95.5,3.2,0.87,97.2,0,0,1220.0,560,122.0,48240,4760.0,26850,1305,4360,850,930,8400,185,870.0,GreenLeaf Agrochem Ltd.,"Houston, United States",Polymers,220000,540,43480.0,90.13266998341625,36010.0,74.64759535655058,35080.0,72.71973466003317,34025.0,70.53275290215588,95.52999999999999,100.61297822870429,1019.6575776791376,919.0445994504333,0.02578735996618051,0.011836820968082858,0.002578735996618051,99.55555555555556,94.3,99.13,93.06412515555554,100,100,89333.33333333333,87.61111111111111
mostlyc6-4812-40f1-9efb-6ee916802238,mostlyf4-ce46-463a-a097-67d7ff1942d9,2025-05-01,51000.0,89.6,92.0,4.2,1.4,96.5,1,0,5700.0,8200,120.4,51900,5030.0,19980,5800,3990,222,1200,5660,280,760.0,Zenith Industrial Gases Center,"Port Elizabeth, South Africa",Specialty Chemicals,900000,860,46870.0,90.30828516377649,42410.0,81.71483622350675,41210.0,79.40269749518303,40170.0,77.39884393063583,92.39,98.62745098039215,1017.6470588235294,919.0196078431372,0.11176470588235295,0.1607843137254902,0.0023607843137254904,99.41666666666666,89.6,98.6,87.83025066666664,80,100,60348.83720930233,59.30232558139535
mostly84-f913-4984-afde-6502cead2744,mostlyf6-b04f-4b31-9966-024a241c2450,2023-05-01,14875.0,93.9,93.1,2.0,0.8,98.8,1,0,6700.0,9010,131.0,42800,4940.0,3360,4480,4500,1320,922,1345,66,198.0,Nordic Specialty Plastics Plant,"Odense, Denmark",Agrochemicals,720000,3200,37860.0,88.45794392523364,37437.0,87.4696261682243,36515.0,85.31542056074767,36251.0,84.69859813084112,95.13000000000001,332.10084033613447,2877.3109243697477,2545.2100840336134,0.4504201680672269,0.6057142857142858,0.008806722689075631,99.72222222222223,93.9,99.2,92.89005333333334,80,100,13375.0,4.6484375
mostly8d-36aa-4a6e-bf59-f478dfdbdca2,mostlyfa-c5f5-4788-8ec4-467088d908e6,2023-06-01,47310.0,88.3,95.7,2.8,1.8,97.9,1,0,1070.0,8580,43.5,45200,34507.5,3340,6920,1850,1780,1310,8420,145,865.0,GreenLeaf Agrochem Ltd.,Singapore,Specialty Chemicals,900000,860,10692.5,23.655973451327434,3582.5,7.9258849557522115,2272.5,5.027654867256637,1262.5,2.793141592920354,93.40000000000002,729.3912492073557,955.4005495666878,226.0093003593321,0.022616782921158318,0.1813570069752695,0.0009194673430564363,99.61111111111111,88.3,98.2,86.37339211111112,80,100,52558.13953488372,55.01162790697674
mostly90-a66f-4bc9-9c42-aedd7953f130,mostlyfa-fb5b-407e-ad1e-8b9303a5b640,2023-07-01,15120.0,90.8,96.8,12.3,0.78,99.8,1,0,845.0,12540,146.0,6840,4650.0,3210,6100,1950,1600,1440,8420,160,990.0,Zenith Industrial Gases Center,Singapore,Agrochemicals,720000,540,2190.0,32.01754385964912,-4790.0,-70.02923976608187,-6230.0,-91.08187134502924,-7380.0,-107.89473684210526,95.3,307.53968253968253,452.3809523809524,144.84126984126988,0.05588624338624339,0.8293650793650794,0.009656084656084656,98.29166666666667,90.8,99.22,88.55269243333332,80,100,12666.666666666666,28.0
mostly25-f7ac-4f94-8960-9ef2a4e1fbbb,mostlyfb-07df-48c0-b2f9-ef4db0e080d7,2023-04-01,10680.0,92.0,98.3,3.6,1.6,96.5,1,0,7000.0,15880,47.6,54120,39050.0,20300,1245,4120,190,270,8200,69,2242.5,Horizon Polymers Campus,"Port Elizabeth, South Africa",Specialty Chemicals,480000,540,15070.0,27.84552845528455,7140.0,13.19290465631929,6870.0,12.694013303769403,4558.5,8.422949002217294,95.24000000000001,3656.3670411985017,5067.4157303370785,1411.0486891385767,0.6554307116104869,1.4868913857677903,0.004456928838951311,99.5,92.0,98.4,90.07536,80,100,100222.22222222222,19.77777777777778
mostly40-3da2-4ce3-b2fd-b5e356bd8e68,mostlyfb-088f-4bac-b2b6-c42ba07b63a2,2024-10-01,10850.0,88.9,92.7,12.3,1.1,98.2,1,1,1080.0,545,48.2,45200,37000.0,3380,1275,490,1650,1510,9004,280,204.0,GreenLeaf Agrochem Ltd.,"Port Elizabeth, South Africa",Specialty Chemicals,220000,3200,8200.0,18.141592920353983,706.0,1.5619469026548674,-804.0,-1.7787610619469028,-1288.0,-2.849557522123894,92.83,3410.138248847926,4165.898617511521,755.7603686635944,0.09953917050691244,0.05023041474654378,0.0044423963133640556,98.29166666666667,88.9,98.9,86.42009745833334,80,70,14125.0,3.390625
mostly30-c4f1-4054-aeec-121f66a162e4,mostlyfe-1b7b-494b-b25c-d2c6fcbc5350,2025-01-01,53550.0,81.7,97.8,3.6,1.2,96.5,1,1,5650.0,15350,146.0,53550,4650.0,22950,4520,487,193,1320,9620,58,720.0,GreenLeaf Agrochem Ltd.,"Houston, United States",Industrial Gases,720000,860,48900.0,91.31652661064426,40600.0,75.81699346405229,39280.0,73.35200746965452,38502.0,71.89915966386555,90.97000000000001,86.83473389355743,1000.0,913.1652661064426,0.10550887021475257,0.28664799253034545,0.0027264239028944913,99.5,81.7,98.8,80.31600200000001,80,70,62267.441860465115,62.26744186046512
mostlya5-edd8-46bf-92d3-77707e638fe3,mostly03-e230-4b86-89e3-2437361d2a1b,2025-04-01,77980.0,81.9,95.2,12.3,1.4,98.7,1,0,5750.0,17000,8.0,46250,32000.0,3440,5580,3100,900,1350,8600,180,2177.5,GreenLeaf Agrochem Ltd.,"Odense, Denmark",Specialty Chemicals,310000,1500,14250.0,30.810810810810814,7000.0,15.135135135135137,5650.0,12.216216216216216,3292.5,7.1189189189189195,90.93,410.36163118748397,593.1007950756605,182.7391638881765,0.07373685560400102,0.21800461656835085,0.000102590407796871,98.29166666666667,81.9,98.6,79.37386275,80,100,30833.333333333332,51.986666666666665
mostly76-241c-45e9-b09b-9d9bcc03daac,mostly07-3886-4b9c-8a2b-dca52e1984cc,2023-09-01,9200.0,88.8,92.0,6.0,1.4,96.3,2,0,4620.0,9040,143.0,50650,29820.0,19500,6700,472,980,1520,8400,158,1345.0,GreenLeaf Agrochem Ltd.,"Port Elizabeth, South Africa",Specialty Chemicals,310000,3200,20830.0,41.1253701875617,13950.0,27.541954590325762,12430.0,24.54096742349457,10927.0,21.57354392892399,92.00999999999999,3241.304347826087,5505.434782608696,2264.130434782609,0.5021739130434782,0.9826086956521739,0.015543478260869565,99.16666666666667,88.8,98.6,86.82716,60,100,15828.125,2.875
mostly6e-00e0-4832-8fc6-61cc226e2469,mostly07-cd99-43d0-8285-01fdc02e6e47,2025-05-01,54120.0,90.8,94.5,12.3,0.25,98.5,0,0,1005.0,8890,6.8,6360,35500.0,3520,4601,1780,1720,1470,8990,70,198.0,Aurora Petrochemicals Complex,"Houston, United States",Industrial Gases,480000,540,-29140.0,-458.1761006289308,-36660.0,-576.4150943396227,-38130.0,-599.5283018867925,-38398.0,-603.7421383647799,94.22,655.949741315595,117.51662971175166,-538.4331116038434,0.018569844789356985,0.16426459719142647,0.00012564671101256467,98.29166666666667,90.8,99.75,89.02571125,100,100,11777.777777777777,100.22222222222223
mostly09-da8c-4bc1-960f-373ba3654681,mostly0b-fb2d-457c-9452-28988817db5a,2024-07-01,45200.0,71.2,93.0,7.4,0.7,96.3,2,0,1260.0,8780,8.7,42000,33350.0,24050,7550,4500,1860,289,8420,168,1520.0,Nordic Specialty Plastics Plant,"Odense, Denmark",Specialty Chemicals,900000,540,8650.0,20.595238095238095,519.0,1.2357142857142855,230.0,0.5476190476190477,-1458.0,-3.471428571428571,85.27,737.8318584070796,929.2035398230089,191.3716814159293,0.027876106194690265,0.19424778761061948,0.00019247787610619468,98.97222222222223,71.2,99.3,69.97494466666667,60,100,77777.77777777778,83.70370370370371
mostlye3-7b59-499e-a21a-8a0d6ff3cdad,mostly14-961f-4774-b83f-89889f11a6ae,2024-09-01,10780.0,93.5,97.8,1.5,0.75,97.1,2,0,5140.0,13640,133.0,6500,34200.0,21660,4705,3600,1400,273,10200,195,1285.0,GreenLeaf Agrochem Ltd.,"Odense, Denmark",Specialty Chemicals,480000,1500,-27700.0,-426.15384615384613,-37627.0,-578.876923076923,-37900.0,-583.0769230769231,-39380.0,-605.8461538461539,95.87,3172.5417439703156,602.9684601113172,-2569.5732838589984,0.47680890538033394,1.2653061224489797,0.012337662337662338,99.79166666666667,93.5,99.25,92.60541927083335,60,100,4333.333333333333,7.1866666666666665
mostlyfd-9079-4e63-bf8c-a52ee4d6ef96,mostly16-b055-4b92-b52f-4a869e53cd33,2023-07-01,76240.0,84.5,96.1,6.2,0.15,99.5,1,1,4200.5,13850,9.6,47250,36000.0,22350,5500,478,193,900,1305,61,2350.0,GreenLeaf Agrochem Ltd.,"Houston, United States",Petrochemical,220000,860,11250.0,23.809523809523807,10845.0,22.952380952380953,9945.0,21.047619047619047,7534.0,15.944973544973545,92.48,472.19307450157396,619.7534102833158,147.56033578174186,0.05509575026232948,0.18166316894018888,0.00012591815320041973,99.13888888888889,84.5,99.85,83.64670256944443,80,70,54941.86046511628,88.65116279069767
mostly59-be48-403f-946c-3581acebb509,mostly17-fa72-4dea-8e8c-7998b1f4e06f,2023-12-01,14250.0,93.1,93.0,4.3,0.4,97.5,1,1,1180.0,14100,141.0,47050,42450.0,20600,6600,2480,1200,1310,8200,68,187.0,Zenith Industrial Gases Center,"Port Elizabeth, South Africa",Industrial Gases,220000,540,4600.0,9.77683315621679,-2290.0,-4.867162592986185,-3600.0,-7.65143464399575,-3855.0,-8.193411264612115,94.39,2978.9473684210525,3301.754385964912,322.80701754385973,0.08280701754385965,0.9894736842105263,0.009894736842105263,99.40277777777779,93.1,99.6,92.17381016666667,80,70,87129.62962962964,26.38888888888889
mostly91-eb4c-4206-a081-83cc1bebc1c8,mostly21-8842-49a4-871a-e936721d11b9,2023-11-01,54120.0,81.9,97.1,6.1,1.0,96.0,1,1,5850.0,510,171.0,50650,5260.0,3540,5750,481,950,284,5320,71,1005.0,Aurora Petrochemicals Complex,"Port Elizabeth, South Africa",Specialty Chemicals,220000,860,45390.0,89.61500493583415,40354.0,79.67226061204343,40070.0,79.11154985192498,38994.0,76.98716683119447,90.69,97.19142645971914,935.8832224685883,838.6917960088692,0.10809312638580931,0.009423503325942351,0.0031596452328159644,99.15277777777777,81.9,99.0,80.39406375,80,70,58895.348837209305,62.93023255813954
mostly3b-767a-4fc8-876f-1f3fd49d9975,mostly23-c1e3-404f-9978-e4c1606bd2a4,2023-02-01,50120.0,85.0,97.3,5.6,0.87,98.7,1,0,5590.0,11200,52.3,6570,30700.0,22650,6900,4400,200,870,7000,215,201.0,Horizon Polymers Campus,"Odense, Denmark",Polymers,220000,860,-24130.0,-367.275494672755,-30260.0,-460.57838660578386,-31130.0,-473.82039573820396,-31546.0,-480.1522070015221,92.8,612.5299281723862,131.0853950518755,-481.44453312051075,0.11153232242617718,0.22346368715083798,0.0010434956105347167,99.22222222222223,85.0,99.13,83.60514055555555,80,100,7639.53488372093,58.27906976744186
mostly2a-40a7-422e-bcd9-3a6e3ce93e3a,mostly24-75d3-4c33-9fa1-6148064115b5,2025-02-01,63550.0,84.0,92.1,6.2,0.7,98.7,0,0,980.0,15450,9.8,6660,5010.0,21500,5600,1850,1760,1500,4600,145,860.0,Nordic Specialty Plastics Plant,"Odense, Denmark",Petrochemical,310000,540,1650.0,24.774774774774773,-1450.0,-21.77177177177177,-2950.0,-44.294294294294296,-3955.0,-59.38438438438438,90.84,78.83556254917387,104.7993705743509,25.96380802517703,0.015420928402832415,0.24311565696302123,0.00015420928402832418,99.13888888888889,84.0,99.3,82.69373,100,100,12333.333333333334,117.68518518518519
mostly27-ed68-439d-8de5-65c92772f2bb,mostly27-ff64-483a-9ce2-cde487b54e8d,2023-01-01,51040.0,78.0,95.5,4.1,0.4,98.5,1,0,5680.0,17320,132.0,56300,29600.0,20600,6550,462,1780,1010,1330,280,202.0,Horizon Polymers Campus,"Houston, United States",Agrochemicals,310000,540,26700.0,47.42451154529307,26380.0,46.856127886323264,25370.0,45.06216696269982,24888.0,44.206039076376555,89.4,579.9373040752351,1103.0564263322883,523.1191222570532,0.11128526645768025,0.3393416927899687,0.002586206896551724,99.43055555555556,78.0,99.6,77.24561,80,100,104259.25925925926,94.51851851851852
mostly61-69e0-4d0e-bf76-7f7c521550b5,mostly2b-eb41-4c45-87f9-a2d9b98a0512,2025-03-01,79230.0,82.5,94.9,3.0,0.85,98.3,1,0,5790.0,16190,174.0,44875,4960.0,26250,1250,4500,1500,281,7600,62,790.0,Nordic Specialty Plastics Plant,Singapore,Specialty Chemicals,220000,1500,39915.0,88.94707520891365,32596.0,72.63732590529249,32315.0,72.01114206128135,31463.0,70.11253481894151,90.96,62.602549539315916,566.3889940679036,503.78644452858765,0.07307837940174176,0.20434178972611386,0.0021961378265808406,99.58333333333333,82.5,99.15,81.457921875,80,100,29916.666666666668,52.82
mostly3e-e747-476f-97b3-98961cd4329f,mostly2d-8e90-431f-88e0-aa59ccb808f6,2025-05-01,10780.0,94.3,93.9,7.0,0.88,97.5,2,0,5400.0,14700,44.9,6750,30250.0,20600,7200,4500,180,271,9100,60,780.0,Nordic Specialty Plastics Plant,"Port Elizabeth, South Africa",Industrial Gases,310000,860,-23500.0,-348.14814814814815,-32329.0,-478.94814814814816,-32600.0,-482.962962962963,-33440.0,-495.40740740740745,95.14,2806.122448979592,626.1595547309834,-2179.9628942486083,0.5009276437847866,1.3636363636363635,0.004165120593692022,99.02777777777779,94.3,99.12,92.56142233333333,60,100,7848.837209302325,12.534883720930232
mostly59-d73b-4628-ae3a-a302e7da56a3,mostly30-607a-43ed-bab4-4d8de9274684,2023-01-01,11120.0,93.9,96.6,3.4,0.2,97.1,1,0,1310.0,15670,6.3,44000,5010.0,3380,1260,476,1020,270,7600,152,880.0,Nordic Specialty Plastics Plant,Singapore,Agrochemicals,220000,540,38990.0,88.61363636363636,31660.0,71.95454545454545,31390.0,71.3409090909091,30358.0,68.99545454545455,95.67,450.53956834532374,3956.834532374101,3506.294964028777,0.11780575539568346,1.4091726618705036,0.0005665467625899281,99.52777777777779,93.9,99.8,93.26967016666667,80,100,81481.48148148147,20.59259259259259
mostly04-dbb4-488d-bcfc-877f273df959,mostly33-29da-4fef-a00d-aed05b50b7a4,2024-09-01,16540.0,71.2,94.6,4.1,0.15,95.9,0,0,4620.0,17650,43.7,7020,29820.0,25050,6650,2500,1820,625,5160,58,760.0,GreenLeaf Agrochem Ltd.,"Odense, Denmark",Agrochemicals,220000,1500,-22800.0,-324.78632478632477,-27335.0,-389.3874643874644,-27960.0,-398.29059829059827,-28778.0,-409.9430199430199,85.63000000000001,1802.9020556227329,424.4256348246675,-1378.4764207980654,0.279322853688029,1.0671100362756953,0.0026420798065296255,99.43055555555556,71.2,99.85,70.68836372222222,100,100,4680.0,11.026666666666667
mostlybb-d5ac-475c-a514-7c5464461816,mostly34-0d12-4ec9-af4a-10baf03ea964,2023-01-01,50650.0,89.6,97.4,3.8,0.4,98.9,2,1,5590.0,14200,5.6,53550,4880.0,21800,6000,1780,1720,289,8990,153,196.0,Nordic Specialty Plastics Plant,Singapore,Specialty Chemicals,480000,860,48670.0,90.88702147525677,39969.0,74.63865546218487,39680.0,74.09897292250234,39331.0,73.44724556489263,94.73,96.34748272458046,1057.2556762092793,960.9081934846988,0.11036525172754195,0.28035538005923,0.00011056268509378085,99.47222222222223,89.6,99.6,88.77060266666666,60,70,62267.441860465115,58.895348837209305
mostlyef-52aa-4a53-a5c4-3bbde07218f4,mostly34-70df-4c08-a73d-1c5d05804a66,2023-04-01,10450.0,78.4,95.0,1.5,1.5,97.6,1,1,7000.0,15340,140.0,41280,32880.0,3360,5800,3250,193,1310,10240,215,193.0,Nordic Specialty Plastics Plant,"Shanghai, China",Specialty Chemicals,310000,540,8400.0,20.348837209302324,-530.0,-1.2839147286821706,-1840.0,-4.457364341085271,-2248.0,-5.445736434108527,89.14,3146.4114832535884,3950.2392344497607,803.8277511961724,0.6698564593301436,1.4679425837320574,0.013397129186602871,99.79166666666667,78.4,98.5,77.06311666666666,80,70,76444.44444444444,19.35185185185185
mostlyd5-9792-4f90-a670-d6a4d65ed621,mostly38-99b2-4e72-9abc-04e54ebda318,2024-01-01,10780.0,93.5,95.9,2.8,1.6,95.9,1,0,4200.5,12400,9.8,53400,39050.0,26850,1310,420,860,980,5160,210,187.0,Zenith Industrial Gases Center,"Port Elizabeth, South Africa",Polymers,220000,540,14350.0,26.872659176029963,10170.0,19.04494382022472,9190.0,17.209737827715355,8793.0,16.466292134831463,94.94,3622.4489795918366,4953.617810760667,1331.1688311688308,0.38965677179962893,1.150278293135436,0.0009090909090909092,99.61111111111111,93.5,98.4,91.64620666666669,80,100,98888.88888888889,19.962962962962962
mostly00-78d4-4dfd-adbd-459ae408efdc,mostly3d-07ee-4c7e-b97b-bd8c4c590562,2023-05-01,9400.0,87.8,94.9,5.4,0.86,96.8,1,1,5610.0,14080,50.5,54700,35200.0,20640,6400,2050,190,625,1330,195,995.0,GreenLeaf Agrochem Ltd.,"Shanghai, China",Specialty Chemicals,310000,540,19500.0,35.64899451553931,18795.0,34.36014625228519,18170.0,33.217550274223036,16980.0,31.04204753199269,92.63,3744.68085106383,5819.148936170212,2074.4680851063827,0.5968085106382979,1.4978723404255319,0.005372340425531915,99.25,87.8,99.14,86.39208310000001,80,70,101296.29629629629,17.40740740740741
mostly45-b258-4089-b4bc-ef6ff385ec85,mostly3e-5718-4622-8e6a-4df993a1a435,2025-05-01,16100.0,78.0,98.3,3.3,0.25,98.5,0,0,5700.0,9010,43.8,54800,33765.0,22650,5650,1950,970,1540,7950,65,805.0,Zenith Industrial Gases Center,"Odense, Denmark",Specialty Chemicals,900000,2100,21035.0,38.38503649635037,14625.0,26.68795620437956,13085.0,23.877737226277375,12215.0,22.29014598540146,90.24,2097.204968944099,3403.726708074534,1306.521739130435,0.35403726708074534,0.5596273291925465,0.002720496894409938,99.54166666666667,78.0,99.75,77.44839375000001,100,100,26095.238095238095,7.666666666666667
mostly3f-88ef-454d-8c57-e288e59fb7eb,mostly3e-d700-4222-a8a3-37b188162e1d,2023-08-01,51000.0,89.9,92.0,2.7,1.6,98.0,1,1,1310.0,17320,6.8,6660,36450.0,26150,5020,487,180,1460,10560,151,1200.0,GreenLeaf Agrochem Ltd.,"Odense, Denmark",Agrochemicals,480000,1500,-29790.0,-447.2972972972973,-38890.0,-583.933933933934,-40350.0,-605.8558558558558,-41701.0,-626.1411411411411,92.96,714.7058823529412,130.58823529411765,-584.1176470588235,0.025686274509803923,0.3396078431372549,0.00013333333333333334,99.625,89.9,98.4,88.129869,80,70,4440.0,34.0
mostly90-39ce-49bc-8de7-835105e1baa3,mostly44-202d-4b2b-8da4-4d1d4bb1a0ba,2023-09-01,70520.0,86.0,97.1,6.3,1.2,99.7,0,0,5570.0,8200,174.0,52000,34050.0,3500,5800,3600,205,633,4400,156,1385.0,Zenith Industrial Gases Center,"Odense, Denmark",Industrial Gases,220000,540,17950.0,34.51923076923077,14183.0,27.275,13550.0,26.05769230769231,12009.0,23.09423076923077,93.43999999999998,482.8417470221214,737.379466817924,254.53771979580262,0.07898468519568917,0.11627906976744186,0.002467385138967669,99.12500000000001,86.0,98.8,84.22453000000002,100,100,96296.29629629629,130.59259259259258
mostly77-7f2b-49f8-97d3-9c9391a5fac6,mostly54-2ddc-4872-873b-4052e1b4490c,2024-02-01,14520.0,98.0,97.3,2.7,0.95,98.2,1,0,845.0,8980,7.1,6660,40650.0,21900,4210,3450,1500,273,1280,190,1200.0,GreenLeaf Agrochem Ltd.,"Shanghai, China",Agrochemicals,480000,3200,-33990.0,-510.36036036036035,-34997.0,-525.4804804804805,-35270.0,-529.5795795795796,-36660.0,-550.4504504504505,97.85,2799.586776859504,458.6776859504132,-2340.909090909091,0.058195592286501376,0.6184573002754821,0.0004889807162534435,99.625,98.0,99.05,96.70499124999999,80,100,2081.25,4.5375
mostlyb9-17ba-41b3-9d96-61c04b2c5da5,mostly59-c3e9-40f7-ac4f-b346f6bae76c,2023-09-01,77980.0,89.6,98.3,7.9,0.5,96.8,2,1,1140.0,14950,142.0,51900,38500.0,24650,5700,3990,1600,1280,5340,270,1080.0,Zenith Industrial Gases Center,"Odense, Denmark",Specialty Chemicals,480000,1500,13400.0,25.818882466281313,9340.0,17.996146435452793,8060.0,15.529865125240846,6710.0,12.928709055876686,94.37,493.7163375224417,665.5552705822006,171.83893305975892,0.014619133111054117,0.19171582457040268,0.00182097973839446,98.90277777777779,89.6,99.5,88.17380444444444,60,70,34600.0,51.986666666666665
mostlyb9-d84c-4149-8c38-e9bf0329ac4b,mostly62-759f-49d8-a424-34f052c4866c,2023-05-01,46250.0,89.5,97.0,2.8,0.3,96.7,1,0,1010.0,8890,52.3,50120,39500.0,26250,5980,3950,1400,645,9450,153,196.0,Zenith Industrial Gases Center,"Odense, Denmark",Agrochemicals,310000,1500,10620.0,21.189146049481245,1815.0,3.6213088587390265,1170.0,2.3343974461292896,821.0,1.638068635275339,93.91000000000001,854.0540540540541,1083.6756756756756,229.62162162162156,0.021837837837837836,0.1922162162162162,0.0011308108108108107,99.61111111111111,89.5,99.7,88.88448861111112,80,100,33413.333333333336,30.833333333333332
mostlyf3-2b26-4076-a188-7077cb15a0e4,mostly63-ad26-4687-af9d-0c9618738954,2023-12-01,9750.0,76.0,92.6,5.6,1.8,98.1,1,0,1030.0,15880,46.1,57000,5260.0,22540,4800,3450,1860,270,9310,240,1060.0,GreenLeaf Agrochem Ltd.,"Odense, Denmark",Specialty Chemicals,220000,860,51740.0,90.7719298245614,42700.0,74.91228070175438,42430.0,74.43859649122807,41130.0,72.15789473684211,87.61000000000001,539.4871794871794,5846.153846153846,5306.666666666666,0.10564102564102563,1.6287179487179486,0.004728205128205128,99.22222222222223,76.0,98.2,74.05152888888891,80,100,66279.06976744186,11.337209302325581
mostly35-957a-4617-b92a-0353d9d4cde6,mostly6c-0f1f-4f56-8d59-43a4e56f0674,2024-08-01,10850.0,81.9,94.7,4.5,0.86,97.2,1,0,1255.0,16650,44.6,51000,4650.0,24500,1250,2480,1780,870,9510,60,186.0,Nordic Specialty Plastics Plant,"Odense, Denmark",Petrochemical,310000,2100,46350.0,90.88235294117646,37710.0,73.94117647058823,36840.0,72.23529411764706,36594.0,71.75294117647059,90.33000000000001,428.57142857142856,4700.460829493088,4271.889400921659,0.11566820276497695,1.5345622119815667,0.004110599078341014,99.375,81.9,99.14,80.68818712500001,80,100,24285.714285714286,5.166666666666667
mostly8e-6a3b-4f9e-aca4-019eea54bd62,mostly6f-0d72-49bb-a495-4d980ea68d41,2023-01-01,15040.0,85.0,95.5,4.3,0.89,96.7,1,1,860.3,14950,6.3,54700,36000.0,17000,4350,481,1220,260,1315,58,203.0,GreenLeaf Agrochem Ltd.,"Port Elizabeth, South Africa",Industrial Gases,900000,860,18700.0,34.18647166361974,17645.0,32.25776965265082,17385.0,31.782449725776967,17124.0,31.305301645338208,91.66000000000001,2393.6170212765956,3636.968085106383,1243.3510638297876,0.05720079787234042,0.9940159574468085,0.0004188829787234042,99.40277777777779,85.0,99.11,83.74037909722223,80,70,63604.651162790695,17.488372093023255
mostlybf-3437-43c4-a4c5-9f50b38ca52c,mostly78-2094-4a64-ba04-eda5dd04a086,2023-04-01,9750.0,78.4,98.3,6.2,0.4,98.9,0,0,5570.0,8350,46.2,44875,43350.0,25150,5480,420,1900,1450,1285,210,198.0,Zenith Industrial Gases Center,Singapore,Petrochemical,310000,540,1525.0,3.3983286908077996,1690.0,3.766016713091922,240.0,0.5348189415041783,-168.0,-0.3743732590529248,90.52,4446.153846153846,4602.5641025641025,156.4102564102568,0.5712820512820512,0.8564102564102564,0.004738461538461539,99.13888888888889,78.4,99.6,77.41398933333333,100,100,83101.85185185185,18.055555555555557
mostly3c-aeb3-44a6-a9c3-f121d35fca3e,mostly78-6843-47de-b058-eb46723a75a7,2023-07-01,50650.0,78.0,97.5,3.6,1.8,98.7,2,0,6030.0,585,5.3,57000,42450.0,3370,7400,472,1020,955,10040,280,187.0,Zenith Industrial Gases Center,"Shanghai, China",Agrochemicals,310000,3200,14550.0,25.526315789473685,5465.0,9.587719298245615,4510.0,7.912280701754386,4043.0,7.092982456140351,90.06,838.1046396841066,1125.370187561698,287.2655478775914,0.1190523198420533,0.01154985192497532,0.00010463968410661401,99.5,78.0,98.2,76.21302,60,100,17812.5,15.828125
mostly63-c2da-42f6-b4ff-ba3808375318,mostly7a-46e2-4205-8d8d-4f12d545a33c,2023-06-01,48860.0,83.1,94.5,6.9,1.2,96.8,1,1,5680.0,8350,46.5,6360,31500.0,21660,1270,1800,1000,1540,1335,151,900.0,GreenLeaf Agrochem Ltd.,"Shanghai, China",Agrochemicals,310000,3200,-25140.0,-395.2830188679245,-24935.0,-392.05974842767296,-26475.0,-416.2735849056604,-27526.0,-432.79874213836484,90.63,644.6991404011461,130.16782644289808,-514.531313958248,0.11625051166598445,0.17089643880474825,0.0009516987310683586,99.04166666666667,83.1,98.8,81.3159815,80,70,1987.5,15.26875
mostly97-6d66-401e-8268-2b04d1c4232a,mostly7a-7b82-4661-86c1-0b3a2c084d49,2023-01-01,15380.0,80.1,89.7,3.1,0.4,97.7,2,0,1290.0,17000,8.7,39760,31575.0,24650,6020,4500,990,600,4700,280,188.0,Nordic Specialty Plastics Plant,"Houston, United States",Specialty Chemicals,220000,860,8185.0,20.586016096579478,4085.0,10.274144869215291,3485.0,8.765090543259557,3017.0,7.588028169014084,88.26,2052.9908972691806,2585.1755526658,532.1846553966193,0.08387516254876463,1.105331599479844,0.000565669700910273,99.56944444444444,80.1,99.6,79.4361045,60,100,46232.558139534885,17.88372093023256
mostlyb4-951e-4ebe-a7b5-308da7e4cf9c,mostly89-1676-407e-a736-b5c01ff93138,2023-08-01,10850.0,77.9,95.7,9.5,0.89,98.5,0,0,1030.0,15670,134.0,55800,42450.0,19850,6350,2620,950,260,1335,188,1260.0,Aurora Petrochemicals Complex,"Port Elizabeth, South Africa",Industrial Gases,310000,540,13350.0,23.9247311827957,12275.0,21.99820788530466,12015.0,21.532258064516128,10567.0,18.93727598566308,89.42,3912.442396313364,5142.857142857143,1230.414746543779,0.09493087557603687,1.4442396313364054,0.012350230414746545,98.68055555555556,77.9,99.11,76.18799061805555,100,100,103333.33333333333,20.09259259259259
mostly68-048d-4619-a485-5f2a49b97e85,mostly9d-1e33-486f-ab67-fbeed1945f92,2024-08-01,14990.0,91.0,92.2,4.0,1.3,98.1,2,0,4480.0,8750,44.3,6700,32950.0,3200,5800,3920,900,1420,5360,69,1230.0,Nordic Specialty Plastics Plant,"Shanghai, China",Agrochemicals,220000,540,-26250.0,-391.7910447761194,-30190.0,-450.5970149253732,-31610.0,-471.7910447761194,-32909.0,-491.179104477612,93.49000000000001,2198.132088058706,446.9646430953969,-1751.167444963309,0.2988659106070714,0.5837224816544363,0.00295530353569046,99.44444444444444,91.0,98.7,89.31801666666667,60,100,12407.407407407407,27.75925925925926
mostly7d-7866-494b-9bcd-9b7311660398,mostlya7-fcf7-4455-9b2f-19eb0fd41fa6,2025-01-01,15240.0,94.0,97.2,4.3,0.92,98.1,1,1,6720.0,9040,7.5,54200,34050.0,19500,7200,1850,860,1500,1310,175,2242.5,GreenLeaf Agrochem Ltd.,"Odense, Denmark",Polymers,310000,3200,20150.0,37.17712177121771,20340.0,37.52767527675277,18840.0,34.760147601476014,16422.5,30.29981549815498,96.19,2234.251968503937,3556.4304461942256,1322.1784776902887,0.4409448818897638,0.5931758530183727,0.0004921259842519685,99.40277777777779,94.0,99.08,92.57897588888889,80,70,16937.5,4.7625
mostlyae-3e5a-4f83-a736-87f881da0696,mostlyaa-e8ae-43bc-b45a-e54663f90d39,2023-07-01,46220.0,95.0,97.6,3.3,0.85,98.2,1,0,5790.0,14700,136.0,6725,5030.0,20850,1250,457,1900,1510,9180,165,1030.0,Zenith Industrial Gases Center,"Port Elizabeth, South Africa",Industrial Gases,310000,1500,1695.0,25.20446096654275,-5975.0,-88.84758364312268,-7485.0,-111.30111524163569,-8680.0,-129.07063197026022,96.74000000000001,108.8273474686283,145.4997836434444,36.6724361748161,0.12527044569450455,0.31804413673734316,0.002942449156209433,99.54166666666667,95.0,99.15,93.760784375,80,100,4483.333333333333,30.813333333333333
mostlyf5-b371-4f9a-9218-8198ab6e0907,mostlyb2-b784-45e2-a7f5-300e1a30c7fc,2025-05-01,15850.0,84.7,94.5,4.5,0.7,96.8,1,0,1220.0,15350,44.0,6660,4780.0,21800,7000,1800,1180,985,5180,68,835.0,GreenLeaf Agrochem Ltd.,"Shanghai, China",Specialty Chemicals,220000,540,1880.0,28.22822822822823,-2315.0,-34.75975975975976,-3300.0,-49.549549549549546,-4203.0,-63.108108108108105,91.27,301.5772870662461,420.1892744479495,118.61198738170344,0.07697160883280757,0.9684542586750788,0.00277602523659306,99.375,84.7,99.3,83.581430625,80,100,12333.333333333334,29.35185185185185
mostly23-75dd-47ab-abde-41c9cca11980,mostlyb3-6de1-444e-bb2b-db078b60974c,2025-05-01,16620.0,82.0,97.6,2.4,0.9,98.5,1,0,1150.0,9120,165.0,46220,32000.0,21900,1325,3600,900,880,10350,240,1020.0,Nordic Specialty Plastics Plant,"Odense, Denmark",Agrochemicals,720000,2100,14220.0,30.765902206836866,4750.0,10.276936391172653,3870.0,8.372998701860666,2610.0,5.646906101254868,91.63,1925.3910950661852,2780.9867629362216,855.5956678700363,0.06919374247894103,0.5487364620938628,0.009927797833935019,99.66666666666667,82.0,99.1,80.99112666666667,80,100,22009.52380952381,7.914285714285715
mostly88-07ba-4293-8521-972e3c9894f9,mostlyb6-bb83-4b5d-a5ca-6d6a07bd2ade,2023-06-01,46000.0,85.2,94.9,4.6,0.5,96.9,1,1,5980.0,8450,6.5,54800,42000.0,25900,6100,420,190,1275,5400,60,785.0,Aurora Petrochemicals Complex,"Port Elizabeth, South Africa",Petrochemical,310000,540,12800.0,23.357664233576642,8675.0,15.83029197080292,7400.0,13.503649635036496,6555.0,11.961678832116789,91.61999999999999,913.0434782608696,1191.304347826087,278.2608695652174,0.13,0.18369565217391304,0.00014130434782608694,99.36111111111111,85.2,99.5,84.23238833333333,80,70,101481.48148148147,85.18518518518519
mostly6d-4ee2-4ba2-8ade-e1280c01da02,mostlyb9-9300-4ba4-b04c-e7c8ecef616a,2024-08-01,42000.5,91.7,92.0,1.4,0.78,98.3,1,0,6960.0,560,10.2,6420,4800.0,19500,6550,472,205,642,5660,210,950.0,GreenLeaf Agrochem Ltd.,"Houston, United States",Polymers,220000,1500,1620.0,25.233644859813083,-3398.0,-52.928348909657316,-4040.0,-62.928348909657316,-5200.0,-80.99688473520249,93.77,114.28435375769337,152.85532315091487,38.5709693932215,0.16571231294865538,0.013333174605064226,0.00024285425173509837,99.80555555555556,91.7,99.22,90.80782522777777,80,100,4280.0,28.000333333333334
mostly15-6281-466e-ac69-c0c904fa9be4,mostlybf-daa1-4491-9752-b83928c87cf0,2023-08-01,15610.0,95.2,92.0,2.1,0.78,97.2,1,0,5650.0,9120,146.0,6820,42000.0,3420,6520,4470,1700,272,8000,58,204.0,Nordic Specialty Plastics Plant,"Port Elizabeth, South Africa",Agrochemicals,480000,3200,-35180.0,-515.8357771260997,-42908.0,-629.149560117302,-43180.0,-633.1378299120234,-43442.0,-636.9794721407625,94.84,2690.5829596412555,436.89942344650865,-2253.683536194747,0.36194746957078794,0.5842408712363869,0.009352978859705317,99.70833333333333,95.2,99.22,94.18193913333333,80,100,2131.25,4.878125
mostly9a-3270-4e60-8005-2850eb35e397,mostlyc5-c789-419a-a952-0eba208a5cc0,2023-08-01,16140.0,85.2,93.3,8.5,1.6,97.2,1,1,5520.0,14700,44.7,52000,36450.0,3210,1330,3750,212,273,1240,67,1300.0,GreenLeaf Agrochem Ltd.,"Port Elizabeth, South Africa",Agrochemicals,220000,3200,15550.0,29.903846153846153,14583.0,28.044230769230772,14310.0,27.519230769230766,12943.0,24.890384615384615,91.23,2258.364312267658,3221.80916976456,963.4448574969019,0.3420074349442379,0.9107806691449815,0.0027695167286245354,98.81944444444444,85.2,98.4,82.84706,80,70,16250.0,5.04375
mostlycf-9f25-42e2-9620-365eb5b15ee3,mostlyc5-cc27-4e4b-bdb4-6b9b051c0714,2023-10-01,46250.0,87.4,93.2,6.2,1.0,96.5,1,0,4300.0,590,46.0,45900,5210.0,3420,1200,3320,210,900,5400,70,187.0,Horizon Polymers Campus,"Shanghai, China",Industrial Gases,310000,540,40690.0,88.64923747276688,36190.0,78.84531590413944,35290.0,76.88453159041394,35033.0,76.32461873638344,91.87,112.64864864864865,992.4324324324324,879.7837837837837,0.09297297297297297,0.012756756756756757,0.0009945945945945946,99.13888888888889,87.4,99.0,85.78091500000001,80,100,85000.0,85.64814814814815
mostly42-c988-4c6b-9ce8-7974cdaebcc0,mostlyd2-17a5-447a-b00f-1610fd6cf6d5,2023-07-01,74820.0,97.0,92.3,3.8,1.5,97.6,2,0,845.0,9160,6.5,6725,5000.0,24050,6580,4200,1000,279,9900,270,1440.0,Nordic Specialty Plastics Plant,"Port Elizabeth, South Africa",Specialty Chemicals,310000,3200,1725.0,25.650557620817843,-7896.0,-117.41263940520446,-8175.0,-121.56133828996283,-9885.0,-146.98884758364312,95.77,66.82705159048383,89.88238438920075,23.05533279871692,0.011293771718791767,0.12242715851376637,8.687516706762898e-05,99.47222222222223,97.0,98.5,95.04073472222223,60,100,2101.5625,23.38125
mostly23-ec7f-4bde-a9ba-4da5e623b9ff,mostlyd3-11a5-4b50-8790-19b86e9e9975,2023-04-01,9100.0,89.3,94.2,11.2,1.3,98.2,1,1,5790.0,13850,47.2,49750,31900.0,21300,4384,493,218,1290,9450,68,798.0,Nordic Specialty Plastics Plant,"Houston, United States",Specialty Chemicals,720000,860,17850.0,35.879396984924625,9690.0,19.477386934673365,8400.0,16.884422110552762,7534.0,15.143718592964825,93.44,3505.4945054945056,5467.0329670329675,1961.538461538462,0.6362637362637362,1.521978021978022,0.0051868131868131875,98.44444444444443,89.3,98.7,86.76804733333331,80,70,57848.83720930233,10.581395348837209
mostly9d-5f79-45fb-99c1-8cb8d5461db3,mostlyd6-b834-4855-bd11-7daada02dde1,2023-09-01,61000.0,93.0,96.2,5.6,0.8,96.8,2,1,5840.0,11450,45.4,41200,38500.0,3320,5400,3250,1060,284,4600,188,188.0,Nordic Specialty Plastics Plant,"Odense, Denmark",Agrochemicals,480000,860,2700.0,6.553398058252427,-1616.0,-3.9223300970873787,-1900.0,-4.611650485436893,-2276.0,-5.524271844660194,95.10000000000001,631.1475409836065,675.4098360655738,44.262295081967295,0.09573770491803278,0.18770491803278688,0.0007442622950819672,99.22222222222223,93.0,99.2,91.53845333333335,60,70,47906.976744186046,70.93023255813954
mostlya2-165c-4e47-8dc0-96aa5ac195cd,mostlyda-790f-41ae-8bf1-7f121af10997,2023-07-01,15650.0,92.0,94.1,1.4,1.3,99.0,1,0,4200.5,12540,46.2,6525,42000.0,24050,7000,4400,900,1540,5180,63,202.0,Nordic Specialty Plastics Plant,"Odense, Denmark",Specialty Chemicals,310000,2100,-35475.0,-543.6781609195402,-39115.0,-599.463601532567,-40655.0,-623.0651340996169,-40920.0,-627.1264367816092,94.73,2683.70607028754,416.9329073482428,-2266.7731629392974,0.26840255591054313,0.8012779552715655,0.0029520766773162943,99.80555555555556,92.0,98.7,90.62743666666667,80,100,3107.1428571428573,7.4523809523809526
mostly21-a4e7-42b8-9b24-3489e7622758,mostlydc-ed6d-412a-9c7e-35136fb68bb5,2023-09-01,46010.0,93.0,97.9,5.4,0.8,98.3,2,1,1005.0,15450,43.5,46200,27050.0,23800,5020,2150,218,265,5480,280,1440.0,GreenLeaf Agrochem Ltd.,Singapore,Specialty Chemicals,900000,540,19150.0,41.450216450216445,13935.0,30.162337662337663,13670.0,29.588744588744586,11950.0,25.865800865800864,96.06000000000002,587.9156705064116,1004.1295370571615,416.2138665507499,0.021843077591827863,0.3357965659639209,0.0009454466420343404,99.25,93.0,99.2,91.56408000000002,60,70,85555.55555555556,85.20370370370371
mostly0f-57f9-4c91-a824-2df0564facfc,mostlye4-419d-4d08-9639-789ce6d03230,2023-09-01,9200.0,89.9,93.1,6.0,1.8,97.9,1,1,6030.0,9090,140.0,43520,34125.0,21500,1245,4360,1600,274,1350,158,181.0,Zenith Industrial Gases Center,"Shanghai, China",Specialty Chemicals,480000,2100,9395.0,21.58777573529412,8319.0,19.115349264705884,8045.0,18.485753676470587,7706.0,17.706801470588236,93.26,3709.2391304347825,4730.434782608696,1021.1956521739135,0.6554347826086957,0.9880434782608696,0.015217391304347827,99.16666666666667,89.9,98.2,87.54611833333334,80,70,20723.809523809523,4.380952380952381
mostlyc2-2ff5-4c22-9d7f-19ab3debd006,mostlye6-a6d6-4fac-8296-564dfd183483,2023-07-01,15040.0,80.1,98.0,9.8,0.4,96.8,2,0,5850.0,8890,120.4,52000,38000.0,24650,4480,481,1700,618,9000,152,2170.0,Horizon Polymers Campus,"Port Elizabeth, South Africa",Industrial Gases,900000,2100,14000.0,26.923076923076923,5618.0,10.803846153846154,5000.0,9.615384615384617,2678.0,5.1499999999999995,90.48,2526.595744680851,3457.446808510638,930.8510638297871,0.38896276595744683,0.5910904255319149,0.008005319148936171,98.6388888888889,80.1,99.6,78.693711,60,100,24761.904761904763,7.161904761904762
mostlyb3-0439-4a11-bdf6-e5a9a5360aa2,mostlyeb-105a-4a9b-b2a0-d3949843c8c9,2023-07-01,15820.0,84.0,89.7,1.7,0.8,98.9,0,0,4740.0,13340,128.0,6290,33350.0,3180,6800,445,222,281,8710,270,1440.0,Nordic Specialty Plastics Plant,"Shanghai, China",Agrochemicals,220000,860,-27060.0,-430.20667726550084,-35489.0,-564.2130365659777,-35770.0,-568.6804451510334,-37480.0,-595.866454689984,90.17999999999999,2108.0910240202275,397.59797724399493,-1710.4930467762324,0.2996207332490518,0.843236409608091,0.00809102402022756,99.76388888888889,84.0,99.2,83.13125333333333,100,100,7313.953488372093,18.3953488372093
mostly11-e1f8-4967-a4b4-de2cc2b0ad2f,mostlyeb-f4ba-4b55-b718-8ecb1d4850a0,2023-08-01,10320.0,89.7,91.8,9.8,0.8,96.3,0,0,4480.0,8200,8.5,54800,42000.0,20500,5650,2580,980,283,1240,151,790.0,Horizon Polymers Campus,"Port Elizabeth, South Africa",Industrial Gases,220000,860,12800.0,23.357664233576642,11843.0,21.611313868613138,11560.0,21.094890510948904,10619.0,19.37773722627737,92.31,4069.767441860465,5310.077519379845,1240.3100775193802,0.43410852713178294,0.7945736434108527,0.0008236434108527132,98.6388888888889,89.7,99.2,87.77125066666667,100,100,63720.93023255814,12.0
mostly2c-140d-409e-8d9f-90b4749755d3,mostlyf3-9c94-4094-a8c9-7f546863a750,2023-03-01,9600.0,82.5,95.0,3.1,0.4,96.2,1,0,6500.0,520,7.5,6350,40850.0,21050,1230,1950,217,1440,4200,210,193.0,GreenLeaf Agrochem Ltd.,"Houston, United States",Polymers,220000,540,-34500.0,-543.3070866141733,-37260.0,-586.7716535433071,-38700.0,-609.4488188976378,-39103.0,-615.7952755905511,90.36,4255.208333333333,661.4583333333334,-3593.7499999999995,0.6770833333333334,0.05416666666666667,0.00078125,99.56944444444444,82.5,99.6,81.81621249999999,80,100,11759.25925925926,17.77777777777778
mostly99-fb00-4c42-855a-76bf4e882ac6,mostlyf4-ce46-463a-a097-67d7ff1942d9,2023-04-01,15960.0,81.0,95.1,3.8,0.25,99.4,0,0,1050.0,8920,174.0,43840,5030.0,25900,7550,3850,1020,285,9000,65,903.0,Zenith Industrial Gases Center,"Port Elizabeth, South Africa",Specialty Chemicals,900000,860,38810.0,88.52645985401459,30095.0,68.64735401459853,29810.0,67.99726277372264,28842.0,65.78923357664233,90.75000000000001,315.16290726817044,2746.8671679197996,2431.7042606516293,0.06578947368421052,0.5588972431077694,0.010902255639097745,99.47222222222223,81.0,99.75,80.37106875000002,100,100,50976.74418604651,18.558139534883722
mostly4a-0130-4a23-a776-bdfaa4146ec1,mostlyf6-b04f-4b31-9966-024a241c2450,2023-10-01,61000.0,88.0,98.0,6.0,0.87,97.8,1,0,6160.0,9010,6.2,47800,31500.0,23000,5250,1860,224,285,7000,148,2300.0,Nordic Specialty Plastics Plant,"Odense, Denmark",Agrochemicals,720000,3200,16300.0,34.10041841004184,9585.0,20.052301255230127,9300.0,19.456066945606697,6852.0,14.334728033472805,93.94,516.3934426229508,783.6065573770492,267.21311475409834,0.10098360655737705,0.14770491803278687,0.00010163934426229508,99.16666666666667,88.0,99.13,86.50744666666667,80,100,14937.5,19.0625
mostly79-d942-4ee3-a906-1c023c874991,mostlyfa-c5f5-4788-8ec4-467088d908e6,2024-08-01,50120.0,97.0,98.0,5.0,0.95,96.2,1,1,7450.0,8600,141.0,50500,31575.0,19000,5250,2385,920,910,7800,165,910.0,GreenLeaf Agrochem Ltd.,Singapore,Specialty Chemicals,900000,860,18925.0,37.475247524752476,12035.0,23.83168316831683,11125.0,22.02970297029703,10050.0,19.900990099009903,97.05999999999999,629.9880287310455,1007.5818036711892,377.5937749401437,0.14864325618515561,0.17158818834796488,0.002813248204309657,99.30555555555556,97.0,99.05,95.41128819444444,80,70,58720.93023255814,58.27906976744186
mostly94-d5e2-4ad0-9836-d448010a11f3,mostlyfa-fb5b-407e-ad1e-8b9303a5b640,2023-04-01,77980.0,92.3,97.9,4.6,0.6,96.7,1,0,5610.0,14490,120.4,7020,41850.0,24500,6350,425,1820,1400,4920,69,192.0,Zenith Industrial Gases Center,Singapore,Agrochemicals,720000,540,-34830.0,-496.1538461538462,-38350.0,-546.2962962962963,-39750.0,-566.2393162393163,-40011.0,-569.957264957265,95.30000000000001,536.6760707873814,90.0230828417543,-446.65298794562705,0.07194152346755578,0.18581687612208259,0.0015439856373429086,99.36111111111111,92.3,99.4,91.16004372222223,80,100,13000.0,144.40740740740742
mostly41-d648-4bff-a1e3-d99df8ad4f64,mostlyfb-07df-48c0-b2f9-ef4db0e080d7,2023-12-01,9050.0,91.6,96.6,12.3,1.4,98.0,1,1,5250.0,15450,50.5,55600,36000.0,22500,1200,2150,1030,1015,4300,140,1520.0,Horizon Polymers Campus,"Port Elizabeth, South Africa",Specialty Chemicals,480000,540,19600.0,35.25179856115108,16315.0,29.343525179856115,15300.0,27.51798561151079,13640.0,24.532374100719426,95.02,3977.9005524861877,6143.646408839779,2165.745856353591,0.580110497237569,1.707182320441989,0.005580110497237569,98.29166666666667,91.6,98.6,88.77467433333332,80,70,102962.96296296296,16.75925925925926
mostly8d-e21d-4445-ae08-b446930b2295,mostlyfb-088f-4bac-b2b6-c42ba07b63a2,2024-02-01,10220.0,89.6,92.9,5.6,0.89,98.8,2,1,6900.0,14920,143.0,57000,27050.0,22410,4705,425,185,260,1290,140,195.0,GreenLeaf Agrochem Ltd.,"Port Elizabeth, South Africa",Specialty Chemicals,220000,3200,29950.0,52.5438596491228,28920.0,50.73684210526316,28660.0,50.28070175438597,28325.0,49.69298245614035,93.35,2646.7710371819962,5577.2994129158515,2930.5283757338552,0.675146771037182,1.4598825831702544,0.013992172211350294,99.22222222222223,89.6,99.11,88.11187342222222,60,70,17812.5,3.19375
mostly72-7913-4735-9bf5-177eb4c195ff,mostlyfe-1b7b-494b-b25c-d2c6fcbc5350,2025-05-01,45020.0,75.3,97.8,1.2,1.8,97.5,0,0,1140.0,600,165.0,6740,32880.0,20640,6880,481,1760,950,10200,62,1230.0,GreenLeaf Agrochem Ltd.,"Houston, United States",Industrial Gases,720000,860,-26140.0,-387.8338278931751,-35390.0,-525.0741839762611,-36340.0,-539.1691394658753,-37632.0,-558.3382789317508,88.71,730.3420701910262,149.71123944913373,-580.6308307418925,0.025322079075966238,0.01332741003998223,0.003665037760995113,99.83333333333333,75.3,98.2,73.821359,100,100,7837.209302325581,52.348837209302324
mostly05-ce21-470a-b4eb-a2fbd0bd770a,mostly03-e230-4b86-89e3-2437361d2a1b,2023-09-01,73560.0,81.9,97.6,3.4,1.2,98.4,0,0,1060.0,14200,47.6,6810,4860.0,3420,6020,466,1880,260,9310,165,795.0,GreenLeaf Agrochem Ltd.,"Odense, Denmark",Specialty Chemicals,310000,1500,1950.0,28.634361233480178,-7100.0,-104.25844346549194,-7360.0,-108.07635829662262,-8320.0,-122.17327459618208,91.56,66.06851549755302,92.57748776508973,26.508972267536706,0.014410005437737902,0.19303969548667754,0.0006470908102229472,99.52777777777779,81.9,98.8,80.53509100000001,100,100,4540.0,49.04
mostly5d-ef7c-443a-9014-816b19c00aaa,mostly07-3886-4b9c-8a2b-dca52e1984cc,2024-06-01,16620.0,78.5,96.0,4.1,0.4,98.0,1,1,4300.0,8350,46.2,6425,33700.0,20500,1270,2580,1280,640,4300,225,835.0,GreenLeaf Agrochem Ltd.,"Port Elizabeth, South Africa",Specialty Chemicals,310000,3200,-27275.0,-424.5136186770428,-30935.0,-481.47859922178986,-31575.0,-491.43968871595337,-32635.0,-507.9377431906614,89.60000000000001,2027.6774969915764,386.58243080625755,-1641.095066185319,0.25872442839951865,0.5024067388688327,0.0027797833935018054,99.43055555555556,78.5,99.6,77.74077416666667,80,70,2007.8125,5.19375
mostlyc8-d785-41ae-acf6-b47b72933f4e,mostly07-cd99-43d0-8285-01fdc02e6e47,2024-07-01,43840.0,97.0,97.1,6.9,1.8,97.2,2,1,6700.0,15610,9.7,6700,37050.0,24450,6900,445,185,1480,4300,160,180.0,Aurora Petrochemicals Complex,"Houston, United States",Industrial Gases,480000,540,-30350.0,-452.98507462686564,-33170.0,-495.07462686567163,-34650.0,-517.1641791044776,-34990.0,-522.2388059701492,97.09,845.1186131386861,152.82846715328466,-692.2901459854014,0.15282846715328466,0.3560675182481752,0.0002212591240875912,99.04166666666667,97.0,98.2,94.34114916666667,60,70,12407.407407407407,81.18518518518519
mostly5d-ff72-4118-a37a-9683e97e59e9,mostly0b-fb2d-457c-9452-28988817db5a,2023-07-01,10900.0,96.4,94.9,6.9,0.75,98.8,1,0,5650.0,9060,48.2,7020,36000.0,24650,1270,3400,1860,1540,4300,190,187.0,Nordic Specialty Plastics Plant,"Odense, Denmark",Specialty Chemicals,900000,540,-28980.0,-412.8205128205129,-31740.0,-452.13675213675214,-33280.0,-474.074074074074,-33657.0,-479.44444444444446,96.67000000000002,3302.7522935779816,644.0366972477065,-2658.7155963302753,0.518348623853211,0.8311926605504587,0.0044220183486238535,99.04166666666667,96.4,99.25,94.76009541666669,80,100,13000.0,20.185185185185187
mostly65-a19e-4c6e-82ca-9b0f050a78b3,mostly14-961f-4774-b83f-89889f11a6ae,2025-04-01,45500.0,75.3,89.7,2.8,1.5,95.9,0,1,5400.0,12500,9.0,52050,33350.0,25000,1365,4120,1000,273,5340,170,203.0,GreenLeaf Agrochem Ltd.,"Odense, Denmark",Specialty Chemicals,480000,1500,18700.0,35.92699327569645,13633.0,26.192122958693563,13360.0,25.66762728146014,12987.0,24.95100864553314,85.80000000000001,732.967032967033,1143.956043956044,410.9890109890109,0.11868131868131868,0.27472527472527475,0.0001978021978021978,99.61111111111111,75.3,98.5,73.88205916666666,100,70,34700.0,30.333333333333332
mostlyeb-43ef-4dcd-af4d-dec6b4c79532,mostly16-b055-4b92-b52f-4a869e53cd33,2025-05-01,51000.0,83.2,92.7,4.5,1.0,99.1,1,1,1120.0,545,131.0,51000,34650.0,18250,4210,4050,1780,1010,9100,60,885.0,GreenLeaf Agrochem Ltd.,"Houston, United States",Petrochemical,220000,860,16350.0,32.05882352941177,8260.0,16.19607843137255,7250.0,14.215686274509803,6305.0,12.362745098039216,90.82000000000001,679.4117647058823,1000.0,320.5882352941177,0.02196078431372549,0.010686274509803922,0.0025686274509803923,99.375,83.2,99.0,81.8532,80,70,59302.32558139535,59.30232558139535
mostly62-a40c-41be-ab9f-01a138ade936,mostly17-fa72-4dea-8e8c-7998b1f4e06f,2023-11-01,41280.0,95.0,97.8,2.7,0.8,98.0,1,0,1080.0,8920,9.1,48450,32950.0,19000,6880,4240,1200,283,9300,160,197.0,Zenith Industrial Gases Center,"Port Elizabeth, South Africa",Industrial Gases,220000,540,15500.0,31.991744066047474,6483.0,13.380804953560371,6200.0,12.796697626418988,5843.0,12.05985552115583,96.74000000000001,798.2073643410853,1173.6918604651162,375.4844961240309,0.02616279069767442,0.21608527131782945,0.0002204457364341085,99.625,95.0,99.2,93.8866,80,100,89722.22222222222,76.44444444444444
mostlybf-e6c9-4efa-9bbf-9fa6bee79756,mostly21-8842-49a4-871a-e936721d11b9,2023-06-01,41200.0,90.1,92.2,7.9,0.85,96.5,1,0,1330.0,8690,131.0,55800,34125.0,20640,7550,4020,1200,1460,8280,68,970.0,Aurora Petrochemicals Complex,"Port Elizabeth, South Africa",Specialty Chemicals,220000,860,21675.0,38.844086021505376,14855.0,26.62186379928315,13395.0,24.00537634408602,12357.0,22.145161290322584,92.65,828.2766990291262,1354.368932038835,526.0922330097088,0.03228155339805825,0.21092233009708738,0.003179611650485437,98.90277777777779,90.1,99.15,88.35395585416667,80,100,64883.72093023256,47.906976744186046
mostlycd-b3d2-4637-80ff-2ff1282e1247,mostly23-c1e3-404f-9978-e4c1606bd2a4,2023-02-01,14250.0,82.7,95.5,2.2,0.4,97.4,1,0,5590.0,13210,46.2,6425,4960.0,3100,5700,3200,223,955,8700,60,995.0,Horizon Polymers Campus,"Odense, Denmark",Polymers,220000,860,1465.0,22.801556420233464,-6280.0,-97.7431906614786,-7235.0,-112.60700389105058,-8290.0,-129.0272373540856,90.95,348.0701754385965,450.87719298245617,102.80701754385967,0.39228070175438595,0.9270175438596491,0.003242105263157895,99.69444444444444,82.7,99.6,82.11751633333334,80,100,7470.930232558139,16.569767441860463
mostly9b-730d-489a-a141-c04c3ddb4fe6,mostly24-75d3-4c33-9fa1-6148064115b5,2023-06-01,9700.0,91.8,98.0,4.1,0.78,97.8,0,1,5610.0,17320,9.3,6750,5050.0,3350,6020,2100,880,870,5060,180,2170.0,Nordic Specialty Plastics Plant,"Odense, Denmark",Petrochemical,310000,540,1700.0,25.185185185185183,-2490.0,-36.888888888888886,-3360.0,-49.77777777777778,-5710.0,-84.5925925925926,95.46,520.6185567010309,695.8762886597938,175.25773195876286,0.5783505154639176,1.7855670103092784,0.0009587628865979382,99.43055555555556,91.8,99.22,90.56528744999999,100,70,12500.0,17.962962962962962
mostly18-e079-465b-a3c5-67481da28f8d,mostly27-ff64-483a-9ce2-cde487b54e8d,2025-01-01,41200.0,88.3,97.3,2.8,0.15,97.8,2,0,1150.0,16650,142.0,6290,32200.0,22350,6040,3780,190,985,8420,168,895.0,Horizon Polymers Campus,"Houston, United States",Agrochemicals,310000,540,-25910.0,-411.9236883942766,-33345.0,-530.127186009539,-34330.0,-545.7869634340223,-35393.0,-562.6868044515104,93.85,781.5533980582525,152.66990291262135,-628.8834951456311,0.027912621359223302,0.404126213592233,0.003446601941747573,99.61111111111111,88.3,99.85,87.82467619444444,60,100,11648.148148148148,76.29629629629629
mostlyd9-c740-4c8f-9aa5-072043b35cb2,mostly2b-eb41-4c45-87f9-a2d9b98a0512,2023-01-01,43840.0,89.7,93.6,9.8,1.2,99.2,1,0,5820.0,15320,44.7,6725,36000.0,20300,4350,490,193,990,1240,69,1040.0,Nordic Specialty Plastics Plant,Singapore,Specialty Chemicals,220000,1500,-29275.0,-435.3159851301116,-29525.0,-439.03345724907064,-30515.0,-453.7546468401487,-31624.0,-470.2453531598513,93.72,821.1678832116788,153.39872262773721,-667.7691605839416,0.13275547445255476,0.3494525547445255,0.001019616788321168,98.6388888888889,89.7,98.8,87.41733433333334,80,100,4483.333333333333,29.226666666666667
mostlya0-6576-4352-859f-94056bce7838,mostly2d-8e90-431f-88e0-aa59ccb808f6,2023-02-01,14250.0,94.0,93.0,1.4,0.5,96.3,1,0,7450.0,9080,7.0,48240,34125.0,21300,1270,2500,850,268,9100,150,193.0,Nordic Specialty Plastics Plant,"Port Elizabeth, South Africa",Industrial Gases,310000,860,14115.0,29.259950248756216,5283.0,10.951492537313433,5015.0,10.395936981757878,4672.0,9.684908789386402,94.39,2394.7368421052633,3385.2631578947367,990.5263157894733,0.5228070175438596,0.6371929824561403,0.0004912280701754386,99.80555555555556,94.0,99.5,93.3481361111111,80,100,56093.023255813954,16.569767441860463
mostly0f-d857-41af-b2b3-6cfeca8d20c8,mostly30-607a-43ed-bab4-4d8de9274684,2023-10-01,43840.0,89.3,94.4,5.6,0.5,96.7,0,1,6400.0,8780,174.0,44950,5010.0,3400,6040,4470,200,980,8800,188,795.0,Nordic Specialty Plastics Plant,Singapore,Agrochemicals,220000,540,39940.0,88.85428253615127,32120.0,71.4571746384872,31140.0,69.2769744160178,30157.0,67.0901001112347,93.05000000000001,114.27919708029196,1025.3193430656934,911.0401459854014,0.145985401459854,0.20027372262773724,0.003968978102189781,99.22222222222223,89.3,99.5,88.16241722222223,100,70,83240.74074074074,81.18518518518519
mostlyef-5455-4878-b4d8-484c08bd4cab,mostly33-29da-4fef-a00d-aed05b50b7a4,2023-07-01,50650.0,97.0,94.6,2.0,0.7,97.6,1,0,5850.0,16650,122.0,6630,36000.0,20350,6000,4210,185,1350,1348,153,860.0,GreenLeaf Agrochem Ltd.,"Odense, Denmark",Agrochemicals,220000,1500,-29370.0,-442.9864253393665,-29368.0,-442.9562594268477,-30718.0,-463.3182503770739,-31731.0,-478.5972850678733,96.46,710.7601184600197,130.89832181638698,-579.8617966436327,0.11549851924975321,0.32872655478775914,0.0024086870681145115,99.72222222222223,97.0,99.3,96.05344166666666,80,100,4420.0,33.766666666666666
mostly4d-cbf5-40b7-b331-2fab9bf35ace,mostly34-0d12-4ec9-af4a-10baf03ea964,2023-05-01,74820.0,88.3,96.0,4.7,0.7,96.9,0,0,4300.0,8700,47.6,49000,34050.0,23005,5200,460,970,1520,7600,158,198.0,Nordic Specialty Plastics Plant,Singapore,Specialty Chemicals,480000,860,14950.0,30.51020408163265,8870.0,18.102040816326532,7350.0,15.0,6994.0,14.273469387755103,93.19,455.0922213311949,654.9051055867415,199.81288425554658,0.05747126436781609,0.11627906976744186,0.0006361935311414061,99.34722222222221,88.3,99.3,87.10953204166665,100,100,56976.74418604651,87.0
mostlyad-ae1f-47b9-948c-7614efe9400a,mostly34-70df-4c08-a73d-1c5d05804a66,2025-01-01,9700.0,78.5,96.6,4.5,0.6,98.6,0,0,5630.0,14080,6.0,6590,31250.0,19000,4350,470,1760,1440,8000,178,798.0,Nordic Specialty Plastics Plant,"Shanghai, China",Specialty Chemicals,310000,540,-24660.0,-374.20333839150226,-31220.0,-473.7481031866464,-32660.0,-495.5993930197269,-33636.0,-510.4097116843702,89.96000000000002,3221.6494845360826,679.3814432989691,-2542.2680412371137,0.5804123711340207,1.4515463917525773,0.0006185567010309278,99.375,78.5,99.4,77.54131875000002,100,100,12203.703703703704,17.962962962962962
mostly34-3ef0-4d29-939f-23e5e1f79487,mostly38-99b2-4e72-9abc-04e54ebda318,2025-05-01,47050.0,94.8,89.7,8.7,0.82,99.0,0,0,5930.0,13600,6.3,54800,40200.0,25050,4920,420,1060,1220,1335,260,745.0,Zenith Industrial Gases Center,"Port Elizabeth, South Africa",Polymers,220000,540,14600.0,26.642335766423358,14485.0,26.432481751824817,13265.0,24.206204379562042,12260.0,22.37226277372263,94.53,854.4102019128586,1164.7183846971307,310.30818278427205,0.12603613177470777,0.28905419766206164,0.00013390010626992561,98.79166666666666,94.8,99.18,92.8865331,100,100,101481.48148148147,87.12962962962963
mostly60-54d9-4943-9a22-8c0eafa3fbef,mostly3d-07ee-4c7e-b97b-bd8c4c590562,2024-11-01,14960.0,88.0,92.1,4.2,0.75,98.4,0,0,4480.0,14850,127.0,6760,36000.0,21500,5530,1860,900,920,1285,188,2260.0,GreenLeaf Agrochem Ltd.,"Shanghai, China",Specialty Chemicals,310000,540,-29240.0,-432.5443786982248,-29605.0,-437.9437869822485,-30525.0,-451.5532544378698,-32973.0,-487.7662721893491,92.35000000000001,2406.4171122994653,451.8716577540107,-1954.5454545454545,0.2994652406417112,0.9926470588235294,0.008489304812834225,99.41666666666666,88.0,99.25,86.83051666666665,100,100,12518.518518518518,27.703703703703702
mostly13-054e-4340-b131-6f796fcab2e5,mostly3e-5718-4622-8e6a-4df993a1a435,2023-06-01,15010.0,82.6,96.8,1.2,0.85,96.9,0,1,5790.0,13350,134.0,41200,37000.0,18250,7200,4210,217,1295,4810,61,1200.0,Zenith Industrial Gases Center,"Odense, Denmark",Specialty Chemicals,900000,2100,4200.0,10.194174757281553,685.0,1.662621359223301,-610.0,-1.4805825242718447,-1871.0,-4.541262135922331,91.14999999999999,2465.0233177881414,2744.8367754830115,279.81345769487007,0.38574283810792803,0.8894070619586942,0.008927381745502998,99.83333333333333,82.6,99.15,81.7614035,100,70,19619.04761904762,7.147619047619048
mostlyc0-a0bc-4ae3-9b8f-cd57dd55b4bb,mostly3e-d700-4222-a8a3-37b188162e1d,2023-05-01,73560.0,83.2,98.0,2.1,0.95,99.4,1,0,1300.0,14340,148.0,42500,31500.0,3320,5800,480,1500,1000,1240,152,1080.0,GreenLeaf Agrochem Ltd.,"Odense, Denmark",Agrochemicals,480000,1500,11000.0,25.882352941176475,10760.0,25.31764705882353,9760.0,22.96470588235294,8528.0,20.065882352941177,92.5,428.2218597063622,577.7596519847743,149.53779227841216,0.017672648178357803,0.19494290375203915,0.002011963023382273,99.70833333333333,83.2,99.05,82.16923866666667,80,100,28333.333333333332,49.04
mostlye9-b00d-410b-8951-f78593af8841,mostly44-202d-4b2b-8da4-4d1d4bb1a0ba,2023-08-01,74820.0,88.0,95.8,1.7,1.1,97.8,0,1,7080.0,570,46.5,42100,38500.0,3340,5480,485,1250,1480,7000,69,760.0,Zenith Industrial Gases Center,"Odense, Denmark",Industrial Gases,220000,540,3600.0,8.551068883610451,-1920.0,-4.5605700712589075,-3400.0,-8.076009501187649,-4229.0,-10.045130641330166,93.28,514.5682972467255,562.6837743918738,48.11547714514836,0.0946271050521251,0.007618283881315156,0.0006214915797914996,99.76388888888889,88.0,98.9,86.82650777777778,100,70,77962.96296296296,138.55555555555554
mostly72-7678-413f-9d10-ede51ffd75b0,mostly54-2ddc-4872-873b-4052e1b4490c,2024-10-01,9900.0,83.2,93.6,7.9,1.3,98.3,1,0,1060.0,8890,140.0,55200,4800.0,3350,6400,481,990,1440,8980,185,835.0,GreenLeaf Agrochem Ltd.,"Shanghai, China",Agrochemicals,480000,3200,50400.0,91.30434782608695,42860.0,77.64492753623189,41420.0,75.03623188405797,40400.0,73.18840579710145,90.85000000000001,484.8484848484849,5575.757575757576,5090.909090909091,0.10707070707070707,0.897979797979798,0.014141414141414142,98.90277777777779,83.2,98.7,81.21737866666668,80,100,17250.0,3.09375
mostly4d-2ec2-4da8-890b-6724b20138df,mostly59-c3e9-40f7-ac4f-b346f6bae76c,2023-05-01,49900.0,89.7,95.9,4.2,0.4,98.3,0,1,5840.0,9160,138.0,6840,4900.0,21050,5980,4050,1060,1290,5400,180,770.0,Zenith Industrial Gases Center,"Odense, Denmark",Specialty Chemicals,480000,1500,1940.0,28.362573099415204,-2170.0,-31.725146198830412,-3460.0,-50.58479532163743,-4410.0,-64.47368421052632,94.14,98.19639278557115,137.0741482965932,38.877755511022045,0.11703406813627254,0.18356713426853707,0.0027655310621242483,99.41666666666666,89.7,99.6,88.820043,100,70,4560.0,33.266666666666666
mostlyd1-6876-41a3-9dd5-28c3c3adb33a,mostly62-759f-49d8-a424-34f052c4866c,2024-05-01,45020.0,78.0,92.1,4.6,0.86,98.9,0,1,1040.0,15340,44.0,50600,4960.0,22410,1260,2480,1180,1450,9620,178,1285.0,Zenith Industrial Gases Center,"Odense, Denmark",Agrochemicals,310000,1500,45640.0,90.19762845849803,37470.0,74.0513833992095,36020.0,71.18577075098814,34557.0,68.29446640316206,88.5,110.17325633051976,1123.9449133718347,1013.7716570413149,0.02310084406930253,0.34073745002221234,0.0009773434029320303,99.36111111111111,78.0,99.14,76.83515233333334,100,70,33733.333333333336,30.013333333333332
mostly62-303e-4e82-8255-4c9336bc0509,mostly63-ad26-4687-af9d-0c9618738954,2023-12-01,9900.0,93.0,98.0,1.0,0.78,98.8,1,0,5750.0,12250,51.0,47800,5210.0,23000,5900,2040,1060,633,5060,210,755.0,GreenLeaf Agrochem Ltd.,"Odense, Denmark",Specialty Chemicals,220000,860,42590.0,89.10041841004184,38163.0,79.83891213389121,37530.0,78.51464435146444,36565.0,76.49581589958159,96.24000000000001,526.2626262626262,4828.282828282829,4302.020202020202,0.5808080808080808,1.2373737373737375,0.005151515151515152,99.86111111111111,93.0,99.22,92.14644083333333,80,100,55581.395348837206,11.511627906976743
mostlyd0-066f-4630-a991-5cf11c230542,mostly6c-0f1f-4f56-8d59-43a4e56f0674,2024-02-01,8350.0,81.0,94.5,3.9,0.95,98.9,2,0,1080.0,8200,146.0,6460,4760.0,23850,6800,449,1860,908,1305,63,798.0,Nordic Specialty Plastics Plant,"Odense, Denmark",Petrochemical,310000,2100,1700.0,26.31578947368421,1303.0,20.170278637770895,395.0,6.114551083591331,-466.0,-7.2136222910216725,90.42000000000002,570.0598802395209,773.6526946107784,203.59281437125753,0.12934131736526946,0.9820359281437125,0.01748502994011976,99.45833333333334,81.0,99.05,79.795918125,60,100,3076.190476190476,3.9761904761904763
mostlyaa-df73-4b8f-a588-67f6b9c260af,mostly6f-0d72-49bb-a495-4d980ea68d41,2023-10-01,9600.0,97.0,95.9,2.9,0.8,99.5,2,0,5250.0,14800,171.0,44875,38700.0,17650,6020,2500,200,1310,9004,150,180.0,GreenLeaf Agrochem Ltd.,"Port Elizabeth, South Africa",Industrial Gases,900000,860,6175.0,13.760445682451254,-1519.0,-3.3849582172701953,-2829.0,-6.304178272980502,-3159.0,-7.039554317548746,97.42,4031.25,4674.479166666667,643.229166666667,0.546875,1.5416666666666667,0.0178125,99.59722222222223,97.0,99.2,95.83643111111111,60,100,52180.232558139534,11.162790697674419
mostly6d-9257-4e80-92da-3b8ff43e6860,mostly78-2094-4a64-ba04-eda5dd04a086,2024-01-01,15240.0,88.2,93.6,6.2,1.4,99.5,1,1,4200.5,8600,10.2,6290,42000.0,23125,4210,3320,1280,1260,5160,70,186.0,Zenith Industrial Gases Center,Singapore,Petrochemical,310000,540,-35710.0,-567.7265500794913,-39610.0,-629.7297297297297,-40870.0,-649.7615262321145,-41126.0,-653.8314785373609,93.21,2755.9055118110236,412.7296587926509,-2343.175853018373,0.2756233595800525,0.5643044619422573,0.0006692913385826771,99.13888888888889,88.2,98.6,86.216333,80,70,11648.148148148148,28.22222222222222
mostly11-43d5-4af5-ab2d-0a95af1fbea1,mostly78-6843-47de-b058-eb46723a75a7,2023-07-01,77980.0,92.0,94.4,8.5,1.3,99.7,0,0,1150.0,9220,138.0,51500,32750.0,18250,4920,493,198,1350,9900,168,1405.0,Zenith Industrial Gases Center,"Shanghai, China",Agrochemicals,310000,3200,18750.0,36.407766990291265,10200.0,19.80582524271845,8850.0,17.184466019417478,7277.0,14.13009708737864,95.02999999999999,419.9794819184406,660.425750192357,240.44626827391636,0.014747371120800205,0.11823544498589382,0.0017696845344960246,98.81944444444444,92.0,98.7,89.73200833333333,100,100,16093.75,24.36875
mostly52-a735-45de-819f-c8772440d32b,mostly7a-46e2-4205-8d8d-4f12d545a33c,2023-07-01,82500.0,83.4,98.0,3.9,1.3,98.1,2,1,6960.0,8780,49.1,53900,5030.0,23500,1275,3250,1280,628,8400,270,995.0,GreenLeaf Agrochem Ltd.,"Shanghai, China",Agrochemicals,310000,3200,48870.0,90.66790352504638,41098.0,76.24860853432281,40470.0,75.0834879406308,39205.0,72.73654916512059,92.19000000000001,60.96969696969697,653.3333333333334,592.3636363636364,0.08436363636363636,0.10642424242424242,0.0005951515151515151,99.45833333333334,83.4,98.7,81.86992275000001,60,70,16843.75,25.78125
mostlya8-ceba-4246-836f-09180fd2ebb8,mostly7a-7b82-4661-86c1-0b3a2c084d49,2024-04-01,48860.0,92.2,98.3,1.6,1.6,96.0,1,0,4740.0,8980,45.8,49250,41850.0,23500,1365,481,1850,612,5060,150,198.0,Nordic Specialty Plastics Plant,"Houston, United States",Specialty Chemicals,220000,860,7400.0,15.025380710659899,2952.0,5.993908629441624,2340.0,4.751269035532995,1992.0,4.044670050761422,95.17,856.5288579615227,1007.9819893573475,151.4531313958248,0.09701187065083913,0.18379042161277118,0.0009373720835038886,99.77777777777777,92.2,98.4,90.52318933333335,80,100,57267.441860465115,56.81395348837209
mostly19-9a53-4a7c-9436-e789fec0e911,mostly89-1676-407e-a736-b5c01ff93138,2025-05-01,42000.5,78.4,98.0,5.2,1.4,96.2,2,0,6160.0,590,42.1,46000,5100.0,3370,5900,3360,185,281,1290,178,865.0,Aurora Petrochemicals Complex,"Port Elizabeth, South Africa",Industrial Gases,310000,540,40900.0,88.91304347826086,39891.0,86.7195652173913,39610.0,86.10869565217392,38567.0,83.84130434782608,89.62,121.4271258675492,1095.2250568445613,973.7979309770121,0.1466649206557065,0.014047451816049808,0.0010023690194164356,99.27777777777777,78.4,98.6,76.74410488888888,60,100,85185.18518518518,77.7787037037037
mostlyd3-adc6-4f43-b2f4-a163cbc36ccb,mostly9d-1e33-486f-ab67-fbeed1945f92,2025-04-01,16100.0,93.8,95.3,3.2,0.86,98.1,1,0,1180.0,16650,130.0,50500,32950.0,22750,4705,3100,1600,1320,8420,58,798.0,Nordic Specialty Plastics Plant,"Shanghai, China",Agrochemicals,220000,540,17550.0,34.75247524752475,10450.0,20.693069306930692,9130.0,18.07920792079208,8274.0,16.384158415841586,95.54,2046.583850931677,3136.645962732919,1090.062111801242,0.07329192546583851,1.0341614906832297,0.008074534161490683,99.55555555555556,93.8,99.14,92.58001635555556,80,100,93518.51851851853,29.814814814814813
mostly3d-46fa-40e0-ac0a-d6ed6c1ed250,mostlya7-fcf7-4455-9b2f-19eb0fd41fa6,2023-08-01,10900.0,84.0,94.6,2.9,1.4,95.9,1,0,5480.0,14340,144.0,48860,5250.0,23000,4800,1700,950,1010,9040,70,183.0,GreenLeaf Agrochem Ltd.,"Odense, Denmark",Polymers,310000,3200,43610.0,89.25501432664757,35580.0,72.8203029062628,34570.0,70.75317232910356,34317.0,70.23536635284486,90.75,481.651376146789,4482.568807339449,4000.9174311926604,0.5027522935779817,1.3155963302752294,0.013211009174311927,99.59722222222223,84.0,98.6,82.49040333333333,80,100,15268.75,3.40625
mostlyb0-cc44-4278-812b-07bb1a736444,mostlyaa-e8ae-43bc-b45a-e54663f90d39,2023-01-01,50650.0,86.3,93.0,3.1,0.3,98.4,1,1,1260.0,13350,47.6,43840,4850.0,21300,7250,3360,190,260,5480,61,2275.0,Zenith Industrial Gases Center,"Port Elizabeth, South Africa",Industrial Gases,310000,1500,38990.0,88.93704379562044,33770.0,77.03010948905109,33510.0,76.43704379562044,31174.0,71.10857664233576,91.94000000000001,95.75518262586377,865.547877591313,769.7926949654492,0.02487660414610069,0.263573543928924,0.0009397828232971373,99.56944444444444,86.3,99.7,85.67064526388889,80,70,29226.666666666668,33.766666666666666
mostly28-e742-4a4c-86e3-06aae87b0c2c,mostlyb2-b784-45e2-a7f5-300e1a30c7fc,2023-06-01,48860.0,78.4,94.5,6.9,0.3,98.5,1,1,6960.0,13900,145.0,39760,31900.0,3180,5250,4080,1700,850,1305,225,185.0,GreenLeaf Agrochem Ltd.,"Shanghai, China",Specialty Chemicals,220000,540,7860.0,19.76861167002012,7405.0,18.62424547283702,6555.0,16.486418511066397,6145.0,15.45523138832998,89.25999999999999,652.8857961522718,813.7535816618911,160.86778550961924,0.14244781006958657,0.28448628735161685,0.0029676627097830538,99.04166666666667,78.4,99.7,77.41572066666667,80,70,73629.62962962964,90.48148148148148
mostly4f-2184-4964-b369-868f80240b93,mostlyb3-6de1-444e-bb2b-db078b60974c,2024-04-01,10250.0,99.0,93.7,7.4,1.4,98.8,1,0,5950.0,8350,9.0,43840,36000.0,3100,1270,440,940,275,10000,215,1230.0,Nordic Specialty Plastics Plant,"Odense, Denmark",Agrochemicals,720000,2100,7840.0,17.88321167883212,-1885.0,-4.299726277372263,-2160.0,-4.927007299270073,-3605.0,-8.22308394160584,97.35000000000001,3512.1951219512193,4277.073170731707,764.8780487804879,0.5804878048780487,0.8146341463414634,0.0008780487804878049,98.97222222222223,99.0,98.6,96.61074500000001,80,100,20876.190476190477,4.880952380952381
mostly8f-f457-4839-88d4-39d931182494,mostlyb6-bb83-4b5d-a5ca-6d6a07bd2ade,2023-12-01,10540.0,92.4,94.8,4.6,0.8,98.6,1,1,5550.0,12850,144.0,45750,41850.0,25050,4355,468,1900,1320,9004,170,2192.0,Aurora Petrochemicals Complex,"Port Elizabeth, South Africa",Petrochemical,310000,540,3900.0,8.524590163934425,-3784.0,-8.27103825136612,-5104.0,-11.156284153005465,-7466.0,-16.319125683060108,94.98,3970.5882352941176,4340.607210626186,370.01897533206875,0.5265654648956357,1.2191650853889944,0.01366223908918406,99.36111111111111,92.4,99.2,91.07518933333333,80,70,84722.22222222222,19.51851851851852
mostlyda-977e-43d5-9b0d-e2f1e0373d88,mostlyb9-9300-4ba4-b04c-e7c8ecef616a,2023-11-01,9700.0,93.9,94.5,2.3,0.8,96.8,1,0,1070.0,15670,6.5,42100,4900.0,20640,5500,3320,1780,1340,5400,68,895.0,GreenLeaf Agrochem Ltd.,"Houston, United States",Polymers,220000,1500,37200.0,88.36104513064133,33140.0,78.71733966745843,31800.0,75.53444180522565,30837.0,73.24703087885986,94.95,505.1546391752577,4340.20618556701,3835.0515463917523,0.11030927835051546,1.6154639175257732,0.0006701030927835052,99.68055555555556,93.9,99.2,92.85124133333335,80,100,28066.666666666668,6.466666666666667
mostly2b-29e7-499a-b64d-28e4fb9b50cc,mostlybf-daa1-4491-9752-b83928c87cf0,2023-02-01,43520.0,78.4,93.0,6.3,0.86,98.7,0,0,960.0,8730,9.2,53900,34650.0,22650,5800,425,1100,1340,4500,168,193.0,Nordic Specialty Plastics Plant,"Port Elizabeth, South Africa",Agrochemicals,480000,3200,19250.0,35.714285714285715,16090.0,29.851576994434136,14750.0,27.365491651205936,14389.0,26.69573283858998,88.87,796.1856617647059,1238.5110294117646,442.3253676470588,0.022058823529411766,0.20059742647058823,0.0002113970588235294,99.12500000000001,78.4,99.14,77.04565960000002,100,100,16843.75,13.6
mostly40-4550-4be5-8b62-8aff75ba250c,mostlyc5-c789-419a-a952-0eba208a5cc0,2023-04-01,46220.0,89.2,96.2,3.9,0.88,98.4,0,0,5140.0,13640,9.5,44850,4850.0,3180,5450,425,1650,993,9900,140,910.0,GreenLeaf Agrochem Ltd.,"Port Elizabeth, South Africa",Agrochemicals,220000,3200,40000.0,89.18617614269789,31093.0,69.32664437012264,30100.0,67.11259754738016,29050.0,64.77146042363434,94.06,104.93292946776288,970.3591518823021,865.4262224145392,0.11120726958026828,0.2951103418433578,0.00020553872782345305,99.45833333333334,89.2,99.12,87.9361252,100,100,14015.625,14.44375
mostly0a-f7b5-4793-95d0-961a798c4297,mostlyc5-cc27-4e4b-bdb4-6b9b051c0714,2023-12-01,48860.0,81.9,98.5,5.2,0.86,96.7,1,1,1060.0,12500,122.0,47250,28900.0,23200,1305,2230,1020,1200,5480,148,1495.0,Horizon Polymers Campus,"Shanghai, China",Industrial Gases,310000,540,18350.0,38.835978835978835,14070.0,29.777777777777775,12870.0,27.23809523809524,11227.0,23.76084656084656,91.32000000000001,591.4858780188293,967.0487106017192,375.5628325828899,0.02169463774048301,0.255832992222677,0.0024969300040933277,99.27777777777777,81.9,99.14,80.6092469,80,70,87500.0,90.48148148148148
mostlyba-729c-4caa-b7de-5826ce9d2027,mostlyd2-17a5-447a-b00f-1610fd6cf6d5,2024-01-01,15820.0,96.4,91.8,5.2,0.78,99.1,1,0,1010.0,9180,144.0,42100,5000.0,3200,5020,2350,1780,645,7000,215,196.0,Nordic Specialty Plastics Plant,"Port Elizabeth, South Africa",Specialty Chemicals,310000,3200,37100.0,88.12351543942994,30745.0,73.02850356294537,30100.0,71.49643705463184,29689.0,70.52019002375297,95.83,316.05562579013906,2661.188369152971,2345.132743362832,0.0638432364096081,0.5802781289506953,0.009102402022756004,99.27777777777777,96.4,99.22,94.95728831111111,80,100,13156.25,4.94375
mostly33-b9ce-403c-9b57-722dbc5e3f6e,mostlyd3-11a5-4b50-8790-19b86e9e9975,2023-06-01,10900.0,82.0,92.6,3.1,1.2,98.7,1,0,5400.0,8730,47.2,52050,41000.0,22540,1230,428,1600,610,10040,156,820.0,Nordic Specialty Plastics Plant,"Houston, United States",Specialty Chemicals,720000,860,11050.0,21.229586935638807,1620.0,3.112391930835735,1010.0,1.9404418828049952,34.0,0.06532180595581172,90.19,3761.467889908257,4775.229357798165,1013.7614678899085,0.4954128440366973,0.8009174311926606,0.004330275229357798,99.56944444444444,82.0,98.8,80.66718111111109,80,100,60523.25581395349,12.674418604651162
mostly4d-c879-402b-aa04-6d608200b3f1,mostlyd6-b834-4855-bd11-7daada02dde1,2023-03-01,77980.0,83.0,93.1,4.7,0.86,98.2,1,0,5340.0,8580,127.0,42500,36450.0,25650,1295,420,1400,283,1330,64,1260.0,Nordic Specialty Plastics Plant,"Odense, Denmark",Agrochemicals,480000,860,6050.0,14.23529411764706,5003.0,11.771764705882353,4720.0,11.105882352941176,3396.0,7.990588235294117,90.58999999999999,467.42754552449344,545.0115414208772,77.58399589638373,0.0684790972044114,0.11002821236214413,0.001628622723775327,99.34722222222221,83.0,99.14,81.74905397222221,80,100,49418.604651162794,90.67441860465117
mostly80-ab82-454d-b32e-6c8f6d4d8c7a,mostlyda-790f-41ae-8bf1-7f121af10997,2023-08-01,39760.0,77.9,95.7,2.7,0.92,99.0,0,0,4300.0,570,44.6,6840,4800.0,3320,6700,454,210,910,8800,225,189.0,Nordic Specialty Plastics Plant,"Odense, Denmark",Specialty Chemicals,310000,2100,2040.0,29.82456140350877,-5850.0,-85.52631578947368,-6760.0,-98.83040935672514,-7174.0,-104.88304093567251,89.57,120.72434607645876,172.03219315895373,51.30784708249497,0.10814889336016097,0.014336016096579477,0.0011217303822937627,99.625,77.9,99.08,76.89388255,100,100,3257.1428571428573,18.933333333333334
mostly89-b1c1-48e8-a3a1-680f7a4a6405,mostlydc-ed6d-412a-9c7e-35136fb68bb5,2025-01-01,10780.0,86.3,91.8,1.9,0.3,95.9,1,0,1010.0,13150,120.4,55000,5210.0,19000,1230,2560,1250,920,1240,156,187.0,GreenLeaf Agrochem Ltd.,Singapore,Specialty Chemicals,900000,540,49790.0,90.52727272727272,49470.0,89.94545454545455,48550.0,88.27272727272727,48207.0,87.64909090909092,90.83000000000001,483.30241187384047,5102.040816326531,4618.738404452691,0.09369202226345083,1.219851576994434,0.01116883116883117,99.73611111111111,86.3,99.7,85.81404709722223,80,100,101851.85185185185,19.962962962962962
mostly8e-a466-46c1-ba1b-826e1664708c,mostlye4-419d-4d08-9639-789ce6d03230,2025-05-01,9750.0,93.9,93.3,6.0,1.2,98.4,1,0,4870.0,9090,6.2,43550,35200.0,25100,4700,490,222,1250,1310,170,188.0,Zenith Industrial Gases Center,"Shanghai, China",Specialty Chemicals,480000,2100,8350.0,19.173363949483353,8290.0,19.035591274397245,7040.0,16.16532721010333,6682.0,15.343283582089553,95.07,3610.25641025641,4466.666666666667,856.4102564102568,0.49948717948717947,0.9323076923076923,0.0006358974358974359,99.16666666666667,93.9,98.8,92.00009000000001,80,100,20738.095238095237,4.642857142857143
mostly67-fec6-4bad-81df-736ec34d5bee,mostlye6-a6d6-4fac-8296-564dfd183483,2023-11-01,10320.0,91.0,95.8,2.7,1.1,97.6,2,0,1360.0,16650,141.0,46220,4900.0,3240,6900,485,180,970,8600,62,1200.0,Horizon Polymers Campus,"Port Elizabeth, South Africa",Industrial Gases,900000,2100,41320.0,89.3985287754219,33690.0,72.89052358286456,32720.0,70.79186499350931,31458.0,68.06144526179143,94.41999999999999,474.8062015503876,4478.6821705426355,4003.875968992248,0.13178294573643412,1.6133720930232558,0.01366279069767442,99.625,91.0,98.9,89.66150375000001,60,100,22009.52380952381,4.914285714285715
mostly97-bffb-4a42-aae6-620ff63476eb,mostlyeb-105a-4a9b-b2a0-d3949843c8c9,2023-11-01,73560.0,95.0,92.5,6.0,0.6,97.2,1,0,980.0,635,129.0,55100,4960.0,3400,1200,2040,1180,1250,10560,175,810.0,Nordic Specialty Plastics Plant,"Shanghai, China",Agrochemicals,220000,860,50140.0,90.99818511796734,40830.0,74.1016333938294,39580.0,71.83303085299455,38595.0,70.0453720508167,94.91,67.4279499728113,749.0483958673192,681.6204458945078,0.013322457857531268,0.008632408917890157,0.0017536704730831973,99.16666666666667,95.0,99.4,93.64308333333334,80,100,64069.767441860466,85.53488372093024
mostly2c-4ff7-4c55-b0c6-648da00eecd3,mostlyeb-f4ba-4b55-b718-8ecb1d4850a0,2024-09-01,16220.0,92.2,93.6,3.1,1.0,99.0,1,1,7220.0,12950,44.7,44950,4760.0,21850,6920,440,1000,282,7950,60,2300.0,Horizon Polymers Campus,"Port Elizabeth, South Africa",Industrial Gases,220000,860,40190.0,89.41045606229143,32522.0,72.35150166852058,32240.0,71.72413793103448,29880.0,66.47385984427142,94.65999999999998,293.4648581997534,2771.2700369913687,2477.805178791615,0.44512946979038226,0.7983970406905055,0.002755856966707768,99.56944444444444,92.2,99.0,90.8849975,80,70,52267.441860465115,18.86046511627907
mostly66-2948-4125-9d9f-22b4d2cff09a,mostlyf3-9c94-4094-a8c9-7f546863a750,2023-02-01,44875.0,90.0,92.5,2.2,0.6,97.5,1,1,5840.0,12250,128.0,53400,5010.0,23540,5340,468,860,1500,8400,240,1360.0,GreenLeaf Agrochem Ltd.,"Houston, United States",Polymers,220000,540,48390.0,90.61797752808988,41490.0,77.69662921348315,39990.0,74.8876404494382,38390.0,71.89138576779027,93.0,111.64345403899722,1189.9721448467967,1078.3286908077994,0.13013927576601672,0.27298050139275765,0.0028523676880222843,99.69444444444444,90.0,99.4,89.18665000000001,80,70,98888.88888888889,83.10185185185185
mostlyed-4e17-493d-9016-a33a1fc34237,mostlyf4-ce46-463a-a097-67d7ff1942d9,2024-11-01,15850.0,84.0,97.4,4.3,1.6,98.8,0,0,5790.0,9220,10.2,56000,5010.0,21800,5200,1860,990,1520,8000,260,1285.0,Zenith Industrial Gases Center,"Port Elizabeth, South Africa",Specialty Chemicals,900000,860,50990.0,91.05357142857143,44510.0,79.48214285714286,42990.0,76.76785714285714,41445.0,74.00892857142857,92.46000000000001,316.0883280757098,3533.1230283911673,3217.0347003154575,0.36529968454258677,0.5817034700315458,0.0006435331230283911,99.40277777777779,84.0,98.4,82.16236,100,100,65116.27906976744,18.430232558139537
mostly0f-24a9-4ce2-9b57-e788be83000d,mostlyf6-b04f-4b31-9966-024a241c2450,2024-05-01,15740.0,93.0,97.5,1.6,1.1,98.2,1,0,930.0,8700,6.1,51040,33350.0,17000,1330,472,1850,1010,1320,145,1360.0,Nordic Specialty Plastics Plant,"Odense, Denmark",Agrochemicals,720000,3200,17690.0,34.659090909090914,17380.0,34.05172413793103,16370.0,32.072884012539184,14865.0,29.124216300940436,95.91000000000001,2118.8055908513343,3242.6937738246506,1123.8881829733164,0.0590851334180432,0.5527318932655655,0.0003875476493011436,99.77777777777777,93.0,98.9,91.77260666666668,80,100,15950.0,4.91875
mostlye0-ca62-452f-b359-62fb86355701,mostlyfa-c5f5-4788-8ec4-467088d908e6,2023-01-01,15610.0,95.2,95.5,2.8,0.4,96.5,1,0,5550.0,13250,47.2,6425,38700.0,20500,7400,3100,880,635,8710,69,790.0,GreenLeaf Agrochem Ltd.,Singapore,Specialty Chemicals,900000,860,-32275.0,-502.3346303501945,-40350.0,-628.0155642023346,-40985.0,-637.8988326848249,-41844.0,-651.2684824902724,95.67999999999999,2479.1800128123,411.59513132607304,-2067.584881486227,0.3555413196668802,0.848814862267777,0.003023702754644459,99.61111111111111,95.2,99.6,94.45045866666668,80,100,7470.930232558139,18.151162790697676
mostly90-b513-4e0c-b1ab-dee6d337461b,mostlyfa-fb5b-407e-ad1e-8b9303a5b640,2024-01-01,10320.0,76.0,93.2,4.2,0.3,98.9,1,0,6400.0,14200,50.9,45900,34500.0,3210,1290,3200,1020,265,1295,148,910.0,Zenith Industrial Gases Center,Singapore,Agrochemicals,720000,540,11400.0,24.836601307189543,10370.0,22.59259259259259,10105.0,22.015250544662308,9047.0,19.710239651416124,88.03,3343.0232558139537,4447.674418604651,1104.651162790697,0.6201550387596899,1.375968992248062,0.004932170542635659,99.41666666666666,76.0,99.7,75.32999666666666,80,100,85000.0,19.11111111111111
mostly3a-0a34-435f-813c-31b87c58677d,mostlyfb-07df-48c0-b2f9-ef4db0e080d7,2024-03-01,68040.0,83.5,92.3,8.7,0.3,98.6,0,0,7000.0,510,128.0,53550,31575.0,25100,6700,4400,1650,1245,1348,155,198.0,Horizon Polymers Campus,"Port Elizabeth, South Africa",Specialty Chemicals,480000,540,21975.0,41.03641456582633,21872.0,40.84407096171802,20627.0,38.51914098972922,20274.0,37.85994397759104,90.67,464.0652557319224,787.0370370370371,322.9717813051147,0.102880658436214,0.007495590828924162,0.0018812463256907702,98.79166666666666,83.5,99.7,82.24356854166666,100,100,99166.66666666667,126.0
mostly13-e533-4b87-b218-af07b8e5d17c,mostlyfb-088f-4bac-b2b6-c42ba07b63a2,2023-07-01,15650.0,82.0,95.1,6.0,0.4,98.6,1,1,5680.0,13550,9.4,43520,31500.0,25450,4480,454,1010,271,8000,158,1230.0,GreenLeaf Agrochem Ltd.,"Port Elizabeth, South Africa",Specialty Chemicals,220000,3200,12020.0,27.619485294117645,4291.0,9.859834558823529,4020.0,9.237132352941178,2632.0,6.047794117647059,90.91,2012.779552715655,2780.8306709265175,768.0511182108626,0.36293929712460066,0.865814696485623,0.0006006389776357828,99.16666666666667,82.0,99.6,80.99139999999998,80,70,13600.0,4.890625
mostly02-a310-4fc1-bd03-5fbc3fdcf576,mostlyfe-1b7b-494b-b25c-d2c6fcbc5350,2024-09-01,79230.0,94.8,96.1,9.5,1.2,98.7,1,1,1330.0,13900,5.8,6350,37050.0,26850,5980,1800,1060,1440,5160,65,795.0,GreenLeaf Agrochem Ltd.,"Houston, United States",Industrial Gases,720000,860,-30700.0,-483.46456692913387,-34420.0,-542.0472440944882,-35860.0,-564.7244094488188,-36720.0,-578.2677165354331,96.36,467.62589928057554,80.14640918843872,-387.4794900921368,0.016786570743405275,0.17543859649122806,7.320459421936135e-05,98.68055555555556,94.8,98.8,92.42657666666666,80,70,7383.720930232558,92.12790697674419
mostly24-b2c9-4187-9b65-9f5eb989159c,mostly07-3886-4b9c-8a2b-dca52e1984cc,2023-01-01,43550.0,83.1,89.7,8.5,1.0,96.2,1,1,4740.0,14950,138.0,57000,43350.0,21660,7550,3990,180,645,4500,150,1385.0,GreenLeaf Agrochem Ltd.,"Port Elizabeth, South Africa",Specialty Chemicals,310000,3200,13650.0,23.94736842105263,9795.0,17.18421052631579,9150.0,16.05263157894737,7615.0,13.359649122807019,89.01,995.4075774971298,1308.8404133180252,313.43283582089543,0.10884041331802526,0.34328358208955223,0.003168771526980482,98.81944444444444,83.1,99.0,81.29776874999999,80,70,17812.5,13.609375
mostly3e-74cb-49a8-a71a-b689f5f426f2,mostly14-961f-4774-b83f-89889f11a6ae,2023-05-01,49900.0,87.1,96.6,2.0,1.6,97.6,1,0,6810.0,14340,130.0,53550,4850.0,17650,1275,2480,1500,915,8000,66,187.0,GreenLeaf Agrochem Ltd.,"Odense, Denmark",Specialty Chemicals,480000,1500,48700.0,90.94304388422036,41615.0,77.7124183006536,40700.0,76.00373482726424,40447.0,75.53127917833801,93.10000000000001,97.1943887775551,1073.1462925851704,975.9519038076153,0.13647294589178358,0.287374749498998,0.0026052104208416833,99.72222222222223,87.1,98.4,85.46832666666667,80,100,35700.0,33.266666666666666
mostlyd7-5d28-427d-aa85-bd31f6b60994,mostly16-b055-4b92-b52f-4a869e53cd33,2023-09-01,10680.0,82.0,93.7,1.4,1.4,97.6,1,1,5520.0,12400,7.0,54800,5260.0,3200,1220,3780,940,633,8800,190,2177.5,GreenLeaf Agrochem Ltd.,"Houston, United States",Petrochemical,220000,860,49540.0,90.4014598540146,41373.0,75.49817518248176,40740.0,74.34306569343066,38372.5,70.02281021897811,90.19,492.5093632958802,5131.086142322098,4638.576779026217,0.5168539325842697,1.1610486891385767,0.0006554307116104869,99.80555555555556,82.0,98.6,80.69478777777776,80,70,63720.93023255814,12.418604651162791
mostly82-1ccb-4cfc-88ea-7f5ae6da68d3,mostly21-8842-49a4-871a-e936721d11b9,2023-04-01,16220.0,84.7,97.1,4.3,1.3,96.9,1,0,1290.0,570,6.8,42500,5250.0,25650,6820,425,1880,279,7400,60,196.0,Aurora Petrochemicals Complex,"Port Elizabeth, South Africa",Specialty Chemicals,220000,860,37250.0,87.6470588235294,30129.0,70.89176470588235,29850.0,70.23529411764706,29594.0,69.63294117647058,92.08000000000001,323.6744759556104,2620.221948212084,2296.5474722564736,0.07953144266337854,0.03514180024660912,0.0004192355117139334,99.40277777777779,84.7,98.7,83.09962879166667,80,100,49418.604651162794,18.86046511627907
mostly91-3000-4b6b-a3b1-26cc0f7cb25a,mostly23-c1e3-404f-9978-e4c1606bd2a4,2024-08-01,16020.0,98.0,93.6,6.1,0.6,97.5,1,0,6400.0,13900,171.0,6760,42750.0,3520,1280,3850,1280,890,8990,225,2312.5,Horizon Polymers Campus,"Odense, Denmark",Polymers,220000,860,-35990.0,-532.396449704142,-44090.0,-652.2189349112426,-44980.0,-665.3846153846155,-47517.5,-702.9215976331361,96.53,2668.5393258426966,421.9725343320849,-2246.566791510612,0.3995006242197253,0.867665418227216,0.010674157303370787,99.15277777777777,98.0,99.4,96.58670388888889,80,100,7860.46511627907,18.627906976744185
mostly31-f94f-4eaf-a961-bd5217c60fea,mostly24-75d3-4c33-9fa1-6148064115b5,2024-05-01,16140.0,84.0,93.1,1.4,0.86,99.1,1,1,5680.0,15350,9.6,44750,4760.0,23850,7000,470,198,278,1325,168,870.0,Nordic Specialty Plastics Plant,"Odense, Denmark",Petrochemical,310000,540,39990.0,89.36312849162012,38943.0,87.02346368715084,38665.0,86.40223463687151,37627.0,84.0826815642458,91.25999999999999,294.91945477075586,2772.6146220570013,2477.6951672862456,0.35192069392812886,0.9510532837670385,0.0005947955390334573,99.80555555555556,84.0,99.14,83.11567133333334,80,70,82870.37037037036,29.88888888888889
mostly7b-faca-437d-98a4-0d31fe7826a5,mostly2b-eb41-4c45-87f9-a2d9b98a0512,2024-11-01,50650.0,90.0,97.6,4.0,0.88,98.9,0,0,5950.0,570,158.0,6290,4650.0,17000,4502,1900,198,1500,8990,220,1405.0,Nordic Specialty Plastics Plant,Singapore,Specialty Chemicals,220000,1500,1640.0,26.073131955484897,-5850.0,-93.0047694753577,-7350.0,-116.85214626391097,-8975.0,-142.68680445151034,94.95,91.80651530108588,124.18558736426456,32.37907206317868,0.11747285291214216,0.01125370187561698,0.003119447186574531,99.44444444444444,90.0,99.12,88.71240000000002,100,100,4193.333333333333,33.766666666666666
mostly34-701a-488a-83c8-6b914a7f38c5,mostly2d-8e90-431f-88e0-aa59ccb808f6,2023-01-01,15740.0,95.2,92.5,6.3,1.4,97.1,1,0,1280.0,9120,6.5,45020,4800.0,24050,1200,4300,1700,970,4780,160,178.0,Nordic Specialty Plastics Plant,"Port Elizabeth, South Africa",Industrial Gases,310000,860,40220.0,89.33807196801422,36410.0,80.8751665926255,35440.0,78.7205686361617,35102.0,77.96979120390938,94.96000000000001,304.95552731893264,2860.2287166454894,2555.273189326557,0.08132147395171538,0.579415501905972,0.00041296060991105463,99.12500000000001,95.2,98.6,93.04586200000003,80,100,52348.83720930233,18.302325581395348
mostlyce-6c6c-4808-b49d-a6fcf9d4da77,mostly33-29da-4fef-a00d-aed05b50b7a4,2023-04-01,10450.0,75.3,94.9,8.5,1.0,97.8,2,0,1330.0,9120,9.4,48240,5210.0,19000,6880,445,880,642,8700,270,2242.5,GreenLeaf Agrochem Ltd.,"Odense, Denmark",Agrochemicals,220000,1500,43030.0,89.19983416252073,34972.0,72.49585406301824,34330.0,71.16500829187396,31817.5,65.95667495854063,87.93,498.5645933014354,4616.267942583732,4117.703349282297,0.12727272727272726,0.8727272727272727,0.0008995215311004785,98.81944444444444,75.3,99.0,73.66693125,60,100,32160.0,6.966666666666667
mostly1b-8908-42df-9db9-5a84bc7839ea,mostly3d-07ee-4c7e-b97b-bd8c4c590562,2023-04-01,15010.0,86.0,93.9,1.2,0.85,96.0,2,0,845.0,17650,120.4,47050,32190.0,3300,5020,2620,215,1220,1325,156,2312.5,GreenLeaf Agrochem Ltd.,"Shanghai, China",Specialty Chemicals,310000,540,14860.0,31.583421891604672,14755.0,31.360255047821468,13535.0,28.767268862911795,11066.5,23.520722635494153,91.36999999999999,2144.5702864756827,3134.576948700866,990.0066622251834,0.05629580279813458,1.1758827448367755,0.008021319120586276,99.83333333333333,86.0,99.15,85.126885,60,100,87129.62962962964,27.796296296296298
mostly37-6f56-4f85-9ed9-b2efaba2af73,mostly3e-5718-4622-8e6a-4df993a1a435,2023-01-01,53550.0,83.8,96.8,4.0,0.9,98.8,0,0,7220.0,12540,165.0,6290,26550.0,22650,7100,2040,1300,922,5360,66,805.0,Zenith Industrial Gases Center,"Odense, Denmark",Specialty Chemicals,900000,2100,-20260.0,-322.09856915739266,-24698.0,-392.6550079491256,-25620.0,-407.31319554848966,-26491.0,-421.1605723370429,92.19999999999999,495.79831932773106,117.46031746031746,-378.3380018674136,0.13482726423902894,0.23417366946778712,0.0030812324929971988,99.44444444444444,83.8,99.1,82.58443444444444,100,100,2995.2380952380954,25.5
mostlyc9-8b75-4211-9051-1b0a25648819,mostly54-2ddc-4872-873b-4052e1b4490c,2024-09-01,46010.0,81.9,92.0,3.8,0.8,97.8,0,0,6000.0,570,47.0,52050,36450.0,23000,5340,2420,222,282,9202,165,770.0,GreenLeaf Agrochem Ltd.,"Shanghai, China",Agrochemicals,480000,3200,15600.0,29.971181556195965,6680.0,12.83381364073007,6398.0,12.292026897214217,5463.0,10.495677233429394,89.70000000000002,792.2190828080852,1131.2758096066073,339.05672679852205,0.13040643338404695,0.01238861117148446,0.0010215170615083678,99.47222222222223,81.9,99.2,80.81600800000001,100,100,16265.625,14.378125
mostly0f-253d-4705-999f-6545f11685e5,mostly59-c3e9-40f7-ac4f-b346f6bae76c,2023-03-01,9750.0,84.0,94.9,3.9,0.7,99.5,2,1,6810.0,9180,6.0,47800,34500.0,24450,1260,4470,1180,980,4400,172,1080.0,Zenith Industrial Gases Center,"Odense, Denmark",Specialty Chemicals,480000,1500,13300.0,27.824267782426777,9880.0,20.669456066945607,8900.0,18.619246861924683,7648.0,16.0,91.92,3538.4615384615386,4902.5641025641025,1364.102564102564,0.6984615384615385,0.9415384615384615,0.0006153846153846154,99.45833333333334,84.0,99.3,82.960185,60,70,31866.666666666668,6.5
mostly4a-2148-4547-bf8f-8a7f1ed15742,mostly78-2094-4a64-ba04-eda5dd04a086,2024-02-01,47050.0,78.6,96.2,2.8,0.89,98.9,1,1,6030.0,12500,5.8,6475,4990.0,22150,1280,449,200,860,1240,250,1470.0,Zenith Industrial Gases Center,Singapore,Petrochemical,310000,540,1485.0,22.934362934362934,1105.0,17.065637065637066,245.0,3.783783783783784,-1475.0,-22.779922779922778,89.97,106.05738575982997,137.61955366631244,31.562167906482472,0.1281615302869288,0.26567481402763016,0.0001232731137088204,99.61111111111111,78.6,99.11,77.59751376666667,80,70,11990.74074074074,87.12962962962963
mostlyb2-767d-4fdf-93e7-16717e065220,mostly78-6843-47de-b058-eb46723a75a7,2023-03-01,41200.0,82.6,95.7,4.1,1.2,96.5,0,1,5010.0,13790,44.3,6360,41850.0,17000,5580,3450,205,1440,1300,145,865.0,Zenith Industrial Gases Center,"Shanghai, China",Agrochemicals,310000,3200,-35490.0,-558.0188679245283,-35350.0,-555.8176100628931,-36790.0,-578.4591194968554,-37800.0,-594.3396226415094,90.7,1015.7766990291262,154.36893203883494,-861.4077669902913,0.12160194174757281,0.3347087378640777,0.0010752427184466018,99.43055555555556,82.6,98.8,81.14408322222222,100,70,1987.5,12.875
mostly68-58fd-4121-8f2e-842952f8f4fc,mostly89-1676-407e-a736-b5c01ff93138,2024-11-01,47310.0,90.1,94.7,6.2,0.89,98.3,0,0,1200.0,8980,112.0,51900,32200.0,25900,7250,4360,200,1540,4920,185,872.0,Aurora Petrochemicals Complex,"Port Elizabeth, South Africa",Industrial Gases,310000,540,19700.0,37.957610789980734,16320.0,31.445086705202314,14780.0,28.477842003853564,13723.0,26.441233140655108,93.94,680.6172056647644,1097.019657577679,416.40245191291467,0.025364616360177554,0.18981187909532868,0.0023673641936165714,99.13888888888889,90.1,99.11,88.52915405277777,100,100,96111.11111111111,87.61111111111111
mostly46-4a56-4a0e-b478-082234600ee2,mostly9d-1e33-486f-ab67-fbeed1945f92,2025-01-01,9400.0,84.7,94.5,2.3,1.1,97.4,2,0,6500.0,9090,44.6,54500,32950.0,20300,4601,2000,185,1430,9000,60,1260.0,Nordic Specialty Plastics Plant,"Shanghai, China",Agrochemicals,220000,540,21550.0,39.54128440366972,13980.0,25.65137614678899,12550.0,23.027522935779817,11230.0,20.605504587155963,91.45,3505.31914893617,5797.872340425532,2292.5531914893613,0.6914893617021277,0.9670212765957447,0.00474468085106383,99.68055555555556,84.7,98.9,83.50070681944446,60,100,100925.92592592593,17.40740740740741
mostly6c-c775-4a8a-a19f-f2361b860c39,mostlya7-fcf7-4455-9b2f-19eb0fd41fa6,2024-08-01,16450.0,92.3,89.7,7.4,0.75,97.6,1,0,5880.0,9180,146.0,53900,34507.5,20350,4700,2460,212,1245,1270,180,785.0,GreenLeaf Agrochem Ltd.,"Odense, Denmark",Polymers,310000,3200,19392.5,35.97866419294991,19367.5,35.932282003710576,18122.5,33.62244897959184,17157.5,31.83209647495362,93.11,2097.7203647416413,3276.595744680851,1178.8753799392098,0.3574468085106383,0.5580547112462007,0.008875379939209727,98.97222222222223,92.3,99.25,90.66622590277777,80,100,16843.75,5.140625
mostly63-2e0f-4778-aecd-ccee2c0cfda9,mostlyaa-e8ae-43bc-b45a-e54663f90d39,2023-02-01,70520.0,78.5,94.4,1.8,0.2,98.7,1,0,1010.0,8980,5.3,39760,36450.0,20640,7100,3990,1850,628,1348,240,184.0,Zenith Industrial Gases Center,"Port Elizabeth, South Africa",Industrial Gases,310000,1500,3310.0,8.324949698189135,2590.0,6.514084507042253,1962.0,4.934607645875252,1538.0,3.868209255533199,89.33,516.874645490641,563.8116846284742,46.93703913783315,0.014322178105501985,0.1273397617697107,7.515598411798072e-05,99.75,78.5,99.8,78.1471425,80,100,26506.666666666668,47.013333333333335
mostly1b-a4de-476c-aa3e-683e657f1c2a,mostlyb3-6de1-444e-bb2b-db078b60974c,2024-03-01,39760.0,90.8,92.8,1.2,0.87,97.8,2,0,6000.0,9220,125.0,6475,31575.0,3300,6350,3850,850,283,8400,150,2251.0,Nordic Specialty Plastics Plant,"Odense, Denmark",Agrochemicals,720000,2100,-25100.0,-387.64478764478764,-33217.0,-513.003861003861,-33500.0,-517.3745173745174,-35901.0,-554.4555984555984,93.5,794.1398390342052,162.85211267605635,-631.2877263581489,0.15090543259557343,0.23189134808853118,0.003143863179074447,99.83333333333333,90.8,99.13,89.86002326666666,60,100,3083.3333333333335,18.933333333333334
mostly96-786c-4233-b8ed-ad0f401087d6,mostlyb9-9300-4ba4-b04c-e7c8ecef616a,2024-02-01,9600.0,85.0,92.1,6.2,0.75,98.4,1,0,7320.0,15880,150.0,42100,42750.0,19000,6400,2050,900,279,4900,61,1405.0,GreenLeaf Agrochem Ltd.,"Houston, United States",Polymers,220000,1500,-650.0,-1.5439429928741093,-5271.0,-12.520190023752969,-5550.0,-13.182897862232778,-7016.0,-16.665083135391924,91.15,4453.125,4385.416666666667,-67.70833333333303,0.7625,1.6541666666666666,0.015625,99.13888888888889,85.0,99.25,83.63604513888889,80,100,28066.666666666668,6.4
mostly07-f30c-43ef-93fb-76f376b1dafc,mostlyd2-17a5-447a-b00f-1610fd6cf6d5,2024-05-01,46000.0,73.6,92.2,3.6,0.87,97.7,1,0,7040.0,13340,42.9,53400,33765.0,3420,1280,425,990,955,5400,230,1993.0,Nordic Specialty Plastics Plant,"Port Elizabeth, South Africa",Specialty Chemicals,310000,3200,19635.0,36.76966292134832,15190.0,28.44569288389513,14235.0,26.65730337078652,12012.0,22.49438202247191,86.40999999999998,734.0217391304348,1160.8695652173913,426.8478260869565,0.15304347826086956,0.29,0.0009326086956521739,99.5,73.6,99.13,72.5948816,80,100,16687.5,14.375
mostly75-684f-4df7-86b0-3deb9f9eac4f,mostlyd6-b834-4855-bd11-7daada02dde1,2023-02-01,11120.0,82.4,95.3,2.3,0.6,96.2,0,0,1060.0,8200,168.0,44000,38000.0,21660,3976,1780,1720,1320,9100,60,185.0,Nordic Specialty Plastics Plant,"Odense, Denmark",Agrochemicals,480000,860,6000.0,13.636363636363635,-1780.0,-4.045454545454545,-3100.0,-7.045454545454545,-3345.0,-7.602272727272727,90.41000000000001,3417.26618705036,3956.834532374101,539.5683453237411,0.09532374100719425,0.737410071942446,0.015107913669064749,99.68055555555556,82.4,99.4,81.64395711111113,100,100,51162.79069767442,12.930232558139535
mostly2d-9a62-4ab5-938a-5e87cc2bc3d1,mostlyda-790f-41ae-8bf1-7f121af10997,2023-01-01,15610.0,86.8,95.7,6.3,0.4,97.5,1,0,4620.0,600,132.0,39760,4800.0,21750,4210,4210,1010,284,10040,205,1260.0,Nordic Specialty Plastics Plant,"Odense, Denmark",Specialty Chemicals,310000,2100,34960.0,87.92756539235413,25204.0,63.39034205231388,24920.0,62.676056338028175,23455.0,58.991448692152915,92.68,307.4951953875721,2547.085201793722,2239.5900064061498,0.29596412556053814,0.03843689942344651,0.008456117873158232,99.12500000000001,86.8,99.6,85.69633800000001,80,100,18933.333333333332,7.433333333333334
mostlyb6-9cb4-4fe5-8193-fcce51695b41,mostlye4-419d-4d08-9639-789ce6d03230,2023-10-01,10450.0,80.5,98.0,4.5,1.4,95.9,1,0,5930.0,12950,8.9,55200,34507.5,3540,1290,2380,1200,1295,8420,67,1520.0,Zenith Industrial Gases Center,"Shanghai, China",Specialty Chemicals,480000,2100,20692.5,37.486413043478265,13567.5,24.578804347826086,12272.5,22.23278985507246,10685.5,19.357789855072465,90.37000000000002,3302.153110047847,5282.296650717703,1980.1435406698565,0.5674641148325359,1.2392344497607655,0.0008516746411483254,99.375,80.5,98.6,78.87691875000002,80,100,26285.714285714286,4.976190476190476
mostly27-974a-4ca8-9969-937e09b02fcb,mostlye6-a6d6-4fac-8296-564dfd183483,2023-09-01,10750.0,91.8,97.3,6.2,0.75,96.5,2,1,5820.0,14340,6.8,46220,37050.0,21800,1365,1850,212,1450,8000,270,900.0,Horizon Polymers Campus,"Port Elizabeth, South Africa",Industrial Gases,900000,2100,9170.0,19.839896148853313,2620.0,5.668541756815231,1170.0,2.531371700562527,0.0,0.0,94.86,3446.5116279069766,4299.53488372093,853.0232558139537,0.5413953488372093,1.333953488372093,0.0006325581395348837,99.13888888888889,91.8,99.25,90.32692875,60,70,22009.52380952381,5.119047619047619
mostly32-f519-4d80-a4e3-7b5ae3297953,mostlyeb-f4ba-4b55-b718-8ecb1d4850a0,2024-11-01,16020.0,97.1,98.3,1.9,1.0,98.8,2,0,1250.0,540,7.5,57000,34500.0,19500,4920,4300,205,274,1300,59,199.0,Horizon Polymers Campus,"Port Elizabeth, South Africa",Industrial Gases,220000,860,22500.0,39.473684210526315,21474.0,37.67368421052632,21200.0,37.19298245614035,20942.0,36.74035087719298,97.97,2153.558052434457,3558.052434456929,1404.494382022472,0.0780274656679151,0.033707865168539325,0.00046816479400749064,99.73611111111111,97.1,99.0,95.87532625,60,100,66279.06976744186,18.627906976744185
mostlyd4-9e80-42cd-8fa5-69e6e9f4d052,mostlyf3-9c94-4094-a8c9-7f546863a750,2023-01-01,16450.0,94.3,94.2,4.0,1.4,98.5,2,0,6720.0,14200,48.2,56000,34200.0,22540,7000,3100,180,600,4400,220,895.0,GreenLeaf Agrochem Ltd.,"Houston, United States",Polymers,220000,540,21800.0,38.92857142857143,18000.0,32.142857142857146,17400.0,31.071428571428573,16285.0,29.080357142857142,95.52999999999999,2079.0273556231004,3404.255319148936,1325.2279635258355,0.4085106382978723,0.8632218844984803,0.0029300911854103343,99.44444444444444,94.3,98.6,92.46324555555555,60,100,103703.70370370371,30.462962962962962
mostly2e-11b9-4187-97ab-6e1051561405,mostlyf6-b04f-4b31-9966-024a241c2450,2023-01-01,44875.0,95.0,95.4,2.3,1.0,97.2,1,0,5650.0,8350,49.7,50500,26550.0,22500,5700,3100,218,970,8420,62,1440.0,Nordic Specialty Plastics Plant,"Odense, Denmark",Agrochemicals,720000,3200,23950.0,47.42574257425743,16500.0,32.67326732673268,15530.0,30.752475247524753,14028.0,27.77821782178218,95.78,591.6434540389972,1125.3481894150418,533.7047353760446,0.12590529247910864,0.1860724233983287,0.0011075208913649025,99.68055555555556,95.0,99.0,93.74956250000001,80,100,15781.25,14.0234375
mostly33-294f-4140-bccf-e7e18813f4a2,mostlyfa-c5f5-4788-8ec4-467088d908e6,2023-01-01,9400.0,95.0,91.8,3.1,1.4,96.8,2,0,6810.0,13250,51.0,42100,30700.0,20600,5580,3950,1760,1290,4300,65,910.0,GreenLeaf Agrochem Ltd.,Singapore,Specialty Chemicals,900000,860,11400.0,27.078384798099762,8390.0,19.928741092636578,7100.0,16.864608076009503,6125.0,14.548693586698338,94.58,3265.9574468085107,4478.723404255319,1212.7659574468084,0.7244680851063829,1.4095744680851063,0.005425531914893617,99.56944444444444,95.0,98.6,93.2666986111111,60,100,48953.48837209302,10.930232558139535
mostly6e-f3e8-48db-9b68-a441b7ac9a0f,mostlyfb-07df-48c0-b2f9-ef4db0e080d7,2024-04-01,15650.0,71.2,98.0,3.6,1.1,97.1,0,1,5400.0,13250,125.0,51500,5120.0,25450,4520,3100,860,1420,9830,63,188.0,Horizon Polymers Campus,"Port Elizabeth, South Africa",Specialty Chemicals,480000,540,46380.0,90.05825242718447,37970.0,73.72815533980582,36550.0,70.97087378640776,36299.0,70.48349514563107,87.01,327.15654952076676,3290.73482428115,2963.578274760383,0.3450479233226837,0.8466453674121406,0.007987220447284345,99.5,71.2,98.9,70.06471600000002,100,70,95370.37037037036,28.98148148148148
mostly30-b4f7-4d77-9589-b397f37ab02f,mostly07-3886-4b9c-8a2b-dca52e1984cc,2023-07-01,55200.0,93.1,93.3,1.7,0.82,97.9,1,0,5790.0,14500,145.0,6760,31250.0,24500,7200,2560,222,605,4600,69,870.0,GreenLeaf Agrochem Ltd.,"Port Elizabeth, South Africa",Specialty Chemicals,310000,3200,-24490.0,-362.27810650887574,-28485.0,-421.37573964497045,-29090.0,-430.3254437869822,-30029.0,-444.215976331361,94.6,566.1231884057971,122.46376811594203,-443.6594202898551,0.10489130434782609,0.26268115942028986,0.0026268115942028984,99.76388888888889,93.1,99.18,92.118563075,80,100,2112.5,17.25
mostly49-407d-4f56-b008-ad8bc9891835,mostly14-961f-4774-b83f-89889f11a6ae,2025-05-01,65200.0,91.7,96.0,2.2,0.75,96.7,2,0,5550.0,12540,47.6,6840,33600.0,22750,5900,440,900,922,7800,65,1405.0,GreenLeaf Agrochem Ltd.,"Odense, Denmark",Specialty Chemicals,480000,1500,-26760.0,-391.22807017543863,-33638.0,-491.7836257309942,-34560.0,-505.2631578947368,-36030.0,-526.7543859649122,94.49000000000001,515.3374233128834,104.9079754601227,-410.4294478527607,0.08512269938650306,0.19233128834355828,0.0007300613496932515,99.69444444444444,91.7,99.25,90.73415701388889,60,100,4560.0,43.46666666666667
mostly99-ea6e-48e6-b46e-c7319696a92b,mostly16-b055-4b92-b52f-4a869e53cd33,2024-05-01,41280.0,73.6,93.1,9.8,0.75,97.7,1,1,900.0,11450,48.2,56000,36800.0,3430,1240,2300,1760,633,7000,180,2105.0,GreenLeaf Agrochem Ltd.,"Houston, United States",Petrochemical,220000,860,19200.0,34.285714285714285,12833.0,22.916071428571428,12200.0,21.785714285714285,9915.0,17.705357142857142,86.68,891.4728682170543,1356.5891472868218,465.11627906976753,0.02180232558139535,0.27737403100775193,0.0011676356589147288,98.6388888888889,73.6,99.25,72.05373555555556,80,70,65116.27906976744,48.0
mostly8e-33e3-47d6-968d-f5a333301737,mostly21-8842-49a4-871a-e936721d11b9,2024-09-01,9750.0,73.6,96.5,1.8,0.85,96.3,0,0,5340.0,13850,47.0,42100,36000.0,20350,4550,3950,1050,1440,4760,240,1230.0,Aurora Petrochemicals Complex,"Port Elizabeth, South Africa",Specialty Chemicals,220000,860,6100.0,14.489311163895488,2780.0,6.603325415676959,1340.0,3.1828978622327795,-130.0,-0.3087885985748219,87.28,3692.3076923076924,4317.948717948718,625.6410256410254,0.5476923076923077,1.4205128205128206,0.004820512820512821,99.75,73.6,99.15,72.79196400000001,100,100,48953.48837209302,11.337209302325581
mostly44-2703-486d-8fa0-eb39cb06b9b6,mostly23-c1e3-404f-9978-e4c1606bd2a4,2023-01-01,65200.0,94.8,98.0,5.3,0.6,99.4,1,0,1040.0,9120,125.0,45020,4820.0,3280,4700,445,1010,1520,9180,178,197.0,Horizon Polymers Campus,"Odense, Denmark",Polymers,220000,860,40200.0,89.29364726788094,32540.0,72.27898711683696,31020.0,68.90270990670813,30645.0,68.06974677920924,97.14,73.92638036809817,690.4907975460122,616.564417177914,0.015950920245398775,0.13987730061349693,0.0019171779141104294,99.2638888888889,94.8,99.4,93.53755366666667,80,100,52348.83720930233,75.81395348837209
mostly3a-89ee-4727-8198-58c8a0cd14e3,mostly24-75d3-4c33-9fa1-6148064115b5,2025-05-01,50120.0,88.0,96.2,2.9,1.1,99.6,1,0,1310.0,13850,44.9,55000,38500.0,21500,4120,456,193,1530,7200,66,810.0,Nordic Specialty Plastics Plant,"Odense, Denmark",Petrochemical,310000,540,16500.0,30.0,10830.0,19.69090909090909,9300.0,16.90909090909091,8424.0,15.316363636363636,93.94,768.1564245810056,1097.366320830008,329.2098962490023,0.02613727055067837,0.2763367916999202,0.0008958499600957701,99.59722222222223,88.0,98.9,86.68145444444446,80,100,101851.85185185185,92.81481481481481
mostlye9-be0d-4421-b0a2-983c138da40a,mostly2b-eb41-4c45-87f9-a2d9b98a0512,2023-01-01,9400.0,78.2,94.8,6.9,1.3,99.0,1,0,4620.0,9160,115.0,52050,28900.0,3350,6920,1850,185,955,9000,280,1050.0,Nordic Specialty Plastics Plant,Singapore,Specialty Chemicals,220000,1500,23150.0,44.47646493756004,15105.0,29.020172910662822,14150.0,27.185398655139288,12820.0,24.63016330451489,89.41999999999999,3074.468085106383,5537.234042553191,2462.765957446808,0.49148936170212765,0.9744680851063829,0.01223404255319149,99.04166666666667,78.2,98.7,76.44372575000001,80,100,34700.0,6.266666666666667
mostly10-bc4e-422f-9562-3b6cc404a578,mostly2d-8e90-431f-88e0-aa59ccb808f6,2025-04-01,15120.0,73.6,95.1,3.4,0.5,98.6,1,0,860.3,13340,6.5,56000,5210.0,3400,5450,1780,1760,1480,7600,175,880.0,Nordic Specialty Plastics Plant,"Port Elizabeth, South Africa",Industrial Gases,310000,860,50790.0,90.69642857142857,44670.0,79.76785714285714,43190.0,77.125,42135.0,75.24107142857143,87.55,344.5767195767196,3703.703703703704,3359.126984126984,0.05689814814814814,0.8822751322751323,0.0004298941798941799,99.52777777777779,73.6,99.5,72.88618222222222,80,100,65116.27906976744,17.58139534883721
mostly98-8cde-4b77-9c3e-5609b4f4ce46,mostly33-29da-4fef-a00d-aed05b50b7a4,2024-10-01,48240.0,83.0,94.5,1.5,0.85,99.8,1,0,5610.0,620,6.4,6725,33600.0,3320,1200,2050,1860,1330,8800,205,1060.0,GreenLeaf Agrochem Ltd.,"Odense, Denmark",Agrochemicals,220000,1500,-26875.0,-399.6282527881041,-34345.0,-510.70631970260223,-35675.0,-530.4832713754647,-36940.0,-549.2936802973977,91.49,696.5174129353234,139.4071310116086,-557.1102819237148,0.11629353233830846,0.01285240464344942,0.00013266998341625208,99.79166666666667,83.0,99.15,82.123053125,80,100,4483.333333333333,32.16
mostlyff-ce0a-46cf-9cbf-39cf97131990,mostly3d-07ee-4c7e-b97b-bd8c4c590562,2024-04-01,16540.0,89.9,95.7,1.7,1.6,96.7,0,0,5010.0,8730,44.1,47050,33637.5,25450,1285,4200,950,612,4600,185,178.0,GreenLeaf Agrochem Ltd.,"Shanghai, China",Specialty Chemicals,310000,540,13412.5,28.506907545164715,9424.5,20.030818278427205,8812.5,18.73007438894793,8449.5,17.958554729011688,93.68,2033.7061668681984,2844.6191051995165,810.9129383313182,0.30290205562273276,0.5278113663845224,0.0026662636033857314,99.76388888888889,89.9,98.4,88.25273233333334,100,100,87129.62962962964,30.62962962962963
mostly24-1c96-4f7a-8362-9ba0870ddc54,mostly3e-5718-4622-8e6a-4df993a1a435,2023-10-01,76240.0,98.0,97.9,5.5,0.89,97.8,1,0,5960.0,15350,49.7,50120,34500.0,25050,1285,2560,1820,970,9000,62,1385.0,Zenith Industrial Gases Center,"Odense, Denmark",Specialty Chemicals,900000,2100,15620.0,31.165203511572226,7590.0,15.143655227454111,6620.0,13.20830007980846,5173.0,10.32122905027933,97.91,452.5183630640084,657.3976915005246,204.87932843651623,0.07817418677859392,0.20133788037775446,0.0006518887722980064,99.23611111111111,98.0,99.11,96.38585152777777,80,100,23866.666666666668,36.304761904761904
mostly4d-d6d1-490f-bd7e-9bfc084e513f,mostly54-2ddc-4872-873b-4052e1b4490c,2023-02-01,10540.0,96.2,92.7,2.4,1.6,97.6,1,0,860.3,13750,9.4,50650,4760.0,19000,4384,2230,180,1335,10040,69,1020.0,GreenLeaf Agrochem Ltd.,"Shanghai, China",Agrochemicals,480000,3200,45890.0,90.60217176702862,37185.0,73.41559723593288,35850.0,70.77986179664363,34761.0,68.62981243830207,95.57,451.61290322580646,4805.502846299811,4353.889943074004,0.0816223908918406,1.3045540796963946,0.0008918406072106263,99.66666666666667,96.2,98.4,94.34526400000003,80,100,15828.125,3.29375
mostlyca-3707-4b8d-8a13-7c031575f9ef,mostly59-c3e9-40f7-ac4f-b346f6bae76c,2023-05-01,45020.0,89.7,95.1,1.0,1.8,98.7,1,0,1250.0,16650,9.7,43520,34650.0,19800,5600,2050,224,605,9510,63,201.0,Zenith Industrial Gases Center,"Odense, Denmark",Specialty Chemicals,480000,1500,8870.0,20.381433823529413,-35.0,-0.08042279411764705,-640.0,-1.4705882352941175,-904.0,-2.077205882352941,94.02,769.6579298089738,966.6814749000445,197.02354509107067,0.027765437583296314,0.36983562860950686,0.00021545979564637936,99.86111111111111,89.7,98.2,87.96305916666667,80,100,29013.333333333332,30.013333333333332
mostly7f-6557-4897-a6a6-c4d3f63a2652,mostly78-6843-47de-b058-eb46723a75a7,2023-10-01,52050.0,93.1,92.9,4.7,1.2,98.3,0,0,1220.0,8350,10.2,42000,36450.0,3340,5400,4050,1500,1430,7200,230,183.0,Zenith Industrial Gases Center,"Shanghai, China",Agrochemicals,310000,3200,5550.0,13.214285714285715,-220.0,-0.5238095238095238,-1650.0,-3.9285714285714284,-2063.0,-4.911904761904761,94.6,700.2881844380404,806.9164265129683,106.62824207492793,0.023439000960614794,0.16042267050912584,0.00019596541786743514,99.34722222222221,93.1,98.8,91.3823567222222,100,100,13125.0,16.265625
mostlye7-6deb-4455-b573-bf0e4bec8df6,mostly89-1676-407e-a736-b5c01ff93138,2023-03-01,48860.0,85.0,92.9,5.2,0.86,99.4,1,0,4200.5,14080,138.0,51000,4900.0,20850,5400,462,205,283,1348,170,188.0,Aurora Petrochemicals Complex,"Port Elizabeth, South Africa",Industrial Gases,310000,540,46100.0,90.3921568627451,45035.0,88.30392156862746,44752.0,87.74901960784314,44394.0,87.04705882352941,91.69,100.2865329512894,1043.7986082685222,943.5120753172329,0.08597011870650839,0.2881702824396234,0.0028243962341383544,99.27777777777777,85.0,99.14,83.66039055555555,80,100,94444.44444444444,90.48148148148148
mostlyf4-9f6d-4bef-8111-19fb5e09dbc3,mostly9d-1e33-486f-ab67-fbeed1945f92,2023-04-01,8800.0,82.4,96.0,1.9,0.9,97.1,2,1,6030.0,12200,142.0,50600,5250.0,21900,5980,3850,1850,890,5060,69,903.0,Nordic Specialty Plastics Plant,"Shanghai, China",Agrochemicals,220000,540,45350.0,89.62450592885376,41180.0,81.38339920948616,40290.0,79.62450592885375,39318.0,77.70355731225297,90.89,596.5909090909091,5750.0,5153.409090909091,0.6852272727272727,1.3863636363636365,0.016136363636363636,99.73611111111111,82.4,99.1,81.44291255555557,60,70,93703.70370370371,16.296296296296298
mostly02-9094-4e5b-8bd9-c4385e7aba71,mostlya7-fcf7-4455-9b2f-19eb0fd41fa6,2023-01-01,10540.0,89.7,96.5,7.0,1.4,97.1,1,0,5520.0,12860,8.7,57600,36450.0,21800,6600,3920,1720,287,7950,150,1005.0,GreenLeaf Agrochem Ltd.,"Odense, Denmark",Polymers,310000,3200,21150.0,36.71875,13487.0,23.414930555555554,13200.0,22.916666666666664,12045.0,20.911458333333332,93.96,3458.2542694497156,5464.895635673624,2006.6413662239088,0.523719165085389,1.22011385199241,0.000825426944971537,99.02777777777779,89.7,98.6,87.58432583333334,80,100,18000.0,3.29375
mostly06-daf3-411c-8734-11f301663791,mostlyb3-6de1-444e-bb2b-db078b60974c,2025-02-01,58000.0,84.7,93.2,3.1,1.2,98.2,1,0,5400.0,14080,145.0,6200,30960.0,3500,6050,1975,185,880,4500,66,880.0,Nordic Specialty Plastics Plant,"Odense, Denmark",Agrochemicals,720000,2100,-24760.0,-399.35483870967744,-28380.0,-457.7419354838709,-29260.0,-471.9354838709678,-30206.0,-487.19354838709677,91.3,533.7931034482758,106.89655172413794,-426.8965517241379,0.09310344827586207,0.24275862068965517,0.0025,99.56944444444444,84.7,98.8,83.32329561111112,80,100,2952.3809523809523,27.61904761904762
mostly26-94aa-4c9e-90a3-026576116511,mostlyb9-9300-4ba4-b04c-e7c8ecef616a,2023-07-01,45200.0,93.5,97.0,3.1,0.87,99.5,1,0,4620.0,13210,7.1,44875,34507.5,3420,4480,4300,1100,1330,4200,168,795.0,GreenLeaf Agrochem Ltd.,"Houston, United States",Polymers,220000,1500,10367.5,23.10306406685237,7497.5,16.7075208913649,6167.5,13.743732590529248,5204.5,11.597771587743733,96.35000000000001,763.4402654867257,992.8097345132743,229.3694690265486,0.10221238938053097,0.2922566371681416,0.0001570796460176991,99.56944444444444,93.5,99.13,92.28748290972221,80,100,29916.666666666668,30.133333333333333
mostlyb0-d7e9-42eb-8348-e0135c42f40f,mostlyd2-17a5-447a-b00f-1610fd6cf6d5,2023-04-01,16220.0,87.8,94.1,5.0,0.6,99.1,0,0,4620.0,600,43.8,46200,43350.0,25150,1230,420,193,1500,7200,140,1200.0,Nordic Specialty Plastics Plant,"Port Elizabeth, South Africa",Specialty Chemicals,310000,3200,2850.0,6.1688311688311686,-2850.0,-6.1688311688311686,-4350.0,-9.415584415584416,-5690.0,-12.316017316017316,93.08,2672.6263871763254,2848.3353884093713,175.7090012330459,0.2848335388409371,0.036991368680641186,0.002700369913686806,99.30555555555556,87.8,99.4,86.66713611111112,100,100,14437.5,5.06875
mostly97-070d-4e29-b59d-193d464e6b4f,mostlyd6-b834-4855-bd11-7daada02dde1,2023-02-01,76240.0,92.0,89.7,3.8,0.85,99.0,1,0,6180.0,14800,8.5,6550,5030.0,23500,5900,3320,1850,1470,1315,280,1993.0,Nordic Specialty Plastics Plant,"Odense, Denmark",Agrochemicals,480000,860,1520.0,23.206106870229007,1675.0,25.572519083969464,205.0,3.1297709923664123,-2068.0,-31.572519083969464,93.41,65.97586568730325,85.91290661070305,19.937040923399792,0.0810598111227702,0.19412381951731375,0.0001114900314795383,99.47222222222223,92.0,99.15,90.73657166666668,80,100,7616.279069767442,88.65116279069767
mostly7a-05d9-4a22-8f26-ca0be78a6fa9,mostlyda-790f-41ae-8bf1-7f121af10997,2023-11-01,15960.0,89.7,94.7,6.2,0.82,97.5,2,0,1060.0,12650,145.0,47250,5030.0,20600,4800,1975,201,1460,4500,180,1030.0,Nordic Specialty Plastics Plant,"Odense, Denmark",Specialty Chemicals,310000,2100,42220.0,89.35449735449735,39180.0,82.92063492063491,37720.0,79.83068783068784,36510.0,77.26984126984127,93.54,315.16290726817044,2960.5263157894738,2645.3634085213034,0.06641604010025062,0.7926065162907269,0.009085213032581453,99.13888888888889,89.7,99.18,88.19837715000001,60,100,22500.0,7.6
mostly2c-d2e5-4d41-97d2-a3cf00adf13b,mostlye4-419d-4d08-9639-789ce6d03230,2023-05-01,45200.0,84.0,92.5,6.0,1.1,96.9,1,1,6960.0,620,161.0,51900,33700.0,17000,6400,2230,1300,1180,4800,67,1300.0,Zenith Industrial Gases Center,"Shanghai, China",Specialty Chemicals,480000,2100,18200.0,35.067437379576106,14580.0,28.092485549132952,13400.0,25.818882466281313,12033.0,23.184971098265898,90.42000000000002,745.5752212389381,1148.2300884955753,402.6548672566372,0.15398230088495576,0.013716814159292035,0.0035619469026548674,99.16666666666667,84.0,98.9,82.3837,80,70,24714.285714285714,21.523809523809526
mostly72-838c-4052-9c4e-1f25cd4a75d6,mostlye6-a6d6-4fac-8296-564dfd183483,2023-01-01,68040.0,89.5,96.2,4.2,0.75,96.0,0,0,7450.0,12540,44.7,51000,43350.0,21850,1290,490,224,1330,9180,175,196.0,Horizon Polymers Campus,"Port Elizabeth, South Africa",Industrial Gases,900000,2100,7650.0,15.0,-200.0,-0.39215686274509803,-1530.0,-3.0,-1901.0,-3.7274509803921565,93.46000000000001,637.1252204585538,749.5590828924162,112.43386243386237,0.10949441504997061,0.18430335097001763,0.0006569664902998237,99.41666666666666,89.5,99.25,88.31058229166666,100,100,24285.714285714286,32.4
mostly65-c4a1-443a-88c7-7e7c9176defc,mostlyeb-f4ba-4b55-b718-8ecb1d4850a0,2023-07-01,10750.0,78.4,94.4,12.3,0.4,98.3,1,0,1300.0,9090,51.0,55200,33765.0,23125,4502,472,1350,1250,9202,58,1360.0,Horizon Polymers Campus,"Port Elizabeth, South Africa",Industrial Gases,220000,860,21435.0,38.83152173913044,13483.0,24.42572463768116,12233.0,22.161231884057973,10815.0,19.592391304347824,89.16999999999999,3140.9302325581393,5134.883720930233,1993.9534883720935,0.12093023255813953,0.8455813953488373,0.004744186046511628,98.29166666666667,78.4,99.6,76.75242399999999,80,100,64186.04651162791,12.5
mostly1c-621d-422f-a635-35fa3b2a1ef1,mostlyf3-9c94-4094-a8c9-7f546863a750,2023-07-01,10320.0,71.2,95.9,3.2,0.4,96.9,2,0,1360.0,9010,44.3,46200,30960.0,3430,1295,480,1700,850,5180,185,2105.0,GreenLeaf Agrochem Ltd.,"Houston, United States",Polymers,220000,540,15240.0,32.98701298701299,10910.0,23.614718614718612,10060.0,21.774891774891774,7770.0,16.818181818181817,86.32,3000.0,4476.7441860465115,1476.7441860465115,0.13178294573643412,0.873062015503876,0.004292635658914729,99.55555555555556,71.2,99.6,70.60002133333334,60,100,85555.55555555556,19.11111111111111
mostlye9-3343-41e7-a848-1849b9a18ab2,mostlyf6-b04f-4b31-9966-024a241c2450,2023-02-01,9750.0,89.2,95.1,2.2,1.2,97.5,1,1,1030.0,8750,149.0,54500,34200.0,21250,1325,457,212,285,1280,205,1470.0,Nordic Specialty Plastics Plant,"Odense, Denmark",Agrochemicals,720000,3200,20300.0,37.247706422018354,19305.0,35.42201834862385,19020.0,34.89908256880734,17345.0,31.8256880733945,93.46,3507.6923076923076,5589.74358974359,2082.051282051282,0.10564102564102563,0.8974358974358975,0.015282051282051281,99.69444444444444,89.2,98.8,87.8603151111111,80,70,17031.25,3.046875
mostly7c-b6e7-42c8-8dba-f86dc99fc512,mostlyfa-c5f5-4788-8ec4-467088d908e6,2025-02-01,44850.0,78.4,92.0,4.0,0.5,97.7,0,1,7220.0,13300,5.8,50120,35200.0,3430,1230,480,1600,1500,1320,225,183.0,GreenLeaf Agrochem Ltd.,Singapore,Specialty Chemicals,900000,860,14920.0,29.768555466879487,15100.0,30.127693535514766,13600.0,27.134876296887473,13192.0,26.320830007980845,88.27000000000001,784.8383500557413,1117.5027870680044,332.6644370122631,0.16098104793756968,0.29654403567447046,0.00012931995540691192,99.44444444444444,78.4,99.5,77.57462222222222,100,70,58279.06976744186,52.151162790697676
mostly9a-c7ff-459d-a1d7-1f65a3ffa57d,mostlyfb-07df-48c0-b2f9-ef4db0e080d7,2023-06-01,48240.0,77.9,94.1,4.2,0.15,98.8,1,0,7320.0,9040,7.5,6750,39500.0,16500,6600,487,1650,618,4300,205,180.0,Horizon Polymers Campus,"Port Elizabeth, South Africa",Specialty Chemicals,480000,540,-32750.0,-485.1851851851852,-36432.0,-539.7333333333333,-37050.0,-548.8888888888889,-37435.0,-554.5925925925926,89.03000000000002,818.8225538971808,139.92537313432837,-678.8971807628525,0.1517412935323383,0.18739635157545606,0.0001554726368159204,99.41666666666666,77.9,99.85,77.32941495833332,80,100,12500.0,89.33333333333333
mostlyc8-3a0d-4ecb-b236-65277b77efec,mostly07-3886-4b9c-8a2b-dca52e1984cc,2024-01-01,45200.0,86.0,95.5,2.7,1.4,99.2,1,0,6060.0,560,47.6,52000,4720.0,3370,6580,4050,1880,860,8784,62,1345.0,GreenLeaf Agrochem Ltd.,"Port Elizabeth, South Africa",Specialty Chemicals,310000,3200,47280.0,90.92307692307692,39356.0,75.68461538461538,38496.0,74.03076923076924,37089.0,71.325,92.81,104.42477876106194,1150.4424778761063,1046.0176991150443,0.134070796460177,0.012389380530973451,0.0010530973451327434,99.625,86.0,98.6,84.478015,80,100,16250.0,14.125
mostlycc-44ab-4173-88eb-c087467a0ef4,mostly14-961f-4774-b83f-89889f11a6ae,2024-01-01,45500.0,89.7,92.3,5.2,0.82,97.2,1,0,5600.0,9120,141.0,41280,37350.0,3380,5980,2500,1600,276,1320,165,2251.0,GreenLeaf Agrochem Ltd.,"Odense, Denmark",Specialty Chemicals,480000,1500,3930.0,9.520348837209303,2886.0,6.991279069767442,2610.0,6.3226744186046515,194.0,0.4699612403100776,92.72999999999999,820.8791208791209,907.2527472527472,86.37362637362628,0.12307692307692308,0.20043956043956043,0.003098901098901099,99.27777777777777,89.7,99.18,88.32193889999999,80,100,27520.0,30.333333333333332
mostly69-d1e5-4680-8c4a-820a7f6ad21c,mostly16-b055-4b92-b52f-4a869e53cd33,2023-09-01,45500.0,97.0,97.5,3.9,1.5,99.2,1,0,1310.0,14850,9.2,6660,4925.0,3380,1330,490,940,1260,9300,200,189.0,GreenLeaf Agrochem Ltd.,"Houston, United States",Petrochemical,220000,860,1735.0,26.05105105105105,-6305.0,-94.66966966966966,-7565.0,-113.58858858858858,-7954.0,-119.42942942942942,97.81,108.24175824175825,146.37362637362637,38.13186813186812,0.02879120879120879,0.3263736263736264,0.00020219780219780218,99.45833333333334,97.0,98.5,95.02746458333333,80,100,7744.186046511628,52.906976744186046
mostlyaf-bac3-4d3c-ab7b-c1990e0ecd49,mostly21-8842-49a4-871a-e936721d11b9,2023-11-01,53550.0,96.7,98.5,5.5,0.95,97.8,1,1,5520.0,12540,142.0,48450,32880.0,21900,1325,420,1060,910,4400,64,860.0,Aurora Petrochemicals Complex,"Port Elizabeth, South Africa",Specialty Chemicals,220000,860,15570.0,32.136222910216716,12080.0,24.93292053663571,11170.0,23.0546955624355,10246.0,21.147574819401445,97.57000000000001,614.0056022408963,904.7619047619048,290.7563025210085,0.1030812324929972,0.23417366946778712,0.0026517273576097105,99.23611111111111,96.7,99.05,95.04968690972223,80,70,56337.20930232558,62.26744186046512
mostlyce-5d28-402a-8d34-c5ac0492a937,mostly23-c1e3-404f-9978-e4c1606bd2a4,2023-01-01,10320.0,83.1,97.3,5.4,1.2,99.8,2,0,1300.0,13790,127.0,6200,39050.0,3440,7000,2300,1320,260,10000,188,780.0,Horizon Polymers Campus,"Odense, Denmark",Polymers,220000,860,-32850.0,-529.8387096774194,-42590.0,-686.9354838709677,-42850.0,-691.1290322580645,-43818.0,-706.741935483871,92.37,3783.9147286821703,600.7751937984497,-3183.1395348837204,0.12596899224806202,1.3362403100775193,0.012306201550387598,99.25,83.1,98.8,81.487029,60,100,7209.302325581395,12.0
mostlyab-9d48-4636-af68-e285594de929,mostly24-75d3-4c33-9fa1-6148064115b5,2024-11-01,10670.0,95.0,93.0,4.7,1.6,99.8,1,1,5570.0,570,148.0,42100,29600.0,22650,1200,1700,860,283,4300,158,197.0,Nordic Specialty Plastics Plant,"Odense, Denmark",Petrochemical,310000,540,12500.0,29.69121140142518,8483.0,20.149643705463184,8200.0,19.47743467933492,7845.0,18.63420427553444,95.84,2774.1330834114337,3945.6419868791004,1171.5089034676666,0.5220243673851921,0.053420805998125584,0.013870665417057169,99.34722222222221,95.0,98.4,92.86978333333333,80,70,77962.96296296296,19.75925925925926
mostly31-56d5-4913-966a-f96e9437daa4,mostly2b-eb41-4c45-87f9-a2d9b98a0512,2024-12-01,14990.0,88.8,92.1,5.2,0.87,97.4,1,0,6400.0,13210,44.9,6760,4800.0,3200,1350,3250,1000,642,1350,270,995.0,Nordic Specialty Plastics Plant,Singapore,Specialty Chemicals,220000,1500,1960.0,28.994082840236686,1252.0,18.5207100591716,610.0,9.023668639053255,-655.0,-9.689349112426035,92.36999999999999,320.2134756504336,450.96731154102736,130.75383589059373,0.4269513008672448,0.8812541694462975,0.0029953302201467646,99.27777777777777,88.8,99.13,87.39168626666665,80,100,4506.666666666667,9.993333333333334
mostly5f-ddc7-4bbd-89b9-6f14e30d209c,mostly2d-8e90-431f-88e0-aa59ccb808f6,2023-02-01,55200.0,94.1,93.9,4.7,0.85,96.7,2,1,5400.0,13640,9.5,49250,38000.0,3340,1295,4240,215,955,4400,185,950.0,Nordic Specialty Plastics Plant,"Port Elizabeth, South Africa",Industrial Gases,310000,860,11250.0,22.84263959390863,7805.0,15.84771573604061,6850.0,13.908629441624365,5715.0,11.604060913705585,94.82000000000001,688.4057971014493,892.2101449275362,203.804347826087,0.09782608695652174,0.24710144927536232,0.00017210144927536233,99.34722222222221,94.1,99.15,92.69110735416666,60,70,57267.441860465115,64.18604651162791
mostly97-644c-4e6c-9efb-f38795161ba2,mostly33-29da-4fef-a00d-aed05b50b7a4,2023-09-01,9200.0,83.8,93.3,7.9,0.92,97.7,1,0,6650.0,8700,112.0,54200,4925.0,21800,6920,1900,180,1280,8280,210,1495.0,GreenLeaf Agrochem Ltd.,"Odense, Denmark",Agrochemicals,220000,1500,49275.0,90.91328413284133,42275.0,77.99815498154982,40995.0,75.63653136531366,39290.0,72.49077490774908,90.82,535.3260869565217,5891.304347826087,5355.978260869565,0.7228260869565217,0.9456521739130435,0.01217391304347826,98.90277777777779,83.8,99.08,82.11802692222221,80,100,36133.333333333336,6.133333333333334
mostly4a-4f7e-44f6-8b17-ab92450a34ec,mostly3d-07ee-4c7e-b97b-bd8c4c590562,2023-10-01,51040.0,95.3,97.3,2.9,0.9,98.6,1,0,5600.0,13300,171.0,42000,29600.0,24500,5580,2500,950,990,1305,250,2300.0,GreenLeaf Agrochem Ltd.,"Shanghai, China",Specialty Chemicals,310000,540,12400.0,29.523809523809526,12085.0,28.773809523809526,11095.0,26.416666666666664,8545.0,20.345238095238095,96.89000000000001,579.9373040752351,822.8840125391849,242.9467084639498,0.109717868338558,0.26057993730407525,0.0033503134796238243,99.59722222222223,95.3,99.1,94.06190740277778,80,100,77777.77777777778,94.51851851851852
mostly47-84f8-4823-9828-097f28e4c42c,mostly3e-5718-4622-8e6a-4df993a1a435,2023-03-01,43550.0,93.0,92.7,2.3,0.92,98.9,1,0,1220.0,14800,9.0,47800,5000.0,3300,4520,1860,190,640,9760,70,201.0,Zenith Industrial Gases Center,"Odense, Denmark",Specialty Chemicals,900000,2100,42800.0,89.5397489539749,33680.0,70.4602510460251,33040.0,69.1213389121339,32769.0,68.55439330543933,94.68,114.8105625717566,1097.588978185993,982.7784156142365,0.02801377726750861,0.33983926521239954,0.0002066590126291619,99.68055555555556,93.0,99.08,91.85004983333334,80,100,22761.904761904763,20.738095238095237
mostly52-d58e-425f-a7d5-f6ffc8cb6ae0,mostly54-2ddc-4872-873b-4052e1b4490c,2024-04-01,10220.0,89.5,92.5,6.0,0.88,96.5,1,0,1290.0,8600,127.0,6350,4880.0,3330,5900,493,1850,1530,8200,270,990.0,GreenLeaf Agrochem Ltd.,"Shanghai, China",Agrochemicals,480000,3200,1470.0,23.1496062992126,-5200.0,-81.88976377952756,-6730.0,-105.98425196850394,-7990.0,-125.8267716535433,92.5,477.49510763209395,621.3307240704501,143.8356164383561,0.12622309197651663,0.8414872798434442,0.012426614481409002,99.16666666666667,89.5,99.12,87.97313000000001,80,100,1984.375,3.19375
mostlyae-8283-4c23-9ba3-a49cc947aabc,mostly59-c3e9-40f7-ac4f-b346f6bae76c,2023-09-01,15120.0,88.9,95.3,8.5,0.15,97.5,1,0,960.0,12250,165.0,6570,33350.0,25150,4550,3250,195,880,8420,180,1060.0,Zenith Industrial Gases Center,"Odense, Denmark",Specialty Chemicals,480000,1500,-26780.0,-407.6103500761035,-34320.0,-522.3744292237443,-35200.0,-535.7686453576864,-36440.0,-554.6423135464232,93.39999999999999,2205.6878306878307,434.5238095238095,-1771.164021164021,0.06349206349206349,0.8101851851851852,0.010912698412698412,98.81944444444444,88.9,99.85,87.71871038194443,80,100,4380.0,10.08
mostlyf8-e7ff-417e-8538-f4f242485db1,mostly78-6843-47de-b058-eb46723a75a7,2023-01-01,65200.0,71.2,97.2,3.6,1.4,98.3,0,1,1140.0,8800,9.4,6200,5100.0,3430,5580,1800,180,1200,4780,156,183.0,Zenith Industrial Gases Center,"Shanghai, China",Agrochemicals,310000,3200,1100.0,17.741935483870968,-2480.0,-40.0,-3680.0,-59.354838709677416,-4019.0,-64.82258064516128,87.13,78.22085889570552,95.0920245398773,16.871165644171782,0.017484662576687116,0.13496932515337423,0.0001441717791411043,99.5,71.2,98.6,69.85218400000001,100,70,1937.5,20.375
mostly18-b211-475d-9382-3e00016e20b9,mostly89-1676-407e-a736-b5c01ff93138,2025-05-01,16020.0,91.8,95.8,5.2,1.5,98.8,0,0,5610.0,13790,44.3,47800,37000.0,21000,6860,457,1250,950,10560,190,197.0,Aurora Petrochemicals Complex,"Port Elizabeth, South Africa",Industrial Gases,310000,540,10800.0,22.594142259414227,1190.0,2.489539748953975,240.0,0.502092050209205,-147.0,-0.3075313807531381,95.1,2309.612983770287,2983.770287141074,674.1573033707868,0.350187265917603,0.8607990012484394,0.0027652933832709114,99.27777777777777,91.8,98.5,89.76994499999998,100,100,88518.51851851853,29.666666666666668
mostly01-c280-4501-95b8-d11883e83ee1,mostly9d-1e33-486f-ab67-fbeed1945f92,2023-11-01,16140.0,78.4,93.5,2.7,0.15,99.8,1,0,6810.0,8200,149.0,45900,5030.0,3420,6100,3450,180,633,4300,150,1040.0,Nordic Specialty Plastics Plant,"Shanghai, China",Agrochemicals,220000,540,40870.0,89.04139433551198,37203.0,81.05228758169935,36570.0,79.67320261437908,35380.0,77.08061002178648,89.35000000000001,311.64807930607185,2843.8661710037177,2532.218091697646,0.42193308550185876,0.5080545229244114,0.009231722428748451,99.625,78.4,99.85,77.988841,80,100,85000.0,29.88888888888889
mostly2c-2a7d-4004-87e5-a145895cd1cf,mostlya7-fcf7-4455-9b2f-19eb0fd41fa6,2025-03-01,51040.0,75.3,92.9,5.5,1.4,99.0,2,0,1280.0,8780,174.0,55200,4780.0,22500,5200,3100,1500,281,1260,200,2251.0,GreenLeaf Agrochem Ltd.,"Odense, Denmark",Polymers,310000,3200,50420.0,91.34057971014494,49441.0,89.56702898550725,49160.0,89.05797101449275,46709.0,84.6177536231884,87.69,93.65203761755485,1081.5047021943574,987.8526645768026,0.025078369905956112,0.1720219435736677,0.003409090909090909,99.23611111111111,75.3,98.6,73.67864458333332,60,100,17250.0,15.95
mostly91-51a1-4ca6-a449-f944b6f11ee0,mostlyb3-6de1-444e-bb2b-db078b60974c,2023-01-01,53550.0,76.0,92.6,4.3,0.75,96.9,1,0,1050.0,560,47.0,57000,5050.0,21900,6350,493,1320,1430,8600,188,198.0,Nordic Specialty Plastics Plant,"Odense, Denmark",Agrochemicals,720000,2100,51950.0,91.14035087719297,44780.0,78.56140350877193,43350.0,76.05263157894737,42964.0,75.37543859649122,87.25,94.30438842203549,1064.4257703081232,970.1213818860878,0.0196078431372549,0.01045751633986928,0.0008776844070961718,99.40277777777779,76.0,99.25,74.9795152777778,80,100,27142.85714285714,25.5
mostly71-d213-4414-b241-b4a0d209efad,mostlyb9-9300-4ba4-b04c-e7c8ecef616a,2025-05-01,51040.0,97.0,98.3,4.0,1.2,96.8,1,0,5850.0,510,47.0,6290,40650.0,3500,5250,3380,210,281,9004,150,181.0,GreenLeaf Agrochem Ltd.,"Houston, United States",Polymers,220000,1500,-34360.0,-546.2639109697934,-43083.0,-684.9443561208267,-43364.0,-689.4117647058824,-43695.0,-694.6740858505565,97.33000000000001,796.4341692789968,123.23667711598746,-673.1974921630093,0.11461598746081504,0.009992163009404389,0.000920846394984326,99.44444444444444,97.0,98.8,95.30357777777778,80,100,4193.333333333333,34.026666666666664
mostly3f-1e74-42ff-8691-d104669f0347,mostlyd2-17a5-447a-b00f-1610fd6cf6d5,2025-05-01,46220.0,83.8,97.9,2.4,0.5,96.2,1,0,5140.0,16650,51.0,51900,30700.0,22750,7550,2040,940,270,9004,71,1495.0,Nordic Specialty Plastics Plant,"Port Elizabeth, South Africa",Specialty Chemicals,310000,3200,21200.0,40.847784200385355,12466.0,24.019267822736033,12196.0,23.4990366088632,10630.0,20.48169556840077,91.75,664.2146257031588,1122.8905235828645,458.67589787970564,0.11120726958026828,0.36023366508005195,0.0011034184335785373,99.66666666666667,83.8,99.5,83.10306333333332,80,100,16218.75,14.44375
mostly4a-1665-4ac4-996a-5f1e8aaf23eb,mostlyd6-b834-4855-bd11-7daada02dde1,2024-06-01,77980.0,87.8,96.1,2.1,0.78,99.6,1,0,7080.0,16240,46.8,6700,34500.0,21900,1270,4300,215,970,8420,59,872.0,Nordic Specialty Plastics Plant,"Odense, Denmark",Agrochemicals,480000,860,-27800.0,-414.92537313432837,-35250.0,-526.1194029850747,-36220.0,-540.5970149253731,-37151.0,-554.4925373134328,93.82999999999998,442.42113362400613,85.91946652987946,-356.5016670941267,0.09079251090023083,0.20825852782764812,0.0006001538856116953,99.70833333333333,87.8,99.22,86.86107411666666,80,100,7790.697674418605,90.67441860465117
mostly22-6f78-4b53-bf01-df5a77f6f17a,mostlyda-790f-41ae-8bf1-7f121af10997,2023-01-01,16020.0,95.3,94.2,5.3,0.5,98.5,2,1,5400.0,8200,6.1,55600,5050.0,24850,6000,3200,212,260,8700,63,202.0,Nordic Specialty Plastics Plant,"Odense, Denmark",Specialty Chemicals,310000,2100,50550.0,90.91726618705036,42110.0,75.73741007194245,41850.0,75.26978417266187,41585.0,74.7931654676259,95.92999999999999,315.23096129837705,3470.6616729088637,3155.4307116104865,0.33707865168539325,0.5118601747815231,0.0003807740324594257,99.2638888888889,95.3,99.5,94.12549368055556,60,70,26476.190476190477,7.628571428571429
mostlyfd-6e95-49f6-9af5-db66d4dd967e,mostlye4-419d-4d08-9639-789ce6d03230,2023-12-01,79230.0,85.2,92.3,2.0,0.5,96.2,1,1,1280.0,8200,5.6,45020,32000.0,3240,4355,2040,860,625,5480,250,900.0,Zenith Industrial Gases Center,"Shanghai, China",Specialty Chemicals,480000,2100,13020.0,28.920479786761437,8165.0,18.13638382940915,7540.0,16.748111950244336,6390.0,14.193691692581076,90.63,403.88741638268334,568.2191089233876,164.33169254070424,0.016155496655307335,0.1034961504480626,7.068029786696958e-05,99.72222222222223,85.2,99.5,84.53851666666667,80,70,21438.095238095237,37.72857142857143
mostlyfe-d24e-4a92-9dd0-da320879515c,mostlye6-a6d6-4fac-8296-564dfd183483,2023-11-01,65200.0,95.2,97.5,5.5,0.4,98.5,2,0,4480.0,12540,44.0,6630,4860.0,3380,7000,4400,970,1370,9000,69,184.0,Horizon Polymers Campus,"Port Elizabeth, South Africa",Industrial Gases,900000,2100,1770.0,26.69683257918552,-5860.0,-88.38612368024133,-7230.0,-109.0497737556561,-7483.0,-112.8657616892911,96.88,74.5398773006135,101.68711656441718,27.147239263803684,0.0687116564417178,0.19233128834355828,0.0006748466257668712,99.23611111111111,95.2,99.6,94.09488666666668,60,100,3157.1428571428573,31.047619047619047
mostly29-843b-4156-b1b0-393fc19b0dd5,mostlyeb-f4ba-4b55-b718-8ecb1d4850a0,2024-03-01,9900.0,78.5,96.1,3.6,1.4,96.8,1,0,6000.0,12860,174.0,57600,4940.0,20350,1230,430,940,1320,1310,215,186.0,Horizon Polymers Campus,"Port Elizabeth, South Africa",Industrial Gases,220000,860,52660.0,91.42361111111111,52670.0,91.44097222222223,51350.0,89.14930555555556,50949.0,88.453125,89.27000000000001,498.989898989899,5818.181818181818,5319.191919191919,0.6060606060606061,1.298989898989899,0.017575757575757574,99.5,78.5,98.6,77.01399500000001,80,100,66976.74418604652,11.511627906976743
mostly8b-43a3-49a2-90b1-daa385340584,mostlyf3-9c94-4094-a8c9-7f546863a750,2023-07-01,14250.0,89.7,97.6,2.1,0.6,96.8,1,0,6400.0,13600,9.6,7020,41000.0,22540,6100,449,1010,284,5560,61,1005.0,GreenLeaf Agrochem Ltd.,"Houston, United States",Polymers,220000,540,-33980.0,-484.04558404558406,-39256.0,-559.2022792022792,-39540.0,-563.2478632478633,-40606.0,-578.4330484330484,94.19999999999999,2877.1929824561403,492.63157894736844,-2384.561403508772,0.44912280701754387,0.9543859649122807,0.0006736842105263158,99.70833333333333,89.7,99.4,88.90174475,80,100,13000.0,26.38888888888889
mostly64-7c33-43d9-8724-2a9528245ff8,mostlyf6-b04f-4b31-9966-024a241c2450,2025-05-01,15820.0,93.9,92.7,3.3,0.75,97.6,0,0,1320.0,13250,125.0,47310,32190.0,20500,4601,2150,201,1540,1305,190,870.0,Nordic Specialty Plastics Plant,"Odense, Denmark",Agrochemicals,720000,3200,15120.0,31.959416613823716,15355.0,32.45614035087719,13815.0,29.201014584654406,12755.0,26.960473472838725,94.65,2034.7661188369152,2990.5183312262957,955.7522123893805,0.08343868520859671,0.8375474083438685,0.007901390644753476,99.54166666666667,93.9,99.25,92.7686028125,100,100,14784.375,4.94375
mostly7d-4e1a-407b-a418-a1eb04857d33,mostlyfa-c5f5-4788-8ec4-467088d908e6,2025-05-01,15040.0,90.8,97.9,2.0,0.6,97.9,1,0,1300.0,14350,174.0,50600,35500.0,21000,4384,430,223,908,1305,205,189.0,GreenLeaf Agrochem Ltd.,Singapore,Specialty Chemicals,900000,860,15100.0,29.841897233201582,14703.0,29.05731225296443,13795.0,27.26284584980237,13401.0,26.484189723320156,95.06000000000002,2360.372340425532,3364.3617021276596,1003.9893617021276,0.08643617021276596,0.9541223404255319,0.011569148936170212,99.72222222222223,90.8,99.4,90.00449111111112,80,100,58837.20930232558,17.488372093023255
mostly7a-40d9-4668-98ec-79ff208a13fe,mostlyfb-07df-48c0-b2f9-ef4db0e080d7,2024-06-01,46010.0,95.2,93.3,7.9,0.15,97.1,1,1,1005.0,620,44.3,43520,40500.0,3200,1245,2040,1850,950,4200,205,1065.0,Horizon Polymers Campus,"Port Elizabeth, South Africa",Specialty Chemicals,480000,540,3020.0,6.939338235294118,-230.0,-0.5284926470588236,-1180.0,-2.7113970588235294,-2450.0,-5.629595588235294,95.2,880.2434253423169,945.8813301456205,65.63790480330363,0.021843077591827863,0.013475331449684852,0.0009628341664855466,98.90277777777779,95.2,99.85,94.01421127777778,80,70,80592.5925925926,85.20370370370371
mostlyef-d85c-4555-8702-ca01d58a2a16,mostly07-3886-4b9c-8a2b-dca52e1984cc,2023-04-01,44875.0,78.5,92.2,5.6,0.85,98.3,0,1,1100.0,9040,45.4,45750,41850.0,22150,1350,440,900,612,9300,156,872.0,GreenLeaf Agrochem Ltd.,"Port Elizabeth, South Africa",Specialty Chemicals,310000,3200,3900.0,8.524590163934425,-4788.0,-10.465573770491805,-5400.0,-11.80327868852459,-6428.0,-14.050273224043716,88.55,932.5905292479108,1019.4986072423399,86.90807799442905,0.024512534818941504,0.2014484679665738,0.0010116991643454038,99.22222222222223,78.5,99.15,77.22738416666668,100,70,14296.875,14.0234375
mostly7a-f9c8-446e-aead-dd21582ca7f2,mostly14-961f-4774-b83f-89889f11a6ae,2023-09-01,11400.0,84.0,92.0,4.6,1.2,98.5,1,1,6000.0,14340,49.7,6700,31900.0,21800,1200,2580,1030,1480,8240,59,1030.0,GreenLeaf Agrochem Ltd.,"Odense, Denmark",Specialty Chemicals,480000,1500,-25200.0,-376.11940298507466,-31960.0,-477.01492537313436,-33440.0,-499.1044776119403,-34529.0,-515.3582089552239,90.75000000000001,2798.245614035088,587.719298245614,-2210.5263157894738,0.5263157894736842,1.2578947368421052,0.004359649122807018,99.36111111111111,84.0,98.8,82.46177333333333,80,70,4466.666666666667,7.6
mostly24-c41b-48b4-8a94-21127749337a,mostly16-b055-4b92-b52f-4a869e53cd33,2023-11-01,70520.0,99.0,97.9,4.7,1.4,98.6,1,0,1120.0,9180,5.6,39760,30700.0,23850,6650,2520,970,273,10040,180,760.0,GreenLeaf Agrochem Ltd.,"Houston, United States",Petrochemical,220000,860,9060.0,22.78672032193159,-707.0,-1.778169014084507,-980.0,-2.464788732394366,-1920.0,-4.82897384305835,98.55000000000001,435.3374929098128,563.8116846284742,128.47419171866136,0.01588201928530913,0.13017583664208734,7.941009642654565e-05,99.34722222222221,99.0,98.6,96.97679749999998,80,100,46232.558139534885,82.0
mostly6f-feac-498e-95d7-1e458c854edb,mostly21-8842-49a4-871a-e936721d11b9,2025-05-01,51040.0,77.9,95.5,3.9,1.8,99.2,1,0,6700.0,8580,49.7,51900,32190.0,24850,1310,3360,201,1260,8990,70,192.0,Aurora Petrochemicals Complex,"Port Elizabeth, South Africa",Specialty Chemicals,220000,860,19710.0,37.97687861271676,11980.0,23.082851637764932,10720.0,20.655105973025048,10458.0,20.15028901734104,89.57000000000001,630.6818181818181,1016.8495297805642,386.1677115987461,0.13126959247648903,0.16810344827586207,0.0009737460815047022,99.45833333333334,77.9,98.2,76.08343691666667,80,100,60348.83720930233,59.348837209302324
mostly5b-e3a9-4a8f-9a76-d0fef9671a0c,mostly23-c1e3-404f-9978-e4c1606bd2a4,2023-04-01,14990.0,89.3,96.5,8.7,0.8,99.0,1,0,5880.0,510,144.0,6360,31500.0,17650,5250,2150,1320,272,10040,145,1495.0,Horizon Polymers Campus,"Odense, Denmark",Polymers,220000,860,-25140.0,-395.2830188679245,-34908.0,-548.867924528302,-35180.0,-553.1446540880503,-36820.0,-578.930817610063,94.37,2101.4009339559707,424.28285523682456,-1677.118078719146,0.3922615076717812,0.03402268178785857,0.009606404269513008,98.79166666666666,89.3,99.2,87.51519066666665,80,100,7395.3488372093025,17.430232558139537
mostlyd7-4f0d-43c5-8541-cc13b4bd9fd9,mostly24-75d3-4c33-9fa1-6148064115b5,2025-01-01,15120.0,93.8,97.2,4.0,0.95,98.0,1,0,960.0,12400,44.7,55200,33700.0,3370,4705,2460,950,642,5320,180,805.0,Nordic Specialty Plastics Plant,"Odense, Denmark",Petrochemical,310000,540,21500.0,38.94927536231884,16822.0,30.47463768115942,16180.0,29.31159420289855,15195.0,27.52717391304348,96.07999999999998,2228.835978835979,3650.7936507936506,1421.9576719576717,0.06349206349206349,0.8201058201058201,0.0029563492063492064,99.44444444444444,93.8,99.05,92.39273944444444,80,100,102222.22222222222,28.0
mostly2d-0435-44ba-bf41-a2140d672025,mostly2b-eb41-4c45-87f9-a2d9b98a0512,2023-03-01,15610.0,84.0,97.6,2.3,0.4,96.8,1,0,5850.0,14350,122.0,41200,33765.0,20350,1275,485,224,1335,7000,62,192.0,Nordic Specialty Plastics Plant,Singapore,Specialty Chemicals,220000,1500,7435.0,18.046116504854368,1770.0,4.2961165048543695,435.0,1.0558252427184465,181.0,0.4393203883495146,91.92,2163.036515054452,2639.3337604099934,476.29724535554124,0.37475976937860345,0.9192825112107623,0.007815502882767457,99.68055555555556,84.0,99.6,83.39674000000001,80,100,27466.666666666668,10.406666666666666
mostly34-cd32-4050-8321-070043c9ce54,mostly2d-8e90-431f-88e0-aa59ccb808f6,2023-01-01,44850.0,88.0,95.8,5.4,0.85,99.0,2,0,5610.0,14700,115.0,49900,37050.0,25900,1250,481,224,1430,1335,225,2100.0,Nordic Specialty Plastics Plant,"Port Elizabeth, South Africa",Industrial Gases,310000,860,12850.0,25.751503006012022,12945.0,25.941883767535067,11515.0,23.076152304609217,9190.0,18.41683366733467,93.63999999999999,826.0869565217391,1112.5975473801561,286.510590858417,0.12508361204013377,0.3277591973244147,0.002564102564102564,99.25,88.0,99.15,86.59761000000002,60,100,58023.25581395349,52.151162790697676
mostly61-61b0-41ff-89a7-e99698d43be2,mostly33-29da-4fef-a00d-aed05b50b7a4,2023-03-01,14960.0,84.7,92.1,1.8,0.86,98.4,1,0,5630.0,13790,43.8,43840,33765.0,16500,4600,2040,223,920,10040,67,186.0,GreenLeaf Agrochem Ltd.,"Odense, Denmark",Agrochemicals,220000,1500,10075.0,22.981295620437955,955.0,2.178375912408759,35.0,0.07983576642335767,-218.0,-0.4972627737226278,91.03,2257.01871657754,2930.48128342246,673.4625668449198,0.37633689839572193,0.9217914438502673,0.002927807486631016,99.75,84.7,99.14,83.76165105000001,80,100,29226.666666666668,9.973333333333333
mostlyb0-d7dc-4cc2-9182-6a916bf2bfa7,mostly3d-07ee-4c7e-b97b-bd8c4c590562,2023-01-01,16450.0,90.8,97.3,12.3,1.4,97.2,1,0,7080.0,13850,46.0,54700,5030.0,17650,6860,468,1650,1260,1270,175,178.0,GreenLeaf Agrochem Ltd.,"Shanghai, China",Specialty Chemicals,310000,540,49670.0,90.80438756855575,49660.0,90.78610603290677,48400.0,88.48263254113346,48047.0,87.83729433272394,94.67,305.77507598784194,3325.227963525836,3019.4528875379942,0.43039513677811553,0.8419452887537994,0.0027963525835866263,98.29166666666667,90.8,98.6,87.99934966666665,80,100,101296.29629629629,30.462962962962962
mostly75-6261-45c2-8e5c-dc07c0eb0bbe,mostly3e-5718-4622-8e6a-4df993a1a435,2023-08-01,10750.0,81.9,93.3,7.9,0.92,99.6,1,1,4200.5,8980,52.3,47250,41000.0,3320,1355,1975,1900,1335,4920,250,990.0,Zenith Industrial Gases Center,"Odense, Denmark",Specialty Chemicals,900000,2100,6250.0,13.227513227513226,2665.0,5.640211640211641,1330.0,2.814814814814815,90.0,0.19047619047619047,90.63000000000001,3813.953488372093,4395.3488372093025,581.3953488372094,0.3907441860465116,0.8353488372093023,0.004865116279069767,98.90277777777779,81.9,99.08,80.25616235000001,80,70,22500.0,5.119047619047619
mostly5b-7732-4bf4-83d7-41b42bf954e7,mostly54-2ddc-4872-873b-4052e1b4490c,2023-01-01,8200.0,95.2,97.5,6.9,0.9,96.5,1,0,6000.0,12950,143.0,48860,32950.0,17650,5450,3400,1050,1470,4700,172,1300.0,GreenLeaf Agrochem Ltd.,"Shanghai, China",Agrochemicals,480000,3200,15910.0,32.562423250102334,12680.0,25.95169873106836,11210.0,22.94310274252968,9738.0,19.930413426115432,96.28,4018.2926829268295,5958.536585365854,1940.2439024390246,0.7317073170731707,1.579268292682927,0.017439024390243904,99.04166666666667,95.2,99.1,93.43907766666668,80,100,15268.75,2.5625
mostlyca-0ed3-42ab-b047-dec83c2575b9,mostly59-c3e9-40f7-ac4f-b346f6bae76c,2023-01-01,10850.0,86.8,92.0,3.3,0.8,97.7,1,0,5650.0,510,129.0,6200,36450.0,19350,5400,2560,180,283,8000,158,203.0,Zenith Industrial Gases Center,"Odense, Denmark",Specialty Chemicals,480000,1500,-30250.0,-487.9032258064516,-37967.0,-612.3709677419355,-38250.0,-616.9354838709677,-38611.0,-622.758064516129,91.63,3359.4470046082947,571.4285714285714,-2788.018433179723,0.5207373271889401,0.047004608294930875,0.011889400921658987,99.54166666666667,86.8,99.2,85.71094933333333,80,100,4133.333333333333,7.233333333333333
mostlyd8-165e-4037-967d-f6e738e8bd02,mostly9d-1e33-486f-ab67-fbeed1945f92,2023-12-01,61000.0,82.4,95.3,1.9,0.95,97.8,1,0,1070.0,12650,8.7,6840,4820.0,3500,1200,456,1100,272,1280,64,1080.0,Nordic Specialty Plastics Plant,"Shanghai, China",Agrochemicals,220000,540,2020.0,29.53216374269006,1012.0,14.7953216374269,740.0,10.818713450292398,-404.0,-5.906432748538012,90.89,79.01639344262296,112.1311475409836,33.11475409836065,0.017540983606557377,0.20737704918032787,0.00014262295081967212,99.73611111111111,82.4,99.05,81.40182127777778,80,100,12666.666666666666,112.96296296296296
mostlydc-0645-4e96-af96-193c4f74ae86,mostlya7-fcf7-4455-9b2f-19eb0fd41fa6,2023-09-01,47050.0,91.7,94.1,3.1,0.92,97.2,0,0,5140.0,570,145.0,6820,4880.0,25100,4210,4400,1000,990,4900,185,204.0,GreenLeaf Agrochem Ltd.,"Odense, Denmark",Polymers,310000,3200,1940.0,28.445747800586513,-1970.0,-28.885630498533725,-2960.0,-43.401759530791786,-3349.0,-49.10557184750733,94.07,103.71944739638683,144.95217853347503,41.23273113708821,0.10924548352816153,0.012114771519659936,0.0030818278427205102,99.56944444444444,91.7,99.08,90.46517289444445,100,100,2131.25,14.703125
mostly49-0d86-4b7c-8897-bdfa16caf052,mostlyb3-6de1-444e-bb2b-db078b60974c,2025-01-01,14520.0,73.6,92.3,2.2,0.75,96.7,1,0,1250.0,14100,6.2,45020,4920.0,26250,6000,4300,1880,260,1240,64,900.0,Nordic Specialty Plastics Plant,"Odense, Denmark",Agrochemicals,720000,2100,40100.0,89.07152376721457,39120.0,86.89471346068413,38860.0,86.31719235895157,37896.0,84.17592181252776,86.14,338.8429752066116,3100.5509641873277,2761.707988980716,0.08608815426997245,0.9710743801652892,0.0004269972451790634,99.69444444444444,73.6,99.25,72.82479777777777,80,100,21438.095238095237,6.914285714285715
mostly99-ecf3-4a2f-99f6-c2f855a3d458,mostlyb9-9300-4ba4-b04c-e7c8ecef616a,2024-05-01,10220.0,81.7,95.0,5.2,1.1,99.7,2,0,1290.0,9180,44.6,45900,5000.0,3420,3976,1780,198,993,1330,150,900.0,GreenLeaf Agrochem Ltd.,"Houston, United States",Polymers,220000,1500,40900.0,89.10675381263616,40563.0,88.37254901960783,39570.0,86.20915032679738,38520.0,83.92156862745098,91.09,489.23679060665364,4491.19373776908,4001.9569471624263,0.12622309197651663,0.898238747553816,0.004363992172211351,99.27777777777777,81.7,98.9,80.21773505555558,60,100,30600.0,6.8133333333333335
mostly8d-c13f-4cd1-8f32-91533c7ff2ce,mostlyd2-17a5-447a-b00f-1610fd6cf6d5,2024-10-01,50120.0,87.5,93.2,1.2,0.15,97.9,0,0,5600.0,13750,133.0,50500,39050.0,25100,6550,3100,1400,270,4810,210,1020.0,Nordic Specialty Plastics Plant,"Port Elizabeth, South Africa",Specialty Chemicals,310000,3200,11450.0,22.673267326732674,6910.0,13.683168316831685,6640.0,13.14851485148515,5410.0,10.712871287128714,92.33,779.1300877893057,1007.5818036711892,228.4517158818835,0.11173184357541899,0.274341580207502,0.002653631284916201,99.83333333333333,87.5,99.85,87.22313541666666,100,100,15781.25,15.6625
mostlyc3-27fd-4099-aa91-d3933a321ec9,mostlyd6-b834-4855-bd11-7daada02dde1,2023-09-01,15640.0,92.4,92.1,1.7,1.2,98.5,1,1,5400.0,13640,44.0,6820,38500.0,25150,1365,490,193,600,8280,145,950.0,Nordic Specialty Plastics Plant,"Odense, Denmark",Agrochemicals,480000,860,-31680.0,-464.5161290322581,-39360.0,-577.1260997067449,-39960.0,-585.9237536656892,-41055.0,-601.9794721407625,94.14,2461.6368286445013,436.0613810741688,-2025.5754475703325,0.3452685421994885,0.8721227621483376,0.002813299232736573,99.76388888888889,92.4,98.8,91.07565133333333,80,70,7930.232558139535,18.186046511627907
mostly77-c14f-470d-8ae2-6cdc76b293c7,mostlyda-790f-41ae-8bf1-7f121af10997,2023-01-01,14250.0,94.8,94.9,4.0,1.1,99.2,0,1,1010.0,14500,44.7,55800,34050.0,22950,1325,3750,1180,612,1290,58,780.0,Nordic Specialty Plastics Plant,"Odense, Denmark",Specialty Chemicals,310000,2100,21750.0,38.97849462365591,21072.0,37.763440860215056,20460.0,36.666666666666664,19622.0,35.16487455197132,96.14999999999999,2389.4736842105262,3915.7894736842104,1526.3157894736842,0.07087719298245614,1.0175438596491229,0.003136842105263158,99.44444444444444,94.8,98.9,93.23632666666667,100,70,26571.428571428572,6.785714285714286
mostlye4-79fa-40e8-973e-69c6c0ab6d41,mostlye6-a6d6-4fac-8296-564dfd183483,2023-08-01,45500.0,78.2,94.8,5.5,0.86,99.6,1,0,1255.0,16190,115.0,6810,32750.0,21800,1305,4050,1500,1350,1300,140,193.0,Horizon Polymers Campus,"Port Elizabeth, South Africa",Industrial Gases,900000,2100,-25940.0,-380.91042584434655,-25890.0,-380.1762114537445,-27240.0,-400.0,-27573.0,-404.8898678414097,89.6,719.7802197802198,149.67032967032966,-570.1098901098901,0.02758241758241758,0.3558241758241758,0.0025274725274725277,99.23611111111111,78.2,99.14,76.93525619444446,80,100,3242.8571428571427,21.666666666666668
mostlyc6-cdf6-487f-b56b-7e1d94751852,mostlyeb-f4ba-4b55-b718-8ecb1d4850a0,2023-12-01,9050.0,88.8,94.4,5.4,0.89,98.8,2,0,6180.0,14500,49.7,6700,5050.0,3500,4120,1850,850,1460,5480,270,872.0,Horizon Polymers Campus,"Port Elizabeth, South Africa",Industrial Gases,220000,860,1650.0,24.62686567164179,-2370.0,-35.373134328358205,-3830.0,-57.16417910447761,-4972.0,-74.20895522388061,93.48,558.0110497237569,740.3314917127071,182.32044198895028,0.6828729281767956,1.6022099447513811,0.005491712707182321,99.25,88.8,99.11,87.3496074,60,100,7790.697674418605,10.523255813953488
mostly5e-db95-460c-8e81-5ffdd118114a,mostlyf3-9c94-4094-a8c9-7f546863a750,2025-05-01,52050.0,98.0,93.0,4.1,1.0,98.3,1,1,1030.0,9180,44.2,46000,33637.5,22540,4625,2500,1600,1335,4780,160,1040.0,GreenLeaf Agrochem Ltd.,"Houston, United States",Polymers,220000,540,12362.5,26.875,8917.5,19.38586956521739,7582.5,16.483695652173914,6382.5,13.875000000000002,96.59,646.2536023054755,883.7656099903938,237.51200768491833,0.01978866474543708,0.17636887608069166,0.0008491834774255524,99.43055555555556,98.0,99.0,96.467525,80,70,85185.18518518518,96.38888888888889
mostlya9-bfc1-440f-bee6-947dcd5bfe09,mostlyf6-b04f-4b31-9966-024a241c2450,2023-05-01,79230.0,87.8,97.5,3.8,0.5,97.4,1,1,1010.0,585,129.0,44950,31500.0,22950,6900,4120,880,270,10000,185,755.0,Nordic Specialty Plastics Plant,"Odense, Denmark",Agrochemicals,720000,3200,13450.0,29.92213570634038,3720.0,8.275862068965518,3450.0,7.675194660734149,2510.0,5.583982202447164,93.58999999999999,397.5766755017039,567.3356052000505,169.7589296983466,0.012747696579578442,0.00738356683074593,0.0016281711472926922,99.47222222222223,87.8,99.5,86.89992805555556,80,70,14046.875,24.759375
mostlyd1-ca81-41b0-89df-e99c0432de7a,mostlyfa-c5f5-4788-8ec4-467088d908e6,2023-11-01,10850.0,90.0,94.4,3.2,0.85,98.0,1,0,1360.0,8200,44.3,6425,4880.0,25000,6400,4500,1100,605,1280,195,825.0,GreenLeaf Agrochem Ltd.,Singapore,Specialty Chemicals,900000,860,1545.0,24.04669260700389,870.0,13.540856031128405,265.0,4.124513618677042,-755.0,-11.750972762645914,93.72,449.7695852534562,592.1658986175115,142.3963133640553,0.12534562211981568,0.7557603686635944,0.00408294930875576,99.55555555555556,90.0,99.15,88.83840000000001,80,100,7470.930232558139,12.616279069767442
mostly31-ad68-4c9e-b68f-56a7168a4b3a,mostly07-3886-4b9c-8a2b-dca52e1984cc,2023-09-01,10450.0,99.0,96.0,3.9,1.4,96.7,1,0,4480.0,12650,9.0,6400,4650.0,19800,6880,462,1850,1290,4760,69,730.0,GreenLeaf Agrochem Ltd.,"Port Elizabeth, South Africa",Specialty Chemicals,310000,3200,1750.0,27.34375,-1720.0,-26.875,-3010.0,-47.03125,-3809.0,-59.51562500000001,97.41,444.97607655502395,612.4401913875598,167.46411483253587,0.42870813397129187,1.2105263157894737,0.000861244019138756,99.45833333333334,99.0,98.6,97.0852575,80,100,2000.0,3.265625
mostly36-9f94-4fba-a7b4-8b55dfb0f57c,mostly14-961f-4774-b83f-89889f11a6ae,2024-10-01,10450.0,77.9,96.1,4.6,0.82,98.8,1,0,5340.0,585,6.1,47310,34050.0,3210,6020,2500,205,1220,1325,60,870.0,GreenLeaf Agrochem Ltd.,"Odense, Denmark",Specialty Chemicals,480000,1500,13260.0,28.027901077996198,13155.0,27.805960684844642,11935.0,25.227224688226592,11005.0,23.26146692031283,89.63000000000001,3258.373205741627,4527.272727272727,1268.8995215311002,0.5110047846889952,0.05598086124401914,0.0005837320574162679,99.36111111111111,77.9,99.18,76.76760665,80,100,31540.0,6.966666666666667
mostly3a-e9a6-4a18-bf27-3e844697ae6f,mostly21-8842-49a4-871a-e936721d11b9,2023-06-01,39760.0,80.1,92.8,5.5,1.4,96.5,2,1,1180.0,13900,165.0,6760,35500.0,26250,1330,462,1900,993,1240,150,188.0,Aurora Petrochemicals Complex,"Port Elizabeth, South Africa",Specialty Chemicals,220000,860,-28740.0,-425.14792899408286,-28987.0,-428.80177514792905,-29980.0,-443.49112426035504,-30318.0,-448.491124260355,88.83,892.8571428571429,170.02012072434607,-722.8370221327968,0.029678068410462777,0.34959758551307846,0.00414989939637827,99.23611111111111,80.1,98.6,78.37529125,60,70,7860.46511627907,46.23255813953488
mostlyfe-4502-4bdd-bd9e-a4e21a151cce,mostly23-c1e3-404f-9978-e4c1606bd2a4,2025-05-01,14960.0,87.8,96.8,5.2,0.75,98.1,1,0,860.3,14800,9.5,51900,33700.0,21500,5580,3920,218,1520,1300,165,1495.0,Horizon Polymers Campus,"Odense, Denmark",Polymers,220000,860,18200.0,35.067437379576106,18420.0,35.49132947976879,16900.0,32.5626204238921,15240.0,29.364161849710985,93.58999999999999,2252.6737967914437,3469.251336898396,1216.5775401069523,0.057506684491978606,0.9893048128342246,0.0006350267379679144,99.27777777777777,87.8,99.25,86.51214472222223,80,100,60348.83720930233,17.3953488372093
mostly08-9ceb-4b09-ae8d-45eafbee441f,mostly24-75d3-4c33-9fa1-6148064115b5,2023-08-01,61000.0,84.5,94.8,6.2,1.8,96.8,1,1,4870.0,9220,8.9,43840,38500.0,24450,1300,3450,1060,272,5660,62,720.0,Nordic Specialty Plastics Plant,"Odense, Denmark",Petrochemical,310000,540,5340.0,12.180656934306569,-48.0,-0.10948905109489052,-320.0,-0.7299270072992701,-1102.0,-2.5136861313868613,91.28,631.1475409836065,718.688524590164,87.54098360655746,0.07983606557377049,0.15114754098360655,0.0001459016393442623,99.13888888888889,84.5,98.2,82.2644586111111,80,70,81185.18518518518,112.96296296296296
mostlyd7-55e4-4c8c-a7b7-b951b41e572c,mostly2b-eb41-4c45-87f9-a2d9b98a0512,2023-05-01,52050.0,86.8,96.6,11.2,0.75,99.8,0,0,6900.0,12850,9.8,49000,40200.0,25000,5400,3400,1400,1490,7600,69,835.0,Nordic Specialty Plastics Plant,Singapore,Specialty Chemicals,220000,1500,8800.0,17.959183673469386,2690.0,5.489795918367347,1200.0,2.4489795918367347,296.0,0.6040816326530613,93.64,772.3342939481269,941.402497598463,169.06820365033616,0.13256484149855907,0.24687800192122958,0.00018828049951969262,98.44444444444443,86.8,99.25,84.80890444444444,100,100,32666.666666666668,34.7
mostly2d-b80e-4140-87a8-b770fb79da8b,mostly2d-8e90-431f-88e0-aa59ccb808f6,2024-05-01,9600.0,78.2,92.1,3.6,0.8,99.7,1,1,6650.0,13050,42.1,56300,34050.0,24450,6900,466,1010,1430,10240,220,745.0,Nordic Specialty Plastics Plant,"Port Elizabeth, South Africa",Industrial Gases,310000,860,22250.0,39.52042628774423,13440.0,23.872113676731793,12010.0,21.33214920071048,11045.0,19.618117229129663,88.82,3546.875,5864.583333333333,2317.708333333333,0.6927083333333334,1.359375,0.004385416666666667,99.5,78.2,99.2,77.18652800000001,80,70,65465.11627906977,11.162790697674419
mostly78-34a1-4448-8d8e-1c05264550f3,mostly33-29da-4fef-a00d-aed05b50b7a4,2025-05-01,14875.0,82.0,92.1,4.7,0.9,99.5,1,0,5700.0,13350,8.0,51040,5010.0,23540,7100,3200,940,1420,5400,195,1040.0,GreenLeaf Agrochem Ltd.,"Odense, Denmark",Agrochemicals,220000,1500,46030.0,90.18416927899686,42050.0,82.38636363636364,40630.0,79.60423197492163,39395.0,77.18456112852664,90.28,336.8067226890756,3431.2605042016808,3094.453781512605,0.3831932773109244,0.8974789915966387,0.0005378151260504202,99.34722222222221,82.0,99.1,80.73153972222221,80,100,34026.666666666664,9.916666666666666
mostly8c-b8f9-448c-8808-fd3a5d9d4832,mostly3d-07ee-4c7e-b97b-bd8c4c590562,2023-01-01,48240.0,97.0,92.9,4.1,0.7,96.3,0,0,7100.0,14120,5.8,50600,36450.0,25000,4550,3200,205,284,10560,170,995.0,GreenLeaf Agrochem Ltd.,"Shanghai, China",Specialty Chemicals,310000,540,14150.0,27.964426877470355,3874.0,7.656126482213439,3590.0,7.094861660079052,2425.0,4.792490118577075,95.56,755.5970149253732,1048.922056384743,293.3250414593698,0.14718076285240464,0.29270315091210614,0.00012023217247097844,99.43055555555556,97.0,99.3,95.77250541666666,100,100,93703.70370370371,89.33333333333333
mostly30-f61b-4d01-9605-06876381ee5e,mostly3e-5718-4622-8e6a-4df993a1a435,2024-11-01,44875.0,90.8,94.1,5.5,0.2,96.3,1,0,6200.0,8200,6.5,6200,40200.0,3240,1270,1900,970,980,4920,61,770.0,Zenith Industrial Gases Center,"Odense, Denmark",Specialty Chemicals,900000,2100,-34000.0,-548.3870967741935,-37940.0,-611.9354838709677,-38920.0,-627.741935483871,-39751.0,-641.1451612903226,93.43999999999998,895.8217270194986,138.16155988857938,-757.6601671309191,0.1381615598885794,0.18272980501392758,0.00014484679665738163,99.23611111111111,90.8,99.8,89.92617611111112,80,100,2952.3809523809523,21.36904761904762
mostly8a-73de-4cbf-b8cc-27fce8d5d9da,mostly54-2ddc-4872-873b-4052e1b4490c,2023-12-01,15650.0,93.1,95.3,5.2,0.75,98.7,1,0,1040.0,15880,47.0,52000,37350.0,21300,5400,466,1320,1370,4760,188,1040.0,GreenLeaf Agrochem Ltd.,"Shanghai, China",Agrochemicals,480000,3200,14650.0,28.173076923076923,11260.0,21.653846153846153,9890.0,19.01923076923077,8662.0,16.657692307692308,95.44,2386.5814696485622,3322.6837060702874,936.1022364217251,0.06645367412140575,1.0146964856230032,0.003003194888178914,99.27777777777777,93.1,99.25,91.73440402777779,80,100,16250.0,4.890625
mostlyce-436b-4d07-87b4-fb928328615c,mostly59-c3e9-40f7-ac4f-b346f6bae76c,2023-11-01,11400.0,85.0,92.1,1.5,0.92,99.4,2,1,5960.0,13900,9.0,45200,33637.5,24850,1250,1800,860,628,7000,155,858.0,Zenith Industrial Gases Center,"Odense, Denmark",Specialty Chemicals,480000,1500,11562.5,25.580752212389378,5190.5,11.483407079646017,4562.5,10.094026548672566,3549.5,7.852876106194691,91.45,2950.657894736842,3964.9122807017543,1014.2543859649122,0.5228070175438596,1.219298245614035,0.0007894736842105263,99.79166666666667,85.0,99.08,84.04254583333334,60,70,30133.333333333332,7.6
mostlyde-2c24-4217-8ca2-fec8a5f98568,mostly9d-1e33-486f-ab67-fbeed1945f92,2023-01-01,15960.0,82.7,95.5,6.0,0.85,98.7,1,0,5010.0,14800,48.2,6550,4820.0,3210,6920,3850,198,620,1315,145,835.0,Nordic Specialty Plastics Plant,"Shanghai, China",Agrochemicals,220000,540,1730.0,26.412213740458014,1035.0,15.801526717557252,415.0,6.33587786259542,-565.0,-8.625954198473282,91.34,302.0050125313283,410.4010025062657,108.39598997493738,0.31390977443609025,0.9273182957393483,0.0030200501253132834,99.16666666666667,82.7,99.15,81.31374125000002,80,100,12129.62962962963,29.555555555555557
mostlyc0-c62c-4b2f-a6aa-650ad17dd70b,mostlya7-fcf7-4455-9b2f-19eb0fd41fa6,2023-07-01,15640.0,85.0,97.4,1.6,0.92,97.9,1,0,4870.0,8350,44.2,54200,38700.0,22250,1270,478,940,618,1300,215,189.0,GreenLeaf Agrochem Ltd.,"Odense, Denmark",Polymers,310000,3200,15500.0,28.59778597785978,14818.0,27.339483394833948,14200.0,26.199261992619927,13796.0,25.453874538745385,92.59000000000002,2474.4245524296675,3465.4731457800513,991.0485933503837,0.31138107416879796,0.5338874680306905,0.002826086956521739,99.77777777777777,85.0,99.08,84.03084888888888,80,100,16937.5,4.8875
mostly46-a8d8-4b83-a4a2-c52970d85e37,mostlyb3-6de1-444e-bb2b-db078b60974c,2023-11-01,16220.0,97.0,97.9,4.5,0.86,98.4,1,0,5800.0,8350,9.3,45750,41850.0,3150,5400,457,1780,1010,1348,188,186.0,Nordic Specialty Plastics Plant,"Odense, Denmark",Agrochemicals,720000,2100,3900.0,8.524590163934425,3562.0,7.785792349726776,2552.0,5.578142076502733,2178.0,4.7606557377049175,97.69,2580.1479654747227,2820.5918618988903,240.44389642416763,0.35758323057953145,0.5147965474722564,0.0005733662145499384,99.375,97.0,99.14,95.56476375,80,100,21785.714285714286,7.723809523809524
mostly62-af9e-4095-b91b-a115f1114016,mostlyb9-9300-4ba4-b04c-e7c8ecef616a,2024-10-01,58000.0,78.0,92.6,1.2,0.4,99.1,0,0,6030.0,17000,144.0,46250,26550.0,23000,5980,454,218,1010,1290,62,2064.0,GreenLeaf Agrochem Ltd.,"Houston, United States",Polymers,220000,1500,19700.0,42.59459459459459,19420.0,41.98918918918919,18410.0,39.8054054054054,16284.0,35.20864864864865,88.71000000000001,457.7586206896552,797.4137931034483,339.6551724137931,0.10396551724137931,0.29310344827586204,0.0024827586206896553,99.83333333333333,78.0,99.6,77.55852,100,100,30833.333333333332,38.666666666666664
mostly70-a8cb-4f09-8bd8-da112179079c,mostlyd2-17a5-447a-b00f-1610fd6cf6d5,2024-02-01,43550.0,94.1,93.2,5.2,1.8,97.2,1,1,5980.0,17000,143.0,6750,36800.0,25100,6100,470,215,1250,10040,165,193.0,Nordic Specialty Plastics Plant,"Port Elizabeth, South Africa",Specialty Chemicals,310000,3200,-30050.0,-445.18518518518516,-38840.0,-575.4074074074074,-40090.0,-593.9259259259259,-40448.0,-599.2296296296297,94.76,845.0057405281286,154.9942594718714,-690.0114810562573,0.1373134328358209,0.39035591274397247,0.0032835820895522386,99.27777777777777,94.1,98.2,91.73882188888888,80,70,2109.375,13.609375
mostlyaa-6a31-4175-a20b-6bafe5bbfc36,mostlyd6-b834-4855-bd11-7daada02dde1,2023-06-01,58000.0,78.0,94.9,5.3,0.6,98.4,0,0,1220.0,11450,9.7,42100,5030.0,20300,4550,2300,180,628,8400,168,2300.0,Nordic Specialty Plastics Plant,"Odense, Denmark",Agrochemicals,480000,860,37070.0,88.05225653206651,29298.0,69.59144893111639,28670.0,68.09976247030879,26202.0,62.2375296912114,89.19,86.72413793103448,725.8620689655172,639.1379310344828,0.02103448275862069,0.19741379310344828,0.00016724137931034482,99.2638888888889,78.0,99.4,76.96127833333335,100,100,48953.48837209302,67.44186046511628
mostly5b-5f6c-402a-848c-d84c1292d292,mostlyda-790f-41ae-8bf1-7f121af10997,2023-01-01,46250.0,90.0,92.3,4.3,0.3,99.5,1,0,960.0,16650,5.8,50650,28900.0,21300,1275,2380,1820,890,4520,240,860.0,Nordic Specialty Plastics Plant,"Odense, Denmark",Specialty Chemicals,310000,2100,21750.0,42.941757156959525,18120.0,35.77492596248766,17230.0,34.0177690029615,16130.0,31.84600197433366,93.54,624.8648648648649,1095.1351351351352,470.2702702702703,0.020756756756756756,0.36,0.0001254054054054054,99.40277777777779,90.0,99.7,89.19411250000002,80,100,24119.04761904762,22.023809523809526
mostly75-61a9-483e-bf01-99d0b9f1abe3,mostlye6-a6d6-4fac-8296-564dfd183483,2023-06-01,45200.0,85.0,96.5,5.6,1.1,96.8,0,0,1280.0,9040,9.0,6725,34507.5,3250,1350,2460,1720,870,8710,152,903.0,Horizon Polymers Campus,"Port Elizabeth, South Africa",Industrial Gases,900000,2100,-27782.5,-413.12267657992567,-35622.5,-529.7026022304832,-36492.5,-542.639405204461,-37547.5,-558.3271375464684,91.99,763.4402654867257,148.78318584070797,-614.6570796460178,0.02831858407079646,0.2,0.00019911504424778762,99.22222222222223,85.0,98.9,83.41116111111113,100,100,3202.3809523809523,21.523809523809526
mostly43-cef3-4972-b3ac-bafa5d874e88,mostlyf3-9c94-4094-a8c9-7f546863a750,2023-02-01,10900.0,78.2,93.5,3.2,0.3,99.4,1,0,5950.0,8890,46.8,53400,5250.0,3540,7400,1850,180,635,7600,60,1230.0,GreenLeaf Agrochem Ltd.,"Houston, United States",Polymers,220000,540,48150.0,90.1685393258427,41185.0,77.12546816479401,40550.0,75.93632958801498,39260.0,73.52059925093633,89.15,481.651376146789,4899.082568807339,4417.431192660551,0.5458715596330275,0.8155963302752294,0.004293577981651376,99.55555555555556,78.2,99.7,77.6188871111111,80,100,98888.88888888889,20.185185185185187
mostly79-4b19-4188-a7eb-07a602bb5e07,mostlyf6-b04f-4b31-9966-024a241c2450,2023-07-01,15040.0,99.0,94.1,7.4,0.75,96.8,2,0,1290.0,8600,47.2,6460,32190.0,24500,5650,2500,193,645,10350,190,860.0,Nordic Specialty Plastics Plant,"Odense, Denmark",Agrochemicals,720000,3200,-25730.0,-398.297213622291,-35435.0,-548.5294117647059,-36080.0,-558.5139318885449,-37130.0,-574.7678018575851,96.87,2140.2925531914893,429.52127659574467,-1710.7712765957447,0.08577127659574468,0.5718085106382979,0.0031382978723404256,98.97222222222223,99.0,99.25,97.24763125000001,60,100,2018.75,4.7
mostlyf1-1712-4c5b-8bc0-cbea0ce214e3,mostlyfa-c5f5-4788-8ec4-467088d908e6,2023-07-01,50650.0,89.3,93.3,11.2,0.2,98.1,1,1,7450.0,15610,10.2,6680,33600.0,21920,4700,2100,224,288,9004,240,1993.0,GreenLeaf Agrochem Ltd.,Singapore,Specialty Chemicals,900000,860,-26920.0,-402.9940119760479,-35636.0,-533.4730538922155,-35924.0,-537.7844311377246,-38157.0,-571.2125748502995,93.14,663.3761105626851,131.88548864758144,-531.4906219151037,0.14708785784797632,0.3081934846989141,0.00020138203356367224,98.44444444444443,89.3,99.8,87.73506711111109,80,70,7767.441860465116,58.895348837209305
mostly38-d0fd-4f16-bdeb-893fb1b7fdb3,mostly07-3886-4b9c-8a2b-dca52e1984cc,2023-05-01,70520.0,84.5,93.6,6.2,1.6,96.8,1,0,5840.0,8780,142.0,52050,33700.0,25650,5750,3780,1250,610,10200,205,805.0,GreenLeaf Agrochem Ltd.,"Port Elizabeth, South Africa",Specialty Chemicals,310000,3200,18350.0,35.254562920268974,8760.0,16.829971181556196,8150.0,15.658021133525457,7140.0,13.71757925072046,90.92,477.87861599546227,738.0884855360182,260.2098695405559,0.08281338627339761,0.12450368689733408,0.002013613159387408,99.13888888888889,84.5,98.4,82.43200333333334,80,100,16265.625,22.0375
mostlycd-0359-472e-bd4a-2a29b2170961,mostly14-961f-4774-b83f-89889f11a6ae,2025-05-01,68040.0,88.8,92.5,6.1,0.8,98.2,1,0,1040.0,14100,50.5,49000,34050.0,19850,6550,1850,217,287,8990,153,795.0,GreenLeaf Agrochem Ltd.,"Odense, Denmark",Specialty Chemicals,480000,1500,14950.0,30.51020408163265,6247.0,12.748979591836735,5960.0,12.16326530612245,5012.0,10.228571428571428,92.73,500.4409171075838,720.164609053498,219.7236919459142,0.015285126396237508,0.2072310405643739,0.0007422104644326866,99.15277777777777,88.8,99.2,87.34328533333333,80,100,32666.666666666668,45.36
mostly8c-ed05-4c0e-a355-2e898c316536,mostly21-8842-49a4-871a-e936721d11b9,2023-05-01,44850.0,83.1,95.3,3.0,1.8,97.6,0,0,1045.0,8780,6.4,50500,43350.0,17650,1200,3100,190,628,5060,153,180.0,Aurora Petrochemicals Complex,"Port Elizabeth, South Africa",Specialty Chemicals,220000,860,7150.0,14.158415841584157,2718.0,5.3821782178217825,2090.0,4.138613861386139,1757.0,3.4792079207920796,91.11,966.5551839464883,1125.9754738015608,159.4202898550725,0.02329988851727982,0.19576365663322184,0.00014269788182831662,99.58333333333333,83.1,98.2,81.26418249999999,100,100,58720.93023255814,52.151162790697676
mostly0c-11d2-45c4-b1d5-c9dac2df6b8d,mostly23-c1e3-404f-9978-e4c1606bd2a4,2024-09-01,16220.0,93.5,94.7,11.2,1.2,96.5,1,0,1300.0,9060,152.0,51500,40150.0,3440,1285,487,1250,274,7950,195,970.0,Horizon Polymers Campus,"Odense, Denmark",Polymers,220000,860,11350.0,22.03883495145631,3674.0,7.133980582524272,3400.0,6.601941747572816,2235.0,4.339805825242719,94.76,2475.339087546239,3175.092478421702,699.7533908754626,0.08014796547472257,0.5585696670776819,0.0093711467324291,98.44444444444443,93.5,98.8,90.94100888888886,80,100,59883.72093023256,18.86046511627907
mostly77-b7c1-4e19-a02a-2c0807825f03,mostly24-75d3-4c33-9fa1-6148064115b5,2023-12-01,15040.0,83.5,92.9,2.9,0.4,98.6,2,0,5650.0,585,49.1,7020,31900.0,23540,6700,2050,1100,265,5340,140,865.0,Nordic Specialty Plastics Plant,"Odense, Denmark",Petrochemical,310000,540,-24880.0,-354.4159544159544,-29955.0,-426.70940170940173,-30220.0,-430.48433048433054,-31225.0,-444.8005698005698,90.85000000000001,2121.0106382978724,466.75531914893617,-1654.2553191489362,0.37566489361702127,0.03889627659574468,0.0032646276595744684,99.59722222222223,83.5,99.6,82.83102583333333,60,100,13000.0,27.85185185185185
mostlyc5-1231-4af7-8046-ca84f4bfda82,mostly2b-eb41-4c45-87f9-a2d9b98a0512,2025-05-01,82500.0,82.0,94.7,2.4,1.1,98.1,2,1,5750.0,8600,45.4,55800,33700.0,25000,1245,2380,198,1460,10560,71,870.0,Nordic Specialty Plastics Plant,Singapore,Specialty Chemicals,220000,1500,22100.0,39.60573476702509,13000.0,23.297491039426525,11540.0,20.68100358422939,10599.0,18.994623655913976,90.64000000000001,408.4848484848485,676.3636363636364,267.8787878787879,0.0696969696969697,0.10424242424242425,0.0005503030303030303,99.66666666666667,82.0,98.9,80.82767333333335,60,70,37200.0,55.0
mostly76-9827-4a30-adef-19e2f28d864c,mostly2d-8e90-431f-88e0-aa59ccb808f6,2023-01-01,15300.0,88.9,97.9,2.7,1.4,96.7,1,0,5980.0,8980,47.2,44000,4860.0,25650,1310,2460,1650,260,8990,156,860.0,Nordic Specialty Plastics Plant,"Port Elizabeth, South Africa",Industrial Gases,310000,860,39140.0,88.95454545454545,30410.0,69.11363636363636,30150.0,68.52272727272727,29134.0,66.21363636363637,93.94,317.6470588235294,2875.8169934640523,2558.169934640523,0.3908496732026144,0.5869281045751634,0.003084967320261438,99.625,88.9,98.6,87.32669225,80,100,51162.79069767442,17.790697674418606
mostly64-6856-492f-9d30-1214218f7efa,mostly33-29da-4fef-a00d-aed05b50b7a4,2023-02-01,61000.0,95.2,97.6,2.4,0.4,95.9,2,0,1030.0,8890,152.0,6480,36000.0,3100,4625,430,1860,282,1300,155,1030.0,GreenLeaf Agrochem Ltd.,"Odense, Denmark",Agrochemicals,220000,1500,-29520.0,-455.55555555555554,-30538.0,-471.2654320987654,-30820.0,-475.61728395061726,-32005.0,-493.90432098765433,96.13000000000001,590.1639344262295,106.22950819672131,-483.9344262295082,0.016885245901639343,0.14573770491803278,0.0024918032786885244,99.66666666666667,95.2,99.6,94.50313600000001,60,100,4320.0,40.666666666666664
mostly99-8e88-45e2-93a8-40f33a879ca9,mostly3d-07ee-4c7e-b97b-bd8c4c590562,2023-05-01,16620.0,78.5,94.2,6.9,0.7,95.9,0,0,6720.0,14500,148.0,6200,32000.0,16500,6600,480,1780,950,1320,250,2251.0,GreenLeaf Agrochem Ltd.,"Shanghai, China",Specialty Chemicals,310000,540,-25800.0,-416.1290322580645,-26170.0,-422.09677419354836,-27120.0,-437.41935483870964,-29621.0,-477.758064516129,88.43,1925.3910950661852,373.0445246690734,-1552.346570397112,0.4043321299638989,0.8724428399518652,0.008904933814681108,99.04166666666667,78.5,99.3,77.20347437500001,100,100,11481.481481481482,30.77777777777778
mostly16-b671-46fa-b004-d09d1a0119d3,mostly3e-5718-4622-8e6a-4df993a1a435,2025-05-01,49900.0,99.0,94.5,1.2,0.4,98.9,1,0,5980.0,15610,9.7,6725,29820.0,16500,6520,3850,1650,860,1300,178,2170.0,Zenith Industrial Gases Center,"Odense, Denmark",Specialty Chemicals,900000,2100,-23095.0,-343.4200743494424,-23535.0,-349.96282527881044,-24395.0,-362.75092936802974,-26743.0,-397.6654275092937,97.61999999999999,597.5951903807616,134.7695390781563,-462.82565130260525,0.11983967935871744,0.3128256513026052,0.0001943887775551102,99.83333333333333,99.0,99.6,98.43965999999999,80,100,3202.3809523809523,23.761904761904763
mostly5d-5db5-4931-9506-3dc0d5f62fe0,mostly54-2ddc-4872-873b-4052e1b4490c,2023-02-01,52050.0,89.9,97.2,6.2,0.9,98.0,1,0,5880.0,9060,112.0,51000,5260.0,25100,5200,3250,223,271,1310,240,820.0,GreenLeaf Agrochem Ltd.,"Shanghai, China",Agrochemicals,480000,3200,45740.0,89.68627450980392,44701.0,87.64901960784314,44430.0,87.11764705882354,43370.0,85.0392156862745,94.52000000000001,101.0566762728146,979.8270893371758,878.7704130643613,0.11296829971181556,0.17406340057636888,0.0021517771373679153,99.13888888888889,89.9,99.1,88.32372836111112,80,100,15937.5,16.265625
mostlyd0-2490-4dbe-9577-91ddf9b7fbf3,mostly59-c3e9-40f7-ac4f-b346f6bae76c,2024-01-01,10250.0,78.0,95.1,11.2,1.4,99.1,1,1,4200.5,11450,6.8,43840,4920.0,3540,4210,4180,180,265,8000,190,193.0,Zenith Industrial Gases Center,"Odense, Denmark",Specialty Chemicals,480000,1500,38920.0,88.77737226277372,31185.0,71.13366788321169,30920.0,70.52919708029196,30537.0,69.65556569343066,89.46000000000001,480.0,4277.073170731707,3797.0731707317073,0.40980487804878046,1.1170731707317074,0.0006634146341463414,98.44444444444443,78.0,98.6,75.71165333333332,80,70,29226.666666666668,6.833333333333333
mostly0c-24b8-4cdf-8619-d6ff8bbee2c9,mostly9d-1e33-486f-ab67-fbeed1945f92,2024-01-01,74820.0,84.0,92.9,6.2,0.92,96.2,0,0,1320.0,14950,50.5,6360,37000.0,21750,6020,452,1250,612,1345,148,204.0,Nordic Specialty Plastics Plant,"Shanghai, China",Agrochemicals,220000,540,-30640.0,-481.7610062893082,-31373.0,-493.2861635220126,-31985.0,-502.90880503144655,-32337.0,-508.4433962264151,90.33,494.52018176958035,85.00400962309543,-409.5161721464849,0.01764234161988773,0.19981288425554664,0.0006749532210638867,99.13888888888889,84.0,99.08,82.51052133333333,100,100,11777.777777777777,138.55555555555554
mostly3d-43b4-4c74-ba7a-135631787fd3,mostlya7-fcf7-4455-9b2f-19eb0fd41fa6,2023-04-01,15300.0,89.3,95.5,7.9,0.3,99.0,1,1,1030.0,8700,120.0,43840,28900.0,26250,4601,428,1780,1280,8600,67,2177.5,GreenLeaf Agrochem Ltd.,"Odense, Denmark",Polymers,310000,3200,14940.0,34.07846715328467,7620.0,17.381386861313867,6340.0,14.461678832116789,4095.5,9.341925182481752,94.07,1888.888888888889,2865.359477124183,976.4705882352939,0.0673202614379085,0.5686274509803921,0.00784313725490196,98.90277777777779,89.3,99.7,88.05522001388888,80,70,13700.0,4.78125
mostly3d-013d-4dc3-a856-9141cc718d40,mostlyb3-6de1-444e-bb2b-db078b60974c,2023-05-01,15850.0,96.7,93.0,1.2,0.95,97.5,2,0,5680.0,8600,6.2,55000,32662.5,17000,7000,487,990,274,5400,240,2260.0,Nordic Specialty Plastics Plant,"Odense, Denmark",Agrochemicals,720000,2100,22337.5,40.61363636363636,17211.5,31.293636363636363,16937.5,30.795454545454547,14437.5,26.25,95.83,2060.725552050473,3470.031545741325,1409.3059936908517,0.3583596214511041,0.5425867507886435,0.0003911671924290221,99.83333333333333,96.7,99.05,95.62171441666666,60,100,26190.47619047619,7.5476190476190474
mostly54-852a-427a-ad24-f75a9c8a97e9,mostlyb9-9300-4ba4-b04c-e7c8ecef616a,2023-04-01,58000.0,87.1,92.5,5.6,0.3,98.2,2,0,5950.0,9120,145.0,55200,32662.5,25800,5150,2500,222,890,9300,220,197.0,GreenLeaf Agrochem Ltd.,"Houston, United States",Polymers,220000,1500,22537.5,40.828804347826086,14127.5,25.593297101449274,13237.5,23.980978260869566,12820.5,23.225543478260867,92.05000000000001,563.1465517241379,951.7241379310345,388.5775862068966,0.10258620689655172,0.15724137931034482,0.0025,99.22222222222223,87.1,99.7,86.1632878888889,60,100,36800.0,38.666666666666664
mostly7a-e9ce-4f7b-87c3-cbccf6d26f47,mostlyd2-17a5-447a-b00f-1610fd6cf6d5,2025-04-01,42100.0,88.0,92.6,2.9,1.4,96.2,1,0,5700.0,8750,44.6,6590,5100.0,17000,4350,3380,1760,612,9450,170,192.0,Nordic Specialty Plastics Plant,"Port Elizabeth, South Africa",Specialty Chemicals,310000,3200,1490.0,22.610015174506827,-7348.0,-111.50227617602428,-7960.0,-120.78907435508346,-8322.0,-126.28224582701063,91.84,121.14014251781472,156.53206650831353,35.39192399049881,0.13539192399049882,0.20783847980997625,0.0010593824228028504,99.59722222222223,88.0,98.6,86.41851777777777,80,100,2059.375,13.15625
mostly5a-1661-41d5-8ce1-630ea2abc2d5,mostlyd6-b834-4855-bd11-7daada02dde1,2023-04-01,9750.0,81.0,97.9,7.0,0.85,97.4,1,0,6180.0,13210,150.0,44750,39500.0,3320,6880,1950,185,288,8990,153,1030.0,Nordic Specialty Plastics Plant,"Odense, Denmark",Agrochemicals,480000,860,5250.0,11.731843575418994,-3452.0,-7.713966480446928,-3740.0,-8.35754189944134,-4923.0,-11.001117318435755,90.99000000000001,4051.2820512820513,4589.74358974359,538.4615384615386,0.6338461538461538,1.3548717948717948,0.015384615384615385,99.02777777777779,81.0,99.15,79.53069375000001,80,100,52034.88372093023,11.337209302325581
mostlyef-fbbe-4368-9cda-e988b231124a,mostlyda-790f-41ae-8bf1-7f121af10997,2024-06-01,15850.0,73.6,93.6,3.4,1.5,97.1,1,0,1070.0,12200,49.1,48860,4820.0,25000,4520,2620,1860,980,8710,61,2100.0,Nordic Specialty Plastics Plant,"Odense, Denmark",Specialty Chemicals,310000,2100,44040.0,90.13507981989358,36310.0,74.31436758084322,35330.0,72.30863692181744,33169.0,67.8857961522718,86.64999999999999,304.1009463722398,3082.6498422712934,2778.5488958990536,0.06750788643533123,0.7697160883280757,0.0030977917981072555,99.52777777777779,73.6,98.5,72.15365777777778,80,100,23266.666666666668,7.5476190476190474
mostly84-4746-44a9-b6ad-be624fad4978,mostlye6-a6d6-4fac-8296-564dfd183483,2023-11-01,16220.0,91.8,95.2,5.0,1.6,99.5,1,1,1070.0,8700,44.7,6570,30700.0,24750,1270,1950,195,1330,1240,58,1285.0,Horizon Polymers Campus,"Port Elizabeth, South Africa",Industrial Gases,900000,2100,-24130.0,-367.275494672755,-24040.0,-365.9056316590563,-25370.0,-386.1491628614916,-26713.0,-406.5905631659057,95.13000000000001,1892.7250308261405,405.05548705302095,-1487.6695437731196,0.0659679408138101,0.5363748458692972,0.002755856966707768,99.30555555555556,91.8,98.4,89.7039,80,70,3128.5714285714284,7.723809523809524
mostly78-ada4-4941-8aab-9a5fbca1700e,mostlyf3-9c94-4094-a8c9-7f546863a750,2023-08-01,43520.0,87.8,96.6,4.2,1.8,96.5,0,1,5400.0,13790,141.0,41200,5210.0,22350,6820,3400,1060,1320,1290,220,1993.0,GreenLeaf Agrochem Ltd.,"Houston, United States",Polymers,220000,540,35990.0,87.35436893203884,36020.0,87.42718446601941,34700.0,84.22330097087378,32487.0,78.85194174757282,93.05,119.71507352941177,946.6911764705883,826.9761029411766,0.12408088235294118,0.31686580882352944,0.003239889705882353,99.41666666666666,87.8,98.2,85.71665233333331,100,70,76296.29629629629,80.5925925925926
mostly89-42eb-4991-b8a5-5524808e907b,mostlyf6-b04f-4b31-9966-024a241c2450,2025-01-01,14250.0,91.0,95.4,3.9,0.4,98.5,1,1,6450.0,600,45.4,45020,32190.0,17000,1275,4020,205,279,10200,195,970.0,Nordic Specialty Plastics Plant,"Odense, Denmark",Agrochemicals,720000,3200,12830.0,28.498445135495338,2909.0,6.461572634384718,2630.0,5.841848067525544,1465.0,3.2541092847623276,94.57000000000001,2258.9473684210525,3159.2982456140353,900.3508771929828,0.45263157894736844,0.042105263157894736,0.003185964912280702,99.45833333333334,91.0,99.6,90.14505500000001,80,70,14068.75,4.453125
mostly47-5d54-4672-9467-319779929bac,mostlyfa-c5f5-4788-8ec4-467088d908e6,2023-11-01,45020.0,91.0,96.6,1.2,1.4,98.7,0,0,1010.0,585,49.7,55800,34500.0,3180,4920,445,185,273,7000,160,872.0,GreenLeaf Agrochem Ltd.,Singapore,Specialty Chemicals,900000,860,21300.0,38.17204301075269,14573.0,26.116487455197134,14300.0,25.627240143369175,13268.0,23.77777777777778,94.99,766.3260772989782,1239.4491337183474,473.12305641936916,0.02243447356730342,0.012994224788982675,0.0011039537983118615,99.83333333333333,91.0,98.6,89.57645666666666,100,100,64883.72093023256,52.348837209302324
mostly7e-608b-4bec-898a-6b59a5db69f6,mostly14-961f-4774-b83f-89889f11a6ae,2023-01-01,48860.0,88.8,94.5,4.7,0.82,99.7,1,0,5980.0,610,149.0,6500,38000.0,24050,1325,4500,201,1540,4780,65,1345.0,GreenLeaf Agrochem Ltd.,"Odense, Denmark",Specialty Chemicals,480000,1500,-31500.0,-484.6153846153846,-34740.0,-534.4615384615385,-36280.0,-558.1538461538462,-37690.0,-579.8461538461538,93.78,777.7322963569381,133.03315595579207,-644.6991404011461,0.1223905034793287,0.012484650020466639,0.0030495292672943104,99.34722222222221,88.8,99.18,87.4969266,80,100,4333.333333333333,32.57333333333333
mostly33-a5f3-4932-b5bc-200cd9d8e7e5,mostly21-8842-49a4-871a-e936721d11b9,2023-01-01,9200.0,84.5,93.3,1.2,1.5,97.4,1,0,6960.0,17650,6.1,45200,39450.0,21800,1305,490,860,1420,10000,230,1030.0,Aurora Petrochemicals Complex,"Port Elizabeth, South Africa",Specialty Chemicals,220000,860,5750.0,12.721238938053098,-2830.0,-6.261061946902655,-4250.0,-9.402654867256636,-5510.0,-12.190265486725664,91.01,4288.04347826087,4913.04347826087,625.0,0.7565217391304347,1.9184782608695652,0.0006630434782608695,99.83333333333333,84.5,98.5,83.09377916666666,80,100,52558.13953488372,10.69767441860465
mostly5f-55b8-4c5f-a965-d46d8835724d,mostly23-c1e3-404f-9978-e4c1606bd2a4,2023-06-01,16140.0,73.6,93.2,5.4,1.2,99.1,2,0,5010.0,8940,7.5,53550,4880.0,22540,6520,481,200,1400,10240,150,193.0,Horizon Polymers Campus,"Odense, Denmark",Polymers,220000,860,48670.0,90.88702147525677,39830.0,74.37908496732027,38430.0,71.76470588235294,38087.0,71.12418300653594,87.13000000000001,302.3543990086741,3317.843866171004,3015.4894671623297,0.3104089219330855,0.5539033457249071,0.00046468401486988845,99.25,73.6,98.8,72.171424,60,100,62267.441860465115,18.767441860465116
mostlyc0-a671-4189-9834-1c9c5d031de7,mostly24-75d3-4c33-9fa1-6148064115b5,2024-06-01,10980.0,83.4,95.9,3.6,0.3,98.5,2,1,5140.0,545,9.7,39760,34125.0,3100,1260,3360,215,1420,1310,250,900.0,Nordic Specialty Plastics Plant,"Odense, Denmark",Petrochemical,310000,540,5635.0,14.172535211267606,5745.0,14.449195171026158,4325.0,10.877766599597585,3175.0,7.9854124748490944,91.68,3107.9234972677596,3621.129326047359,513.2058287795994,0.4681238615664845,0.04963570127504554,0.0008834244080145718,99.5,83.4,99.7,82.73405100000001,60,70,73629.62962962964,20.333333333333332
mostly3d-500d-43ce-beaf-6b847f06a292,mostly2b-eb41-4c45-87f9-a2d9b98a0512,2023-08-01,10780.0,89.6,93.0,7.9,1.5,97.9,1,0,5400.0,9160,138.0,47250,32750.0,3400,7200,1850,1900,1180,1290,172,798.0,Nordic Specialty Plastics Plant,Singapore,Specialty Chemicals,220000,1500,14500.0,30.687830687830687,14390.0,30.455026455026456,13210.0,27.95767195767196,12240.0,25.9047619047619,93.11,3038.0333951762523,4383.116883116883,1345.0834879406311,0.5009276437847866,0.849721706864564,0.012801484230055659,98.90277777777779,89.6,98.5,87.28763555555555,80,100,31500.0,7.1866666666666665
mostlyc9-0527-4ae7-90e6-06696e549384,mostly2d-8e90-431f-88e0-aa59ccb808f6,2023-01-01,15040.0,91.6,97.9,7.0,0.89,98.2,1,1,1120.0,9060,44.9,6475,30250.0,22750,1250,2520,1860,1250,4800,66,1065.0,Nordic Specialty Plastics Plant,"Port Elizabeth, South Africa",Industrial Gases,310000,860,-23775.0,-367.18146718146716,-27325.0,-422.007722007722,-28575.0,-441.31274131274137,-29706.0,-458.7799227799228,95.47,2011.3031914893618,430.5186170212766,-1580.784574468085,0.07446808510638298,0.6023936170212766,0.002985372340425532,99.02777777777779,91.6,99.11,89.90213038888889,80,70,7529.069767441861,17.488372093023255
mostlyfa-ce4f-41b2-bd7a-7aa9496ec8be,mostly33-29da-4fef-a00d-aed05b50b7a4,2023-09-01,53550.0,81.0,92.1,4.7,0.15,98.8,1,1,5840.0,13600,44.0,47800,34507.5,20600,6000,3100,1850,870,10560,148,798.0,GreenLeaf Agrochem Ltd.,"Odense, Denmark",Agrochemicals,220000,1500,13292.5,27.808577405857744,3602.5,7.5366108786610875,2732.5,5.716527196652719,1786.5,3.7374476987447696,89.67,644.3977591036414,892.6237161531279,248.2259570494865,0.10905695611577965,0.25396825396825395,0.0008216619981325864,99.34722222222221,81.0,99.85,80.35054312499999,80,70,31866.666666666668,35.7
mostly9c-fa77-445b-8875-e8790104a909,mostly3d-07ee-4c7e-b97b-bd8c4c590562,2024-01-01,10450.0,83.4,97.8,2.2,1.2,98.7,1,0,5850.0,520,8.5,56000,5260.0,23125,6800,3600,860,915,5360,145,2242.5,GreenLeaf Agrochem Ltd.,"Shanghai, China",Specialty Chemicals,310000,540,50740.0,90.60714285714285,46295.0,82.66964285714286,45380.0,81.03571428571429,42992.5,76.77232142857143,92.31,503.3492822966507,5358.851674641149,4855.502392344498,0.5598086124401914,0.049760765550239235,0.0008133971291866029,99.69444444444444,83.4,98.8,82.14742466666667,80,100,103703.70370370371,19.35185185185185
mostlyb1-577a-4208-b8d6-0c30599e8b2b,mostly3e-5718-4622-8e6a-4df993a1a435,2024-05-01,16620.0,99.0,93.2,1.0,1.0,99.0,1,0,5570.0,15940,115.0,44000,39500.0,17650,6350,493,920,1540,1260,165,195.0,Zenith Industrial Gases Center,"Odense, Denmark",Specialty Chemicals,900000,2100,4500.0,10.227272727272728,4780.0,10.863636363636363,3240.0,7.363636363636364,2880.0,6.545454545454546,97.25999999999999,2376.6546329723224,2647.412755716005,270.75812274368263,0.3351383874849579,0.9590854392298436,0.0069193742478941035,99.86111111111111,99.0,99.0,97.873875,80,100,20952.380952380954,7.914285714285715
mostly68-4f17-4d73-aec5-becd8123d10b,mostly54-2ddc-4872-873b-4052e1b4490c,2023-07-01,9700.0,88.8,97.9,2.4,0.78,96.3,1,0,4870.0,9120,130.0,56000,43350.0,22750,5480,2385,1860,635,9004,158,203.0,GreenLeaf Agrochem Ltd.,"Shanghai, China",Agrochemicals,480000,3200,12650.0,22.589285714285715,4281.0,7.644642857142856,3646.0,6.510714285714286,3285.0,5.866071428571429,93.78,4469.072164948454,5773.19587628866,1304.1237113402058,0.5020618556701031,0.9402061855670103,0.013402061855670102,99.66666666666667,88.8,99.22,87.8136688,80,100,17500.0,3.03125
mostlyb6-289d-4a77-8010-977da894508a,mostly59-c3e9-40f7-ac4f-b346f6bae76c,2023-05-01,63550.0,88.9,89.7,5.0,0.7,97.7,1,0,5630.0,13210,9.9,7020,31500.0,21850,1270,2300,1350,1015,9310,63,880.0,Zenith Industrial Gases Center,"Odense, Denmark",Specialty Chemicals,480000,1500,-24480.0,-348.71794871794873,-32775.0,-466.8803418803419,-33790.0,-481.33903133903135,-34733.0,-494.77207977207973,91.78,495.6726986624705,110.46420141620771,-385.2084972462628,0.08859166011014949,0.20786782061369,0.00015578284815106217,99.30555555555556,88.9,99.3,87.66466041666666,80,100,4680.0,42.36666666666667
mostlyd0-a3d9-469f-97fc-117db657a8a9,mostly9d-1e33-486f-ab67-fbeed1945f92,2025-04-01,10980.0,78.4,92.7,5.0,1.4,99.7,1,1,1060.0,14950,149.0,54500,39500.0,21300,4210,4240,222,1330,5660,190,181.0,Nordic Specialty Plastics Plant,"Shanghai, China",Agrochemicals,220000,540,15000.0,27.522935779816514,10670.0,19.57798165137615,9340.0,17.137614678899084,8969.0,16.456880733944953,89.08,3597.4499089253186,4963.570127504554,1366.1202185792354,0.0965391621129326,1.361566484517304,0.013570127504553733,99.30555555555556,78.4,98.6,76.76557777777776,80,70,100925.92592592593,20.333333333333332
mostly9c-fea6-4a49-ad61-738af81a2669,mostlya7-fcf7-4455-9b2f-19eb0fd41fa6,2023-02-01,16100.0,84.0,95.0,4.1,1.3,99.8,1,0,1250.0,545,5.6,55200,34125.0,22250,1230,4120,180,915,1320,69,2177.5,GreenLeaf Agrochem Ltd.,"Odense, Denmark",Polymers,310000,3200,21075.0,38.17934782608695,20670.0,37.44565217391304,19755.0,35.78804347826087,17508.5,31.718297101449277,92.04,2119.5652173913045,3428.5714285714284,1309.006211180124,0.07763975155279502,0.033850931677018636,0.0003478260869565217,99.43055555555556,84.0,98.7,82.435885,80,100,17250.0,5.03125
mostlye6-dd37-4125-92ec-21e81b4ed6f6,mostlyb3-6de1-444e-bb2b-db078b60974c,2025-02-01,8800.0,90.0,94.2,4.0,1.2,99.0,2,0,1310.0,17320,9.5,48860,5250.0,25900,4210,3990,193,1275,4780,240,903.0,Nordic Specialty Plastics Plant,"Odense, Denmark",Agrochemicals,720000,2100,43610.0,89.25501432664757,40105.0,82.08145722472369,38830.0,79.47196070405239,37687.0,77.13262382316823,93.96,596.5909090909091,5552.272727272727,4955.681818181818,0.14886363636363636,1.9681818181818183,0.0010795454545454546,99.44444444444444,90.0,98.8,88.426,60,100,23266.666666666668,4.190476190476191
mostlyad-91e8-447f-a344-4db88edd0edc,mostlyb9-9300-4ba4-b04c-e7c8ecef616a,2025-05-01,82500.0,95.2,92.2,4.3,1.4,99.7,0,0,900.0,13300,42.1,54700,33900.0,20600,1285,2500,215,268,9620,200,755.0,GreenLeaf Agrochem Ltd.,"Houston, United States",Polymers,220000,1500,20800.0,38.02559414990859,11448.0,20.928702010968923,11180.0,20.438756855575868,10225.0,18.69287020109689,95.64999999999999,410.90909090909093,663.030303030303,252.12121212121207,0.01090909090909091,0.16121212121212122,0.0005103030303030303,99.40277777777779,95.2,98.6,93.30660422222223,100,100,36466.666666666664,55.0
mostlybc-0874-4015-a9c5-a0e61a2e6dda,mostlyd6-b834-4855-bd11-7daada02dde1,2023-12-01,15960.0,89.7,93.0,12.3,1.3,96.3,1,1,6810.0,13850,115.0,6700,42000.0,23500,4705,460,1850,1330,10350,63,780.0,Nordic Specialty Plastics Plant,"Odense, Denmark",Agrochemicals,480000,860,-35300.0,-526.8656716417911,-44320.0,-661.4925373134329,-45650.0,-681.3432835820896,-46493.0,-693.9253731343283,92.67,2631.5789473684213,419.7994987468672,-2211.779448621554,0.4266917293233083,0.8677944862155389,0.0072055137844611525,98.29166666666667,89.7,98.7,87.021445875,80,70,7790.697674418605,18.558139534883722
mostly78-76e8-45c4-bcf0-f8ddb67bf4f1,mostlyda-790f-41ae-8bf1-7f121af10997,2023-09-01,16220.0,88.9,92.7,2.2,1.4,99.6,1,0,5700.0,13750,145.0,42000,4990.0,22950,1245,3780,1300,285,9202,68,2170.0,Nordic Specialty Plastics Plant,"Odense, Denmark",Specialty Chemicals,310000,2100,37010.0,88.11904761904762,28093.0,66.88809523809523,27808.0,66.2095238095238,25570.0,60.88095238095238,93.25000000000001,307.64488286066586,2589.395807644883,2281.750924784217,0.35141800246609123,0.8477188655980271,0.008939580764488286,99.69444444444444,88.9,98.6,87.38756405555556,80,100,20000.0,7.723809523809524
mostlyb2-2585-470b-943c-0993e1d41ea9,mostlye6-a6d6-4fac-8296-564dfd183483,2023-01-01,46250.0,81.9,92.9,3.6,1.2,97.7,1,0,7080.0,520,152.0,42000,37050.0,22150,1260,472,1820,1295,10040,225,895.0,Horizon Polymers Campus,"Port Elizabeth, South Africa",Industrial Gases,900000,2100,4950.0,11.785714285714285,-3795.0,-9.035714285714286,-5090.0,-12.11904761904762,-6210.0,-14.785714285714285,89.94,801.081081081081,908.1081081081081,107.02702702702709,0.1530810810810811,0.011243243243243243,0.0032864864864864864,99.5,81.9,98.8,80.512614,80,100,20000.0,22.023809523809526
mostlyed-95d2-4d60-b90f-bdd1ab851264,mostlyf3-9c94-4094-a8c9-7f546863a750,2024-12-01,73560.0,83.0,94.1,5.6,0.85,97.2,1,0,4870.0,13210,44.2,50500,4820.0,21660,1330,2500,950,1540,4400,62,780.0,GreenLeaf Agrochem Ltd.,"Houston, United States",Polymers,220000,540,45680.0,90.45544554455446,42820.0,84.79207920792079,41280.0,81.74257425742574,40438.0,80.07524752475248,90.59,65.5247417074497,686.5144100054378,620.989668297988,0.06620445894507884,0.17958129418162044,0.0006008700380641653,99.22222222222223,83.0,99.15,81.65443166666668,80,100,93518.51851851853,136.22222222222223
mostlyc3-7c4f-4523-95c4-f5dc5646cedb,mostlyf6-b04f-4b31-9966-024a241c2450,2023-05-01,47310.0,83.5,97.1,1.6,0.3,96.5,1,0,1140.0,9010,50.5,39760,34650.0,24450,5900,420,1100,1400,5320,70,755.0,Nordic Specialty Plastics Plant,"Odense, Denmark",Agrochemicals,720000,3200,5110.0,12.852112676056338,1190.0,2.992957746478873,-210.0,-0.528169014084507,-1035.0,-2.603118712273642,91.47999999999999,732.4032974001268,840.4142887338829,108.01099133375612,0.024096385542168676,0.1904459945043331,0.001067427605157472,99.77777777777777,83.5,99.7,83.0645011111111,80,100,12425.0,14.784375
mostlycb-79d4-4c0a-bf63-533b5606c052,mostlyfa-c5f5-4788-8ec4-467088d908e6,2025-02-01,10320.0,84.5,96.0,6.3,0.75,95.9,1,1,5340.0,16650,120.0,51500,36450.0,22540,5980,3200,1850,990,9100,250,858.0,GreenLeaf Agrochem Ltd.,Singapore,Specialty Chemicals,900000,860,15050.0,29.22330097087379,6940.0,13.475728155339805,5950.0,11.553398058252426,4842.0,9.401941747572815,91.36999999999999,3531.9767441860463,4990.31007751938,1458.3333333333335,0.5174418604651163,1.6133720930232558,0.011627906976744186,99.12500000000001,84.5,99.25,83.13242031250002,80,70,59883.72093023256,12.0
mostlyf8-4a9b-489c-8cb5-135838c65125,mostly21-8842-49a4-871a-e936721d11b9,2023-01-01,79230.0,83.5,92.5,2.7,1.1,97.2,0,0,5650.0,17650,132.0,7020,29600.0,3350,7000,4120,980,600,9760,170,1005.0,Aurora Petrochemicals Complex,"Port Elizabeth, South Africa",Specialty Chemicals,220000,860,-22580.0,-321.65242165242165,-31740.0,-452.13675213675214,-32340.0,-460.6837606837606,-33515.0,-477.4216524216524,90.31,373.5958601539821,88.60280196895116,-284.9930581850309,0.07131137195506752,0.22276915309857379,0.0016660355925785686,99.625,83.5,98.9,82.27181937499999,100,100,8162.790697674419,92.12790697674419
mostlyb7-1720-4427-9509-fc35a38a8665,mostly23-c1e3-404f-9978-e4c1606bd2a4,2023-07-01,10150.0,90.0,97.5,5.3,1.4,99.0,1,0,4870.0,14920,44.6,6200,4850.0,21500,5600,3320,1860,1420,7950,152,1470.0,Horizon Polymers Campus,"Odense, Denmark",Polymers,220000,860,1350.0,21.774193548387096,-5180.0,-83.54838709677419,-6600.0,-106.4516129032258,-8222.0,-132.61290322580646,94.95,477.83251231527095,610.8374384236453,133.00492610837432,0.4798029556650246,1.469950738916256,0.004394088669950739,99.2638888888889,90.0,98.6,88.086775,80,100,7209.302325581395,11.80232558139535
mostly06-2d8e-4b92-b0e2-c399123b7da9,mostly24-75d3-4c33-9fa1-6148064115b5,2025-04-01,65200.0,87.4,89.7,2.1,0.87,99.4,0,1,1320.0,9040,120.0,47800,27900.0,3540,4120,3500,990,612,1290,61,2192.0,Nordic Specialty Plastics Plant,"Odense, Denmark",Petrochemical,310000,540,19900.0,41.63179916317992,19222.0,40.21338912133891,18610.0,38.93305439330544,16357.0,34.21966527196653,91.69,427.9141104294479,733.1288343558282,305.2147239263803,0.020245398773006136,0.13865030674846626,0.0018404907975460123,99.70833333333333,87.4,99.13,86.38692110833334,100,70,88518.51851851853,120.74074074074075
mostly3a-ffa8-4273-a5e8-316a6591a4b9,mostly2d-8e90-431f-88e0-aa59ccb808f6,2023-12-01,10780.0,84.5,97.0,7.9,0.3,98.5,1,1,5800.0,16420,174.0,55000,36000.0,23000,6550,2100,215,284,9004,185,795.0,Nordic Specialty Plastics Plant,"Port Elizabeth, South Africa",Industrial Gases,310000,860,19000.0,34.54545454545455,10280.0,18.69090909090909,9996.0,18.174545454545456,9016.0,16.392727272727274,92.45,3339.517625231911,5102.040816326531,1762.52319109462,0.5380333951762524,1.523191094619666,0.01614100185528757,98.90277777777779,84.5,99.7,83.32212868055555,80,70,63953.48837209302,12.534883720930232
mostly39-821d-4c71-be1e-ea329c94de84,mostly3d-07ee-4c7e-b97b-bd8c4c590562,2025-02-01,48240.0,91.6,95.5,6.2,0.92,97.7,1,0,5980.0,15350,148.0,54120,4990.0,3280,7100,2100,1100,640,1270,178,184.0,GreenLeaf Agrochem Ltd.,"Shanghai, China",Specialty Chemicals,310000,540,49130.0,90.77974870657798,48500.0,89.61566888396156,47860.0,88.4331116038433,47498.0,87.76422764227642,94.6,103.44112769485903,1121.8905472636816,1018.4494195688226,0.12396351575456054,0.3182006633499171,0.003067993366500829,99.13888888888889,91.6,99.08,89.97575897777776,80,100,100222.22222222222,89.33333333333333
mostly28-2eb1-4e5a-924a-f5b003743f4a,mostly3e-5718-4622-8e6a-4df993a1a435,2023-09-01,8350.0,96.7,95.7,3.9,0.85,96.8,1,1,7040.0,8780,161.0,53550,4860.0,17650,1250,1800,880,955,4400,220,872.0,Zenith Industrial Gases Center,"Odense, Denmark",Specialty Chemicals,900000,2100,48690.0,90.92436974789916,45245.0,84.49112978524744,44290.0,82.70774976657329,43198.0,80.66853408029878,96.43,582.0359281437126,6413.173652694611,5831.137724550898,0.8431137724550898,1.051497005988024,0.019281437125748504,99.45833333333334,96.7,99.15,95.35871056250002,80,70,25500.0,3.9761904761904763
mostlybb-b13d-4774-8edf-1b609d19099b,mostly54-2ddc-4872-873b-4052e1b4490c,2023-01-01,10670.0,89.3,98.3,4.3,1.2,97.9,0,0,7320.0,8450,9.2,55000,34200.0,25900,5980,1850,1850,1295,5160,156,820.0,GreenLeaf Agrochem Ltd.,"Shanghai, China",Agrochemicals,480000,3200,20800.0,37.81818181818182,16935.0,30.79090909090909,15640.0,28.436363636363637,14664.0,26.66181818181818,94.58,3205.248359887535,5154.639175257732,1949.3908153701968,0.6860356138706654,0.7919400187441424,0.0008622305529522023,99.40277777777779,89.3,98.8,87.7014803888889,100,100,17187.5,3.334375
mostlyf3-2f09-4bbd-8d8a-5236a70f626a,mostly59-c3e9-40f7-ac4f-b346f6bae76c,2025-05-01,11400.0,96.4,92.1,5.3,0.8,96.8,1,0,980.0,13210,44.2,45500,4860.0,3280,5660,2230,860,272,10000,250,2312.5,Zenith Industrial Gases Center,"Odense, Denmark",Specialty Chemicals,480000,1500,40640.0,89.31868131868131,30912.0,67.93846153846154,30640.0,67.34065934065934,28077.5,61.70879120879121,95.23,426.3157894736842,3991.2280701754385,3564.9122807017543,0.08596491228070176,1.1587719298245613,0.0038771929824561405,99.2638888888889,96.4,99.2,94.9248657777778,80,100,30333.333333333332,7.6
mostlycf-9dd8-4d92-aef6-c8329f41832a,mostly9d-1e33-486f-ab67-fbeed1945f92,2023-04-01,50120.0,89.9,96.0,2.0,1.2,99.8,1,0,4200.5,8730,134.0,52050,5050.0,21800,5980,449,1500,285,8800,152,1495.0,Nordic Specialty Plastics Plant,"Shanghai, China",Agrochemicals,220000,540,47000.0,90.29779058597502,38485.0,73.93852065321806,38200.0,73.3909702209414,36553.0,70.2267050912584,94.69999999999999,100.75818036711891,1038.5075818036712,937.7494014365523,0.08380885873902634,0.17418196328810853,0.0026735833998403832,99.72222222222223,89.9,98.8,88.57447444444443,80,100,96388.88888888889,92.81481481481481
mostlyac-8a78-44f5-908b-f061877747cd,mostlya7-fcf7-4455-9b2f-19eb0fd41fa6,2023-07-01,10850.0,78.0,94.9,4.2,1.2,97.4,1,0,5010.0,12500,165.0,6570,30250.0,23540,7550,472,1280,281,1260,68,1993.0,GreenLeaf Agrochem Ltd.,"Odense, Denmark",Polymers,310000,3200,-23680.0,-360.4261796042618,-24659.0,-375.32724505327246,-24940.0,-379.60426179604264,-27001.0,-410.9741248097412,88.89,2788.0184331797236,605.5299539170506,-2182.488479262673,0.46175115207373274,1.152073732718894,0.015207373271889401,99.41666666666666,78.0,98.8,76.61446,80,100,2053.125,3.390625
mostly15-0ee9-4ae2-acfb-60666bf5018d,mostlyb3-6de1-444e-bb2b-db078b60974c,2024-01-01,16020.0,71.2,95.1,3.8,0.25,98.5,2,0,6180.0,14850,9.4,54200,5010.0,3180,1200,420,1720,890,4300,61,745.0,Nordic Specialty Plastics Plant,"Odense, Denmark",Agrochemicals,720000,2100,49190.0,90.75645756457564,45780.0,84.4649446494465,44890.0,82.82287822878229,44084.0,81.33579335793358,86.56,312.73408239700376,3383.270911360799,3070.536828963795,0.3857677902621723,0.9269662921348315,0.0005867665418227216,99.47222222222223,71.2,99.75,70.64716166666668,60,100,25809.52380952381,7.628571428571429
mostlya6-d909-47c9-91e4-25d0214423da,mostlyb9-9300-4ba4-b04c-e7c8ecef616a,2023-12-01,44875.0,95.3,92.5,1.0,0.88,97.1,1,0,5880.0,16650,44.6,6350,37000.0,22750,1330,3100,900,284,4810,155,1010.0,GreenLeaf Agrochem Ltd.,"Houston, United States",Polymers,220000,1500,-30650.0,-482.6771653543307,-35176.0,-553.9527559055118,-35460.0,-558.4251968503937,-36625.0,-576.7716535433071,95.0,824.5125348189415,141.5041782729805,-683.008356545961,0.13103064066852368,0.3710306406685237,0.0009938718662952646,99.86111111111111,95.3,99.12,94.33016366666666,80,100,4233.333333333333,29.916666666666668
mostly2e-7815-49d4-b066-e8d79334a2dd,mostlyd6-b834-4855-bd11-7daada02dde1,2025-05-01,10450.0,99.0,94.1,4.7,0.2,99.6,1,0,5980.0,8700,47.6,47250,34200.0,22150,5660,3780,1400,635,1345,67,858.0,Nordic Specialty Plastics Plant,"Odense, Denmark",Agrochemicals,480000,860,13050.0,27.61904761904762,12340.0,26.116402116402114,11705.0,24.772486772486772,10780.0,22.814814814814817,97.71000000000001,3272.7272727272725,4521.531100478469,1248.8038277511964,0.5722488038277512,0.8325358851674641,0.004555023923444976,99.34722222222221,99.0,99.8,98.15704249999997,80,100,54941.86046511628,12.151162790697674
mostly99-3681-49b1-a74d-c1648eddafe8,mostlyda-790f-41ae-8bf1-7f121af10997,2023-11-01,15040.0,92.0,95.3,9.8,0.25,99.7,0,1,4200.5,15350,134.0,6475,34650.0,21850,5340,1900,210,1275,9310,150,1060.0,Nordic Specialty Plastics Plant,"Odense, Denmark",Specialty Chemicals,310000,2100,-28175.0,-435.13513513513516,-36210.0,-559.2277992277992,-37485.0,-578.918918918919,-38695.0,-597.6061776061777,95.30000000000001,2303.8563829787236,430.5186170212766,-1873.337765957447,0.27928856382978723,1.0206117021276595,0.008909574468085107,98.6388888888889,92.0,99.75,90.52090833333335,100,70,3083.3333333333335,7.161904761904762
mostly71-c049-44ef-87ac-f23382844cd9,mostlye6-a6d6-4fac-8296-564dfd183483,2025-01-01,53550.0,78.5,93.5,8.5,0.25,95.9,0,0,6160.0,13350,44.2,6810,41250.0,22650,1285,4360,185,1245,8000,200,795.0,Horizon Polymers Campus,"Port Elizabeth, South Africa",Industrial Gases,900000,2100,-34440.0,-505.7268722466961,-41195.0,-604.9192364170337,-42440.0,-623.2011747430249,-43435.0,-637.8120411160058,88.22000000000001,770.3081232492997,127.17086834733894,-643.1372549019608,0.11503267973856209,0.24929971988795518,0.0008253968253968255,98.81944444444444,78.5,99.75,77.37933072916667,100,100,3242.8571428571427,25.5
mostly1e-4c68-4a7d-8b3e-b32fd5b09c40,mostlyf3-9c94-4094-a8c9-7f546863a750,2023-07-01,52000.0,83.8,93.0,9.5,0.9,99.0,1,0,6220.0,12500,5.8,46200,38000.0,23000,6820,1980,990,1490,5480,66,198.0,GreenLeaf Agrochem Ltd.,"Houston, United States",Polymers,220000,540,8200.0,17.74891774891775,4210.0,9.112554112554113,2720.0,5.887445887445888,2456.0,5.316017316017316,91.12,730.7692307692307,888.4615384615385,157.69230769230774,0.11961538461538461,0.2403846153846154,0.00011153846153846153,98.68055555555556,83.8,99.1,81.95005680555556,80,100,85555.55555555556,96.29629629629629
mostlyd4-bcb2-489e-9c46-174ec6cac5a1,mostlyf6-b04f-4b31-9966-024a241c2450,2024-06-01,9200.0,92.2,94.2,1.7,0.9,96.8,1,0,5630.0,16240,143.0,6200,36450.0,24750,4502,3360,223,1220,7950,172,196.0,Nordic Specialty Plastics Plant,"Odense, Denmark",Agrochemicals,720000,3200,-30250.0,-487.9032258064516,-36980.0,-596.4516129032259,-38200.0,-616.1290322580645,-38568.0,-622.0645161290323,94.17999999999999,3961.9565217391305,673.9130434782609,-3288.0434782608695,0.6119565217391304,1.7652173913043478,0.015543478260869565,99.76388888888889,92.2,99.1,91.15446480555556,80,100,1937.5,2.875
mostly8a-c5fa-49d6-98cf-3f47a1ca93a8,mostlyfa-c5f5-4788-8ec4-467088d908e6,2025-02-01,61000.0,84.7,95.2,5.4,1.8,98.2,1,0,6900.0,8200,122.0,57000,33637.5,20300,1200,2620,1860,284,4700,185,201.0,GreenLeaf Agrochem Ltd.,Singapore,Specialty Chemicals,900000,860,23362.5,40.98684210526316,18946.5,33.23947368421052,18662.5,32.74122807017544,18276.5,32.0640350877193,91.9,551.4344262295082,934.4262295081967,382.9918032786885,0.11311475409836065,0.13442622950819672,0.002,99.25,84.7,98.2,82.55158449999999,80,100,66279.06976744186,70.93023255813954
mostlyc8-8554-421d-891b-9e1b3c239e57,mostly21-8842-49a4-871a-e936721d11b9,2023-09-01,76240.0,92.2,97.3,4.2,0.6,97.4,1,0,4480.0,8600,46.0,47250,43350.0,17650,1280,3380,850,1245,4400,160,189.0,Aurora Petrochemicals Complex,"Port Elizabeth, South Africa",Specialty Chemicals,220000,860,3900.0,8.253968253968253,745.0,1.5767195767195767,-500.0,-1.0582010582010581,-849.0,-1.7968253968253967,95.29,568.5991605456453,619.7534102833158,51.15424973767051,0.05876180482686254,0.11280167890870933,0.0006033578174186779,99.41666666666666,92.2,99.4,91.11219366666667,80,100,54941.86046511628,88.65116279069767
mostlye3-465a-4b20-9564-2101b5d5f098,mostly23-c1e3-404f-9978-e4c1606bd2a4,2023-08-01,46000.0,89.3,89.7,5.6,0.4,99.8,1,0,6720.0,8450,44.2,44950,4650.0,3150,5400,3100,1820,860,5460,69,1010.0,Horizon Polymers Campus,"Odense, Denmark",Polymers,220000,860,40300.0,89.65517241379311,35700.0,79.42157953281423,34840.0,77.5083426028921,33761.0,75.10789766407119,92.57000000000001,101.08695652173913,977.1739130434783,876.0869565217391,0.14608695652173914,0.18369565217391304,0.0009608695652173914,99.22222222222223,89.3,99.6,88.25102266666669,80,100,52267.441860465115,53.48837209302326
mostlyc2-fc0f-458b-88f7-1a19cffa1646,mostly24-75d3-4c33-9fa1-6148064115b5,2025-03-01,44875.0,89.5,94.8,4.1,0.2,98.8,2,1,5880.0,15350,171.0,44750,38000.0,3380,6040,2620,224,1520,10040,158,181.0,Nordic Specialty Plastics Plant,"Odense, Denmark",Petrochemical,310000,540,6750.0,15.083798882681565,-1770.0,-3.955307262569832,-3290.0,-7.351955307262569,-3629.0,-8.109497206703912,93.88000000000001,846.7966573816155,997.2144846796657,150.41782729805016,0.13103064066852368,0.34206128133704733,0.0038105849582172704,99.43055555555556,89.5,99.8,88.81236652777777,60,70,82870.37037037036,83.10185185185185
mostly1b-3cbc-461e-9131-a1169bd046bb,mostly2d-8e90-431f-88e0-aa59ccb808f6,2023-09-01,45200.0,88.0,98.3,5.4,0.8,97.9,2,0,5840.0,520,5.3,45500,34650.0,3240,4210,493,215,285,4760,59,825.0,Nordic Specialty Plastics Plant,"Port Elizabeth, South Africa",Industrial Gases,310000,860,10850.0,23.846153846153847,6375.0,14.010989010989011,6090.0,13.384615384615383,5206.0,11.441758241758242,94.06000000000002,766.5929203539823,1006.637168141593,240.04424778761063,0.12920353982300886,0.011504424778761062,0.00011725663716814159,99.25,88.0,99.2,86.64128000000001,60,100,52906.976744186046,52.55813953488372
mostly84-6337-4017-8bc3-5c602ea935d1,mostly3e-5718-4622-8e6a-4df993a1a435,2023-05-01,16140.0,82.4,97.4,5.6,0.7,98.3,1,0,6160.0,13600,7.0,6290,5260.0,3540,4120,3100,1100,281,4810,230,1060.0,Zenith Industrial Gases Center,"Odense, Denmark",Specialty Chemicals,900000,2100,1030.0,16.375198728139907,-3499.0,-55.62798092209857,-3780.0,-60.095389507154216,-5070.0,-80.60413354531002,91.67,325.8983890954151,389.7149938042131,63.816604708798025,0.38166047087980176,0.8426270136307311,0.00043370508054522923,99.22222222222223,82.4,99.3,81.18679733333335,80,100,2995.2380952380954,7.685714285714286
mostly98-5ee8-4f4a-985c-cb9bbad13baa,mostly59-c3e9-40f7-ac4f-b346f6bae76c,2023-09-01,15610.0,92.3,93.0,6.3,1.2,98.2,1,0,5800.0,8200,136.0,49250,40500.0,22540,4601,493,980,980,4810,69,885.0,Zenith Industrial Gases Center,"Odense, Denmark",Specialty Chemicals,480000,1500,8750.0,17.766497461928935,4920.0,9.98984771573604,3940.0,8.0,2986.0,6.0629441624365485,94.28,2594.4907110826393,3155.0288276745678,560.5381165919284,0.37155669442664957,0.5253042921204356,0.008712363869314541,99.12500000000001,92.3,98.8,90.39446650000002,80,100,32833.333333333336,10.406666666666666
mostlyf5-a146-4423-9752-0094aa20f927,mostly9d-1e33-486f-ab67-fbeed1945f92,2023-06-01,43520.0,87.5,97.9,3.8,0.89,97.4,1,0,5400.0,14250,9.7,6550,34687.5,25000,1200,1950,1250,900,4920,200,835.0,Nordic Specialty Plastics Plant,"Shanghai, China",Agrochemicals,220000,540,-28137.5,-429.58015267175574,-32157.5,-490.9541984732824,-33057.5,-504.6946564885496,-34092.5,-520.4961832061069,93.59,797.0473345588235,150.50551470588235,-646.5418198529412,0.12408088235294118,0.3274356617647059,0.00022288602941176468,99.47222222222223,87.5,99.11,86.26355451388889,80,100,12129.62962962963,80.5925925925926
mostly73-bc5a-4b22-a540-a369c5327b5c,mostlya7-fcf7-4455-9b2f-19eb0fd41fa6,2024-06-01,15380.0,91.7,94.9,1.8,0.4,99.5,1,0,1290.0,12500,8.7,42800,40850.0,22150,6700,485,1350,1275,8000,250,201.0,GreenLeaf Agrochem Ltd.,"Odense, Denmark",Polymers,310000,3200,1950.0,4.55607476635514,-4775.0,-11.156542056074766,-6050.0,-14.13551401869159,-6501.0,-15.189252336448597,95.0,2656.046814044213,2782.8348504551363,126.78803641092327,0.08387516254876463,0.812743823146944,0.000565669700910273,99.75,91.7,99.6,91.10486700000001,80,100,13375.0,4.80625
mostlyc8-34e1-43bd-b968-fdb64cf8a85b,mostlyb3-6de1-444e-bb2b-db078b60974c,2025-01-01,14250.0,83.8,94.6,6.2,0.15,98.0,0,0,1040.0,635,9.3,42500,4850.0,3210,1295,2500,1600,900,8784,158,870.0,Nordic Specialty Plastics Plant,"Odense, Denmark",Agrochemicals,720000,2100,37650.0,88.58823529411765,29766.0,70.03764705882352,28866.0,67.92,27838.0,65.50117647058823,91.3,340.35087719298247,2982.4561403508774,2642.105263157895,0.07298245614035087,0.04456140350877193,0.0006526315789473684,99.13888888888889,83.8,99.85,82.95377130555555,100,100,20238.095238095237,6.785714285714286
mostlyb9-855b-4d8e-a6e6-a49fa9079d74,mostlyb9-9300-4ba4-b04c-e7c8ecef616a,2023-10-01,10900.0,87.8,92.1,1.8,0.89,99.4,1,0,5850.0,12540,142.0,41280,4925.0,21300,1350,2580,198,284,4780,70,872.0,GreenLeaf Agrochem Ltd.,"Houston, United States",Polymers,220000,1500,36355.0,88.06928294573643,31859.0,77.17781007751938,31575.0,76.48982558139535,30633.0,74.2078488372093,92.57,451.8348623853211,3787.1559633027523,3335.321100917431,0.536697247706422,1.1504587155963302,0.013027522935779816,99.75,87.8,99.11,86.80103355,80,100,27520.0,7.266666666666667
mostly04-3c6a-48a6-bff9-e17b7731ae02,mostlyd6-b834-4855-bd11-7daada02dde1,2023-12-01,41280.0,84.7,98.0,1.7,1.4,99.7,1,1,7100.0,9160,43.7,6630,42450.0,22150,6700,4240,1350,1180,9000,71,770.0,Nordic Specialty Plastics Plant,"Odense, Denmark",Agrochemicals,480000,860,-35820.0,-540.2714932126697,-43640.0,-658.2202111613876,-44820.0,-676.0180995475113,-45661.0,-688.7028657616893,93.19,1028.343023255814,160.61046511627907,-867.7325581395348,0.17199612403100775,0.22189922480620156,0.001058624031007752,99.76388888888889,84.7,98.6,83.31701369444443,80,70,7709.302325581395,48.0
mostlycd-bac6-4236-a534-085dfb2bdd6d,mostlyda-790f-41ae-8bf1-7f121af10997,2024-04-01,15120.0,75.3,89.7,1.5,0.87,99.4,1,0,6720.0,14340,127.0,41200,39450.0,21950,1200,487,200,270,4780,153,995.0,Nordic Specialty Plastics Plant,"Odense, Denmark",Specialty Chemicals,310000,2100,1750.0,4.247572815533981,-2760.0,-6.699029126213592,-3030.0,-7.354368932038835,-4178.0,-10.140776699029127,86.85000000000001,2609.126984126984,2724.867724867725,115.74074074074088,0.4444444444444444,0.9484126984126984,0.0083994708994709,99.79166666666667,75.3,99.13,74.4893798125,80,100,19619.04761904762,7.2
mostly6b-86b6-431c-8e4d-11d7bd96257c,mostlye6-a6d6-4fac-8296-564dfd183483,2024-06-01,52050.0,81.9,96.6,1.5,0.82,99.0,1,0,6720.0,14500,10.2,6590,34500.0,3350,6860,2040,224,600,1260,260,2350.0,Horizon Polymers Campus,"Port Elizabeth, South Africa",Industrial Gases,900000,2100,-27910.0,-423.52048558421853,-28570.0,-433.5356600910471,-29170.0,-442.6403641881639,-31780.0,-482.2458270106222,91.44000000000001,662.8242074927954,126.6090297790586,-536.2151777137368,0.12910662824207492,0.27857829010566765,0.00019596541786743514,99.79166666666667,81.9,99.18,81.059194125,80,100,3138.095238095238,24.785714285714285
mostly9a-100b-4250-9b8a-c631279f6ca2,mostlyf6-b04f-4b31-9966-024a241c2450,2025-05-01,16020.0,90.0,95.8,5.4,1.5,98.7,1,0,5610.0,15880,9.8,6760,42750.0,21300,4384,3500,224,276,9202,148,188.0,Nordic Specialty Plastics Plant,"Odense, Denmark",Agrochemicals,720000,3200,-35990.0,-532.396449704142,-44916.0,-664.4378698224851,-45192.0,-668.5207100591716,-45528.0,-673.491124260355,94.35,2668.5393258426966,421.9725343320849,-2246.566791510612,0.350187265917603,0.9912609238451935,0.0006117353308364544,99.25,90.0,98.5,87.98512500000001,80,100,2112.5,5.00625
mostly42-1c18-4039-87b7-f28717dd83d3,mostlyfa-c5f5-4788-8ec4-467088d908e6,2023-12-01,58000.0,95.0,92.8,4.7,0.6,99.2,1,0,5680.0,8850,120.0,7020,33900.0,22950,6860,3950,1820,605,1270,188,2312.5,GreenLeaf Agrochem Ltd.,Singapore,Specialty Chemicals,900000,860,-26880.0,-382.9059829059829,-27545.0,-392.3789173789174,-28150.0,-400.997150997151,-30650.5,-436.61680911680907,95.6,584.4827586206897,121.03448275862068,-463.44827586206895,0.09793103448275862,0.15258620689655172,0.0020689655172413794,99.34722222222221,95.0,99.4,93.81358194444444,80,100,8162.790697674419,67.44186046511628
mostly1f-bfef-4d74-aeee-ff22fd94bad1,mostly23-c1e3-404f-9978-e4c1606bd2a4,2023-08-01,15520.0,91.8,96.0,1.0,0.15,99.8,1,0,6100.0,9220,7.0,7000,4780.0,23125,6020,460,1220,283,1345,195,2170.0,Horizon Polymers Campus,"Odense, Denmark",Polymers,220000,860,2220.0,31.71428571428571,1158.0,16.54285714285714,875.0,12.5,-1490.0,-21.285714285714285,95.46,307.9896907216495,451.03092783505156,143.04123711340208,0.39304123711340205,0.5940721649484536,0.00045103092783505157,99.86111111111111,91.8,99.85,91.53499124999999,80,100,8139.53488372093,18.046511627906977
mostlyf3-9b67-414c-8e63-154b495d7b9b,mostly24-75d3-4c33-9fa1-6148064115b5,2025-02-01,11120.0,81.0,95.1,6.1,0.15,97.6,1,0,5880.0,8730,47.2,53550,42000.0,22350,6400,440,1100,618,1325,188,198.0,Nordic Specialty Plastics Plant,"Odense, Denmark",Petrochemical,310000,540,11550.0,21.568627450980394,10843.0,20.248366013071895,10225.0,19.094304388422035,9839.0,18.373482726423905,90.21000000000001,3776.978417266187,4815.6474820143885,1038.6690647482014,0.5287769784172662,0.7850719424460432,0.004244604316546763,99.15277777777777,81.0,99.85,80.19327937499999,80,100,99166.66666666667,20.59259259259259
mostlybe-f0e1-4a66-807a-891de296707e,mostly2d-8e90-431f-88e0-aa59ccb808f6,2023-11-01,10900.0,86.8,96.2,6.1,0.75,98.7,1,0,5630.0,11200,143.0,6590,4650.0,22600,1325,480,1020,1290,5400,60,1040.0,Nordic Specialty Plastics Plant,"Port Elizabeth, South Africa",Industrial Gases,310000,860,1940.0,29.438543247344462,-2170.0,-32.92867981790592,-3460.0,-52.50379362670713,-4560.0,-69.19575113808801,93.19,426.60550458715596,604.5871559633027,177.98165137614677,0.5165137614678899,1.0275229357798166,0.013119266055045872,99.15277777777777,86.8,99.25,85.41912652777776,80,100,7662.790697674419,12.674418604651162
mostly77-7386-45c5-bdd5-fd9ee4fd7953,mostly3e-5718-4622-8e6a-4df993a1a435,2024-01-01,72080.0,98.0,97.6,5.6,0.87,98.4,1,0,1040.0,540,47.0,6840,30700.0,3380,1305,3450,1100,642,8990,66,770.0,Zenith Industrial Gases Center,"Odense, Denmark",Specialty Chemicals,900000,2100,-23860.0,-348.83040935672517,-32208.0,-470.87719298245617,-32850.0,-480.2631578947368,-33686.0,-492.4853801169591,98.00000000000001,425.91564927857934,94.8945615982242,-331.02108768035515,0.014428412874583796,0.007491675915649278,0.0006520532741398446,99.22222222222223,98.0,99.13,96.39180911111112,80,100,3257.1428571428573,34.32380952380952
mostly99-a9a9-4263-bbba-f6d53caaf38c,mostly59-c3e9-40f7-ac4f-b346f6bae76c,2024-08-01,10250.0,80.1,98.3,2.4,1.6,96.2,0,0,1080.0,13210,6.8,46200,31500.0,3280,1365,2420,1720,1275,5460,152,190.0,Zenith Industrial Gases Center,"Odense, Denmark",Specialty Chemicals,480000,1500,14700.0,31.818181818181817,10515.0,22.759740259740262,9240.0,20.0,8898.0,19.25974025974026,90.38999999999999,3073.170731707317,4507.317073170731,1434.1463414634145,0.10536585365853658,1.288780487804878,0.0006634146341463414,99.66666666666667,80.1,98.4,78.55567200000002,100,100,30800.0,6.833333333333333
mostly41-298f-4e05-b170-05ab8fa494f7,mostly9d-1e33-486f-ab67-fbeed1945f92,2023-07-01,47310.0,97.1,95.3,6.3,0.75,98.4,0,1,5650.0,12850,10.2,53400,40150.0,23800,1325,3750,1900,920,9620,69,825.0,Nordic Specialty Plastics Plant,"Shanghai, China",Agrochemicals,220000,540,13250.0,24.812734082397004,4550.0,8.52059925093633,3630.0,6.797752808988763,2736.0,5.123595505617978,96.95,848.6577890509406,1128.725428027901,280.06763897696044,0.11942506869583598,0.2716127668569013,0.0002155992390615092,99.12500000000001,97.1,99.25,95.52849718750002,100,70,98888.88888888889,87.61111111111111
mostlydb-d815-48da-a8e5-899c19b647cc,mostlya7-fcf7-4455-9b2f-19eb0fd41fa6,2023-08-01,10900.0,83.2,94.4,4.1,0.6,96.7,0,0,5600.0,14450,44.6,6290,40200.0,24650,6020,460,212,890,4520,250,825.0,GreenLeaf Agrochem Ltd.,"Odense, Denmark",Polymers,310000,3200,-33910.0,-539.1096979332273,-37540.0,-596.8203497615262,-38430.0,-610.9697933227345,-39505.0,-628.060413354531,90.61000000000001,3688.0733944954127,577.0642201834862,-3111.0091743119265,0.5137614678899083,1.3256880733944953,0.0040917431192660555,99.43055555555556,83.2,99.4,82.22986488888891,100,100,1965.625,3.40625
mostly1c-3cc3-4893-8a07-01b791eb9c73,mostlyb9-9300-4ba4-b04c-e7c8ecef616a,2023-09-01,16100.0,84.7,92.1,5.5,0.85,96.0,1,0,5520.0,15450,152.0,6425,43350.0,20350,4800,430,1250,910,8400,158,1495.0,GreenLeaf Agrochem Ltd.,"Houston, United States",Polymers,220000,1500,-36925.0,-574.7081712062256,-44415.0,-691.284046692607,-45325.0,-705.4474708171206,-46978.0,-731.1750972762645,90.31,2692.5465838509317,399.06832298136646,-2293.478260869565,0.34285714285714286,0.9596273291925466,0.009440993788819876,99.23611111111111,84.7,99.15,83.33853572916667,80,100,4283.333333333333,10.733333333333333
mostlye7-3977-45c0-9ea1-369cb0cba851,mostlyd6-b834-4855-bd11-7daada02dde1,2023-01-01,10220.0,90.1,95.3,2.0,0.87,99.8,2,0,5960.0,14490,44.6,47800,4940.0,25100,6860,428,900,1015,4520,270,970.0,Nordic Specialty Plastics Plant,"Odense, Denmark",Agrochemicals,480000,860,42860.0,89.6652719665272,39355.0,82.3326359832636,38340.0,80.2092050209205,37100.0,77.61506276150628,94.57,483.3659491193738,4677.103718199609,4193.737769080235,0.5831702544031311,1.417808219178082,0.004363992172211351,99.72222222222223,90.1,99.13,89.06802963888887,60,100,55581.395348837206,11.883720930232558
mostlyce-71ca-4884-9d80-7f6e5f6f5558,mostlyda-790f-41ae-8bf1-7f121af10997,2025-02-01,73560.0,94.8,96.1,2.9,0.89,96.0,1,0,6220.0,15940,44.1,54120,32662.5,3500,7200,3750,1350,260,5660,190,870.0,Nordic Specialty Plastics Plant,"Odense, Denmark",Specialty Chemicals,310000,2100,21457.5,39.6480044345898,16057.5,29.670177383592016,15797.5,29.189763488543974,14737.5,27.23115299334812,95.55,444.0252854812398,735.7259380097879,291.7006525285481,0.08455682436106579,0.21669385535617183,0.0005995106035889071,99.59722222222223,94.8,99.11,93.57784498333334,80,100,25771.428571428572,35.02857142857143
mostly4d-9c23-42fa-aa14-1e3c02ac0c93,mostlye6-a6d6-4fac-8296-564dfd183483,2023-10-01,63550.0,78.4,97.5,1.9,1.2,97.9,0,0,6960.0,14920,168.0,6420,34650.0,23500,5700,487,1150,612,1285,210,895.0,Horizon Polymers Campus,"Port Elizabeth, South Africa",Industrial Gases,900000,2100,-28230.0,-439.7196261682243,-28903.0,-450.20249221183803,-29515.0,-459.73520249221184,-30620.0,-476.9470404984424,89.98000000000002,545.2399685287176,101.0228166797797,-444.2171518489379,0.10952006294256492,0.23477576711250983,0.0026435877261998426,99.73611111111111,78.4,98.8,77.25479377777778,100,100,3057.1428571428573,30.261904761904763
mostly3a-9c99-414d-9c4d-bb1175aa9604,mostlyf6-b04f-4b31-9966-024a241c2450,2025-01-01,16540.0,89.7,93.1,5.4,0.78,98.5,1,0,6720.0,16240,6.0,52600,42750.0,23125,4210,3750,1400,1350,8240,62,192.0,Nordic Specialty Plastics Plant,"Odense, Denmark",Agrochemicals,720000,3200,9850.0,18.726235741444867,2960.0,5.6273764258555135,1610.0,3.0608365019011408,1356.0,2.5779467680608366,93.36,2584.6432889963726,3180.169286577993,595.5259975816202,0.4062877871825877,0.9818621523579202,0.00036275695284159615,99.25,89.7,99.22,88.33283745,80,100,16437.5,5.16875
mostly6f-5212-424a-87c3-6bc123c6df77,mostlyfa-c5f5-4788-8ec4-467088d908e6,2023-04-01,52050.0,93.1,94.8,4.7,0.75,98.4,1,0,7220.0,8730,45.4,6590,4820.0,19800,6550,3250,940,283,5360,150,900.0,GreenLeaf Agrochem Ltd.,Singapore,Specialty Chemicals,900000,860,1770.0,26.858877086494687,-3307.0,-50.18209408194234,-3590.0,-54.47647951441578,-4640.0,-70.40971168437025,95.2,92.6032660902978,126.6090297790586,34.00576368876081,0.13871277617675312,0.16772334293948127,0.00087223823246878,99.34722222222221,93.1,99.25,91.7985719097222,80,100,7662.790697674419,60.52325581395349
mostlyd5-337d-4cf9-b0e7-72f7b480355c,mostly23-c1e3-404f-9978-e4c1606bd2a4,2023-02-01,10670.0,92.2,95.1,3.2,0.85,98.7,1,0,4480.0,8580,120.0,6350,4960.0,23125,5250,1900,1050,260,8280,60,178.0,Horizon Polymers Campus,"Odense, Denmark",Polymers,220000,860,1390.0,21.88976377952756,-6630.0,-104.40944881889764,-6890.0,-108.50393700787401,-7128.0,-112.25196850393702,95.02,464.85473289597,595.1265229615746,130.27179006560453,0.4198687910028116,0.8041237113402062,0.011246485473289597,99.55555555555556,92.2,99.15,91.01000533333334,80,100,7383.720930232558,12.406976744186046
mostlycf-502e-4d31-81ed-9ddaf080ec98,mostly24-75d3-4c33-9fa1-6148064115b5,2023-04-01,10680.0,97.1,96.5,5.4,0.9,96.0,2,1,1050.0,570,144.0,6725,5120.0,19000,1200,1980,1060,910,5320,151,189.0,Nordic Specialty Plastics Plant,"Odense, Denmark",Petrochemical,310000,540,1605.0,23.866171003717472,-2805.0,-41.71003717472119,-3715.0,-55.24163568773234,-4055.0,-60.29739776951673,96.59,479.4007490636704,629.6816479400749,150.28089887640448,0.09831460674157304,0.05337078651685393,0.01348314606741573,99.25,97.1,99.1,95.50440425,60,70,12453.703703703704,19.77777777777778
mostly54-2d35-4efd-97e3-54185e6785dc,mostly3e-5718-4622-8e6a-4df993a1a435,2025-05-01,68040.0,83.1,93.1,4.0,1.6,97.7,1,0,7080.0,12540,43.8,46000,31500.0,21920,1275,472,920,1200,8990,178,181.0,Zenith Industrial Gases Center,"Odense, Denmark",Specialty Chemicals,900000,2100,14500.0,31.521739130434785,6710.0,14.58695652173913,5510.0,11.978260869565217,5151.0,11.197826086956523,90.48,462.962962962963,676.0728982951205,213.10993533215748,0.10405643738977072,0.18430335097001763,0.0006437389770723104,99.44444444444444,83.1,98.4,81.31612000000001,80,100,21904.761904761905,32.4
mostly17-9cfd-41d0-9e9e-5d2a649f1104,mostly59-c3e9-40f7-ac4f-b346f6bae76c,2024-10-01,45020.0,78.4,94.5,3.3,1.8,97.7,0,0,5010.0,13850,128.0,51000,38500.0,3100,4800,2620,215,1440,8800,65,202.0,Zenith Industrial Gases Center,"Odense, Denmark",Specialty Chemicals,480000,1500,12500.0,24.509803921568626,5140.0,10.07843137254902,3700.0,7.254901960784315,3433.0,6.731372549019608,89.01999999999998,855.1754775655264,1132.8298533984896,277.6543758329632,0.11128387383385162,0.30764104842292317,0.0028431808085295426,99.54166666666667,78.4,98.2,76.63593466666667,100,100,34000.0,30.013333333333332
mostlybe-58e3-438e-82a0-da3d31e52eab,mostly9d-1e33-486f-ab67-fbeed1945f92,2025-04-01,49900.0,86.0,94.2,2.9,1.2,96.8,2,0,4740.0,12650,5.6,46200,32200.0,25900,1240,2560,198,1200,4500,170,1470.0,Nordic Specialty Plastics Plant,"Shanghai, China",Agrochemicals,220000,540,14000.0,30.303030303030305,10700.0,23.160173160173162,9500.0,20.562770562770563,7860.0,17.01298701298701,91.7,645.2905811623247,925.8517034068136,280.56112224448896,0.09498997995991984,0.2535070140280561,0.00011222444889779558,99.59722222222223,86.0,98.8,84.62576777777778,60,100,85555.55555555556,92.4074074074074
mostly2e-ecb0-4eb5-8834-5188262a5e43,mostlya7-fcf7-4455-9b2f-19eb0fd41fa6,2023-08-01,46220.0,91.6,92.1,8.5,0.87,96.9,1,1,6000.0,8690,168.0,6660,34650.0,23800,4520,466,1650,1490,9180,153,1360.0,GreenLeaf Agrochem Ltd.,"Odense, Denmark",Polymers,310000,3200,-27990.0,-420.27027027027026,-35680.0,-535.7357357357357,-37170.0,-558.1081081081081,-38683.0,-580.8258258258259,93.34,749.6754651665946,144.09346603202076,-605.5819991345738,0.12981393336218086,0.18801384681955863,0.0036347901341410643,98.81944444444444,91.6,99.13,89.73109919444443,80,70,2081.25,14.44375
mostly27-5cce-4ea5-9073-5185f03ecb0c,mostlyda-790f-41ae-8bf1-7f121af10997,2024-06-01,10680.0,98.0,92.5,2.8,1.1,96.0,1,0,6500.0,14350,174.0,46010,32662.5,17000,7550,457,1220,1280,4810,220,795.0,Nordic Specialty Plastics Plant,"Odense, Denmark",Specialty Chemicals,310000,2100,13347.5,29.00999782655944,9817.5,21.33775266246468,8537.5,18.55574875027168,7522.5,16.34970658552489,95.75,3058.2865168539324,4308.0524344569285,1249.765917602996,0.6086142322097379,1.3436329588014981,0.016292134831460674,99.61111111111111,98.0,98.9,96.54508111111112,80,100,21909.52380952381,5.085714285714285
mostly6b-d2a8-40af-b29f-8bcc743ae98a,mostlye6-a6d6-4fac-8296-564dfd183483,2024-10-01,16100.0,88.2,92.1,1.8,0.87,96.0,2,1,7450.0,12500,5.8,6660,30960.0,3440,6920,470,1860,275,10560,140,2170.0,Horizon Polymers Campus,"Port Elizabeth, South Africa",Industrial Gases,900000,2100,-24300.0,-364.86486486486484,-34585.0,-519.2942942942943,-34860.0,-523.4234234234234,-37170.0,-558.1081081081081,91.71000000000001,1922.9813664596272,413.6645962732919,-1509.3167701863354,0.46273291925465837,0.7763975155279503,0.00036024844720496894,99.75,88.2,99.13,87.21407835000001,60,70,3171.4285714285716,7.666666666666667
mostlycc-2e4d-4956-9317-13a9ccd0a5bf,mostlyf6-b04f-4b31-9966-024a241c2450,2025-01-01,10750.0,90.8,92.1,5.3,0.92,98.2,0,1,1050.0,16190,149.0,6200,40850.0,3420,6050,3400,1900,620,10200,140,1065.0,Nordic Specialty Plastics Plant,"Odense, Denmark",Agrochemicals,720000,3200,-34650.0,-558.8709677419355,-44230.0,-713.3870967741935,-44850.0,-723.3870967741935,-46055.0,-742.8225806451613,93.41,3800.0,576.7441860465116,-3223.2558139534885,0.09767441860465116,1.506046511627907,0.01386046511627907,99.2638888888889,90.8,99.08,89.30240028888889,100,70,1937.5,3.359375
mostly1b-adf7-4856-b6d5-d0225ee282b7,mostlyfa-c5f5-4788-8ec4-467088d908e6,2024-03-01,9400.0,77.9,94.8,6.2,0.3,96.7,1,0,1310.0,9160,7.1,6525,34507.5,20300,1230,2150,201,635,10240,150,860.0,GreenLeaf Agrochem Ltd.,Singapore,Specialty Chemicals,900000,860,-27982.5,-428.8505747126437,-37587.5,-576.0536398467433,-38222.5,-585.7854406130268,-39232.5,-601.2643678160919,88.61000000000001,3671.0106382978724,694.1489361702128,-2976.8617021276596,0.13936170212765958,0.9744680851063829,0.0007553191489361702,99.13888888888889,77.9,99.7,76.99750686111112,80,100,7587.209302325581,10.930232558139535
mostlyd6-3d3b-4a17-bdde-e147b5384029,mostly23-c1e3-404f-9978-e4c1606bd2a4,2023-11-01,15820.0,89.2,96.1,5.5,0.5,96.3,1,0,1260.0,14340,144.0,54200,29600.0,24650,1200,4240,900,1350,7800,178,1230.0,Horizon Polymers Campus,"Odense, Denmark",Polymers,220000,860,24600.0,45.38745387453875,18150.0,33.48708487084871,16800.0,30.996309963099634,15392.0,28.398523985239855,93.39999999999999,1871.0493046776232,3426.0429835651075,1554.9936788874843,0.07964601769911504,0.9064475347661188,0.009102402022756004,99.23611111111111,89.2,99.5,88.07601805555556,80,100,63023.25581395349,18.3953488372093
mostlyb3-5f4c-4b01-922a-96103499b77e,mostly24-75d3-4c33-9fa1-6148064115b5,2025-04-01,10780.0,78.2,95.1,3.9,0.8,98.0,2,1,1010.0,9010,152.0,46010,5100.0,3540,5020,1950,1100,271,7950,230,970.0,Nordic Specialty Plastics Plant,"Odense, Denmark",Petrochemical,310000,540,40910.0,88.915453162356,33231.0,72.2256031297544,32960.0,71.63660073896979,31760.0,69.02847207128885,89.21000000000001,473.0983302411874,4268.089053803339,3794.9907235621517,0.09369202226345083,0.8358070500927643,0.014100185528756958,99.45833333333334,78.2,99.2,77.15420533333334,60,70,85203.70370370371,19.962962962962962
mostly16-e796-4525-8e12-60627092ca70,mostly59-c3e9-40f7-ac4f-b346f6bae76c,2025-05-01,49900.0,83.2,95.4,2.0,0.78,99.8,1,0,845.0,13550,115.0,43840,34200.0,21850,4200,420,1300,284,4760,71,1080.0,Zenith Industrial Gases Center,"Odense, Denmark",Specialty Chemicals,480000,1500,9640.0,21.98905109489051,5164.0,11.779197080291972,4880.0,11.13138686131387,3729.0,8.505930656934305,91.84,685.370741482966,878.557114228457,193.18637274549098,0.016933867735470943,0.2715430861723447,0.0023046092184368736,99.72222222222223,83.2,99.22,82.32173155555556,80,100,29226.666666666668,33.266666666666666
mostly31-6785-4e6a-be2f-cb5632f9683f,mostly9d-1e33-486f-ab67-fbeed1945f92,2023-02-01,58000.0,81.7,92.6,7.9,1.3,97.8,1,0,5250.0,8600,6.8,6760,4720.0,3400,5900,466,185,890,8700,61,2192.0,Nordic Specialty Plastics Plant,"Shanghai, China",Agrochemicals,220000,540,2040.0,30.17751479289941,-5770.0,-85.35502958579882,-6660.0,-98.5207100591716,-8913.0,-131.8491124260355,89.8,81.37931034482759,116.55172413793103,35.172413793103445,0.09051724137931035,0.1482758620689655,0.00011724137931034482,98.90277777777779,81.7,98.7,79.75312304166667,80,100,12518.518518518518,107.4074074074074
mostlyf7-99b5-48fe-983c-7afad57c2681,mostlya7-fcf7-4455-9b2f-19eb0fd41fa6,2023-09-01,10850.0,93.8,96.0,6.3,0.6,98.6,1,0,1290.0,8200,7.5,6760,34500.0,22750,4700,3600,190,1290,9900,158,2251.0,GreenLeaf Agrochem Ltd.,"Odense, Denmark",Polymers,310000,3200,-27740.0,-410.35502958579883,-36350.0,-537.7218934911243,-37640.0,-556.8047337278107,-40049.0,-592.4408284023668,95.9,3179.7235023041476,623.0414746543779,-2556.6820276497697,0.11889400921658987,0.7557603686635944,0.0006912442396313364,99.12500000000001,93.8,99.4,92.42137450000001,80,100,2112.5,3.390625
mostlya8-64fa-4d81-9f1c-35520a1c5ad5,mostlyda-790f-41ae-8bf1-7f121af10997,2023-09-01,14990.0,85.2,93.6,3.9,0.87,96.8,1,0,7100.0,610,148.0,47800,36450.0,3210,1250,4020,224,1400,1305,172,201.0,Nordic Specialty Plastics Plant,"Odense, Denmark",Specialty Chemicals,310000,2100,11350.0,23.744769874476987,11445.0,23.943514644351467,10045.0,21.014644351464433,9672.0,20.234309623430963,91.19999999999999,2431.62108072048,3188.792528352235,757.1714476317547,0.47364909939959976,0.040693795863909275,0.009873248832555036,99.45833333333334,85.2,99.13,84.00127505,80,100,22761.904761904763,7.1380952380952385
mostlyc9-1df2-4dca-a829-3b42a6da70eb,mostlye6-a6d6-4fac-8296-564dfd183483,2023-01-01,41280.0,90.1,95.3,4.2,1.4,98.1,1,0,930.0,9010,50.9,6760,5050.0,21250,5580,1900,180,1530,5340,58,950.0,Horizon Polymers Campus,"Port Elizabeth, South Africa",Industrial Gases,900000,2100,1710.0,25.295857988165682,-2100.0,-31.06508875739645,-3630.0,-53.69822485207101,-4638.0,-68.6094674556213,94.06,122.33527131782945,163.75968992248062,41.424418604651166,0.02252906976744186,0.218265503875969,0.0012330426356589148,99.41666666666666,90.1,98.6,88.32037483333332,80,100,3219.0476190476193,19.65714285714286
mostlyee-ad08-4fee-beab-5777441db27b,mostlyfa-c5f5-4788-8ec4-467088d908e6,2023-04-01,10450.0,89.5,97.4,1.5,0.9,98.4,2,0,7100.0,545,44.6,49250,34200.0,23200,5580,485,850,1350,10560,230,204.0,GreenLeaf Agrochem Ltd.,Singapore,Specialty Chemicals,900000,860,15050.0,30.558375634517766,5840.0,11.857868020304569,4490.0,9.116751269035534,4056.0,8.235532994923858,94.54,3272.7272727272725,4712.918660287081,1440.1913875598088,0.6794258373205742,0.05215311004784689,0.004267942583732058,99.79166666666667,89.5,99.1,88.50971979166667,60,100,57267.441860465115,12.151162790697674
mostly90-e40c-4420-8af0-06abd90e97fe,mostly23-c1e3-404f-9978-e4c1606bd2a4,2023-06-01,77980.0,81.7,94.2,1.7,0.82,98.5,2,0,5950.0,8450,44.3,6725,39050.0,3280,7100,478,1820,1295,1270,225,180.0,Horizon Polymers Campus,"Odense, Denmark",Polymers,220000,860,-32325.0,-480.6691449814126,-32300.0,-480.2973977695167,-33595.0,-499.55390334572496,-34000.0,-505.5762081784387,90.49000000000001,500.76942805847654,86.24006155424468,-414.52936650423186,0.0763016157989228,0.10836111823544499,0.0005680943831751731,99.76388888888889,81.7,99.18,80.83873902500001,60,100,7819.767441860465,90.67441860465117
mostly92-34d8-44a8-b33b-5e244777fcde,mostly24-75d3-4c33-9fa1-6148064115b5,2024-11-01,15120.0,85.0,98.3,7.9,1.2,96.2,1,0,1040.0,9120,44.9,45500,26000.0,20640,1220,2300,1700,1400,7400,200,1080.0,Nordic Specialty Plastics Plant,"Odense, Denmark",Petrochemical,310000,540,19500.0,42.857142857142854,13500.0,29.67032967032967,12100.0,26.593406593406595,10820.0,23.78021978021978,92.35,1719.5767195767196,3009.259259259259,1289.6825396825395,0.06878306878306878,0.6031746031746031,0.0029695767195767196,98.90277777777779,85.0,98.8,83.05855277777778,80,100,84259.25925925926,28.0
mostly39-1e28-4d66-9d83-9152c2a4a0f1,mostly59-c3e9-40f7-ac4f-b346f6bae76c,2023-06-01,10220.0,78.0,98.3,5.6,1.5,99.7,1,0,1080.0,17320,130.0,6500,35500.0,21500,1260,449,180,1010,1260,158,180.0,Zenith Industrial Gases Center,"Odense, Denmark",Specialty Chemicals,480000,1500,-29000.0,-446.1538461538462,-29250.0,-450.0,-30260.0,-465.5384615384615,-30598.0,-470.73846153846154,90.6,3473.581213307241,636.0078277886497,-2837.5733855185913,0.10567514677103718,1.6947162426614482,0.012720156555772993,99.22222222222223,78.0,98.5,76.23243333333335,80,100,4333.333333333333,6.8133333333333335
mostly7b-032b-4cbd-9829-3849be968d65,mostly9d-1e33-486f-ab67-fbeed1945f92,2023-09-01,43520.0,83.4,96.2,2.0,0.88,98.2,1,0,5480.0,8690,144.0,6820,31250.0,23800,5340,4080,1780,1220,9620,240,990.0,Nordic Specialty Plastics Plant,"Shanghai, China",Agrochemicals,220000,540,-24430.0,-358.21114369501464,-32830.0,-481.3782991202346,-34050.0,-499.26686217008796,-35280.0,-517.3020527859237,91.68,718.0606617647059,156.70955882352942,-561.3511029411765,0.12591911764705882,0.1996783088235294,0.0033088235294117647,99.72222222222223,83.4,99.12,82.43645200000002,80,100,12629.62962962963,80.5925925925926
mostly08-48e5-4cb3-884b-66a2d9375415,mostlyda-790f-41ae-8bf1-7f121af10997,2025-05-01,47310.0,87.1,98.5,5.2,1.0,99.2,2,0,4480.0,15350,46.1,6425,5000.0,24850,7550,4200,1860,281,7200,168,885.0,Nordic Specialty Plastics Plant,"Odense, Denmark",Specialty Chemicals,310000,2100,1425.0,22.17898832684825,-5494.0,-85.50972762645914,-5775.0,-89.88326848249028,-6828.0,-106.27237354085604,94.15,105.6859015007398,135.80638342845066,30.120481927710856,0.09469456774466287,0.3244557176072712,0.000974424011836821,99.27777777777777,87.1,99.0,85.606235,60,100,3059.5238095238096,22.52857142857143
mostly35-86e2-4a3c-9ed2-59e6cb33bd2a,mostlyfa-c5f5-4788-8ec4-467088d908e6,2025-05-01,10750.0,93.9,91.8,1.7,0.25,98.0,1,0,1070.0,15880,134.0,49250,33600.0,25450,6550,4080,1220,908,10350,61,2350.0,GreenLeaf Agrochem Ltd.,Singapore,Specialty Chemicals,900000,860,15650.0,31.77664974619289,6208.0,12.60507614213198,5300.0,10.761421319796954,2889.0,5.865989847715736,94.5,3125.5813953488373,4581.395348837209,1455.8139534883717,0.09953488372093024,1.4772093023255815,0.012465116279069767,99.76388888888889,93.9,99.75,93.44409593750001,80,100,57267.441860465115,12.5
mostly4d-a599-468f-8ffe-20f52761a3c4,mostly23-c1e3-404f-9978-e4c1606bd2a4,2024-01-01,44875.0,83.4,92.9,3.3,0.85,99.0,1,1,4200.5,16190,120.4,42000,5000.0,22600,5580,2300,193,1530,7000,280,2242.5,Horizon Polymers Campus,"Odense, Denmark",Polymers,220000,860,37000.0,88.09523809523809,31530.0,75.07142857142857,30000.0,71.42857142857143,27477.5,65.42261904761905,90.93,111.42061281337047,935.933147632312,824.5125348189415,0.09360445682451253,0.36077994428969357,0.0026830083565459613,99.54166666666667,83.4,99.15,82.31209912500002,80,70,48837.20930232558,52.18023255813954
mostly68-04a7-4888-9745-5da22793f491,mostly24-75d3-4c33-9fa1-6148064115b5,2025-05-01,15240.0,88.3,97.2,1.7,0.25,99.5,0,1,1120.0,12850,122.0,54120,34125.0,22350,4800,4200,1780,1245,8990,66,720.0,Nordic Specialty Plastics Plant,"Odense, Denmark",Petrochemical,310000,540,19995.0,36.94567627494457,12250.0,22.63488543976349,11005.0,20.334441980783442,10219.0,18.882113821138212,94.33,2239.1732283464567,3551.181102362205,1312.0078740157483,0.07349081364829396,0.8431758530183727,0.008005249343832021,99.76388888888889,88.3,99.75,87.87128510416666,100,70,100222.22222222222,28.22222222222222
mostly4f-8fdc-4e9a-b361-08ff90ade8bd,mostly59-c3e9-40f7-ac4f-b346f6bae76c,2023-07-01,47310.0,93.1,92.2,1.2,0.4,98.7,1,0,6450.0,16240,9.9,54700,37350.0,25650,6400,3850,212,930,5480,66,870.0,Zenith Industrial Gases Center,"Odense, Denmark",Specialty Chemicals,480000,1500,17350.0,31.718464351005483,12800.0,23.40036563071298,11870.0,21.700182815356488,10934.0,19.9890310786106,94.51,789.4736842105264,1156.2037624180934,366.7300782075671,0.13633481293595434,0.3432678080744029,0.00020925808497146482,99.83333333333333,93.1,99.6,92.57305399999998,80,100,36466.666666666664,31.54
mostlyf5-547a-4459-87c4-5ad0eba6d4c7,mostly9d-1e33-486f-ab67-fbeed1945f92,2025-05-01,15740.0,89.3,92.3,4.2,0.15,96.2,1,0,1180.0,13550,143.0,6740,40500.0,22500,5980,449,880,1000,4760,64,1470.0,Nordic Specialty Plastics Plant,"Shanghai, China",Agrochemicals,220000,540,-33760.0,-500.8902077151335,-37520.0,-556.6765578635014,-38520.0,-571.513353115727,-40054.0,-594.2729970326409,92.27000000000001,2573.062261753494,428.2083862770013,-2144.8538754764927,0.07496823379923762,0.860864040660737,0.009085133418043201,99.41666666666666,89.3,99.85,88.64591470833332,80,100,12481.481481481482,29.14814814814815
mostly09-2d65-4a4c-9cbc-55aa7170c3a9,mostlyda-790f-41ae-8bf1-7f121af10997,2023-01-01,79230.0,88.8,96.2,2.3,1.5,97.7,1,0,5250.0,14250,129.0,51000,31900.0,3180,5450,428,190,870,5180,68,798.0,Nordic Specialty Plastics Plant,"Odense, Denmark",Specialty Chemicals,310000,2100,19100.0,37.450980392156865,14790.0,28.999999999999996,13920.0,27.294117647058826,13054.0,25.596078431372547,93.69000000000001,402.6252682064874,643.6955698599015,241.0703016534141,0.06626277925028398,0.17985611510791366,0.0016281711472926922,99.68055555555556,88.8,98.5,87.18858833333334,80,100,24285.714285714286,37.72857142857143
mostlycd-9634-4ba6-b749-61862d7057e1,mostlyfa-c5f5-4788-8ec4-467088d908e6,2025-05-01,63550.0,95.2,94.4,2.7,1.4,97.2,1,0,5610.0,8350,7.5,45200,41250.0,3540,6200,1950,190,1250,5460,260,900.0,GreenLeaf Agrochem Ltd.,Singapore,Specialty Chemicals,900000,860,3950.0,8.738938053097344,-260.0,-0.5752212389380531,-1510.0,-3.3407079646017697,-2670.0,-5.907079646017699,95.56,649.0952006294257,711.2509834775767,62.155782848151034,0.08827694728560188,0.13139260424862312,0.00011801730920535012,99.625,95.2,98.6,93.515198,80,100,52558.13953488372,73.8953488372093
mostly62-811f-4394-b0c6-3bc86f4c07ee,mostly24-75d3-4c33-9fa1-6148064115b5,2023-12-01,68040.0,89.3,97.9,1.9,1.1,96.8,0,0,4200.5,17000,45.8,49000,39500.0,22540,1365,457,1720,985,9202,140,203.0,Nordic Specialty Plastics Plant,"Odense, Denmark",Petrochemical,310000,540,9500.0,19.387755102040817,1283.0,2.6183673469387756,298.0,0.6081632653061225,-45.0,-0.09183673469387754,94.13,580.5408583186361,720.164609053498,139.62375073486191,0.061735743680188124,0.2498530276308054,0.0006731334509112286,99.73611111111111,89.3,98.9,88.0846394027778,100,100,90740.74074074074,126.0
mostly8b-d582-4873-8688-31fa1d6a7f8b,mostlyda-790f-41ae-8bf1-7f121af10997,2024-07-01,14250.0,92.3,94.7,2.0,0.75,97.9,1,0,5880.0,8890,9.8,6290,31900.0,3180,5020,490,1600,281,5660,65,1005.0,Nordic Specialty Plastics Plant,"Odense, Denmark",Specialty Chemicals,310000,2100,-25610.0,-407.154213036566,-30989.0,-492.6709062003179,-31270.0,-497.1383147853736,-32340.0,-514.1494435612083,94.7,2238.59649122807,441.4035087719298,-1797.1929824561403,0.4126315789473684,0.623859649122807,0.0006877192982456141,99.72222222222223,92.3,99.25,91.35328402777778,80,100,2995.2380952380954,6.785714285714286
